"customer_key","customer_id","customer_name","segment","city","country","signup_date"
1,"CUS000001","Kevin Terrell","Consumer","New York","USA","2023-10-22"
2,"CUS000002","Kyle Reed","Consumer","Manchester","United Kingdom","2025-07-20"
3,"CUS000003","Jessica Joyce","Consumer","Amsterdam","Netherlands","2020-09-26"
4,"CUS000004","Steven Lee","Corporate","Manchester","United Kingdom","2025-11-26"
5,"CUS000005","Jeffrey Meyer","Consumer","Rotterdam","Netherlands","2025-06-03"
6,"CUS000006","Melissa Bentley","Small Business","Berlin","Germany","2022-07-25"
7,"CUS000007","Christina Reynolds","Consumer","Dublin","Ireland","2024-08-31"
8,"CUS000008","Tammie Hanson","Consumer","Birmingham","United Kingdom","2020-01-12"
9,"CUS000009","Belinda Mccullough","Corporate","London","United Kingdom","2022-09-18"
10,"CUS000010","Mary Nguyen","Online Reseller","London","United Kingdom","2024-12-12"
11,"CUS000011","Kristen Lee","Consumer","Dublin","Ireland","2022-11-18"
12,"CUS000012","Jamie Adkins","Corporate","Bristol","United Kingdom","2021-09-25"
13,"CUS000013","Keith Sullivan","Consumer","Barcelona","Spain","2020-04-09"
14,"CUS000014","Elizabeth Clark","Corporate","Birmingham","United Kingdom","2019-04-12"
15,"CUS000015","Lisa Morris","Consumer","Barcelona","Spain","2024-09-14"
16,"CUS000016","Michael Dixon","Consumer","Nottingham","United Kingdom","2021-02-27"
17,"CUS000017","Toni Fitzgerald","Online Reseller","Nottingham","United Kingdom","2020-11-16"
18,"CUS000018","Diane Beck","Corporate","Madrid","Spain","2021-05-13"
19,"CUS000019","Anna Crane","Small Business","Paris","France","2023-10-04"
20,"CUS000020","Eric Drake","Consumer","Amsterdam","Netherlands","2023-11-18"
21,"CUS000021","Angel Riggs","Corporate","Paris","France","2020-09-21"
22,"CUS000022","Patricia Gibson","Consumer","Bristol","United Kingdom","2019-12-25"
23,"CUS000023","Laura Higgins","Small Business","London","United Kingdom","2025-04-04"
24,"CUS000024","James Hernandez","Consumer","Glasgow","United Kingdom","2021-11-25"
25,"CUS000025","Stephanie Dalton","Corporate","Leeds","United Kingdom","2023-11-09"
26,"CUS000026","Paula Robinson","Corporate","Leeds","United Kingdom","2024-12-30"
27,"CUS000027","Melissa Marshall","Corporate","Bristol","United Kingdom","2025-07-26"
28,"CUS000028","Sylvia Martinez","Consumer","Glasgow","United Kingdom","2024-08-21"
29,"CUS000029","John Schmidt","Corporate","Glasgow","United Kingdom","2025-10-20"
30,"CUS000030","Emily Fischer","Small Business","Glasgow","United Kingdom","2023-04-12"
31,"CUS000031","Robert Mcclain","Consumer","Bristol","United Kingdom","2020-10-02"
32,"CUS000032","Terry Griffin","Corporate","Berlin","Germany","2025-02-13"
33,"CUS000033","Scott Cole","Consumer","Bristol","United Kingdom","2023-03-09"
34,"CUS000034","Sara Ramirez","Corporate","Madrid","Spain","2025-03-23"
35,"CUS000035","Kari Allen","Consumer","Nottingham","United Kingdom","2025-09-09"
36,"CUS000036","Micheal Young","Online Reseller","Birmingham","United Kingdom","2022-06-02"
37,"CUS000037","Steven Miller","Small Business","Bristol","United Kingdom","2022-11-09"
38,"CUS000038","James Hernandez","Small Business","Bristol","United Kingdom","2020-08-06"
39,"CUS000039","Jason Rivera","Corporate","London","United Kingdom","2021-11-01"
40,"CUS000040","Antonio Wall","Corporate","London","United Kingdom","2025-05-12"
41,"CUS000041","Randy Shah","Corporate","Rotterdam","Netherlands","2019-10-27"
42,"CUS000042","Spencer Johnston","Consumer","Nottingham","United Kingdom","2021-03-19"
43,"CUS000043","Tommy Evans","Online Reseller","Chicago","USA","2023-01-02"
44,"CUS000044","Steven Houston","Consumer","Bristol","United Kingdom","2022-03-13"
45,"CUS000045","Morgan Marsh","Consumer","Berlin","Germany","2024-01-20"
46,"CUS000046","Katherine Nelson","Consumer","Bristol","United Kingdom","2025-07-20"
47,"CUS000047","Mr. Michael Yates","Consumer","Birmingham","United Kingdom","2022-07-19"
48,"CUS000048","Sara Calhoun","Consumer","Madrid","Spain","2021-10-05"
49,"CUS000049","Ms. Susan Vargas","Corporate","Austin","USA","2023-11-22"
50,"CUS000050","Angela Patterson","Consumer","Manchester","United Kingdom","2022-09-20"
51,"CUS000051","Catherine Green","Consumer","Rotterdam","Netherlands","2022-06-05"
52,"CUS000052","Jesse Rogers","Consumer","Dublin","Ireland","2025-10-20"
53,"CUS000053","Diana Bean","Small Business","Manchester","United Kingdom","2020-07-27"
54,"CUS000054","Ruben Ruiz","Consumer","Amsterdam","Netherlands","2019-11-10"
55,"CUS000055","Amy Crane","Small Business","New York","USA","2019-05-08"
56,"CUS000056","Barry Bernard","Consumer","Austin","USA","2025-08-13"
57,"CUS000057","Andre Wright","Corporate","Nottingham","United Kingdom","2025-02-04"
58,"CUS000058","Lisa Allen","Corporate","Rotterdam","Netherlands","2020-08-31"
59,"CUS000059","Brian Gould","Small Business","London","United Kingdom","2025-08-12"
60,"CUS000060","David Wood","Consumer","Chicago","USA","2024-08-14"
61,"CUS000061","Tracey Higgins","Consumer","Cork","Ireland","2019-02-13"
62,"CUS000062","Carla Collins","Small Business","Paris","France","2020-07-28"
63,"CUS000063","Tanya Johnston","Corporate","London","United Kingdom","2025-05-06"
64,"CUS000064","Jaime David","Corporate","Paris","France","2024-06-03"
65,"CUS000065","Kevin Rivas","Consumer","Madrid","Spain","2024-06-20"
66,"CUS000066","Michael Turner","Consumer","Manchester","United Kingdom","2019-06-25"
67,"CUS000067","Renee Hogan","Consumer","Lyon","France","2024-02-06"
68,"CUS000068","Amanda Patel","Online Reseller","Amsterdam","Netherlands","2022-08-20"
69,"CUS000069","Andrea Holland","Corporate","Birmingham","United Kingdom","2022-01-25"
70,"CUS000070","Jason Henry","Corporate","Rotterdam","Netherlands","2025-05-24"
71,"CUS000071","Jack Snow","Consumer","Bristol","United Kingdom","2025-08-04"
72,"CUS000072","Christian Thompson","Consumer","Paris","France","2023-03-22"
73,"CUS000073","Marie Gilbert","Consumer","Madrid","Spain","2022-12-16"
74,"CUS000074","Patricia Marshall","Consumer","Chicago","USA","2024-05-28"
75,"CUS000075","Leslie Morris","Consumer","Amsterdam","Netherlands","2020-07-23"
76,"CUS000076","Timothy Ramirez","Consumer","London","United Kingdom","2022-02-24"
77,"CUS000077","Paul Hudson","Consumer","London","United Kingdom","2025-10-01"
78,"CUS000078","Gabrielle Snyder","Corporate","New York","USA","2023-08-26"
79,"CUS000079","John Kelly","Consumer","Austin","USA","2024-05-15"
80,"CUS000080","Douglas Carlson","Corporate","Dublin","Ireland","2023-08-11"
81,"CUS000081","Kristi Black","Consumer","Nottingham","United Kingdom","2025-08-23"
82,"CUS000082","David Russell","Consumer","Bristol","United Kingdom","2025-06-02"
83,"CUS000083","Cynthia Alvarez","Consumer","London","United Kingdom","2021-01-07"
84,"CUS000084","Joan Smith","Corporate","Cork","Ireland","2025-04-27"
85,"CUS000085","Jared Sanchez","Online Reseller","Lyon","France","2021-06-06"
86,"CUS000086","Jackie Tran","Small Business","Leeds","United Kingdom","2020-11-29"
87,"CUS000087","Zachary Pierce","Corporate","Leeds","United Kingdom","2025-07-14"
88,"CUS000088","Jesse Parker","Corporate","New York","USA","2024-09-23"
89,"CUS000089","Nathan Stewart","Corporate","Bristol","United Kingdom","2024-02-01"
90,"CUS000090","Tiffany Vaughn","Consumer","Berlin","Germany","2023-04-28"
91,"CUS000091","Parker Hill","Consumer","Nottingham","United Kingdom","2024-08-27"
92,"CUS000092","Paige Carlson","Corporate","Paris","France","2020-12-27"
93,"CUS000093","Dr. Elizabeth Ward","Small Business","Dublin","Ireland","2024-12-16"
94,"CUS000094","Michael Martinez","Consumer","Dublin","Ireland","2020-06-17"
95,"CUS000095","Anthony Carter","Small Business","Madrid","Spain","2023-11-03"
96,"CUS000096","Margaret Mullins","Small Business","Cork","Ireland","2024-12-10"
97,"CUS000097","Adam Mitchell","Consumer","Glasgow","United Kingdom","2023-04-11"
98,"CUS000098","Glen Sheppard","Corporate","Glasgow","United Kingdom","2025-06-17"
99,"CUS000099","Scott Wilson","Consumer","London","United Kingdom","2021-08-10"
100,"CUS000100","John Ray","Consumer","Madrid","Spain","2025-02-05"
101,"CUS000101","Brittany Shepherd","Consumer","London","United Kingdom","2019-01-30"
102,"CUS000102","Angela Wright","Consumer","Berlin","Germany","2023-03-17"
103,"CUS000103","Jennifer Carlson","Consumer","Lyon","France","2020-03-12"
104,"CUS000104","Patricia James","Corporate","Bristol","United Kingdom","2021-12-06"
105,"CUS000105","Elizabeth Chapman","Corporate","Rotterdam","Netherlands","2025-11-11"
106,"CUS000106","Keith Brown","Consumer","Bristol","United Kingdom","2021-04-14"
107,"CUS000107","Annette Farmer","Corporate","Glasgow","United Kingdom","2021-01-02"
108,"CUS000108","Deborah Miller","Consumer","Birmingham","United Kingdom","2022-06-10"
109,"CUS000109","Juan Moore","Consumer","Hamburg","Germany","2020-07-19"
110,"CUS000110","Michael Harrison","Corporate","Amsterdam","Netherlands","2024-01-04"
111,"CUS000111","Dwayne Campbell","Consumer","New York","USA","2024-09-13"
112,"CUS000112","Andrea Hall","Small Business","Manchester","United Kingdom","2025-11-20"
113,"CUS000113","Rick Lawrence","Consumer","Paris","France","2019-01-22"
114,"CUS000114","Christina Wilson","Consumer","New York","USA","2025-09-24"
115,"CUS000115","Chase Baker","Consumer","Nottingham","United Kingdom","2023-02-27"
116,"CUS000116","Anthony Sparks","Corporate","Nottingham","United Kingdom","2023-06-30"
117,"CUS000117","Samantha Morse","Consumer","Hamburg","Germany","2025-09-13"
118,"CUS000118","John Torres","Small Business","Glasgow","United Kingdom","2024-07-17"
119,"CUS000119","Dillon Fernandez","Small Business","London","United Kingdom","2024-10-23"
120,"CUS000120","Kyle Preston","Small Business","Nottingham","United Kingdom","2024-09-22"
121,"CUS000121","Lindsey Johnson","Corporate","Dublin","Ireland","2019-05-28"
122,"CUS000122","Michael Valencia","Consumer","Bristol","United Kingdom","2020-10-06"
123,"CUS000123","Alicia Hubbard","Small Business","Manchester","United Kingdom","2022-12-17"
124,"CUS000124","Laura Hines","Corporate","Lyon","France","2024-10-21"
125,"CUS000125","Joseph Ramos","Consumer","Bristol","United Kingdom","2020-01-05"
126,"CUS000126","Zachary Graham","Small Business","Hamburg","Germany","2025-07-15"
127,"CUS000127","Tracy Harrison","Consumer","Glasgow","United Kingdom","2025-10-19"
128,"CUS000128","Frank Garcia","Small Business","Barcelona","Spain","2025-06-12"
129,"CUS000129","Jason Simpson","Consumer","London","United Kingdom","2020-03-12"
130,"CUS000130","Jennifer Hodges","Consumer","Hamburg","Germany","2020-04-24"
131,"CUS000131","Brandon King","Small Business","Chicago","USA","2025-06-12"
132,"CUS000132","Raymond Hancock","Online Reseller","Leeds","United Kingdom","2025-04-25"
133,"CUS000133","April Booth","Small Business","Dublin","Ireland","2024-02-23"
134,"CUS000134","Anthony Stone","Consumer","Paris","France","2021-11-22"
135,"CUS000135","Kathleen Ramos","Small Business","Bristol","United Kingdom","2021-06-21"
136,"CUS000136","Derek Anderson","Small Business","Paris","France","2023-08-17"
137,"CUS000137","Stanley Washington","Corporate","Madrid","Spain","2021-12-14"
138,"CUS000138","Mark Lloyd","Consumer","Nottingham","United Kingdom","2022-11-01"
139,"CUS000139","Emily Smith","Consumer","London","United Kingdom","2022-12-19"
140,"CUS000140","Danny Skinner","Consumer","Birmingham","United Kingdom","2021-02-17"
141,"CUS000141","Travis Holland","Consumer","Dublin","Ireland","2021-09-18"
142,"CUS000142","Timothy Carter","Consumer","Amsterdam","Netherlands","2021-10-19"
143,"CUS000143","Jennifer Olson","Consumer","Rotterdam","Netherlands","2020-03-12"
144,"CUS000144","Jesus Thomas","Corporate","Nottingham","United Kingdom","2024-07-10"
145,"CUS000145","Kyle Francis","Online Reseller","Hamburg","Germany","2024-05-29"
146,"CUS000146","Benjamin Barton","Consumer","Manchester","United Kingdom","2025-06-11"
147,"CUS000147","Gina French","Consumer","Rotterdam","Netherlands","2024-09-24"
148,"CUS000148","Aaron Barber","Small Business","London","United Kingdom","2020-06-09"
149,"CUS000149","Lauren Keller","Consumer","Glasgow","United Kingdom","2025-01-23"
150,"CUS000150","Jill Washington","Consumer","Manchester","United Kingdom","2020-12-16"
151,"CUS000151","Phillip Bennett","Corporate","Dublin","Ireland","2024-02-28"
152,"CUS000152","Sheila Pollard","Consumer","Nottingham","United Kingdom","2021-05-13"
153,"CUS000153","James Chase","Consumer","Nottingham","United Kingdom","2025-11-14"
154,"CUS000154","Evan Kennedy","Consumer","Amsterdam","Netherlands","2021-08-29"
155,"CUS000155","Jane Mcneil","Consumer","Birmingham","United Kingdom","2021-01-23"
156,"CUS000156","Marissa Hernandez","Consumer","Dublin","Ireland","2023-03-05"
157,"CUS000157","Beth Sanford","Consumer","Leeds","United Kingdom","2021-01-06"
158,"CUS000158","Brian Kirk","Corporate","Hamburg","Germany","2020-02-14"
159,"CUS000159","Thomas Smith","Corporate","New York","USA","2023-04-10"
160,"CUS000160","Seth Booker","Online Reseller","Glasgow","United Kingdom","2020-09-04"
161,"CUS000161","Richard Baker","Consumer","Dublin","Ireland","2024-08-08"
162,"CUS000162","Jennifer Miller","Corporate","Glasgow","United Kingdom","2024-12-27"
163,"CUS000163","Michael Ferguson","Consumer","Chicago","USA","2025-04-21"
164,"CUS000164","Lori Clay","Consumer","Amsterdam","Netherlands","2020-10-31"
165,"CUS000165","Joshua Williamson II","Consumer","Glasgow","United Kingdom","2020-01-30"
166,"CUS000166","Donna Perez","Consumer","Manchester","United Kingdom","2023-01-15"
167,"CUS000167","William Hodges","Consumer","Munich","Germany","2023-08-14"
168,"CUS000168","Ashlee Jackson","Corporate","Glasgow","United Kingdom","2025-10-16"
169,"CUS000169","Allen Nguyen","Corporate","Birmingham","United Kingdom","2025-01-14"
170,"CUS000170","Ian Jordan","Consumer","Glasgow","United Kingdom","2022-08-24"
171,"CUS000171","Jason Maldonado","Small Business","Lyon","France","2024-01-05"
172,"CUS000172","Christopher Lynch","Corporate","Rotterdam","Netherlands","2024-03-14"
173,"CUS000173","Michael Jimenez","Small Business","Paris","France","2022-10-13"
174,"CUS000174","Crystal Little","Corporate","Birmingham","United Kingdom","2019-10-20"
175,"CUS000175","Michael Nolan","Consumer","Manchester","United Kingdom","2022-07-21"
176,"CUS000176","Dwayne Payne","Corporate","Lyon","France","2023-06-08"
177,"CUS000177","Tony Huerta","Small Business","Leeds","United Kingdom","2023-01-27"
178,"CUS000178","Victor Vaughn","Online Reseller","Austin","USA","2023-08-23"
179,"CUS000179","Eric Kidd","Consumer","Glasgow","United Kingdom","2021-08-19"
180,"CUS000180","Ashley James","Consumer","Paris","France","2023-06-15"
181,"CUS000181","Edward Lyons","Online Reseller","Nottingham","United Kingdom","2024-04-22"
182,"CUS000182","Ronald Foster","Small Business","Berlin","Germany","2024-11-16"
183,"CUS000183","Sean Osborne","Consumer","New York","USA","2020-09-28"
184,"CUS000184","Susan Mcgee","Consumer","Leeds","United Kingdom","2021-10-10"
185,"CUS000185","Stephanie Parsons","Corporate","Chicago","USA","2020-06-21"
186,"CUS000186","Robert Robinson","Consumer","Dublin","Ireland","2023-01-01"
187,"CUS000187","David Campos","Small Business","Rotterdam","Netherlands","2024-03-28"
188,"CUS000188","Melanie Taylor","Consumer","Barcelona","Spain","2020-07-07"
189,"CUS000189","Mark Williams","Corporate","Madrid","Spain","2024-02-14"
190,"CUS000190","Amanda Diaz","Consumer","Lyon","France","2024-12-26"
191,"CUS000191","Theodore Murphy","Consumer","Manchester","United Kingdom","2021-07-19"
192,"CUS000192","Curtis Buchanan","Consumer","Chicago","USA","2023-08-16"
193,"CUS000193","Holly Shaw","Consumer","Manchester","United Kingdom","2024-11-13"
194,"CUS000194","Christopher Sloan","Consumer","New York","USA","2024-04-05"
195,"CUS000195","Tracy Phillips","Small Business","Hamburg","Germany","2024-05-08"
196,"CUS000196","Regina Mcdonald","Consumer","Glasgow","United Kingdom","2022-04-14"
197,"CUS000197","Paul Perez","Consumer","Berlin","Germany","2021-02-11"
198,"CUS000198","Megan Sanders","Consumer","Birmingham","United Kingdom","2021-10-20"
199,"CUS000199","Kristin Davis","Corporate","Bristol","United Kingdom","2023-03-30"
200,"CUS000200","Dennis Martinez","Consumer","Nottingham","United Kingdom","2021-09-08"
201,"CUS000201","Paul Baker","Consumer","Cork","Ireland","2024-12-18"
202,"CUS000202","Mark Watson","Consumer","Chicago","USA","2019-10-08"
203,"CUS000203","Kaitlyn Harvey","Consumer","Manchester","United Kingdom","2024-02-09"
204,"CUS000204","Erin Bishop","Corporate","Munich","Germany","2024-07-08"
205,"CUS000205","Madison Marshall","Consumer","Nottingham","United Kingdom","2024-12-31"
206,"CUS000206","Marie Wilson","Consumer","Nottingham","United Kingdom","2020-05-27"
207,"CUS000207","Andrew Ferrell","Consumer","Austin","USA","2020-01-05"
208,"CUS000208","David Medina","Consumer","Leeds","United Kingdom","2023-09-18"
209,"CUS000209","Jacob Avery","Consumer","Glasgow","United Kingdom","2023-03-02"
210,"CUS000210","Kimberly Matthews","Consumer","Dublin","Ireland","2020-08-21"
211,"CUS000211","Stacey Pena","Consumer","Glasgow","United Kingdom","2025-02-02"
212,"CUS000212","Lisa Crosby","Small Business","Dublin","Ireland","2021-10-21"
213,"CUS000213","Michael Robinson","Consumer","New York","USA","2021-10-16"
214,"CUS000214","David Cox","Consumer","Leeds","United Kingdom","2019-05-18"
215,"CUS000215","Mrs. Stephanie Newman","Small Business","Bristol","United Kingdom","2024-11-04"
216,"CUS000216","Donald Donaldson","Consumer","Paris","France","2022-07-02"
217,"CUS000217","Samantha Davis","Corporate","Madrid","Spain","2019-06-22"
218,"CUS000218","Mark Maddox","Consumer","Austin","USA","2021-11-03"
219,"CUS000219","Gavin Zhang","Consumer","Cork","Ireland","2019-08-02"
220,"CUS000220","Christine Gallegos","Online Reseller","Amsterdam","Netherlands","2021-08-24"
221,"CUS000221","Laurie Li","Consumer","Lyon","France","2022-02-04"
222,"CUS000222","Raymond Kramer","Small Business","Munich","Germany","2019-02-06"
223,"CUS000223","Destiny Riggs","Corporate","Barcelona","Spain","2020-09-26"
224,"CUS000224","Ms. Rebecca Rodriguez","Consumer","Nottingham","United Kingdom","2024-08-09"
225,"CUS000225","Bonnie Howard","Consumer","Birmingham","United Kingdom","2019-09-03"
226,"CUS000226","Leah Smith","Consumer","Bristol","United Kingdom","2025-01-05"
227,"CUS000227","Cameron Fisher","Consumer","New York","USA","2022-07-21"
228,"CUS000228","Arthur West","Small Business","Barcelona","Spain","2023-12-02"
229,"CUS000229","Kevin Hayes","Corporate","New York","USA","2023-01-07"
230,"CUS000230","Luis Acosta","Small Business","Chicago","USA","2024-06-10"
231,"CUS000231","Mary Turner","Consumer","Lyon","France","2024-06-30"
232,"CUS000232","Amanda Lutz","Consumer","London","United Kingdom","2022-08-18"
233,"CUS000233","Jessica Rodriguez","Small Business","Chicago","USA","2025-09-18"
234,"CUS000234","Jill Lam","Consumer","Madrid","Spain","2020-09-26"
235,"CUS000235","Charles Martinez","Consumer","Glasgow","United Kingdom","2023-02-12"
236,"CUS000236","Lauren Joseph","Corporate","Cork","Ireland","2019-03-18"
237,"CUS000237","Kyle Phillips","Small Business","Munich","Germany","2021-09-05"
238,"CUS000238","Jessica Mcguire","Corporate","Nottingham","United Kingdom","2025-01-16"
239,"CUS000239","Matthew Rich","Consumer","New York","USA","2024-07-30"
240,"CUS000240","Sharon Jordan","Corporate","New York","USA","2022-08-14"
241,"CUS000241","Jennifer Wilcox","Consumer","Manchester","United Kingdom","2024-11-13"
242,"CUS000242","Nicholas Edwards","Small Business","Paris","France","2020-06-15"
243,"CUS000243","David Mckay","Consumer","Nottingham","United Kingdom","2024-06-11"
244,"CUS000244","Kara Davis","Corporate","Nottingham","United Kingdom","2023-05-11"
245,"CUS000245","Jeffrey Garner","Consumer","Lyon","France","2021-06-23"
246,"CUS000246","Carlos Brown","Consumer","Berlin","Germany","2021-05-04"
247,"CUS000247","Kristina Santiago","Consumer","Paris","France","2019-09-06"
248,"CUS000248","Shane Pugh","Online Reseller","Bristol","United Kingdom","2023-08-31"
249,"CUS000249","Thomas Williams","Consumer","Austin","USA","2025-12-01"
250,"CUS000250","Erik Garcia","Corporate","Nottingham","United Kingdom","2022-05-29"
251,"CUS000251","Brittney Olson","Online Reseller","London","United Kingdom","2020-02-02"
252,"CUS000252","Hayley Hawkins","Consumer","London","United Kingdom","2021-02-15"
253,"CUS000253","Donald Perez","Consumer","Bristol","United Kingdom","2021-01-02"
254,"CUS000254","Justin Saunders","Consumer","Hamburg","Germany","2020-03-08"
255,"CUS000255","Megan Hawkins","Consumer","Austin","USA","2024-02-22"
256,"CUS000256","Mary Steele","Small Business","Lyon","France","2020-11-14"
257,"CUS000257","Donald Farmer","Consumer","Austin","USA","2022-10-14"
258,"CUS000258","Heather White","Online Reseller","Lyon","France","2022-07-14"
259,"CUS000259","Matthew Jones","Small Business","Munich","Germany","2023-08-16"
260,"CUS000260","Valerie Davis","Small Business","Chicago","USA","2022-08-17"
261,"CUS000261","Jamie Chavez","Consumer","Hamburg","Germany","2023-03-17"
262,"CUS000262","Eric Nguyen","Consumer","Austin","USA","2024-01-28"
263,"CUS000263","Linda Ware","Consumer","Leeds","United Kingdom","2019-05-22"
264,"CUS000264","Paul Williams","Consumer","Madrid","Spain","2022-05-21"
265,"CUS000265","Jeremy Coleman","Consumer","London","United Kingdom","2022-07-13"
266,"CUS000266","Jennifer Lewis","Online Reseller","Glasgow","United Kingdom","2022-02-04"
267,"CUS000267","Haley Rodriguez","Consumer","Madrid","Spain","2024-02-29"
268,"CUS000268","Leslie Rose","Consumer","London","United Kingdom","2025-07-12"
269,"CUS000269","Daniel Joyce","Small Business","Manchester","United Kingdom","2020-01-12"
270,"CUS000270","Dan Dougherty","Small Business","Hamburg","Germany","2019-11-13"
271,"CUS000271","Pamela Roberts","Consumer","Chicago","USA","2025-06-18"
272,"CUS000272","Jonathan Jordan","Corporate","New York","USA","2022-05-15"
273,"CUS000273","Joseph Hall","Corporate","Glasgow","United Kingdom","2019-11-18"
274,"CUS000274","Mary Gomez","Consumer","Chicago","USA","2023-11-14"
275,"CUS000275","Patrick Graham","Consumer","Glasgow","United Kingdom","2021-07-17"
276,"CUS000276","Blake Edwards","Small Business","Austin","USA","2023-04-16"
277,"CUS000277","Jared Bowman","Consumer","Birmingham","United Kingdom","2025-01-20"
278,"CUS000278","Jared Burch","Consumer","Munich","Germany","2021-06-23"
279,"CUS000279","Travis Stevens","Corporate","Bristol","United Kingdom","2023-05-29"
280,"CUS000280","Heidi Kim","Consumer","Madrid","Spain","2022-04-01"
281,"CUS000281","Jeffrey Morales","Consumer","New York","USA","2019-12-05"
282,"CUS000282","Seth Reese","Consumer","Dublin","Ireland","2021-12-11"
283,"CUS000283","Richard Jones","Consumer","Birmingham","United Kingdom","2020-06-18"
284,"CUS000284","Kerry Lee","Corporate","Chicago","USA","2024-06-21"
285,"CUS000285","Heather Mullen","Consumer","Birmingham","United Kingdom","2025-11-28"
286,"CUS000286","Brittany Garcia","Consumer","Madrid","Spain","2021-12-26"
287,"CUS000287","Christopher Hernandez","Corporate","Chicago","USA","2025-06-17"
288,"CUS000288","Angela Bean","Consumer","Bristol","United Kingdom","2023-02-05"
289,"CUS000289","Julie Elliott","Consumer","Manchester","United Kingdom","2019-04-10"
290,"CUS000290","Melanie Macias","Online Reseller","New York","USA","2025-11-29"
291,"CUS000291","Victoria Morris","Corporate","Chicago","USA","2023-12-10"
292,"CUS000292","Emily Gonzales","Consumer","Glasgow","United Kingdom","2023-03-12"
293,"CUS000293","Mark Hogan","Small Business","Bristol","United Kingdom","2020-04-05"
294,"CUS000294","Heather Jones","Online Reseller","New York","USA","2020-08-27"
295,"CUS000295","Andrew Wood","Consumer","Rotterdam","Netherlands","2020-03-31"
296,"CUS000296","Matthew Madden","Consumer","Leeds","United Kingdom","2021-05-06"
297,"CUS000297","Kirk Cruz","Consumer","New York","USA","2024-11-13"
298,"CUS000298","Tiffany Stevenson","Consumer","Austin","USA","2020-08-01"
299,"CUS000299","Terry Armstrong","Consumer","Paris","France","2024-11-27"
300,"CUS000300","Larry Mason","Consumer","London","United Kingdom","2021-04-02"
301,"CUS000301","Joanna Shepherd","Consumer","Austin","USA","2024-03-19"
302,"CUS000302","Vickie Miller","Consumer","Paris","France","2022-01-16"
303,"CUS000303","Amanda Zimmerman","Small Business","Lyon","France","2019-03-20"
304,"CUS000304","Kelly Bishop MD","Consumer","Bristol","United Kingdom","2023-04-09"
305,"CUS000305","Jasmine Schroeder","Small Business","Dublin","Ireland","2024-06-08"
306,"CUS000306","Amy Mccoy","Consumer","Amsterdam","Netherlands","2024-08-12"
307,"CUS000307","Gary Grant","Consumer","Madrid","Spain","2024-12-08"
308,"CUS000308","David York","Consumer","Leeds","United Kingdom","2020-10-05"
309,"CUS000309","Lindsey Hernandez","Consumer","Bristol","United Kingdom","2022-05-23"
310,"CUS000310","Matthew Rangel","Consumer","Birmingham","United Kingdom","2019-09-11"
311,"CUS000311","Matthew Bates","Small Business","Munich","Germany","2019-05-01"
312,"CUS000312","Michael Miller","Consumer","Barcelona","Spain","2022-10-31"
313,"CUS000313","Maria Murphy","Consumer","Amsterdam","Netherlands","2023-04-15"
314,"CUS000314","Michael Valentine","Consumer","Dublin","Ireland","2025-06-04"
315,"CUS000315","Susan Davis DDS","Small Business","Manchester","United Kingdom","2022-09-10"
316,"CUS000316","Alicia Parker","Consumer","London","United Kingdom","2020-07-21"
317,"CUS000317","Gloria Miranda","Small Business","Hamburg","Germany","2020-07-19"
318,"CUS000318","Zachary Moore","Small Business","Bristol","United Kingdom","2020-07-07"
319,"CUS000319","Richard Romero","Consumer","Glasgow","United Kingdom","2025-05-02"
320,"CUS000320","Nancy Rose","Consumer","Barcelona","Spain","2024-12-23"
321,"CUS000321","Sherri Williamson","Consumer","Madrid","Spain","2020-08-19"
322,"CUS000322","Brittany White","Small Business","Chicago","USA","2023-08-23"
323,"CUS000323","Lori Orr","Consumer","Barcelona","Spain","2022-01-26"
324,"CUS000324","Amanda Diaz","Consumer","London","United Kingdom","2021-01-26"
325,"CUS000325","Tracy Bishop","Corporate","Birmingham","United Kingdom","2025-10-16"
326,"CUS000326","Rachel Young","Corporate","Berlin","Germany","2021-08-03"
327,"CUS000327","Vincent Mueller","Consumer","Lyon","France","2024-05-06"
328,"CUS000328","Cheyenne Gregory","Corporate","Glasgow","United Kingdom","2023-03-12"
329,"CUS000329","Jessica Hammond","Consumer","Leeds","United Kingdom","2020-07-17"
330,"CUS000330","Kathryn Barnes","Consumer","London","United Kingdom","2019-03-03"
331,"CUS000331","Curtis Jacobs","Consumer","Barcelona","Spain","2021-04-10"
332,"CUS000332","Amy Castillo","Consumer","New York","USA","2023-12-05"
333,"CUS000333","Timothy Dawson","Corporate","Rotterdam","Netherlands","2024-02-18"
334,"CUS000334","Belinda Miller","Consumer","Rotterdam","Netherlands","2019-06-21"
335,"CUS000335","Jerry Palmer","Corporate","Munich","Germany","2023-06-03"
336,"CUS000336","Anna Lozano","Corporate","Hamburg","Germany","2025-01-05"
337,"CUS000337","Stacey Arias","Consumer","Dublin","Ireland","2024-01-24"
338,"CUS000338","James Brooks","Small Business","Dublin","Ireland","2021-10-03"
339,"CUS000339","Brad Walker","Online Reseller","Cork","Ireland","2019-06-10"
340,"CUS000340","Brett Espinoza","Small Business","Hamburg","Germany","2019-07-21"
341,"CUS000341","Charles Johnson","Consumer","Leeds","United Kingdom","2022-06-01"
342,"CUS000342","Kaitlyn Guerra","Consumer","Chicago","USA","2023-09-27"
343,"CUS000343","Julie Gilbert","Corporate","Nottingham","United Kingdom","2020-08-05"
344,"CUS000344","Alicia Lewis","Consumer","Cork","Ireland","2024-08-12"
345,"CUS000345","Todd Lynch","Corporate","Glasgow","United Kingdom","2025-02-16"
346,"CUS000346","Ricardo Young","Consumer","Leeds","United Kingdom","2019-04-13"
347,"CUS000347","David Fowler","Small Business","Birmingham","United Kingdom","2021-04-07"
348,"CUS000348","Amy Copeland","Consumer","Amsterdam","Netherlands","2020-11-02"
349,"CUS000349","Mr. Mark Andrews DDS","Consumer","New York","USA","2024-01-15"
350,"CUS000350","Aaron Gomez","Consumer","Paris","France","2023-04-23"
351,"CUS000351","Chelsea Barnett","Corporate","Austin","USA","2020-10-16"
352,"CUS000352","Heather Ashley","Consumer","Leeds","United Kingdom","2020-11-30"
353,"CUS000353","Rachel Romero","Consumer","Madrid","Spain","2020-08-15"
354,"CUS000354","Shane Williams","Consumer","Bristol","United Kingdom","2022-06-15"
355,"CUS000355","James Burgess","Online Reseller","Glasgow","United Kingdom","2022-03-28"
356,"CUS000356","Austin Allen","Small Business","Berlin","Germany","2021-04-10"
357,"CUS000357","Ashley Perkins","Consumer","Glasgow","United Kingdom","2024-02-22"
358,"CUS000358","Brandi Bell","Consumer","Cork","Ireland","2019-01-24"
359,"CUS000359","Marvin Greer","Consumer","Munich","Germany","2025-08-08"
360,"CUS000360","Veronica Mendoza","Consumer","Lyon","France","2019-11-22"
361,"CUS000361","Chad Baldwin","Consumer","Berlin","Germany","2025-02-19"
362,"CUS000362","Amanda Harris","Corporate","Bristol","United Kingdom","2021-04-30"
363,"CUS000363","Stacey Stewart","Consumer","London","United Kingdom","2022-11-30"
364,"CUS000364","James Ochoa","Consumer","Glasgow","United Kingdom","2025-06-25"
365,"CUS000365","Andrew Lucas","Consumer","Rotterdam","Netherlands","2019-12-26"
366,"CUS000366","Scott Williams","Online Reseller","Leeds","United Kingdom","2020-10-22"
367,"CUS000367","Denise Lloyd","Online Reseller","Paris","France","2025-06-29"
368,"CUS000368","James Gonzales","Consumer","Nottingham","United Kingdom","2022-05-10"
369,"CUS000369","Gina Lopez","Small Business","Leeds","United Kingdom","2023-10-17"
370,"CUS000370","Holly Salinas","Consumer","Amsterdam","Netherlands","2020-07-05"
371,"CUS000371","Bradley Coleman","Consumer","Glasgow","United Kingdom","2024-11-28"
372,"CUS000372","Zachary White","Corporate","London","United Kingdom","2025-11-11"
373,"CUS000373","Brian Murphy","Corporate","Birmingham","United Kingdom","2024-12-06"
374,"CUS000374","Jeremy Robbins","Corporate","Barcelona","Spain","2025-10-13"
375,"CUS000375","Jeremy West","Consumer","Barcelona","Spain","2022-07-20"
376,"CUS000376","Susan Mendez","Online Reseller","Birmingham","United Kingdom","2022-12-20"
377,"CUS000377","Mark Moody","Consumer","Barcelona","Spain","2024-07-31"
378,"CUS000378","Michael Sullivan","Small Business","Dublin","Ireland","2021-08-11"
379,"CUS000379","Nicole Moore","Consumer","Paris","France","2019-04-09"
380,"CUS000380","Samuel Gregory","Corporate","Dublin","Ireland","2021-04-29"
381,"CUS000381","Cameron Young","Consumer","Chicago","USA","2022-09-29"
382,"CUS000382","Heidi Herring","Corporate","Glasgow","United Kingdom","2019-02-16"
383,"CUS000383","Christian Cole","Consumer","Lyon","France","2019-10-05"
384,"CUS000384","Jeremy Jones","Consumer","Birmingham","United Kingdom","2019-01-26"
385,"CUS000385","Jacob Edwards","Consumer","Manchester","United Kingdom","2025-05-19"
386,"CUS000386","Tyler Johnson","Small Business","Berlin","Germany","2021-03-05"
387,"CUS000387","Joseph Mcintyre","Small Business","Manchester","United Kingdom","2024-05-16"
388,"CUS000388","Reginald Padilla","Corporate","Madrid","Spain","2024-05-26"
389,"CUS000389","Logan Benson","Small Business","Leeds","United Kingdom","2025-01-08"
390,"CUS000390","Mrs. Brandy Jones MD","Small Business","Rotterdam","Netherlands","2023-08-23"
391,"CUS000391","Yolanda Cochran","Small Business","Madrid","Spain","2022-05-11"
392,"CUS000392","Victoria Contreras","Consumer","Hamburg","Germany","2025-01-03"
393,"CUS000393","Krista Roberts","Corporate","Birmingham","United Kingdom","2022-12-19"
394,"CUS000394","Christopher Mckinney","Consumer","London","United Kingdom","2019-05-08"
395,"CUS000395","Carrie Ward","Corporate","Leeds","United Kingdom","2020-11-10"
396,"CUS000396","William Conner","Consumer","Munich","Germany","2020-04-23"
397,"CUS000397","Johnny Ward","Corporate","Rotterdam","Netherlands","2022-07-12"
398,"CUS000398","Julie Bird","Consumer","Lyon","France","2024-07-28"
399,"CUS000399","Stephen Jones","Consumer","Rotterdam","Netherlands","2022-05-24"
400,"CUS000400","Mitchell Mendoza","Consumer","Manchester","United Kingdom","2023-03-13"
401,"CUS000401","Jason Andrews","Small Business","New York","USA","2023-12-23"
402,"CUS000402","Evan Jones","Small Business","Cork","Ireland","2020-09-23"
403,"CUS000403","Joseph Anderson","Corporate","Leeds","United Kingdom","2024-11-14"
404,"CUS000404","Kristen Matthews","Consumer","Manchester","United Kingdom","2020-02-07"
405,"CUS000405","Betty Shaw","Corporate","Austin","USA","2020-06-27"
406,"CUS000406","Sandra Holmes","Consumer","Nottingham","United Kingdom","2024-11-09"
407,"CUS000407","Christopher Donovan","Online Reseller","Manchester","United Kingdom","2025-08-31"
408,"CUS000408","Travis Stone","Consumer","Rotterdam","Netherlands","2019-07-08"
409,"CUS000409","Blake Gonzalez","Corporate","Glasgow","United Kingdom","2022-07-03"
410,"CUS000410","Denise Weber","Consumer","Glasgow","United Kingdom","2021-05-09"
411,"CUS000411","Anna Davidson","Consumer","London","United Kingdom","2024-12-20"
412,"CUS000412","Lauren Jackson","Corporate","Leeds","United Kingdom","2022-01-21"
413,"CUS000413","Stephanie Morgan","Consumer","Manchester","United Kingdom","2025-04-11"
414,"CUS000414","Amanda Shields","Consumer","Dublin","Ireland","2025-02-28"
415,"CUS000415","Travis Wise","Online Reseller","London","United Kingdom","2022-03-06"
416,"CUS000416","Daniel Armstrong","Consumer","Berlin","Germany","2025-11-16"
417,"CUS000417","Amanda Small","Consumer","Rotterdam","Netherlands","2019-04-29"
418,"CUS000418","Maria Turner","Consumer","Dublin","Ireland","2019-08-09"
419,"CUS000419","Robert Sullivan","Consumer","Leeds","United Kingdom","2025-09-07"
420,"CUS000420","Michael Moore","Corporate","Rotterdam","Netherlands","2022-07-03"
421,"CUS000421","John Peterson","Corporate","London","United Kingdom","2024-12-25"
422,"CUS000422","Scott Flores","Small Business","Glasgow","United Kingdom","2025-05-14"
423,"CUS000423","Haley Ross PhD","Small Business","Glasgow","United Kingdom","2024-04-02"
424,"CUS000424","Ashley Allen","Corporate","Manchester","United Kingdom","2024-03-21"
425,"CUS000425","Jerry Thomas","Consumer","Dublin","Ireland","2025-12-01"
426,"CUS000426","Tony Lin","Consumer","Manchester","United Kingdom","2022-09-15"
427,"CUS000427","Victor Barrera","Consumer","Chicago","USA","2019-05-04"
428,"CUS000428","Taylor Griffith","Consumer","Nottingham","United Kingdom","2024-03-04"
429,"CUS000429","Christopher Ferrell","Small Business","Rotterdam","Netherlands","2025-10-11"
430,"CUS000430","Shawn Jimenez","Consumer","Hamburg","Germany","2020-03-14"
431,"CUS000431","James Bryant","Consumer","Bristol","United Kingdom","2022-05-22"
432,"CUS000432","Kevin Williams","Corporate","Munich","Germany","2021-09-04"
433,"CUS000433","Kyle Cameron","Consumer","Hamburg","Germany","2024-05-29"
434,"CUS000434","Donna Smith","Consumer","Manchester","United Kingdom","2025-08-17"
435,"CUS000435","Cesar Baker","Corporate","Leeds","United Kingdom","2022-11-02"
436,"CUS000436","Jamie Williams","Consumer","Berlin","Germany","2019-11-16"
437,"CUS000437","Justin Cox","Corporate","Austin","USA","2024-06-16"
438,"CUS000438","James Cole","Consumer","Birmingham","United Kingdom","2025-03-23"
439,"CUS000439","Samantha Hanson","Consumer","Leeds","United Kingdom","2023-07-21"
440,"CUS000440","Betty Davis","Corporate","Nottingham","United Kingdom","2025-09-08"
441,"CUS000441","William Grant","Consumer","Chicago","USA","2019-09-09"
442,"CUS000442","Charles Morrison","Consumer","Glasgow","United Kingdom","2025-07-06"
443,"CUS000443","Andrew Williams","Small Business","Madrid","Spain","2020-09-03"
444,"CUS000444","Regina Stone","Consumer","Cork","Ireland","2025-06-25"
445,"CUS000445","Steven Taylor","Corporate","London","United Kingdom","2022-07-20"
446,"CUS000446","Emily Long","Small Business","Glasgow","United Kingdom","2022-06-01"
447,"CUS000447","Sarah Wheeler","Corporate","Barcelona","Spain","2022-11-11"
448,"CUS000448","Katrina Burns","Corporate","Madrid","Spain","2024-09-21"
449,"CUS000449","Karen Smith","Small Business","London","United Kingdom","2019-09-13"
450,"CUS000450","Brian Butler","Online Reseller","Birmingham","United Kingdom","2019-01-04"
451,"CUS000451","Steven Wiggins","Consumer","Lyon","France","2022-03-01"
452,"CUS000452","Linda Baker","Consumer","Amsterdam","Netherlands","2025-08-14"
453,"CUS000453","Valerie Lane","Corporate","Manchester","United Kingdom","2023-07-22"
454,"CUS000454","Anthony Castillo","Consumer","Birmingham","United Kingdom","2020-12-11"
455,"CUS000455","Michelle Hampton","Corporate","Dublin","Ireland","2023-01-15"
456,"CUS000456","Roberto Allen","Consumer","Amsterdam","Netherlands","2020-05-29"
457,"CUS000457","Melody Lee","Corporate","Nottingham","United Kingdom","2020-08-12"
458,"CUS000458","Jason Gutierrez","Corporate","Chicago","USA","2020-07-10"
459,"CUS000459","Jonathan Carr","Small Business","Bristol","United Kingdom","2024-02-11"
460,"CUS000460","Ryan Luna","Corporate","Rotterdam","Netherlands","2024-02-05"
461,"CUS000461","Kelly Hoffman","Consumer","Cork","Ireland","2021-07-13"
462,"CUS000462","Mrs. Jamie Frye DDS","Consumer","Birmingham","United Kingdom","2024-08-02"
463,"CUS000463","Kimberly Lowe","Corporate","Amsterdam","Netherlands","2022-01-07"
464,"CUS000464","Melanie Lara","Corporate","Birmingham","United Kingdom","2019-05-18"
465,"CUS000465","John Bernard","Corporate","Barcelona","Spain","2020-04-08"
466,"CUS000466","Edwin David","Consumer","Hamburg","Germany","2024-11-26"
467,"CUS000467","Dr. Michele Vaughn","Consumer","Barcelona","Spain","2019-11-17"
468,"CUS000468","John Castro DVM","Consumer","Dublin","Ireland","2019-11-16"
469,"CUS000469","Donna Berry","Corporate","Lyon","France","2022-11-08"
470,"CUS000470","Stephanie Foster","Consumer","Berlin","Germany","2024-09-30"
471,"CUS000471","Raymond Thomas","Consumer","Barcelona","Spain","2022-04-21"
472,"CUS000472","Tyler Miller","Corporate","Nottingham","United Kingdom","2025-09-13"
473,"CUS000473","Mary Burgess","Small Business","Austin","USA","2021-12-02"
474,"CUS000474","Ronald Nelson","Corporate","Leeds","United Kingdom","2025-06-04"
475,"CUS000475","Denise Rodriguez","Small Business","Manchester","United Kingdom","2019-04-22"
476,"CUS000476","Cynthia Williams","Consumer","Nottingham","United Kingdom","2019-11-11"
477,"CUS000477","Courtney Hall","Consumer","Rotterdam","Netherlands","2025-11-27"
478,"CUS000478","Gary Kennedy","Consumer","Glasgow","United Kingdom","2020-04-01"
479,"CUS000479","Brenda Oconnell","Corporate","Hamburg","Germany","2024-01-04"
480,"CUS000480","Brooke Delgado","Consumer","London","United Kingdom","2021-08-25"
481,"CUS000481","Karen Santos","Consumer","Dublin","Ireland","2019-12-12"
482,"CUS000482","Donna Mitchell","Small Business","Madrid","Spain","2023-08-19"
483,"CUS000483","Randy Pearson","Corporate","New York","USA","2020-11-16"
484,"CUS000484","Parker Jefferson","Small Business","Bristol","United Kingdom","2019-08-11"
485,"CUS000485","Thomas Butler","Consumer","Paris","France","2024-03-15"
486,"CUS000486","Taylor Johnson","Consumer","Manchester","United Kingdom","2024-12-21"
487,"CUS000487","Rachel Lopez","Corporate","Bristol","United Kingdom","2024-04-27"
488,"CUS000488","Shelia Roberts","Small Business","Birmingham","United Kingdom","2019-02-18"
489,"CUS000489","Edwin Morrison","Consumer","Glasgow","United Kingdom","2022-07-17"
490,"CUS000490","Frances Gibson","Consumer","Madrid","Spain","2024-12-16"
491,"CUS000491","Kelly Small","Corporate","Lyon","France","2022-01-21"
492,"CUS000492","Jonathan Nelson","Small Business","Manchester","United Kingdom","2021-11-11"
493,"CUS000493","Erin Simon","Consumer","Lyon","France","2021-09-17"
494,"CUS000494","Michelle Smith","Small Business","Austin","USA","2024-10-30"
495,"CUS000495","Edward Craig","Online Reseller","Bristol","United Kingdom","2022-07-07"
496,"CUS000496","Levi Fowler","Consumer","Hamburg","Germany","2019-10-06"
497,"CUS000497","Jeffrey Murphy","Consumer","Nottingham","United Kingdom","2024-01-01"
498,"CUS000498","Brandon Holden","Consumer","Bristol","United Kingdom","2021-03-01"
499,"CUS000499","Timothy Smith","Consumer","Birmingham","United Kingdom","2025-08-30"
500,"CUS000500","Jeremy Adams","Online Reseller","Paris","France","2020-05-13"
501,"CUS000501","Kevin Berry","Consumer","Paris","France","2025-10-12"
502,"CUS000502","Ian Young","Small Business","Bristol","United Kingdom","2025-05-07"
503,"CUS000503","Julie Moore","Small Business","New York","USA","2021-01-24"
504,"CUS000504","Tammy Barron","Corporate","Leeds","United Kingdom","2019-11-07"
505,"CUS000505","Melissa Fowler","Small Business","Lyon","France","2022-08-17"
506,"CUS000506","Holly Walker","Consumer","Glasgow","United Kingdom","2019-09-13"
507,"CUS000507","Karen Gibson","Online Reseller","Manchester","United Kingdom","2021-11-23"
508,"CUS000508","Jacqueline Miles DVM","Consumer","Barcelona","Spain","2019-10-12"
509,"CUS000509","Rebecca Petersen","Corporate","Dublin","Ireland","2020-12-31"
510,"CUS000510","Melanie Larson","Consumer","Paris","France","2023-11-02"
511,"CUS000511","Kelly Rice","Consumer","Bristol","United Kingdom","2023-12-14"
512,"CUS000512","Thomas Rodriguez","Consumer","New York","USA","2019-10-16"
513,"CUS000513","Stephanie Harris","Small Business","Munich","Germany","2019-03-18"
514,"CUS000514","Carmen Bond","Corporate","Amsterdam","Netherlands","2019-01-04"
515,"CUS000515","Michael Love","Consumer","Barcelona","Spain","2022-09-12"
516,"CUS000516","Steven Griffin Jr.","Consumer","Madrid","Spain","2024-07-02"
517,"CUS000517","Jason Elliott","Small Business","Cork","Ireland","2019-10-15"
518,"CUS000518","Megan Parker","Consumer","Berlin","Germany","2024-05-28"
519,"CUS000519","David Smith","Online Reseller","Birmingham","United Kingdom","2023-01-10"
520,"CUS000520","Benjamin Henderson","Consumer","Manchester","United Kingdom","2020-01-07"
521,"CUS000521","Kimberly Brown","Online Reseller","Glasgow","United Kingdom","2019-11-26"
522,"CUS000522","Victoria Kennedy","Corporate","Rotterdam","Netherlands","2020-12-24"
523,"CUS000523","Christopher Taylor","Corporate","Munich","Germany","2022-05-09"
524,"CUS000524","Monica Stuart","Corporate","Paris","France","2023-01-11"
525,"CUS000525","Steven West","Corporate","Cork","Ireland","2020-07-27"
526,"CUS000526","Jamie Miller","Corporate","Nottingham","United Kingdom","2025-08-25"
527,"CUS000527","Shelly Anderson","Consumer","Leeds","United Kingdom","2025-01-23"
528,"CUS000528","Barbara Haney","Consumer","Lyon","France","2024-01-15"
529,"CUS000529","Cameron Irwin","Consumer","Madrid","Spain","2019-08-18"
530,"CUS000530","Nicole Good","Consumer","Bristol","United Kingdom","2020-04-29"
531,"CUS000531","Nathan Coleman","Corporate","Bristol","United Kingdom","2024-02-21"
532,"CUS000532","David Murray","Corporate","Madrid","Spain","2021-08-12"
533,"CUS000533","Colin Golden","Corporate","Madrid","Spain","2024-06-25"
534,"CUS000534","Amanda Keller","Small Business","Lyon","France","2019-07-07"
535,"CUS000535","Taylor Small","Consumer","Bristol","United Kingdom","2020-12-06"
536,"CUS000536","Austin Wheeler","Small Business","Lyon","France","2020-02-03"
537,"CUS000537","Michael Brennan","Small Business","Dublin","Ireland","2019-09-19"
538,"CUS000538","Andrew Gonzales","Consumer","New York","USA","2025-09-03"
539,"CUS000539","Nicole Parsons","Consumer","New York","USA","2021-04-10"
540,"CUS000540","Wyatt Young","Small Business","Glasgow","United Kingdom","2023-07-05"
541,"CUS000541","Laura Ray","Corporate","Bristol","United Kingdom","2020-07-16"
542,"CUS000542","Sabrina Young","Consumer","Glasgow","United Kingdom","2019-07-06"
543,"CUS000543","Victoria Boyd","Consumer","Munich","Germany","2022-01-26"
544,"CUS000544","Donald Hawkins","Consumer","Leeds","United Kingdom","2023-02-24"
545,"CUS000545","Nancy Thompson","Consumer","Munich","Germany","2025-07-11"
546,"CUS000546","Kristi Williams","Small Business","Nottingham","United Kingdom","2025-11-13"
547,"CUS000547","Mason James","Consumer","London","United Kingdom","2024-06-17"
548,"CUS000548","Melissa Russell","Consumer","Nottingham","United Kingdom","2020-01-01"
549,"CUS000549","Clinton Medina","Consumer","Lyon","France","2024-05-03"
550,"CUS000550","Darin Mathews","Consumer","Paris","France","2022-01-14"
551,"CUS000551","Joel Brown","Consumer","Cork","Ireland","2020-12-15"
552,"CUS000552","Jason Moreno","Corporate","Berlin","Germany","2024-08-09"
553,"CUS000553","David Rivera","Corporate","Berlin","Germany","2022-05-18"
554,"CUS000554","Jerry Watson","Corporate","Nottingham","United Kingdom","2021-02-25"
555,"CUS000555","Sandra Williams","Online Reseller","Birmingham","United Kingdom","2023-01-22"
556,"CUS000556","Larry Williams","Consumer","Amsterdam","Netherlands","2021-05-02"
557,"CUS000557","Robert Matthews","Consumer","London","United Kingdom","2020-09-03"
558,"CUS000558","Claire Clark","Consumer","Lyon","France","2020-10-16"
559,"CUS000559","Elizabeth Stout","Consumer","Paris","France","2023-01-31"
560,"CUS000560","Colton Figueroa","Consumer","Leeds","United Kingdom","2025-12-01"
561,"CUS000561","Nicole Rocha","Consumer","Chicago","USA","2019-08-03"
562,"CUS000562","Michele Sanders","Consumer","Madrid","Spain","2019-04-30"
563,"CUS000563","Frank Campbell","Consumer","Dublin","Ireland","2021-08-21"
564,"CUS000564","Matthew Parker","Corporate","Austin","USA","2023-09-13"
565,"CUS000565","Stephen Owens","Small Business","Bristol","United Kingdom","2021-07-31"
566,"CUS000566","Miranda Gill","Consumer","Chicago","USA","2021-08-29"
567,"CUS000567","Dale Edwards","Consumer","New York","USA","2021-06-22"
568,"CUS000568","Sean Figueroa","Consumer","Birmingham","United Kingdom","2023-11-21"
569,"CUS000569","Juan Silva","Consumer","Birmingham","United Kingdom","2023-05-06"
570,"CUS000570","Elizabeth Gonzalez","Corporate","Leeds","United Kingdom","2023-01-08"
571,"CUS000571","Kelly Sanchez","Consumer","Madrid","Spain","2019-05-12"
572,"CUS000572","Terri Morgan","Consumer","Paris","France","2020-03-31"
573,"CUS000573","Katherine Cummings","Consumer","Rotterdam","Netherlands","2022-11-08"
574,"CUS000574","Julia Oconnor","Corporate","Manchester","United Kingdom","2025-11-09"
575,"CUS000575","Charles Payne","Consumer","Madrid","Spain","2024-11-07"
576,"CUS000576","Steve Mooney","Corporate","Dublin","Ireland","2024-03-10"
577,"CUS000577","Kelly Combs","Consumer","Bristol","United Kingdom","2021-10-07"
578,"CUS000578","Robert Williams","Corporate","Leeds","United Kingdom","2025-08-20"
579,"CUS000579","Chad Mccoy","Consumer","Madrid","Spain","2019-07-01"
580,"CUS000580","Chris Robinson","Corporate","Leeds","United Kingdom","2024-08-27"
581,"CUS000581","Antonio Little","Consumer","Birmingham","United Kingdom","2020-02-06"
582,"CUS000582","Susan Hopkins","Consumer","Dublin","Ireland","2019-02-20"
583,"CUS000583","Joseph Jenkins","Online Reseller","Lyon","France","2020-06-27"
584,"CUS000584","Nathan Nichols","Corporate","London","United Kingdom","2020-01-07"
585,"CUS000585","Jonathan Wolfe","Consumer","Bristol","United Kingdom","2024-02-25"
586,"CUS000586","Todd White","Online Reseller","Amsterdam","Netherlands","2024-03-14"
587,"CUS000587","Kelly Allen","Consumer","Austin","USA","2023-02-26"
588,"CUS000588","Dawn Gomez","Corporate","Hamburg","Germany","2019-10-17"
589,"CUS000589","Angela Chung","Consumer","Bristol","United Kingdom","2019-05-14"
590,"CUS000590","David Terry","Consumer","Glasgow","United Kingdom","2025-11-13"
591,"CUS000591","Ronald Miller","Small Business","Berlin","Germany","2019-11-28"
592,"CUS000592","Marie Johnson MD","Corporate","Munich","Germany","2019-08-13"
593,"CUS000593","John Walsh","Small Business","Cork","Ireland","2020-03-30"
594,"CUS000594","Angela Bruce","Corporate","Leeds","United Kingdom","2023-02-06"
595,"CUS000595","Erin Madden","Corporate","Bristol","United Kingdom","2019-10-02"
596,"CUS000596","Stephanie Ellison","Consumer","Berlin","Germany","2022-10-03"
597,"CUS000597","Steven Schwartz","Corporate","Nottingham","United Kingdom","2025-07-04"
598,"CUS000598","Denise Glass","Small Business","Amsterdam","Netherlands","2021-07-12"
599,"CUS000599","Diana Daniels","Consumer","Manchester","United Kingdom","2023-09-29"
600,"CUS000600","Cassie Jefferson","Consumer","Nottingham","United Kingdom","2024-01-28"
601,"CUS000601","Daniel Thomas","Consumer","Dublin","Ireland","2024-12-18"
602,"CUS000602","Samantha Hickman","Consumer","Lyon","France","2023-02-16"
603,"CUS000603","Justin Knight","Small Business","Austin","USA","2019-09-26"
604,"CUS000604","Megan Fernandez","Consumer","Leeds","United Kingdom","2023-05-20"
605,"CUS000605","Patrick Gibbs","Online Reseller","Rotterdam","Netherlands","2019-11-12"
606,"CUS000606","Angela Mcgee","Consumer","Manchester","United Kingdom","2020-08-29"
607,"CUS000607","Brent Hall","Consumer","Dublin","Ireland","2019-04-03"
608,"CUS000608","Larry Austin","Consumer","Bristol","United Kingdom","2020-06-24"
609,"CUS000609","Tracy Nguyen","Consumer","Cork","Ireland","2019-03-29"
610,"CUS000610","Rachel Hayes","Consumer","Nottingham","United Kingdom","2021-08-09"
611,"CUS000611","Juan Bennett","Consumer","Rotterdam","Netherlands","2022-11-05"
612,"CUS000612","Kevin James","Consumer","Lyon","France","2024-12-11"
613,"CUS000613","Elizabeth Wright","Consumer","Rotterdam","Netherlands","2025-05-12"
614,"CUS000614","Derrick James","Consumer","Glasgow","United Kingdom","2021-11-30"
615,"CUS000615","Brittany Price","Online Reseller","Manchester","United Kingdom","2019-07-13"
616,"CUS000616","Brandon Hahn","Consumer","Manchester","United Kingdom","2020-11-12"
617,"CUS000617","Philip Garcia","Corporate","Berlin","Germany","2022-03-14"
618,"CUS000618","Jeffrey Hawkins","Small Business","London","United Kingdom","2020-09-20"
619,"CUS000619","Ashley Davis","Consumer","Nottingham","United Kingdom","2022-07-20"
620,"CUS000620","Linda Mueller","Consumer","Munich","Germany","2021-01-25"
621,"CUS000621","Alexandria Gutierrez","Consumer","Bristol","United Kingdom","2022-07-22"
622,"CUS000622","Misty Hansen","Consumer","Madrid","Spain","2025-01-20"
623,"CUS000623","Dana Meyer DDS","Consumer","Barcelona","Spain","2019-04-13"
624,"CUS000624","Derrick Adams","Small Business","Leeds","United Kingdom","2024-02-20"
625,"CUS000625","Christopher Hill","Consumer","Madrid","Spain","2025-02-15"
626,"CUS000626","Richard Ward","Corporate","Barcelona","Spain","2022-04-25"
627,"CUS000627","Michelle Simpson","Online Reseller","Cork","Ireland","2025-06-07"
628,"CUS000628","Judith Taylor","Consumer","Lyon","France","2020-04-05"
629,"CUS000629","James Skinner","Consumer","New York","USA","2025-03-06"
630,"CUS000630","Scott Alexander","Consumer","Nottingham","United Kingdom","2021-06-21"
631,"CUS000631","Rodney Curtis","Consumer","Nottingham","United Kingdom","2025-10-26"
632,"CUS000632","Elizabeth Morrison","Small Business","Paris","France","2022-02-12"
633,"CUS000633","Karen Thompson","Consumer","Nottingham","United Kingdom","2023-12-30"
634,"CUS000634","Francis Navarro","Online Reseller","Paris","France","2023-06-04"
635,"CUS000635","Tracy Casey","Corporate","Manchester","United Kingdom","2024-09-26"
636,"CUS000636","Douglas Hartman","Consumer","Barcelona","Spain","2023-10-18"
637,"CUS000637","Timothy Gonzalez","Consumer","Manchester","United Kingdom","2022-11-13"
638,"CUS000638","Catherine Saunders MD","Small Business","Leeds","United Kingdom","2019-12-25"
639,"CUS000639","Terri Clark","Corporate","Leeds","United Kingdom","2023-08-30"
640,"CUS000640","Sandra Jones","Consumer","Chicago","USA","2023-10-03"
641,"CUS000641","Rebecca Chambers","Consumer","Chicago","USA","2025-08-02"
642,"CUS000642","Eric King","Consumer","Berlin","Germany","2024-04-28"
643,"CUS000643","Jay Bennett","Consumer","Barcelona","Spain","2025-08-16"
644,"CUS000644","Kyle Aguilar","Consumer","New York","USA","2022-01-24"
645,"CUS000645","Tammy Kane","Consumer","Birmingham","United Kingdom","2025-05-15"
646,"CUS000646","Andrew Schmitt","Consumer","New York","USA","2023-04-13"
647,"CUS000647","Robin Wheeler","Consumer","Leeds","United Kingdom","2022-05-21"
648,"CUS000648","Ashley Wright","Consumer","Rotterdam","Netherlands","2024-03-13"
649,"CUS000649","Carol Salazar","Consumer","Glasgow","United Kingdom","2021-12-11"
650,"CUS000650","Maria Lucas","Small Business","Bristol","United Kingdom","2024-04-19"
651,"CUS000651","Erin Hogan","Small Business","Bristol","United Kingdom","2023-09-05"
652,"CUS000652","Brett Walker","Corporate","Bristol","United Kingdom","2019-04-27"
653,"CUS000653","Kristin Watts","Consumer","Manchester","United Kingdom","2019-10-01"
654,"CUS000654","James Ford","Corporate","Munich","Germany","2025-05-05"
655,"CUS000655","Melissa Hernandez","Corporate","Manchester","United Kingdom","2024-05-03"
656,"CUS000656","Mrs. Elizabeth Knapp MD","Consumer","Madrid","Spain","2025-06-14"
657,"CUS000657","Monica Bailey","Consumer","Manchester","United Kingdom","2019-08-28"
658,"CUS000658","Richard Boyd","Small Business","Leeds","United Kingdom","2020-07-08"
659,"CUS000659","Brent Bowen","Consumer","Nottingham","United Kingdom","2023-09-15"
660,"CUS000660","Austin Williams","Consumer","Lyon","France","2022-04-09"
661,"CUS000661","Alison Cooper","Consumer","Dublin","Ireland","2021-01-20"
662,"CUS000662","Robert Spears","Small Business","Austin","USA","2025-02-05"
663,"CUS000663","Kelli Arnold","Small Business","Manchester","United Kingdom","2022-05-18"
664,"CUS000664","Jeffery Murray","Corporate","Bristol","United Kingdom","2020-01-28"
665,"CUS000665","Lori Lopez","Small Business","Munich","Germany","2019-02-22"
666,"CUS000666","Jennifer Mclaughlin","Consumer","Manchester","United Kingdom","2024-06-09"
667,"CUS000667","Joanna Jordan","Consumer","London","United Kingdom","2020-09-25"
668,"CUS000668","Daniel Ramirez","Small Business","Dublin","Ireland","2025-04-07"
669,"CUS000669","Rebecca Ray","Small Business","Hamburg","Germany","2025-03-07"
670,"CUS000670","Kimberly Diaz","Consumer","Paris","France","2019-11-09"
671,"CUS000671","Brian Lambert","Small Business","London","United Kingdom","2024-05-18"
672,"CUS000672","Vincent Edwards MD","Consumer","Bristol","United Kingdom","2023-12-16"
673,"CUS000673","Brian Bell","Consumer","Rotterdam","Netherlands","2022-06-01"
674,"CUS000674","Christopher Nunez","Consumer","Glasgow","United Kingdom","2020-06-11"
675,"CUS000675","Tamara Lawrence","Corporate","Amsterdam","Netherlands","2022-06-13"
676,"CUS000676","Emily Allen","Online Reseller","London","United Kingdom","2023-10-07"
677,"CUS000677","James Thomas","Consumer","Paris","France","2024-06-06"
678,"CUS000678","Kyle Andrews","Consumer","New York","USA","2019-05-15"
679,"CUS000679","John Medina","Corporate","Austin","USA","2024-04-05"
680,"CUS000680","Tara Thompson","Consumer","Manchester","United Kingdom","2022-05-20"
681,"CUS000681","Dylan Lopez","Small Business","Paris","France","2025-09-30"
682,"CUS000682","Lisa Glenn","Consumer","London","United Kingdom","2022-12-10"
683,"CUS000683","Kari Lee","Small Business","London","United Kingdom","2022-02-10"
684,"CUS000684","Justin Delgado","Consumer","Barcelona","Spain","2024-08-12"
685,"CUS000685","John Mckinney","Consumer","Austin","USA","2025-05-24"
686,"CUS000686","Christopher Cunningham","Corporate","Glasgow","United Kingdom","2019-02-27"
687,"CUS000687","Connie Johnson","Online Reseller","Dublin","Ireland","2020-12-04"
688,"CUS000688","Dylan Norman","Online Reseller","Madrid","Spain","2020-02-09"
689,"CUS000689","Patricia Simpson","Consumer","Barcelona","Spain","2025-08-11"
690,"CUS000690","Laura Adams","Online Reseller","Bristol","United Kingdom","2021-01-10"
691,"CUS000691","Wendy Weaver","Consumer","Rotterdam","Netherlands","2024-10-07"
692,"CUS000692","Olivia Alexander","Small Business","Nottingham","United Kingdom","2022-07-11"
693,"CUS000693","Jeffery Fitzgerald","Consumer","Nottingham","United Kingdom","2024-07-23"
694,"CUS000694","Danielle Golden","Consumer","Austin","USA","2019-06-16"
695,"CUS000695","Dennis Atkins","Consumer","Leeds","United Kingdom","2022-03-07"
696,"CUS000696","Sean Wilson","Corporate","Cork","Ireland","2023-12-24"
697,"CUS000697","Christine Rojas","Consumer","Leeds","United Kingdom","2023-10-19"
698,"CUS000698","Shannon Bishop","Small Business","Nottingham","United Kingdom","2024-05-02"
699,"CUS000699","Luis Glover","Consumer","Barcelona","Spain","2024-07-06"
700,"CUS000700","Renee Hudson","Consumer","Lyon","France","2019-12-15"
701,"CUS000701","Linda Jackson","Consumer","Leeds","United Kingdom","2025-08-15"
702,"CUS000702","Eileen Armstrong","Consumer","Madrid","Spain","2021-03-26"
703,"CUS000703","Kayla Mccullough","Small Business","Birmingham","United Kingdom","2023-07-14"
704,"CUS000704","Brandy Brady","Consumer","Glasgow","United Kingdom","2024-08-06"
705,"CUS000705","Anthony Ramirez","Small Business","Bristol","United Kingdom","2025-08-28"
706,"CUS000706","Meredith Anderson","Small Business","Glasgow","United Kingdom","2023-06-28"
707,"CUS000707","Frank Wright","Corporate","Bristol","United Kingdom","2023-07-15"
708,"CUS000708","Jenna Thomas","Consumer","Barcelona","Spain","2024-02-06"
709,"CUS000709","Lori Brooks","Consumer","Manchester","United Kingdom","2021-08-03"
710,"CUS000710","Robert Mack","Consumer","Berlin","Germany","2019-08-05"
711,"CUS000711","Paul Neal","Corporate","Rotterdam","Netherlands","2021-01-03"
712,"CUS000712","Jordan Freeman","Consumer","Bristol","United Kingdom","2022-05-25"
713,"CUS000713","Sheila Boone","Small Business","Berlin","Germany","2024-10-30"
714,"CUS000714","William Reid","Consumer","Chicago","USA","2024-08-01"
715,"CUS000715","Sarah Flynn","Consumer","Cork","Ireland","2025-01-23"
716,"CUS000716","Walter Summers","Online Reseller","Berlin","Germany","2020-05-02"
717,"CUS000717","Frank Campbell MD","Small Business","Manchester","United Kingdom","2023-12-18"
718,"CUS000718","Samuel Kramer","Consumer","Dublin","Ireland","2022-05-26"
719,"CUS000719","Pamela Williams","Consumer","Amsterdam","Netherlands","2020-07-04"
720,"CUS000720","Sara Smith","Consumer","Leeds","United Kingdom","2020-03-24"
721,"CUS000721","Brooke Bryant","Corporate","Munich","Germany","2025-01-18"
722,"CUS000722","Jessica Forbes DVM","Corporate","Munich","Germany","2020-10-02"
723,"CUS000723","Elizabeth Baxter","Consumer","Cork","Ireland","2025-08-17"
724,"CUS000724","Anna Ward","Small Business","Barcelona","Spain","2022-03-11"
725,"CUS000725","Matthew Banks","Corporate","Nottingham","United Kingdom","2020-06-09"
726,"CUS000726","Mario Barber","Small Business","Rotterdam","Netherlands","2025-07-19"
727,"CUS000727","Jessica Davis","Consumer","Bristol","United Kingdom","2020-02-03"
728,"CUS000728","Daniel Miller","Consumer","Manchester","United Kingdom","2019-08-20"
729,"CUS000729","Kelly Wallace","Consumer","Paris","France","2022-07-02"
730,"CUS000730","Greg Martinez","Consumer","Hamburg","Germany","2022-06-02"
731,"CUS000731","Melissa Woods","Consumer","London","United Kingdom","2022-08-28"
732,"CUS000732","Brandon Shaffer","Small Business","Bristol","United Kingdom","2025-05-15"
733,"CUS000733","Jacob Evans","Consumer","Cork","Ireland","2024-04-07"
734,"CUS000734","Robert Baxter","Consumer","Munich","Germany","2023-05-18"
735,"CUS000735","Megan Jones","Small Business","Nottingham","United Kingdom","2020-02-14"
736,"CUS000736","Lisa Martin","Consumer","Paris","France","2024-08-21"
737,"CUS000737","Daniel Goodman","Consumer","Austin","USA","2025-11-23"
738,"CUS000738","Lisa Ramos","Consumer","Leeds","United Kingdom","2019-11-05"
739,"CUS000739","Steven Taylor","Consumer","Amsterdam","Netherlands","2019-07-14"
740,"CUS000740","Nicholas Bell","Consumer","Birmingham","United Kingdom","2021-07-14"
741,"CUS000741","Richard Wright","Corporate","Berlin","Germany","2025-06-26"
742,"CUS000742","Danielle Burke","Consumer","Manchester","United Kingdom","2025-05-09"
743,"CUS000743","Dominique Pugh","Consumer","Chicago","USA","2022-11-23"
744,"CUS000744","Ryan Liu","Small Business","Austin","USA","2024-08-29"
745,"CUS000745","Lawrence Lopez","Corporate","Chicago","USA","2022-07-07"
746,"CUS000746","Matthew Bowers","Consumer","Leeds","United Kingdom","2024-10-11"
747,"CUS000747","Cynthia Cruz","Small Business","Dublin","Ireland","2024-10-15"
748,"CUS000748","Mark Jones","Consumer","Rotterdam","Netherlands","2024-03-29"
749,"CUS000749","Alexandria Ward","Consumer","Bristol","United Kingdom","2025-11-21"
750,"CUS000750","James Combs","Online Reseller","Rotterdam","Netherlands","2019-09-03"
751,"CUS000751","Joshua Thompson","Consumer","Cork","Ireland","2021-09-11"
752,"CUS000752","William Jones","Small Business","Bristol","United Kingdom","2023-11-19"
753,"CUS000753","Alexis Lewis","Small Business","Glasgow","United Kingdom","2019-09-21"
754,"CUS000754","Tiffany Sanders","Consumer","Lyon","France","2022-03-21"
755,"CUS000755","Micheal Wang","Corporate","Lyon","France","2021-08-25"
756,"CUS000756","James Davidson","Consumer","Nottingham","United Kingdom","2019-04-24"
757,"CUS000757","Brittany Miller","Consumer","Glasgow","United Kingdom","2024-06-11"
758,"CUS000758","Thomas Mccann","Consumer","Munich","Germany","2019-06-01"
759,"CUS000759","Gabriel Willis","Consumer","Manchester","United Kingdom","2021-11-24"
760,"CUS000760","Marie Day","Corporate","Chicago","USA","2020-12-21"
761,"CUS000761","Jeffrey Ashley","Online Reseller","Paris","France","2024-06-13"
762,"CUS000762","David Middleton","Small Business","New York","USA","2019-12-10"
763,"CUS000763","Logan Brown","Small Business","Manchester","United Kingdom","2023-07-26"
764,"CUS000764","Mary Thompson","Consumer","Amsterdam","Netherlands","2020-07-29"
765,"CUS000765","Chad Smith","Corporate","Birmingham","United Kingdom","2020-05-09"
766,"CUS000766","Gregory Holmes PhD","Consumer","Cork","Ireland","2020-01-05"
767,"CUS000767","Jacob Brady","Small Business","Nottingham","United Kingdom","2022-07-07"
768,"CUS000768","Morgan Wilson","Corporate","Birmingham","United Kingdom","2021-08-24"
769,"CUS000769","Frances Patterson","Consumer","Madrid","Spain","2020-12-18"
770,"CUS000770","Deborah Proctor","Consumer","Manchester","United Kingdom","2021-11-07"
771,"CUS000771","Kathleen Dixon","Consumer","Amsterdam","Netherlands","2023-03-15"
772,"CUS000772","Scott Jackson","Consumer","Paris","France","2023-10-02"
773,"CUS000773","Raymond Shannon","Online Reseller","Dublin","Ireland","2020-08-16"
774,"CUS000774","Ashley Yang","Consumer","Bristol","United Kingdom","2022-06-16"
775,"CUS000775","Scott Smith","Consumer","Birmingham","United Kingdom","2019-08-12"
776,"CUS000776","Jack Mora","Consumer","Paris","France","2023-04-25"
777,"CUS000777","Tyler Johnson","Consumer","Bristol","United Kingdom","2020-05-14"
778,"CUS000778","Michelle Rios","Small Business","Berlin","Germany","2023-05-11"
779,"CUS000779","David Moon","Small Business","Leeds","United Kingdom","2021-11-12"
780,"CUS000780","Roger Duncan","Small Business","Glasgow","United Kingdom","2022-05-03"
781,"CUS000781","Michael Williams","Small Business","London","United Kingdom","2022-07-23"
782,"CUS000782","Jose Williams","Small Business","Rotterdam","Netherlands","2022-01-27"
783,"CUS000783","Shawn Cline","Consumer","Rotterdam","Netherlands","2023-08-19"
784,"CUS000784","Emily Miller","Corporate","Barcelona","Spain","2020-02-16"
785,"CUS000785","Jacob Carter","Consumer","Austin","USA","2019-09-29"
786,"CUS000786","Nancy Sanchez","Corporate","Birmingham","United Kingdom","2025-02-21"
787,"CUS000787","Wesley Cuevas","Corporate","Chicago","USA","2019-08-02"
788,"CUS000788","Morgan Payne","Corporate","Paris","France","2020-07-11"
789,"CUS000789","Brittany Randolph","Corporate","London","United Kingdom","2022-07-09"
790,"CUS000790","Joshua Fields","Consumer","Berlin","Germany","2024-10-16"
791,"CUS000791","Alexandra Rogers","Small Business","Austin","USA","2025-08-30"
792,"CUS000792","Jamie Rojas","Consumer","Lyon","France","2020-06-30"
793,"CUS000793","Daniel Bird","Corporate","Bristol","United Kingdom","2022-09-03"
794,"CUS000794","Tyrone Kaufman","Consumer","New York","USA","2023-02-14"
795,"CUS000795","Douglas Williams","Online Reseller","Leeds","United Kingdom","2025-05-25"
796,"CUS000796","Ryan Gutierrez","Small Business","Nottingham","United Kingdom","2025-11-11"
797,"CUS000797","Judy Adkins","Online Reseller","Berlin","Germany","2021-03-23"
798,"CUS000798","Kathy Walsh","Consumer","Glasgow","United Kingdom","2023-07-01"
799,"CUS000799","Kevin Brown","Consumer","Hamburg","Germany","2019-12-31"
800,"CUS000800","Bianca Carter","Online Reseller","Madrid","Spain","2020-04-25"
801,"CUS000801","Tammy Long","Consumer","Birmingham","United Kingdom","2024-02-02"
802,"CUS000802","Erika Chavez","Consumer","Chicago","USA","2021-04-12"
803,"CUS000803","Tony Taylor","Small Business","Glasgow","United Kingdom","2021-12-26"
804,"CUS000804","Ashley Garcia","Consumer","Leeds","United Kingdom","2023-11-02"
805,"CUS000805","Erik Martinez","Online Reseller","Amsterdam","Netherlands","2022-03-05"
806,"CUS000806","Randy Hayes","Consumer","New York","USA","2023-08-01"
807,"CUS000807","Samuel Davis","Consumer","New York","USA","2021-12-08"
808,"CUS000808","Elizabeth Bush","Small Business","Leeds","United Kingdom","2023-02-23"
809,"CUS000809","Cindy Gates","Consumer","Hamburg","Germany","2019-02-12"
810,"CUS000810","Michael Schmitt","Online Reseller","Cork","Ireland","2023-06-17"
811,"CUS000811","Anthony Evans","Corporate","Lyon","France","2025-09-12"
812,"CUS000812","Carrie Crane","Corporate","Nottingham","United Kingdom","2019-08-02"
813,"CUS000813","Kristi Pierce","Consumer","London","United Kingdom","2022-12-22"
814,"CUS000814","Brian Leon","Consumer","Madrid","Spain","2024-08-28"
815,"CUS000815","Antonio Norman","Online Reseller","Munich","Germany","2023-02-28"
816,"CUS000816","Craig Morales","Consumer","Birmingham","United Kingdom","2021-01-04"
817,"CUS000817","Teresa Miller","Consumer","Birmingham","United Kingdom","2022-10-21"
818,"CUS000818","Sylvia Jones","Consumer","Amsterdam","Netherlands","2024-12-12"
819,"CUS000819","Christina Brewer PhD","Consumer","Manchester","United Kingdom","2019-06-30"
820,"CUS000820","Ryan Lamb","Small Business","Barcelona","Spain","2022-02-24"
821,"CUS000821","Tom Williams","Consumer","Chicago","USA","2021-12-14"
822,"CUS000822","Jessica Ramsey","Consumer","Munich","Germany","2023-11-20"
823,"CUS000823","James Simmons MD","Corporate","Rotterdam","Netherlands","2024-07-05"
824,"CUS000824","Denise Griffin","Corporate","New York","USA","2023-12-08"
825,"CUS000825","Lucas Jensen","Consumer","London","United Kingdom","2021-01-20"
826,"CUS000826","Kathleen Andrade","Consumer","Manchester","United Kingdom","2024-03-28"
827,"CUS000827","Brandon Reyes","Consumer","Leeds","United Kingdom","2022-12-31"
828,"CUS000828","Marvin Robles","Consumer","Barcelona","Spain","2020-04-05"
829,"CUS000829","Zachary Stephens","Consumer","Amsterdam","Netherlands","2020-01-19"
830,"CUS000830","James Reeves","Consumer","Manchester","United Kingdom","2020-11-20"
831,"CUS000831","Richard Cooper","Corporate","Chicago","USA","2025-07-26"
832,"CUS000832","Erica Nelson","Consumer","Nottingham","United Kingdom","2025-05-26"
833,"CUS000833","Kyle Johnson","Consumer","Nottingham","United Kingdom","2024-08-02"
834,"CUS000834","Diana Stokes","Consumer","Lyon","France","2020-05-14"
835,"CUS000835","Hunter Silva","Small Business","Birmingham","United Kingdom","2020-03-10"
836,"CUS000836","Christopher Wright","Consumer","Amsterdam","Netherlands","2024-02-29"
837,"CUS000837","Joseph Moody","Consumer","Rotterdam","Netherlands","2022-01-08"
838,"CUS000838","Pamela Gould","Consumer","Berlin","Germany","2019-06-29"
839,"CUS000839","Vickie Price","Consumer","Lyon","France","2025-05-20"
840,"CUS000840","Wendy Thompson","Consumer","Glasgow","United Kingdom","2022-03-04"
841,"CUS000841","Evan Rojas","Corporate","Nottingham","United Kingdom","2025-02-19"
842,"CUS000842","Kevin Warner","Consumer","Barcelona","Spain","2021-11-11"
843,"CUS000843","Keith Thomas","Small Business","Glasgow","United Kingdom","2020-01-01"
844,"CUS000844","Sara Cochran","Consumer","London","United Kingdom","2023-07-07"
845,"CUS000845","Kimberly Thompson","Online Reseller","Glasgow","United Kingdom","2020-09-23"
846,"CUS000846","Anthony Guzman","Small Business","Leeds","United Kingdom","2022-06-24"
847,"CUS000847","John Rivera","Consumer","Madrid","Spain","2020-01-29"
848,"CUS000848","Renee Peterson","Consumer","Amsterdam","Netherlands","2023-05-09"
849,"CUS000849","Robert Oneill","Consumer","Cork","Ireland","2023-09-27"
850,"CUS000850","Charles Bush","Consumer","Austin","USA","2023-10-11"
851,"CUS000851","Brian Fox","Consumer","Birmingham","United Kingdom","2024-03-13"
852,"CUS000852","Benjamin Bush","Online Reseller","Paris","France","2024-11-29"
853,"CUS000853","Laurie Rogers","Consumer","Hamburg","Germany","2024-04-01"
854,"CUS000854","William Oconnor","Consumer","Glasgow","United Kingdom","2020-08-31"
855,"CUS000855","Mark Freeman","Small Business","Barcelona","Spain","2024-11-12"
856,"CUS000856","Michael Hoffman","Consumer","Birmingham","United Kingdom","2019-11-10"
857,"CUS000857","Lisa Kelly","Consumer","Madrid","Spain","2023-08-19"
858,"CUS000858","Robin Gray","Corporate","Bristol","United Kingdom","2021-11-03"
859,"CUS000859","Elizabeth Thompson","Consumer","Birmingham","United Kingdom","2024-08-24"
860,"CUS000860","Michael Berry","Corporate","Bristol","United Kingdom","2021-01-05"
861,"CUS000861","Patricia Bradley","Consumer","Chicago","USA","2023-09-01"
862,"CUS000862","Evan Lamb","Consumer","Rotterdam","Netherlands","2024-02-07"
863,"CUS000863","Margaret Garcia","Corporate","Chicago","USA","2021-12-21"
864,"CUS000864","Gary Miller MD","Small Business","Glasgow","United Kingdom","2021-05-14"
865,"CUS000865","Mark Mccarty","Online Reseller","Bristol","United Kingdom","2021-11-28"
866,"CUS000866","Meagan Daniel","Consumer","Amsterdam","Netherlands","2019-03-15"
867,"CUS000867","Adam Clark","Consumer","Nottingham","United Kingdom","2024-05-08"
868,"CUS000868","Hayley Buchanan","Small Business","Cork","Ireland","2025-10-01"
869,"CUS000869","Amber Kim","Corporate","Chicago","USA","2025-12-01"
870,"CUS000870","Christopher Gutierrez","Online Reseller","Bristol","United Kingdom","2023-06-06"
871,"CUS000871","Heather Bennett","Consumer","New York","USA","2019-02-26"
872,"CUS000872","Rachel Lane","Consumer","Glasgow","United Kingdom","2021-02-09"
873,"CUS000873","Courtney Hayes","Consumer","Amsterdam","Netherlands","2020-08-17"
874,"CUS000874","Amanda Smith","Small Business","Lyon","France","2025-01-15"
875,"CUS000875","Brian Peterson","Small Business","Manchester","United Kingdom","2020-08-29"
876,"CUS000876","Candace Jones","Consumer","Dublin","Ireland","2020-09-16"
877,"CUS000877","Vanessa Morgan","Online Reseller","Chicago","USA","2024-04-15"
878,"CUS000878","Dr. Michele Reynolds","Corporate","Leeds","United Kingdom","2021-04-04"
879,"CUS000879","Lisa Hamilton","Small Business","Glasgow","United Kingdom","2019-07-28"
880,"CUS000880","Gary Mccann","Corporate","Nottingham","United Kingdom","2023-11-04"
881,"CUS000881","Julian Frost","Corporate","Barcelona","Spain","2025-09-06"
882,"CUS000882","Mary Evans","Consumer","Chicago","USA","2023-06-26"
883,"CUS000883","James Dunn","Consumer","Cork","Ireland","2019-09-06"
884,"CUS000884","Anthony Smith Jr.","Corporate","Cork","Ireland","2025-03-16"
885,"CUS000885","Lori Castillo","Consumer","Bristol","United Kingdom","2024-04-22"
886,"CUS000886","Daniel Little","Online Reseller","Birmingham","United Kingdom","2022-11-21"
887,"CUS000887","Kara Wilson","Consumer","Leeds","United Kingdom","2022-03-25"
888,"CUS000888","Kaitlin Jacobson","Consumer","Chicago","USA","2021-08-08"
889,"CUS000889","Martin Hughes","Small Business","Cork","Ireland","2024-04-02"
890,"CUS000890","James Lopez","Corporate","Manchester","United Kingdom","2023-05-18"
891,"CUS000891","Jeremiah Baker","Small Business","Barcelona","Spain","2020-10-25"
892,"CUS000892","Kristy Hernandez","Corporate","Munich","Germany","2019-12-20"
893,"CUS000893","Anne Barnett","Consumer","Paris","France","2020-10-02"
894,"CUS000894","Jennifer Avila","Small Business","Berlin","Germany","2024-07-15"
895,"CUS000895","Antonio Hughes","Corporate","London","United Kingdom","2019-03-16"
896,"CUS000896","Tracie Mcdaniel","Consumer","Manchester","United Kingdom","2020-10-11"
897,"CUS000897","Laura Young","Small Business","Glasgow","United Kingdom","2019-05-11"
898,"CUS000898","James Nash","Consumer","Chicago","USA","2021-07-17"
899,"CUS000899","Kenneth Black","Consumer","London","United Kingdom","2022-10-25"
900,"CUS000900","Vickie Hernandez","Small Business","New York","USA","2025-03-31"
901,"CUS000901","Joann Rush","Small Business","London","United Kingdom","2024-10-12"
902,"CUS000902","Daniel Lee","Corporate","Berlin","Germany","2023-11-29"
903,"CUS000903","Blake Vega","Online Reseller","New York","USA","2025-11-05"
904,"CUS000904","Rodney Hernandez","Small Business","Berlin","Germany","2019-06-21"
905,"CUS000905","Emma Acosta","Corporate","Dublin","Ireland","2021-04-21"
906,"CUS000906","Angie Hawkins","Corporate","Madrid","Spain","2023-12-14"
907,"CUS000907","Shannon Stone","Corporate","Chicago","USA","2020-02-11"
908,"CUS000908","Alexandria Graves","Consumer","Manchester","United Kingdom","2020-07-18"
909,"CUS000909","Rachael Rodriguez","Consumer","London","United Kingdom","2023-08-30"
910,"CUS000910","Keith Aguilar","Consumer","New York","USA","2024-04-24"
911,"CUS000911","Ariel Garcia","Consumer","Birmingham","United Kingdom","2021-12-25"
912,"CUS000912","Rachel Dillon","Consumer","Glasgow","United Kingdom","2021-10-02"
913,"CUS000913","Sherry Baker","Consumer","Glasgow","United Kingdom","2021-07-23"
914,"CUS000914","Laura Kennedy","Consumer","Leeds","United Kingdom","2023-08-04"
915,"CUS000915","Jamie Montgomery","Online Reseller","Rotterdam","Netherlands","2023-12-18"
916,"CUS000916","Jennifer Foster","Corporate","Nottingham","United Kingdom","2024-10-20"
917,"CUS000917","Melissa Williams","Consumer","Madrid","Spain","2023-07-04"
918,"CUS000918","Derrick Watson","Consumer","Madrid","Spain","2023-05-30"
919,"CUS000919","Riley Collins","Small Business","Austin","USA","2020-09-10"
920,"CUS000920","Shannon Cohen","Online Reseller","Madrid","Spain","2024-10-30"
921,"CUS000921","Crystal Turner","Consumer","Barcelona","Spain","2025-03-17"
922,"CUS000922","Patricia Flores","Small Business","Rotterdam","Netherlands","2019-02-02"
923,"CUS000923","Lisa Davis","Corporate","Austin","USA","2020-08-24"
924,"CUS000924","Thomas Russell","Corporate","Lyon","France","2025-02-07"
925,"CUS000925","Mr. James Brown","Corporate","Hamburg","Germany","2022-11-15"
926,"CUS000926","Ana Mckinney","Small Business","Rotterdam","Netherlands","2022-05-20"
927,"CUS000927","Richard Warren","Consumer","Birmingham","United Kingdom","2020-05-31"
928,"CUS000928","Carrie Golden","Consumer","Cork","Ireland","2024-09-26"
929,"CUS000929","Anthony Johnson","Consumer","Hamburg","Germany","2020-10-17"
930,"CUS000930","Isaac Gonzalez","Consumer","Glasgow","United Kingdom","2021-11-25"
931,"CUS000931","John Sanders","Consumer","Glasgow","United Kingdom","2023-09-28"
932,"CUS000932","Melanie Allen","Corporate","Madrid","Spain","2023-03-08"
933,"CUS000933","Jeremy Horne MD","Consumer","Birmingham","United Kingdom","2019-07-15"
934,"CUS000934","Hailey Monroe","Consumer","New York","USA","2025-06-02"
935,"CUS000935","Ronald Davis","Consumer","Chicago","USA","2021-08-25"
936,"CUS000936","Anthony Nash","Corporate","Austin","USA","2024-12-24"
937,"CUS000937","Cindy Walker","Consumer","Amsterdam","Netherlands","2022-03-11"
938,"CUS000938","Daniel Pearson","Corporate","Paris","France","2024-10-29"
939,"CUS000939","Sharon Coffey","Consumer","New York","USA","2025-07-13"
940,"CUS000940","Kara Anderson","Consumer","Glasgow","United Kingdom","2020-02-06"
941,"CUS000941","Robert Walker","Small Business","Leeds","United Kingdom","2019-12-02"
942,"CUS000942","Terri Marquez","Small Business","Leeds","United Kingdom","2024-05-04"
943,"CUS000943","Desiree Woodard","Consumer","Nottingham","United Kingdom","2024-11-25"
944,"CUS000944","Judy Robinson","Consumer","Birmingham","United Kingdom","2023-06-06"
945,"CUS000945","Joseph Hanson","Corporate","Rotterdam","Netherlands","2023-12-08"
946,"CUS000946","Adrienne Key","Corporate","Lyon","France","2023-09-04"
947,"CUS000947","Sara Hoffman","Consumer","New York","USA","2024-06-08"
948,"CUS000948","Diane Cohen","Online Reseller","New York","USA","2024-10-03"
949,"CUS000949","Mr. Donald Nguyen","Corporate","Amsterdam","Netherlands","2024-02-09"
950,"CUS000950","Matthew Farley","Online Reseller","Dublin","Ireland","2023-02-21"
951,"CUS000951","Chelsea Holmes","Corporate","Madrid","Spain","2023-08-01"
952,"CUS000952","Anthony Mathews","Corporate","Manchester","United Kingdom","2019-06-14"
953,"CUS000953","Jennifer Flores","Consumer","Dublin","Ireland","2023-03-14"
954,"CUS000954","Alexander Jimenez","Consumer","Leeds","United Kingdom","2020-08-08"
955,"CUS000955","Terry Sullivan","Consumer","Birmingham","United Kingdom","2022-06-03"
956,"CUS000956","Lauren Cooley","Consumer","Amsterdam","Netherlands","2024-06-25"
957,"CUS000957","Grace Reeves","Consumer","Birmingham","United Kingdom","2019-07-03"
958,"CUS000958","Margaret Alvarez","Consumer","Birmingham","United Kingdom","2024-01-27"
959,"CUS000959","Heather Evans","Consumer","Barcelona","Spain","2025-10-16"
960,"CUS000960","Matthew Grant","Consumer","London","United Kingdom","2024-03-02"
961,"CUS000961","John Figueroa","Consumer","Austin","USA","2022-08-25"
962,"CUS000962","Kristin Gaines","Corporate","Birmingham","United Kingdom","2023-08-05"
963,"CUS000963","Stephanie Pena","Consumer","Leeds","United Kingdom","2019-07-07"
964,"CUS000964","Daniel Savage","Corporate","Barcelona","Spain","2019-12-29"
965,"CUS000965","Stephen Watson","Corporate","Amsterdam","Netherlands","2022-06-19"
966,"CUS000966","Julie Wilson","Corporate","Berlin","Germany","2019-12-15"
967,"CUS000967","Mark Carpenter","Consumer","Birmingham","United Kingdom","2019-08-05"
968,"CUS000968","Kaitlyn Lee","Small Business","Madrid","Spain","2024-08-20"
969,"CUS000969","Michael Moreno","Corporate","Amsterdam","Netherlands","2024-12-18"
970,"CUS000970","Seth Hernandez","Consumer","Nottingham","United Kingdom","2021-04-22"
971,"CUS000971","Grace Benitez DVM","Small Business","Bristol","United Kingdom","2025-07-01"
972,"CUS000972","Mrs. Shannon White","Consumer","Glasgow","United Kingdom","2022-08-05"
973,"CUS000973","Gary Hatfield","Consumer","Nottingham","United Kingdom","2019-04-06"
974,"CUS000974","Anthony Hayes","Consumer","London","United Kingdom","2024-12-02"
975,"CUS000975","Raymond Johnston","Consumer","Manchester","United Kingdom","2020-02-11"
976,"CUS000976","Richard Chan","Consumer","Munich","Germany","2021-11-12"
977,"CUS000977","Jeffrey Jordan","Consumer","New York","USA","2023-07-27"
978,"CUS000978","John Smith","Corporate","Paris","France","2022-08-25"
979,"CUS000979","Monica Dodson","Consumer","Bristol","United Kingdom","2023-05-17"
980,"CUS000980","Nicole Schmidt","Consumer","London","United Kingdom","2022-08-20"
981,"CUS000981","Aaron Gross","Small Business","Glasgow","United Kingdom","2019-08-01"
982,"CUS000982","Shawn Collins","Corporate","Glasgow","United Kingdom","2021-08-26"
983,"CUS000983","Jonathan Torres","Online Reseller","Cork","Ireland","2022-01-08"
984,"CUS000984","Angel Fry","Corporate","Leeds","United Kingdom","2019-09-26"
985,"CUS000985","Joseph Warren","Corporate","Cork","Ireland","2019-03-18"
986,"CUS000986","Michael Anderson","Corporate","Birmingham","United Kingdom","2021-10-05"
987,"CUS000987","Katherine Christensen MD","Small Business","Austin","USA","2022-06-01"
988,"CUS000988","Robin Smith","Consumer","Munich","Germany","2024-08-11"
989,"CUS000989","William Clark","Consumer","London","United Kingdom","2020-11-19"
990,"CUS000990","Jonathan Martinez","Online Reseller","Austin","USA","2025-03-23"
991,"CUS000991","Rebecca Brooks","Small Business","Dublin","Ireland","2022-03-30"
992,"CUS000992","Patricia Dean","Consumer","Paris","France","2024-05-29"
993,"CUS000993","Amber Rodriguez","Small Business","Manchester","United Kingdom","2023-04-07"
994,"CUS000994","Amber Wilson","Corporate","Madrid","Spain","2024-09-21"
995,"CUS000995","Caleb King","Corporate","London","United Kingdom","2025-04-25"
996,"CUS000996","Christine Jennings","Consumer","Nottingham","United Kingdom","2020-05-18"
997,"CUS000997","Jason Garcia","Small Business","Rotterdam","Netherlands","2021-05-13"
998,"CUS000998","Lisa Haynes","Small Business","Munich","Germany","2022-11-04"
999,"CUS000999","Steven Hunt","Consumer","Lyon","France","2022-08-10"
1000,"CUS001000","Diane Glover","Online Reseller","Leeds","United Kingdom","2022-09-07"
1001,"CUS001001","Mr. Richard Decker DVM","Consumer","Bristol","United Kingdom","2019-01-09"
1002,"CUS001002","Jason Martin","Small Business","Berlin","Germany","2020-12-11"
1003,"CUS001003","Susan Watts","Corporate","Bristol","United Kingdom","2023-05-28"
1004,"CUS001004","Mr. Adam Davis","Corporate","Hamburg","Germany","2025-01-15"
1005,"CUS001005","Kenneth Snyder","Small Business","Glasgow","United Kingdom","2023-12-29"
1006,"CUS001006","Penny Jones","Online Reseller","Lyon","France","2023-03-22"
1007,"CUS001007","Summer Newman","Consumer","Chicago","USA","2019-02-04"
1008,"CUS001008","William Baker","Online Reseller","Manchester","United Kingdom","2023-12-26"
1009,"CUS001009","Robert Sawyer","Consumer","Bristol","United Kingdom","2022-02-25"
1010,"CUS001010","Heather Rhodes","Consumer","Lyon","France","2025-11-17"
1011,"CUS001011","Brian York","Consumer","Hamburg","Germany","2024-07-15"
1012,"CUS001012","Alexandra Taylor","Consumer","Madrid","Spain","2025-10-18"
1013,"CUS001013","Erin Kline","Online Reseller","London","United Kingdom","2023-06-11"
1014,"CUS001014","Debra Quinn","Corporate","Manchester","United Kingdom","2024-07-16"
1015,"CUS001015","Grant Wilson","Corporate","London","United Kingdom","2025-05-06"
1016,"CUS001016","Jesus Houston","Consumer","Paris","France","2020-06-09"
1017,"CUS001017","Karen Fisher","Consumer","New York","USA","2025-05-23"
1018,"CUS001018","Carol Anderson","Consumer","Rotterdam","Netherlands","2019-04-05"
1019,"CUS001019","Vicki Richard","Corporate","Barcelona","Spain","2024-02-03"
1020,"CUS001020","Thomas Webb","Corporate","Leeds","United Kingdom","2019-08-01"
1021,"CUS001021","Jessica Carr","Consumer","Rotterdam","Netherlands","2023-07-25"
1022,"CUS001022","Lisa Huffman","Consumer","Bristol","United Kingdom","2024-07-22"
1023,"CUS001023","Monica Snow","Consumer","Glasgow","United Kingdom","2021-07-08"
1024,"CUS001024","Mr. Stephen Alexander","Consumer","Leeds","United Kingdom","2022-07-19"
1025,"CUS001025","Matthew Smith","Consumer","London","United Kingdom","2025-05-31"
1026,"CUS001026","Kelly Manning","Consumer","Austin","USA","2023-10-02"
1027,"CUS001027","Courtney Sosa","Consumer","Madrid","Spain","2022-09-10"
1028,"CUS001028","Kelly Watts","Corporate","Bristol","United Kingdom","2019-04-25"
1029,"CUS001029","Jessica Barber","Corporate","Dublin","Ireland","2022-10-01"
1030,"CUS001030","Mr. Martin Hernandez","Consumer","Amsterdam","Netherlands","2021-09-03"
1031,"CUS001031","Stephanie Salazar","Small Business","Madrid","Spain","2024-10-29"
1032,"CUS001032","Timothy Wagner","Small Business","New York","USA","2023-12-02"
1033,"CUS001033","Jon Martin","Consumer","Austin","USA","2020-05-26"
1034,"CUS001034","Erica Rivera","Small Business","Nottingham","United Kingdom","2023-03-26"
1035,"CUS001035","Jonathon Pierce","Corporate","Glasgow","United Kingdom","2020-06-06"
1036,"CUS001036","Robert Miller","Consumer","Glasgow","United Kingdom","2022-05-19"
1037,"CUS001037","Kenneth Miller","Consumer","Munich","Germany","2019-08-17"
1038,"CUS001038","Mr. William Mcgee Jr.","Small Business","Munich","Germany","2023-07-04"
1039,"CUS001039","Andrew Dunn","Consumer","Glasgow","United Kingdom","2025-09-21"
1040,"CUS001040","Rebecca Richmond","Consumer","Austin","USA","2023-04-22"
1041,"CUS001041","Stefanie Hart","Small Business","Cork","Ireland","2020-02-19"
1042,"CUS001042","Joy Peterson","Small Business","Bristol","United Kingdom","2024-02-03"
1043,"CUS001043","Ruth Richard","Consumer","Dublin","Ireland","2019-02-20"
1044,"CUS001044","Randall Greene","Corporate","Berlin","Germany","2021-03-04"
1045,"CUS001045","Heidi Chavez","Corporate","Madrid","Spain","2021-11-15"
1046,"CUS001046","Matthew Smith","Corporate","Leeds","United Kingdom","2023-12-27"
1047,"CUS001047","Mark Marsh","Small Business","London","United Kingdom","2019-09-05"
1048,"CUS001048","Jacqueline Rodriguez","Consumer","Birmingham","United Kingdom","2023-01-05"
1049,"CUS001049","Katherine Underwood","Small Business","Birmingham","United Kingdom","2020-08-26"
1050,"CUS001050","Jennifer King","Consumer","Cork","Ireland","2019-02-03"
1051,"CUS001051","Bryan Phelps","Consumer","Dublin","Ireland","2024-09-08"
1052,"CUS001052","Roger Lee","Small Business","Austin","USA","2023-09-25"
1053,"CUS001053","Peter Williams","Corporate","London","United Kingdom","2021-04-04"
1054,"CUS001054","Megan Martinez","Consumer","Chicago","USA","2024-05-02"
1055,"CUS001055","Judith Lawrence","Corporate","Lyon","France","2022-09-18"
1056,"CUS001056","Tracey Smith","Corporate","Rotterdam","Netherlands","2023-09-11"
1057,"CUS001057","Kristen Reynolds","Consumer","Nottingham","United Kingdom","2019-06-22"
1058,"CUS001058","Tammy Norman","Corporate","Dublin","Ireland","2021-08-01"
1059,"CUS001059","Melissa Thompson","Consumer","Dublin","Ireland","2022-09-19"
1060,"CUS001060","Ashley Sandoval","Consumer","Chicago","USA","2021-01-24"
1061,"CUS001061","Erica Keith","Consumer","New York","USA","2019-10-30"
1062,"CUS001062","Lee Schwartz","Consumer","Birmingham","United Kingdom","2022-04-05"
1063,"CUS001063","James Cooper","Corporate","Bristol","United Kingdom","2023-01-14"
1064,"CUS001064","Robert Taylor","Consumer","Nottingham","United Kingdom","2022-03-09"
1065,"CUS001065","Stacey Hunt","Corporate","Manchester","United Kingdom","2022-10-23"
1066,"CUS001066","Kimberly Edwards","Consumer","Amsterdam","Netherlands","2019-03-30"
1067,"CUS001067","Kristen Robinson","Small Business","Manchester","United Kingdom","2019-03-27"
1068,"CUS001068","Miguel Parks","Consumer","Amsterdam","Netherlands","2020-03-30"
1069,"CUS001069","Brandi Page","Consumer","London","United Kingdom","2021-09-10"
1070,"CUS001070","Cassandra Daniels","Corporate","Manchester","United Kingdom","2024-11-28"
1071,"CUS001071","Michelle Hodges","Small Business","Barcelona","Spain","2019-09-25"
1072,"CUS001072","Lauren Bender","Small Business","London","United Kingdom","2021-02-24"
1073,"CUS001073","Megan English","Consumer","Hamburg","Germany","2025-09-21"
1074,"CUS001074","Sherry Henderson","Consumer","Bristol","United Kingdom","2019-07-09"
1075,"CUS001075","Brian James","Consumer","Austin","USA","2025-01-02"
1076,"CUS001076","Anthony Adams","Consumer","London","United Kingdom","2019-08-07"
1077,"CUS001077","Victoria Vega","Small Business","Munich","Germany","2024-09-12"
1078,"CUS001078","Antonio Mueller","Consumer","Barcelona","Spain","2019-11-30"
1079,"CUS001079","Joshua Howard","Corporate","Austin","USA","2020-11-16"
1080,"CUS001080","Luis Lowe","Consumer","Cork","Ireland","2024-03-16"
1081,"CUS001081","Courtney Holland","Consumer","Bristol","United Kingdom","2024-06-02"
1082,"CUS001082","Jorge Robles","Consumer","Chicago","USA","2025-07-08"
1083,"CUS001083","Melissa Williams","Corporate","Glasgow","United Kingdom","2019-05-30"
1084,"CUS001084","Jason French","Consumer","London","United Kingdom","2021-08-18"
1085,"CUS001085","Tracy Brown","Consumer","Manchester","United Kingdom","2023-03-25"
1086,"CUS001086","Christina Melton","Consumer","Munich","Germany","2019-12-14"
1087,"CUS001087","Jessica Perez","Consumer","Nottingham","United Kingdom","2024-10-26"
1088,"CUS001088","Michelle Richardson","Consumer","Birmingham","United Kingdom","2024-09-29"
1089,"CUS001089","Nancy Gonzalez","Consumer","Munich","Germany","2023-11-07"
1090,"CUS001090","Cheryl Cole","Consumer","Glasgow","United Kingdom","2022-01-23"
1091,"CUS001091","Mrs. Tonya Moss","Consumer","London","United Kingdom","2021-12-23"
1092,"CUS001092","Andrew Ramirez","Small Business","Lyon","France","2022-04-21"
1093,"CUS001093","Christopher Singleton","Small Business","Amsterdam","Netherlands","2021-07-21"
1094,"CUS001094","John Pineda","Consumer","Nottingham","United Kingdom","2025-02-14"
1095,"CUS001095","Timothy Carlson","Corporate","London","United Kingdom","2021-10-21"
1096,"CUS001096","Lori Cameron","Small Business","Glasgow","United Kingdom","2022-01-29"
1097,"CUS001097","Richard Pierce","Online Reseller","Birmingham","United Kingdom","2025-02-02"
1098,"CUS001098","Michael Fox","Small Business","Madrid","Spain","2022-02-28"
1099,"CUS001099","Kelly Hartman","Online Reseller","Chicago","USA","2025-07-03"
1100,"CUS001100","Joshua Powell","Consumer","New York","USA","2024-09-30"
1101,"CUS001101","Stephen Alvarado","Small Business","Madrid","Spain","2021-07-21"
1102,"CUS001102","Edward Clements","Consumer","Bristol","United Kingdom","2021-08-15"
1103,"CUS001103","Karen Hoffman","Corporate","Cork","Ireland","2024-03-04"
1104,"CUS001104","Marie Wilson","Consumer","Nottingham","United Kingdom","2021-02-08"
1105,"CUS001105","David May","Consumer","Bristol","United Kingdom","2023-12-02"
1106,"CUS001106","Dana Williams","Consumer","Birmingham","United Kingdom","2020-07-23"
1107,"CUS001107","Jane Hogan","Consumer","Berlin","Germany","2019-02-09"
1108,"CUS001108","David Ramsey","Consumer","Cork","Ireland","2023-09-13"
1109,"CUS001109","Jose Townsend","Consumer","Glasgow","United Kingdom","2025-01-11"
1110,"CUS001110","Katie Tucker","Consumer","Birmingham","United Kingdom","2019-05-12"
1111,"CUS001111","Matthew Flores","Online Reseller","Madrid","Spain","2022-09-14"
1112,"CUS001112","Brendan Bonilla","Small Business","Hamburg","Germany","2025-06-08"
1113,"CUS001113","Kim Sims","Consumer","Rotterdam","Netherlands","2023-05-20"
1114,"CUS001114","Mark Lewis","Consumer","Leeds","United Kingdom","2020-03-20"
1115,"CUS001115","Sara Harris","Corporate","Leeds","United Kingdom","2022-06-01"
1116,"CUS001116","Sherry Figueroa","Corporate","Nottingham","United Kingdom","2020-12-28"
1117,"CUS001117","Robert Jones","Corporate","Bristol","United Kingdom","2019-04-20"
1118,"CUS001118","Allison Love","Small Business","Nottingham","United Kingdom","2023-04-30"
1119,"CUS001119","Benjamin Thompson","Consumer","London","United Kingdom","2024-11-17"
1120,"CUS001120","Benjamin Underwood","Consumer","Nottingham","United Kingdom","2019-02-15"
1121,"CUS001121","Jennifer Hayes","Small Business","Glasgow","United Kingdom","2023-05-21"
1122,"CUS001122","Eugene Price","Consumer","Nottingham","United Kingdom","2023-09-10"
1123,"CUS001123","Aaron Cortez","Consumer","Dublin","Ireland","2021-04-25"
1124,"CUS001124","Patrick Williams","Consumer","London","United Kingdom","2024-04-28"
1125,"CUS001125","Heather Shaw","Online Reseller","Birmingham","United Kingdom","2025-08-03"
1126,"CUS001126","Michael Obrien","Corporate","Bristol","United Kingdom","2022-02-02"
1127,"CUS001127","Timothy James","Consumer","London","United Kingdom","2023-06-24"
1128,"CUS001128","Amanda Moore","Consumer","Berlin","Germany","2025-05-20"
1129,"CUS001129","Paul Robles","Consumer","Rotterdam","Netherlands","2019-06-10"
1130,"CUS001130","Elizabeth Walters","Corporate","Chicago","USA","2024-02-13"
1131,"CUS001131","Stephen Sanford","Corporate","Glasgow","United Kingdom","2022-05-03"
1132,"CUS001132","Maria Bernard","Small Business","Glasgow","United Kingdom","2020-12-18"
1133,"CUS001133","Shaun Thomas","Small Business","London","United Kingdom","2023-11-05"
1134,"CUS001134","Kenneth Long","Corporate","Dublin","Ireland","2020-01-27"
1135,"CUS001135","Angela Clark","Consumer","Nottingham","United Kingdom","2020-10-08"
1136,"CUS001136","Molly Lewis","Consumer","Bristol","United Kingdom","2019-10-01"
1137,"CUS001137","Sarah Thomas","Small Business","Paris","France","2023-08-12"
1138,"CUS001138","Luis King","Online Reseller","Madrid","Spain","2019-11-10"
1139,"CUS001139","Michael Bradley","Small Business","Austin","USA","2022-08-28"
1140,"CUS001140","Paul Branch","Consumer","London","United Kingdom","2024-09-03"
1141,"CUS001141","Maria Jones","Consumer","Nottingham","United Kingdom","2024-03-06"
1142,"CUS001142","Danielle Gonzalez","Consumer","Bristol","United Kingdom","2021-03-07"
1143,"CUS001143","Tiffany Howard","Consumer","Nottingham","United Kingdom","2020-07-13"
1144,"CUS001144","Cynthia Mitchell","Consumer","Bristol","United Kingdom","2024-03-04"
1145,"CUS001145","Corey Tucker","Corporate","Birmingham","United Kingdom","2023-11-28"
1146,"CUS001146","Matthew Steele","Consumer","Glasgow","United Kingdom","2020-10-22"
1147,"CUS001147","Keith Aguirre","Corporate","Nottingham","United Kingdom","2020-12-26"
1148,"CUS001148","Caroline Edwards","Corporate","Birmingham","United Kingdom","2020-11-20"
1149,"CUS001149","Michelle Davidson","Consumer","Glasgow","United Kingdom","2022-01-24"
1150,"CUS001150","Ian Frazier","Consumer","Manchester","United Kingdom","2019-05-22"
1151,"CUS001151","John Griffin","Consumer","Amsterdam","Netherlands","2019-07-15"
1152,"CUS001152","Katelyn Rodriguez","Consumer","Amsterdam","Netherlands","2022-06-16"
1153,"CUS001153","Angela Ramirez","Consumer","Birmingham","United Kingdom","2023-03-26"
1154,"CUS001154","Stephanie Gonzalez","Consumer","New York","USA","2021-09-04"
1155,"CUS001155","Lori Luna","Consumer","Nottingham","United Kingdom","2019-03-01"
1156,"CUS001156","Sarah Welch","Corporate","London","United Kingdom","2019-09-16"
1157,"CUS001157","Lauren Hammond","Small Business","Nottingham","United Kingdom","2020-11-18"
1158,"CUS001158","Andrew Green","Consumer","New York","USA","2020-03-17"
1159,"CUS001159","Kimberly Valdez","Corporate","Chicago","USA","2021-02-15"
1160,"CUS001160","James Vance","Consumer","Hamburg","Germany","2023-10-19"
1161,"CUS001161","Shannon Anderson","Consumer","London","United Kingdom","2022-08-17"
1162,"CUS001162","Ann Cox","Corporate","Leeds","United Kingdom","2019-02-19"
1163,"CUS001163","David Maynard","Consumer","Leeds","United Kingdom","2022-02-14"
1164,"CUS001164","Miss Nicole Taylor","Consumer","Lyon","France","2021-06-14"
1165,"CUS001165","Keith Knight","Corporate","Glasgow","United Kingdom","2020-02-22"
1166,"CUS001166","Brianna Dennis","Consumer","Austin","USA","2020-01-24"
1167,"CUS001167","Amanda Juarez","Corporate","Hamburg","Germany","2020-06-28"
1168,"CUS001168","Dennis Young","Small Business","Bristol","United Kingdom","2022-07-26"
1169,"CUS001169","Kelly Moody","Consumer","Barcelona","Spain","2019-03-14"
1170,"CUS001170","Thomas Keith","Consumer","Hamburg","Germany","2024-09-24"
1171,"CUS001171","Matthew Garcia","Consumer","Paris","France","2019-02-24"
1172,"CUS001172","Madeline Hill","Small Business","Birmingham","United Kingdom","2020-05-23"
1173,"CUS001173","Lauren Hudson","Consumer","Bristol","United Kingdom","2021-09-24"
1174,"CUS001174","James Matthews","Consumer","Berlin","Germany","2024-08-04"
1175,"CUS001175","Angela King","Consumer","London","United Kingdom","2019-06-05"
1176,"CUS001176","Courtney Sullivan","Corporate","Bristol","United Kingdom","2023-12-23"
1177,"CUS001177","Haley Sparks","Consumer","Chicago","USA","2022-07-24"
1178,"CUS001178","Adriana Macias","Consumer","Paris","France","2023-08-27"
1179,"CUS001179","David Robertson","Small Business","Lyon","France","2021-07-27"
1180,"CUS001180","Chris Moore","Consumer","Rotterdam","Netherlands","2021-04-23"
1181,"CUS001181","Ruth Guerrero","Online Reseller","Hamburg","Germany","2021-06-30"
1182,"CUS001182","Gary Wilson","Consumer","Munich","Germany","2021-01-21"
1183,"CUS001183","Karen Garza","Consumer","Nottingham","United Kingdom","2024-07-06"
1184,"CUS001184","Jennifer Sanchez","Consumer","London","United Kingdom","2020-08-02"
1185,"CUS001185","Kevin Taylor","Consumer","Madrid","Spain","2025-08-24"
1186,"CUS001186","Stephanie Thomas","Consumer","Berlin","Germany","2019-11-17"
1187,"CUS001187","Thomas Black","Consumer","Leeds","United Kingdom","2021-03-20"
1188,"CUS001188","Wayne Walsh","Corporate","London","United Kingdom","2022-05-26"
1189,"CUS001189","Monica Nicholson","Online Reseller","Leeds","United Kingdom","2021-04-04"
1190,"CUS001190","Claire Obrien","Consumer","Glasgow","United Kingdom","2023-01-12"
1191,"CUS001191","John Robinson","Consumer","London","United Kingdom","2023-09-28"
1192,"CUS001192","Charles Aguilar","Small Business","Cork","Ireland","2024-05-28"
1193,"CUS001193","Lisa Dixon","Consumer","Leeds","United Kingdom","2019-12-07"
1194,"CUS001194","Michael Nielsen","Corporate","Chicago","USA","2020-09-17"
1195,"CUS001195","Andrea Gray","Consumer","Berlin","Germany","2024-03-14"
1196,"CUS001196","Alan Mills","Consumer","Manchester","United Kingdom","2025-10-18"
1197,"CUS001197","Melinda Serrano","Consumer","Cork","Ireland","2024-04-06"
1198,"CUS001198","Cassandra Valenzuela","Consumer","London","United Kingdom","2024-08-12"
1199,"CUS001199","Sherry Schmidt","Consumer","Chicago","USA","2023-08-31"
1200,"CUS001200","Anna Hopkins","Consumer","Barcelona","Spain","2022-06-14"
1201,"CUS001201","Kimberly Smith","Consumer","Paris","France","2019-06-09"
1202,"CUS001202","Meghan Reynolds","Consumer","Madrid","Spain","2025-05-05"
1203,"CUS001203","Shaun Wolfe","Consumer","Glasgow","United Kingdom","2021-11-11"
1204,"CUS001204","Todd Olson","Consumer","Austin","USA","2024-06-24"
1205,"CUS001205","Hayley Ballard","Corporate","Lyon","France","2023-04-28"
1206,"CUS001206","Sara Johnston","Consumer","Madrid","Spain","2019-05-22"
1207,"CUS001207","David Cannon","Corporate","Barcelona","Spain","2019-04-26"
1208,"CUS001208","Angela George","Consumer","Paris","France","2024-02-09"
1209,"CUS001209","Deanna Smith","Consumer","Madrid","Spain","2025-10-02"
1210,"CUS001210","Adrienne Mills","Small Business","Hamburg","Germany","2019-02-20"
1211,"CUS001211","Jaime Harris","Corporate","Nottingham","United Kingdom","2023-04-24"
1212,"CUS001212","Jennifer Rodriguez","Online Reseller","Birmingham","United Kingdom","2019-11-26"
1213,"CUS001213","Kevin Green","Small Business","Dublin","Ireland","2020-11-10"
1214,"CUS001214","Krystal Carr","Corporate","Chicago","USA","2024-08-12"
1215,"CUS001215","Jennifer Harris DDS","Corporate","Barcelona","Spain","2023-08-13"
1216,"CUS001216","Cassandra Hansen","Small Business","Austin","USA","2020-03-23"
1217,"CUS001217","Dr. Kenneth Schroeder","Small Business","Lyon","France","2022-01-06"
1218,"CUS001218","Charles Shields","Consumer","Austin","USA","2022-06-15"
1219,"CUS001219","David Logan","Small Business","London","United Kingdom","2019-01-07"
1220,"CUS001220","Ariel Romero","Corporate","Glasgow","United Kingdom","2024-11-20"
1221,"CUS001221","Rebecca Mendez","Corporate","Manchester","United Kingdom","2020-11-29"
1222,"CUS001222","Amy Price","Corporate","London","United Kingdom","2021-03-22"
1223,"CUS001223","Regina Morrow","Consumer","Dublin","Ireland","2021-05-20"
1224,"CUS001224","Kyle Davis","Corporate","Nottingham","United Kingdom","2021-02-24"
1225,"CUS001225","Jacob Lynch","Consumer","Glasgow","United Kingdom","2020-03-23"
1226,"CUS001226","Tara Morales","Consumer","Amsterdam","Netherlands","2019-12-18"
1227,"CUS001227","Donna Stuart","Consumer","Manchester","United Kingdom","2019-05-02"
1228,"CUS001228","Raymond Thompson","Consumer","Munich","Germany","2020-02-17"
1229,"CUS001229","Adam Jefferson DVM","Small Business","Manchester","United Kingdom","2019-01-30"
1230,"CUS001230","Chloe Bowers","Consumer","Paris","France","2024-11-09"
1231,"CUS001231","Melissa Gilbert","Corporate","Chicago","USA","2021-12-24"
1232,"CUS001232","Heather Pena","Small Business","Barcelona","Spain","2025-10-11"
1233,"CUS001233","Angie Hill","Corporate","Manchester","United Kingdom","2022-11-06"
1234,"CUS001234","Michael Sullivan","Online Reseller","Madrid","Spain","2023-06-21"
1235,"CUS001235","Adrian Padilla","Online Reseller","Nottingham","United Kingdom","2022-09-14"
1236,"CUS001236","Krista Barber","Consumer","New York","USA","2023-07-04"
1237,"CUS001237","Lauren Bailey","Consumer","New York","USA","2020-05-18"
1238,"CUS001238","Courtney Mccarty","Online Reseller","Rotterdam","Netherlands","2021-10-15"
1239,"CUS001239","Jared Smith","Corporate","Birmingham","United Kingdom","2024-04-30"
1240,"CUS001240","Jonathan Hansen","Consumer","Dublin","Ireland","2022-08-12"
1241,"CUS001241","Gina Wilson","Small Business","Manchester","United Kingdom","2022-08-26"
1242,"CUS001242","Deanna Medina","Corporate","Paris","France","2023-06-28"
1243,"CUS001243","Danielle Ramos","Consumer","New York","USA","2024-05-04"
1244,"CUS001244","John Sanchez","Corporate","Madrid","Spain","2022-04-18"
1245,"CUS001245","Reginald Maldonado","Consumer","Hamburg","Germany","2024-10-31"
1246,"CUS001246","Shannon Olson","Consumer","Amsterdam","Netherlands","2019-12-23"
1247,"CUS001247","James Kramer","Online Reseller","Bristol","United Kingdom","2024-03-27"
1248,"CUS001248","Michael Mcbride","Online Reseller","Leeds","United Kingdom","2024-05-28"
1249,"CUS001249","Harry Nichols","Consumer","Paris","France","2020-11-29"
1250,"CUS001250","Deborah Mitchell","Corporate","Austin","USA","2020-03-08"
1251,"CUS001251","Paul Peterson","Consumer","Bristol","United Kingdom","2022-08-30"
1252,"CUS001252","Cassandra Edwards","Consumer","Barcelona","Spain","2021-11-21"
1253,"CUS001253","Kenneth White","Corporate","Paris","France","2024-12-29"
1254,"CUS001254","Tara Lee","Consumer","Lyon","France","2022-09-25"
1255,"CUS001255","Cynthia Allen","Corporate","Amsterdam","Netherlands","2023-03-25"
1256,"CUS001256","Daryl Conley","Corporate","Barcelona","Spain","2025-04-20"
1257,"CUS001257","Heather Maxwell","Small Business","Barcelona","Spain","2021-07-04"
1258,"CUS001258","Blake Sosa","Consumer","Manchester","United Kingdom","2020-01-01"
1259,"CUS001259","Aaron Vincent DVM","Online Reseller","Birmingham","United Kingdom","2020-04-20"
1260,"CUS001260","Jacqueline Stewart","Small Business","Berlin","Germany","2023-04-07"
1261,"CUS001261","Sierra Andrews","Consumer","Berlin","Germany","2025-08-13"
1262,"CUS001262","Clayton Duran","Online Reseller","Munich","Germany","2022-08-02"
1263,"CUS001263","Jennifer Christensen","Online Reseller","Austin","USA","2020-06-01"
1264,"CUS001264","Joseph Henderson","Consumer","Dublin","Ireland","2019-02-07"
1265,"CUS001265","Amanda Reed","Consumer","Munich","Germany","2022-04-30"
1266,"CUS001266","Patty Bryant","Corporate","Rotterdam","Netherlands","2020-08-26"
1267,"CUS001267","Joseph Stewart","Corporate","Berlin","Germany","2019-05-21"
1268,"CUS001268","Michael Gray","Consumer","Munich","Germany","2020-05-20"
1269,"CUS001269","Isaiah Hensley","Corporate","Glasgow","United Kingdom","2024-05-13"
1270,"CUS001270","Dennis Adams","Consumer","Paris","France","2023-03-23"
1271,"CUS001271","Grace White","Consumer","Glasgow","United Kingdom","2021-05-12"
1272,"CUS001272","Jason Goodwin","Corporate","Amsterdam","Netherlands","2019-08-04"
1273,"CUS001273","James Hayes","Small Business","Madrid","Spain","2023-05-24"
1274,"CUS001274","Veronica Parks","Corporate","Glasgow","United Kingdom","2020-10-14"
1275,"CUS001275","Michelle Brock","Consumer","Barcelona","Spain","2024-04-23"
1276,"CUS001276","Selena Gonzalez","Consumer","Barcelona","Spain","2024-12-02"
1277,"CUS001277","Nancy Kennedy","Corporate","Chicago","USA","2021-03-10"
1278,"CUS001278","Javier Taylor","Consumer","Lyon","France","2022-08-17"
1279,"CUS001279","Lydia Ferguson","Small Business","Austin","USA","2019-08-10"
1280,"CUS001280","John King","Consumer","Rotterdam","Netherlands","2020-11-01"
1281,"CUS001281","Amber Garcia","Corporate","Munich","Germany","2022-04-07"
1282,"CUS001282","Daniel King","Consumer","Amsterdam","Netherlands","2021-03-12"
1283,"CUS001283","Anne Garner","Consumer","New York","USA","2025-06-15"
1284,"CUS001284","Isaac Grant","Online Reseller","Glasgow","United Kingdom","2020-08-27"
1285,"CUS001285","Hailey Jenkins","Corporate","Leeds","United Kingdom","2020-11-20"
1286,"CUS001286","Michael Jacobs","Consumer","Madrid","Spain","2024-04-24"
1287,"CUS001287","Marie Ryan","Consumer","Nottingham","United Kingdom","2024-10-12"
1288,"CUS001288","Dominique Nguyen","Online Reseller","Lyon","France","2023-07-13"
1289,"CUS001289","Patricia Griffin","Consumer","Nottingham","United Kingdom","2024-06-24"
1290,"CUS001290","Louis Ford","Online Reseller","Birmingham","United Kingdom","2023-03-18"
1291,"CUS001291","Sheena Davidson","Corporate","Austin","USA","2024-03-14"
1292,"CUS001292","Jennifer Salazar","Consumer","Rotterdam","Netherlands","2023-12-29"
1293,"CUS001293","Terry Miller","Consumer","Nottingham","United Kingdom","2020-05-14"
1294,"CUS001294","Erik Delgado","Consumer","Dublin","Ireland","2025-06-04"
1295,"CUS001295","Lisa Foster","Consumer","Barcelona","Spain","2020-01-23"
1296,"CUS001296","Priscilla Mcmillan","Consumer","New York","USA","2023-11-12"
1297,"CUS001297","Kelly Cole","Consumer","London","United Kingdom","2019-09-18"
1298,"CUS001298","Scott Martinez","Consumer","Austin","USA","2019-03-22"
1299,"CUS001299","David Manning","Consumer","Glasgow","United Kingdom","2024-12-11"
1300,"CUS001300","Christine Sanders","Small Business","Dublin","Ireland","2021-04-29"
1301,"CUS001301","Timothy Kennedy","Consumer","Madrid","Spain","2025-09-19"
1302,"CUS001302","Randy Warren","Corporate","Paris","France","2022-07-11"
1303,"CUS001303","Ashley Montgomery MD","Corporate","London","United Kingdom","2020-10-22"
1304,"CUS001304","Jean Perez","Small Business","Manchester","United Kingdom","2019-05-24"
1305,"CUS001305","Jessica Martinez","Consumer","Nottingham","United Kingdom","2023-01-29"
1306,"CUS001306","Carolyn Johnson","Consumer","Madrid","Spain","2019-01-01"
1307,"CUS001307","Thomas Lin","Online Reseller","Nottingham","United Kingdom","2024-10-28"
1308,"CUS001308","Seth Donovan","Corporate","Barcelona","Spain","2023-12-28"
1309,"CUS001309","Brandy Fry","Corporate","Leeds","United Kingdom","2024-11-10"
1310,"CUS001310","Leslie Bryant","Corporate","Barcelona","Spain","2024-09-22"
1311,"CUS001311","Sherry Graham","Corporate","Nottingham","United Kingdom","2019-07-03"
1312,"CUS001312","Kimberly Stout","Consumer","London","United Kingdom","2021-05-31"
1313,"CUS001313","Mr. Brandon Parker","Corporate","Madrid","Spain","2022-02-10"
1314,"CUS001314","Christopher Smith","Consumer","Birmingham","United Kingdom","2025-03-02"
1315,"CUS001315","Olivia Taylor","Corporate","Leeds","United Kingdom","2020-10-30"
1316,"CUS001316","Joseph Watts","Online Reseller","Nottingham","United Kingdom","2023-10-09"
1317,"CUS001317","Pedro Evans DDS","Consumer","Madrid","Spain","2019-10-17"
1318,"CUS001318","Linda Robles","Online Reseller","Munich","Germany","2021-02-28"
1319,"CUS001319","Chelsea Khan","Corporate","Austin","USA","2024-09-25"
1320,"CUS001320","David Espinoza","Small Business","Munich","Germany","2022-07-19"
1321,"CUS001321","Sandra Walker","Consumer","Barcelona","Spain","2025-10-08"
1322,"CUS001322","Mario Black","Consumer","Manchester","United Kingdom","2020-03-26"
1323,"CUS001323","Lisa Benson","Consumer","Lyon","France","2019-12-31"
1324,"CUS001324","Matthew Patel","Small Business","Manchester","United Kingdom","2020-08-22"
1325,"CUS001325","Cole Jones","Consumer","Amsterdam","Netherlands","2020-02-06"
1326,"CUS001326","Brian Gibson","Consumer","London","United Kingdom","2020-03-06"
1327,"CUS001327","Michael Vasquez","Consumer","New York","USA","2022-06-09"
1328,"CUS001328","Christian Booker","Consumer","Munich","Germany","2022-11-30"
1329,"CUS001329","William Campbell","Corporate","Lyon","France","2025-10-24"
1330,"CUS001330","Jeffrey Smith","Consumer","Nottingham","United Kingdom","2023-05-15"
1331,"CUS001331","Adrian Robinson","Corporate","Glasgow","United Kingdom","2024-12-17"
1332,"CUS001332","Richard Jimenez","Consumer","Munich","Germany","2020-06-06"
1333,"CUS001333","Michael Johnson","Consumer","Bristol","United Kingdom","2020-09-28"
1334,"CUS001334","Paul Thomas","Consumer","Paris","France","2021-12-31"
1335,"CUS001335","James Daniels","Corporate","Bristol","United Kingdom","2023-02-25"
1336,"CUS001336","Steven Wright","Corporate","Paris","France","2023-09-10"
1337,"CUS001337","Adam Villegas","Consumer","Paris","France","2022-12-20"
1338,"CUS001338","Janice Proctor","Consumer","Austin","USA","2023-10-19"
1339,"CUS001339","Zachary Gonzalez","Consumer","Dublin","Ireland","2019-12-23"
1340,"CUS001340","Anna Wade","Small Business","Barcelona","Spain","2020-01-05"
1341,"CUS001341","James Ali","Corporate","Paris","France","2020-01-19"
1342,"CUS001342","Caitlin Chandler","Consumer","Nottingham","United Kingdom","2022-03-16"
1343,"CUS001343","Krista Martinez","Small Business","Munich","Germany","2019-02-13"
1344,"CUS001344","Mr. Isaac Williams","Corporate","Barcelona","Spain","2020-07-12"
1345,"CUS001345","Valerie Young","Consumer","Dublin","Ireland","2025-11-29"
1346,"CUS001346","Adrian Bauer","Corporate","Glasgow","United Kingdom","2023-10-07"
1347,"CUS001347","Jennifer Sanchez","Consumer","Lyon","France","2024-12-03"
1348,"CUS001348","Lauren Vazquez","Corporate","Paris","France","2020-11-21"
1349,"CUS001349","Brittney Townsend","Consumer","Paris","France","2023-02-12"
1350,"CUS001350","Jonathan Parks","Online Reseller","Rotterdam","Netherlands","2023-09-28"
1351,"CUS001351","Wayne Malone","Consumer","Dublin","Ireland","2020-04-08"
1352,"CUS001352","Henry Moore","Consumer","Bristol","United Kingdom","2025-01-17"
1353,"CUS001353","Ashley Freeman","Consumer","Amsterdam","Netherlands","2024-06-01"
1354,"CUS001354","Justin Newman","Consumer","London","United Kingdom","2025-05-18"
1355,"CUS001355","Steven Quinn","Small Business","Manchester","United Kingdom","2024-10-12"
1356,"CUS001356","James Ramsey","Online Reseller","New York","USA","2024-06-22"
1357,"CUS001357","Andrew Mann","Corporate","Nottingham","United Kingdom","2022-09-07"
1358,"CUS001358","Kimberly Henry","Consumer","Nottingham","United Kingdom","2021-02-01"
1359,"CUS001359","Kimberly Morris","Consumer","Nottingham","United Kingdom","2024-07-08"
1360,"CUS001360","Sean George","Consumer","Birmingham","United Kingdom","2020-09-21"
1361,"CUS001361","Caitlyn Schmidt","Consumer","Leeds","United Kingdom","2021-10-21"
1362,"CUS001362","Robert Weaver","Consumer","Leeds","United Kingdom","2023-02-01"
1363,"CUS001363","Ricardo Hunter","Consumer","London","United Kingdom","2022-01-08"
1364,"CUS001364","Sonya Harvey","Corporate","Leeds","United Kingdom","2023-12-05"
1365,"CUS001365","Manuel Flores","Corporate","Manchester","United Kingdom","2019-01-24"
1366,"CUS001366","Walter Fuentes","Corporate","Glasgow","United Kingdom","2020-03-29"
1367,"CUS001367","Michael Cannon","Consumer","Nottingham","United Kingdom","2023-09-21"
1368,"CUS001368","Douglas Ortiz","Consumer","New York","USA","2021-03-26"
1369,"CUS001369","Brent Hopkins","Consumer","Barcelona","Spain","2024-06-26"
1370,"CUS001370","Todd White","Corporate","Hamburg","Germany","2022-08-23"
1371,"CUS001371","Brian Lee","Consumer","Chicago","USA","2023-05-12"
1372,"CUS001372","Martin Price","Small Business","Nottingham","United Kingdom","2020-05-31"
1373,"CUS001373","Marcus Garza Jr.","Consumer","Birmingham","United Kingdom","2021-08-26"
1374,"CUS001374","Mitchell Smith","Consumer","Glasgow","United Kingdom","2025-09-11"
1375,"CUS001375","Mary Hebert","Consumer","Chicago","USA","2022-03-01"
1376,"CUS001376","Julie Fowler","Consumer","Cork","Ireland","2020-09-16"
1377,"CUS001377","Patrick Zamora","Consumer","New York","USA","2020-04-16"
1378,"CUS001378","Rebecca Brown","Corporate","Amsterdam","Netherlands","2023-10-24"
1379,"CUS001379","Kendra Navarro","Small Business","Bristol","United Kingdom","2020-02-27"
1380,"CUS001380","Angela Lewis","Consumer","Paris","France","2025-08-18"
1381,"CUS001381","Ashley Hall","Consumer","Berlin","Germany","2020-06-25"
1382,"CUS001382","Corey Sandoval","Online Reseller","Manchester","United Kingdom","2020-08-21"
1383,"CUS001383","Theresa Hansen","Consumer","Birmingham","United Kingdom","2019-07-28"
1384,"CUS001384","Nichole Miranda","Consumer","Birmingham","United Kingdom","2021-08-05"
1385,"CUS001385","Megan Park","Consumer","Leeds","United Kingdom","2024-09-19"
1386,"CUS001386","Brian Sparks","Consumer","Nottingham","United Kingdom","2022-01-07"
1387,"CUS001387","Kathy Sandoval","Corporate","Manchester","United Kingdom","2021-10-08"
1388,"CUS001388","Lindsay Mahoney","Consumer","Nottingham","United Kingdom","2019-01-03"
1389,"CUS001389","Krista Shea","Consumer","Bristol","United Kingdom","2022-03-14"
1390,"CUS001390","Jennifer Schultz","Consumer","Dublin","Ireland","2021-10-30"
1391,"CUS001391","Erica Allen","Consumer","Barcelona","Spain","2020-04-01"
1392,"CUS001392","Jaime Pierce","Corporate","Nottingham","United Kingdom","2020-06-17"
1393,"CUS001393","Heather Chavez","Small Business","Bristol","United Kingdom","2025-08-09"
1394,"CUS001394","April Johnson","Consumer","Cork","Ireland","2022-02-04"
1395,"CUS001395","Alan Taylor","Consumer","Leeds","United Kingdom","2020-03-11"
1396,"CUS001396","Abigail Joyce","Corporate","Bristol","United Kingdom","2019-06-18"
1397,"CUS001397","Ethan Ingram","Small Business","Hamburg","Germany","2021-03-01"
1398,"CUS001398","Samantha Ellison","Consumer","Paris","France","2025-02-16"
1399,"CUS001399","Laura Duncan","Corporate","Munich","Germany","2021-04-07"
1400,"CUS001400","Joe Moore","Consumer","Berlin","Germany","2021-02-24"
1401,"CUS001401","Steve Wright","Consumer","Bristol","United Kingdom","2025-04-14"
1402,"CUS001402","Eric Duncan","Consumer","Barcelona","Spain","2020-04-25"
1403,"CUS001403","Claudia Jones","Consumer","Madrid","Spain","2024-11-15"
1404,"CUS001404","John Freeman","Consumer","Madrid","Spain","2022-01-27"
1405,"CUS001405","Michele Weiss","Consumer","Paris","France","2025-05-08"
1406,"CUS001406","Martin Johnson","Consumer","Bristol","United Kingdom","2023-06-17"
1407,"CUS001407","Jane Deleon","Consumer","Dublin","Ireland","2024-09-17"
1408,"CUS001408","Felicia Hobbs","Consumer","Glasgow","United Kingdom","2025-10-23"
1409,"CUS001409","Timothy Martinez","Consumer","London","United Kingdom","2025-05-31"
1410,"CUS001410","Nicole Atkinson","Consumer","Bristol","United Kingdom","2024-10-01"
1411,"CUS001411","Madison Chen","Consumer","Cork","Ireland","2021-06-21"
1412,"CUS001412","Joseph Flores","Corporate","Manchester","United Kingdom","2020-12-01"
1413,"CUS001413","Erin Wolfe","Consumer","Birmingham","United Kingdom","2019-06-10"
1414,"CUS001414","Michael Osborn","Small Business","Lyon","France","2022-01-12"
1415,"CUS001415","Nicole Johnston","Corporate","Amsterdam","Netherlands","2021-10-16"
1416,"CUS001416","Jeffrey Hartman","Consumer","Madrid","Spain","2019-01-06"
1417,"CUS001417","George Alvarez","Consumer","Lyon","France","2025-02-27"
1418,"CUS001418","Kimberly Baker","Consumer","London","United Kingdom","2025-11-09"
1419,"CUS001419","Jeffrey Wolfe","Corporate","Nottingham","United Kingdom","2019-02-12"
1420,"CUS001420","Karen Gonzalez","Corporate","New York","USA","2022-02-19"
1421,"CUS001421","Kenneth Hoffman","Consumer","Nottingham","United Kingdom","2025-07-17"
1422,"CUS001422","Kelly Allen MD","Corporate","Bristol","United Kingdom","2021-11-20"
1423,"CUS001423","Michael Johnston","Small Business","Amsterdam","Netherlands","2021-06-22"
1424,"CUS001424","Jason Diaz","Corporate","London","United Kingdom","2023-06-08"
1425,"CUS001425","Gregory Rios","Corporate","London","United Kingdom","2023-11-13"
1426,"CUS001426","Caroline Bailey","Consumer","Leeds","United Kingdom","2021-01-13"
1427,"CUS001427","Rebekah Hanson","Consumer","Dublin","Ireland","2024-07-02"
1428,"CUS001428","Thomas Hall","Corporate","Madrid","Spain","2019-03-28"
1429,"CUS001429","Brittney Chandler","Small Business","London","United Kingdom","2025-10-25"
1430,"CUS001430","Patrick Sanchez","Consumer","London","United Kingdom","2021-10-01"
1431,"CUS001431","Brittany Wall","Consumer","Cork","Ireland","2024-11-27"
1432,"CUS001432","Greg Brock","Small Business","Glasgow","United Kingdom","2025-10-07"
1433,"CUS001433","John Rivera","Consumer","Leeds","United Kingdom","2019-02-25"
1434,"CUS001434","Christy Payne","Online Reseller","Austin","USA","2020-06-25"
1435,"CUS001435","Kimberly Dean","Consumer","Nottingham","United Kingdom","2025-09-22"
1436,"CUS001436","Melissa Barnett MD","Online Reseller","Nottingham","United Kingdom","2020-03-11"
1437,"CUS001437","Kelsey Scott","Small Business","Munich","Germany","2019-12-15"
1438,"CUS001438","Curtis Horton","Small Business","Leeds","United Kingdom","2023-12-25"
1439,"CUS001439","John Landry","Consumer","Chicago","USA","2020-09-24"
1440,"CUS001440","Matthew Alvarado","Corporate","Birmingham","United Kingdom","2025-02-04"
1441,"CUS001441","Heather Rodriguez","Consumer","Glasgow","United Kingdom","2025-02-08"
1442,"CUS001442","Stephen Hughes","Small Business","Birmingham","United Kingdom","2023-08-29"
1443,"CUS001443","Katie Mckinney","Consumer","London","United Kingdom","2023-10-16"
1444,"CUS001444","Kari Harper","Corporate","Manchester","United Kingdom","2021-07-14"
1445,"CUS001445","Cristian Rasmussen","Corporate","Barcelona","Spain","2020-04-05"
1446,"CUS001446","Michelle Williams","Consumer","Dublin","Ireland","2022-02-28"
1447,"CUS001447","Elizabeth Burns","Consumer","Birmingham","United Kingdom","2023-01-16"
1448,"CUS001448","Alicia Sutton","Small Business","Madrid","Spain","2025-10-12"
1449,"CUS001449","Eric Ferrell","Consumer","Leeds","United Kingdom","2025-09-22"
1450,"CUS001450","Desiree Brown","Consumer","Leeds","United Kingdom","2022-05-20"
1451,"CUS001451","James Cooke","Consumer","Munich","Germany","2020-03-01"
1452,"CUS001452","Terry Avery MD","Corporate","Leeds","United Kingdom","2021-12-23"
1453,"CUS001453","James Taylor","Small Business","Austin","USA","2019-01-09"
1454,"CUS001454","Kelly Gregory","Small Business","Amsterdam","Netherlands","2020-08-23"
1455,"CUS001455","Melissa Butler","Consumer","Leeds","United Kingdom","2024-05-13"
1456,"CUS001456","Jessica Edwards","Corporate","New York","USA","2022-02-14"
1457,"CUS001457","Joann Anderson","Online Reseller","Manchester","United Kingdom","2021-01-14"
1458,"CUS001458","Lauren Sutton","Consumer","Chicago","USA","2023-10-03"
1459,"CUS001459","Charles Barker","Corporate","Cork","Ireland","2022-09-27"
1460,"CUS001460","Susan Jordan","Small Business","Bristol","United Kingdom","2023-04-19"
1461,"CUS001461","Patricia Douglas","Consumer","Leeds","United Kingdom","2024-07-10"
1462,"CUS001462","Brooke Jones","Consumer","Berlin","Germany","2025-07-07"
1463,"CUS001463","Michelle White","Corporate","Austin","USA","2021-06-17"
1464,"CUS001464","Brianna Johnson","Consumer","Paris","France","2021-04-12"
1465,"CUS001465","William Ali","Consumer","Madrid","Spain","2024-04-25"
1466,"CUS001466","Patrick Underwood","Consumer","Madrid","Spain","2022-12-01"
1467,"CUS001467","Nancy Hernandez","Small Business","Glasgow","United Kingdom","2020-07-24"
1468,"CUS001468","Carlos Johnson","Small Business","London","United Kingdom","2025-03-08"
1469,"CUS001469","Miss Lisa Salazar","Consumer","Barcelona","Spain","2021-07-08"
1470,"CUS001470","Crystal Johnson","Consumer","London","United Kingdom","2020-08-09"
1471,"CUS001471","Richard Anderson","Corporate","Nottingham","United Kingdom","2023-10-06"
1472,"CUS001472","Julie Banks","Consumer","Bristol","United Kingdom","2025-07-10"
1473,"CUS001473","James Wells","Corporate","Glasgow","United Kingdom","2020-10-09"
1474,"CUS001474","Darrell Ortiz","Consumer","Manchester","United Kingdom","2021-09-30"
1475,"CUS001475","Tammy Clements","Small Business","Birmingham","United Kingdom","2023-09-02"
1476,"CUS001476","Michael Harris","Consumer","London","United Kingdom","2020-07-27"
1477,"CUS001477","Christopher Blevins","Online Reseller","Austin","USA","2024-04-09"
1478,"CUS001478","Luis Watts","Consumer","Manchester","United Kingdom","2019-02-24"
1479,"CUS001479","Stacy Patterson","Consumer","London","United Kingdom","2019-05-12"
1480,"CUS001480","Lisa Holloway","Consumer","Berlin","Germany","2019-02-14"
1481,"CUS001481","Jennifer Crosby","Corporate","Leeds","United Kingdom","2024-02-04"
1482,"CUS001482","Kimberly Davidson","Small Business","Munich","Germany","2024-08-17"
1483,"CUS001483","Amanda Rodriguez","Consumer","London","United Kingdom","2020-10-04"
1484,"CUS001484","Shawn Rich","Consumer","Nottingham","United Kingdom","2020-05-27"
1485,"CUS001485","Joshua Terrell","Corporate","Chicago","USA","2021-06-15"
1486,"CUS001486","James Hubbard","Corporate","Glasgow","United Kingdom","2025-04-09"
1487,"CUS001487","Cheryl Gonzales","Small Business","Berlin","Germany","2024-04-02"
1488,"CUS001488","Patricia Mitchell","Small Business","Cork","Ireland","2020-11-06"
1489,"CUS001489","Edward Ellison","Corporate","Manchester","United Kingdom","2021-03-08"
1490,"CUS001490","Stephanie Ford","Consumer","Nottingham","United Kingdom","2025-10-06"
1491,"CUS001491","Ann Mason","Consumer","Chicago","USA","2022-03-01"
1492,"CUS001492","Kevin Shannon","Consumer","Nottingham","United Kingdom","2025-09-11"
1493,"CUS001493","Jenna Morris","Consumer","Manchester","United Kingdom","2021-04-06"
1494,"CUS001494","Jesse Mosley","Consumer","Paris","France","2019-12-15"
1495,"CUS001495","Sonya Davis","Corporate","Madrid","Spain","2024-06-04"
1496,"CUS001496","Matthew Dawson","Consumer","Manchester","United Kingdom","2022-06-18"
1497,"CUS001497","Nicholas Davis","Small Business","Manchester","United Kingdom","2023-06-19"
1498,"CUS001498","Madison Miller","Small Business","Cork","Ireland","2022-12-28"
1499,"CUS001499","Monica Hester","Consumer","Madrid","Spain","2024-08-24"
1500,"CUS001500","Caitlin Pierce","Small Business","Glasgow","United Kingdom","2019-04-08"
1501,"CUS001501","Christopher Rogers","Consumer","Munich","Germany","2019-06-03"
1502,"CUS001502","Shari Martin","Corporate","London","United Kingdom","2019-11-19"
1503,"CUS001503","Randy Williams","Online Reseller","Amsterdam","Netherlands","2021-08-06"
1504,"CUS001504","Nicholas Woodward","Small Business","Amsterdam","Netherlands","2020-10-21"
1505,"CUS001505","Christopher Roach","Consumer","Barcelona","Spain","2020-06-21"
1506,"CUS001506","April Cannon","Corporate","Manchester","United Kingdom","2023-10-31"
1507,"CUS001507","Jonathan Jimenez","Small Business","Bristol","United Kingdom","2023-05-07"
1508,"CUS001508","Lisa Snyder","Corporate","Birmingham","United Kingdom","2020-09-16"
1509,"CUS001509","Matthew Chavez","Consumer","Munich","Germany","2019-03-03"
1510,"CUS001510","Kyle Smith","Consumer","Glasgow","United Kingdom","2019-12-24"
1511,"CUS001511","Diana Fuller","Consumer","Cork","Ireland","2022-04-25"
1512,"CUS001512","Christine Lopez","Corporate","Manchester","United Kingdom","2022-12-18"
1513,"CUS001513","Gregory Thomas","Corporate","London","United Kingdom","2024-03-02"
1514,"CUS001514","Kenneth Morrison","Online Reseller","Leeds","United Kingdom","2023-12-16"
1515,"CUS001515","Brandon Rodriguez","Online Reseller","Paris","France","2025-05-18"
1516,"CUS001516","Candace Mitchell DDS","Small Business","Cork","Ireland","2023-07-01"
1517,"CUS001517","Laura Hart","Small Business","Birmingham","United Kingdom","2020-06-12"
1518,"CUS001518","Nicole Ward","Small Business","Birmingham","United Kingdom","2022-07-08"
1519,"CUS001519","Randy Morris","Consumer","Bristol","United Kingdom","2024-01-18"
1520,"CUS001520","Samantha Chang","Consumer","Bristol","United Kingdom","2019-08-22"
1521,"CUS001521","Ana Ruiz","Corporate","New York","USA","2025-04-16"
1522,"CUS001522","Scott Murphy","Consumer","Glasgow","United Kingdom","2023-03-20"
1523,"CUS001523","Daniel Clark","Small Business","Leeds","United Kingdom","2021-07-02"
1524,"CUS001524","Kenneth Krause","Corporate","Leeds","United Kingdom","2022-11-30"
1525,"CUS001525","Anita Ramsey","Consumer","Cork","Ireland","2021-01-08"
1526,"CUS001526","Rachel Mann","Small Business","Chicago","USA","2021-03-28"
1527,"CUS001527","Ryan Green","Consumer","Nottingham","United Kingdom","2025-10-11"
1528,"CUS001528","Lisa Ho","Consumer","Cork","Ireland","2024-02-05"
1529,"CUS001529","Kathleen Daniel","Online Reseller","London","United Kingdom","2020-08-19"
1530,"CUS001530","Dr. Stephen Hall IV","Corporate","Lyon","France","2025-09-28"
1531,"CUS001531","Bruce Marshall","Online Reseller","New York","USA","2023-01-20"
1532,"CUS001532","Nancy Clark","Consumer","Chicago","USA","2021-05-16"
1533,"CUS001533","Jennifer Williams","Consumer","Rotterdam","Netherlands","2020-12-22"
1534,"CUS001534","Robert Lewis","Consumer","Nottingham","United Kingdom","2019-12-01"
1535,"CUS001535","Melissa King","Consumer","Bristol","United Kingdom","2023-09-16"
1536,"CUS001536","Eric Pierce","Consumer","Cork","Ireland","2019-08-09"
1537,"CUS001537","Ashley Cook","Consumer","Leeds","United Kingdom","2022-05-01"
1538,"CUS001538","Keith Choi","Online Reseller","Manchester","United Kingdom","2024-05-26"
1539,"CUS001539","Cheyenne Bass","Online Reseller","Dublin","Ireland","2023-11-25"
1540,"CUS001540","Karen Wells","Corporate","Bristol","United Kingdom","2019-02-10"
1541,"CUS001541","Chad Moore","Consumer","Hamburg","Germany","2025-06-27"
1542,"CUS001542","Sean Huang","Corporate","Munich","Germany","2022-07-20"
1543,"CUS001543","Robert Reilly","Online Reseller","Leeds","United Kingdom","2024-08-07"
1544,"CUS001544","Joseph Cunningham","Small Business","Amsterdam","Netherlands","2023-07-23"
1545,"CUS001545","Kristen Smith","Consumer","Bristol","United Kingdom","2024-01-20"
1546,"CUS001546","Evelyn Hendricks","Corporate","Madrid","Spain","2025-06-27"
1547,"CUS001547","Andrea Hernandez","Corporate","London","United Kingdom","2021-02-07"
1548,"CUS001548","Gina Brooks","Small Business","Birmingham","United Kingdom","2025-09-27"
1549,"CUS001549","Carol Obrien","Consumer","Manchester","United Kingdom","2021-02-21"
1550,"CUS001550","Bruce Patton","Consumer","Madrid","Spain","2023-01-30"
1551,"CUS001551","Scott Mckinney","Consumer","Manchester","United Kingdom","2020-05-25"
1552,"CUS001552","Brandon Wiley","Consumer","Lyon","France","2022-12-11"
1553,"CUS001553","Ronald Turner","Consumer","Birmingham","United Kingdom","2022-10-07"
1554,"CUS001554","Carrie Brooks","Consumer","London","United Kingdom","2023-03-09"
1555,"CUS001555","Dale Davis","Consumer","Birmingham","United Kingdom","2023-11-21"
1556,"CUS001556","Rebecca Stein","Corporate","Glasgow","United Kingdom","2023-11-27"
1557,"CUS001557","Gerald Webb","Online Reseller","Paris","France","2020-03-01"
1558,"CUS001558","Emily Murphy","Corporate","Nottingham","United Kingdom","2023-08-12"
1559,"CUS001559","Annette Hendrix","Small Business","Bristol","United Kingdom","2025-02-09"
1560,"CUS001560","Wendy Harris","Consumer","Leeds","United Kingdom","2019-05-14"
1561,"CUS001561","James Hancock","Consumer","Lyon","France","2024-02-06"
1562,"CUS001562","Eric Williams","Consumer","Berlin","Germany","2024-04-07"
1563,"CUS001563","Shelby Cook","Online Reseller","Barcelona","Spain","2024-03-15"
1564,"CUS001564","Ashley Miranda","Corporate","Glasgow","United Kingdom","2023-06-10"
1565,"CUS001565","Alison Blake","Small Business","Manchester","United Kingdom","2024-09-09"
1566,"CUS001566","Christine Gonzalez","Consumer","Bristol","United Kingdom","2023-08-26"
1567,"CUS001567","Joseph Mejia","Small Business","Paris","France","2023-08-26"
1568,"CUS001568","Denise Moore","Consumer","Nottingham","United Kingdom","2023-03-14"
1569,"CUS001569","Tyler Castro","Consumer","Rotterdam","Netherlands","2025-06-01"
1570,"CUS001570","Joshua Dunn","Corporate","Madrid","Spain","2023-05-23"
1571,"CUS001571","Tony Brock","Consumer","Bristol","United Kingdom","2019-07-31"
1572,"CUS001572","Carolyn Collins","Consumer","Austin","USA","2023-05-19"
1573,"CUS001573","Kimberly Williams","Consumer","Madrid","Spain","2022-07-27"
1574,"CUS001574","Steven Williams","Consumer","Cork","Ireland","2020-06-01"
1575,"CUS001575","Brandon Myers","Small Business","Cork","Ireland","2021-12-01"
1576,"CUS001576","Stephanie Soto","Online Reseller","Amsterdam","Netherlands","2021-04-14"
1577,"CUS001577","Jill Kelly","Consumer","Nottingham","United Kingdom","2025-08-27"
1578,"CUS001578","Craig Chang","Corporate","Birmingham","United Kingdom","2019-11-19"
1579,"CUS001579","Angela Livingston","Corporate","Berlin","Germany","2020-06-18"
1580,"CUS001580","Laura Davis","Consumer","Barcelona","Spain","2021-06-27"
1581,"CUS001581","Melissa Davis","Small Business","Birmingham","United Kingdom","2023-03-29"
1582,"CUS001582","Matthew Miranda","Consumer","Austin","USA","2019-12-06"
1583,"CUS001583","Travis Thomas","Corporate","Madrid","Spain","2025-07-01"
1584,"CUS001584","Deanna Cox","Consumer","Amsterdam","Netherlands","2025-09-06"
1585,"CUS001585","Thomas Rivera","Consumer","London","United Kingdom","2021-01-09"
1586,"CUS001586","Erika Freeman","Small Business","Leeds","United Kingdom","2021-05-01"
1587,"CUS001587","Brian Mendoza","Small Business","Leeds","United Kingdom","2023-08-22"
1588,"CUS001588","Diane Bailey","Consumer","Bristol","United Kingdom","2023-09-16"
1589,"CUS001589","Katie Sullivan","Corporate","Manchester","United Kingdom","2024-01-21"
1590,"CUS001590","Ashley Hawkins","Consumer","New York","USA","2021-01-01"
1591,"CUS001591","Eric Murray","Consumer","Paris","France","2022-11-05"
1592,"CUS001592","Cynthia Sanchez","Online Reseller","Barcelona","Spain","2025-09-23"
1593,"CUS001593","John Jones","Consumer","Berlin","Germany","2021-11-08"
1594,"CUS001594","Michael Reynolds","Corporate","Madrid","Spain","2025-01-04"
1595,"CUS001595","Ms. Gloria Benson","Small Business","Birmingham","United Kingdom","2021-06-04"
1596,"CUS001596","Michael Stevenson","Small Business","Amsterdam","Netherlands","2019-05-01"
1597,"CUS001597","Sara Wilson","Consumer","London","United Kingdom","2020-06-02"
1598,"CUS001598","Erika Davis","Consumer","Leeds","United Kingdom","2020-01-12"
1599,"CUS001599","Eric Sullivan","Corporate","Birmingham","United Kingdom","2024-03-28"
1600,"CUS001600","Melissa Carlson","Consumer","Chicago","USA","2023-06-27"
1601,"CUS001601","Erin Newman","Consumer","Barcelona","Spain","2022-02-25"
1602,"CUS001602","Daniel Taylor","Corporate","Madrid","Spain","2025-08-03"
1603,"CUS001603","Nicole Pacheco","Consumer","Glasgow","United Kingdom","2024-06-21"
1604,"CUS001604","Mary Chavez","Consumer","Leeds","United Kingdom","2022-01-17"
1605,"CUS001605","Luis West","Consumer","Austin","USA","2023-04-18"
1606,"CUS001606","Shawn Evans","Consumer","Birmingham","United Kingdom","2019-09-21"
1607,"CUS001607","Meghan Sellers","Online Reseller","Nottingham","United Kingdom","2021-11-02"
1608,"CUS001608","Michelle Herman","Corporate","Munich","Germany","2024-12-12"
1609,"CUS001609","Lauren Carr DDS","Consumer","Nottingham","United Kingdom","2022-08-14"
1610,"CUS001610","Sarah Brown","Consumer","London","United Kingdom","2019-10-25"
1611,"CUS001611","Tracy Smith","Consumer","Manchester","United Kingdom","2022-07-11"
1612,"CUS001612","Veronica Rodriguez","Corporate","Manchester","United Kingdom","2022-09-09"
1613,"CUS001613","Andre Reynolds","Small Business","Birmingham","United Kingdom","2021-08-10"
1614,"CUS001614","Lori Joseph","Consumer","Munich","Germany","2021-05-19"
1615,"CUS001615","Jeffrey Clark","Corporate","Dublin","Ireland","2025-10-25"
1616,"CUS001616","Charles Peters","Corporate","Madrid","Spain","2023-09-24"
1617,"CUS001617","Heather Butler","Consumer","Lyon","France","2022-08-04"
1618,"CUS001618","Shane Martinez","Small Business","Nottingham","United Kingdom","2024-08-04"
1619,"CUS001619","Matthew Thomas","Consumer","Manchester","United Kingdom","2020-05-23"
1620,"CUS001620","Mary Proctor","Corporate","Cork","Ireland","2021-08-26"
1621,"CUS001621","Chad Shaffer","Consumer","Munich","Germany","2025-06-16"
1622,"CUS001622","Stephanie Dominguez","Consumer","Barcelona","Spain","2023-07-08"
1623,"CUS001623","Lisa Gibson","Small Business","Birmingham","United Kingdom","2019-06-10"
1624,"CUS001624","Robert Cruz","Consumer","Nottingham","United Kingdom","2020-01-25"
1625,"CUS001625","Jeff Smith","Corporate","Chicago","USA","2022-01-30"
1626,"CUS001626","Dr. Michael Adams DVM","Consumer","Manchester","United Kingdom","2025-03-29"
1627,"CUS001627","Amanda Johnson","Corporate","Chicago","USA","2023-05-31"
1628,"CUS001628","Mr. Kevin Nixon","Consumer","Leeds","United Kingdom","2020-05-12"
1629,"CUS001629","Nicholas Fox","Consumer","Amsterdam","Netherlands","2019-07-15"
1630,"CUS001630","Nicole Ramirez","Consumer","New York","USA","2022-08-15"
1631,"CUS001631","Kelly Bishop","Consumer","Rotterdam","Netherlands","2019-12-27"
1632,"CUS001632","Mark Alvarado","Consumer","Glasgow","United Kingdom","2025-01-10"
1633,"CUS001633","Melinda Ryan","Consumer","Madrid","Spain","2019-06-26"
1634,"CUS001634","Lisa Berger","Consumer","Manchester","United Kingdom","2022-09-10"
1635,"CUS001635","Alexandra Gibson","Consumer","Lyon","France","2020-11-28"
1636,"CUS001636","Laura Rivera","Consumer","Barcelona","Spain","2022-07-31"
1637,"CUS001637","William Phillips","Corporate","Rotterdam","Netherlands","2020-05-16"
1638,"CUS001638","Michael Harper","Corporate","Dublin","Ireland","2024-06-30"
1639,"CUS001639","Richard Green","Small Business","Barcelona","Spain","2024-05-31"
1640,"CUS001640","Laura Berry","Small Business","Manchester","United Kingdom","2019-12-06"
1641,"CUS001641","Dorothy Mclaughlin","Small Business","Glasgow","United Kingdom","2021-04-23"
1642,"CUS001642","John Martinez","Online Reseller","Paris","France","2019-09-04"
1643,"CUS001643","Richard King","Consumer","Bristol","United Kingdom","2023-04-27"
1644,"CUS001644","Denise Scott","Consumer","Nottingham","United Kingdom","2025-08-15"
1645,"CUS001645","Lindsey Kent","Small Business","Austin","USA","2022-07-01"
1646,"CUS001646","Mary Wood","Small Business","Paris","France","2020-03-08"
1647,"CUS001647","Richard Young","Small Business","Madrid","Spain","2023-04-29"
1648,"CUS001648","Joseph Johnson","Small Business","Madrid","Spain","2021-02-08"
1649,"CUS001649","Dr. Linda Underwood","Consumer","Leeds","United Kingdom","2022-06-12"
1650,"CUS001650","Nicole Gutierrez","Consumer","Madrid","Spain","2020-03-14"
1651,"CUS001651","Matthew Barber","Consumer","New York","USA","2024-03-02"
1652,"CUS001652","Kenneth Wilkinson","Consumer","Nottingham","United Kingdom","2024-12-14"
1653,"CUS001653","Dennis Weiss","Consumer","Cork","Ireland","2025-03-04"
1654,"CUS001654","John Alvarez","Consumer","Leeds","United Kingdom","2023-06-14"
1655,"CUS001655","Travis Nielsen","Consumer","Cork","Ireland","2022-01-21"
1656,"CUS001656","Michael Price","Corporate","Nottingham","United Kingdom","2023-09-27"
1657,"CUS001657","Joseph Graham","Consumer","London","United Kingdom","2025-08-30"
1658,"CUS001658","Robert Reyes","Consumer","Birmingham","United Kingdom","2023-11-11"
1659,"CUS001659","Joseph Blanchard","Corporate","Nottingham","United Kingdom","2020-03-30"
1660,"CUS001660","Joseph Gomez","Small Business","Nottingham","United Kingdom","2025-06-14"
1661,"CUS001661","Lisa Pearson","Consumer","Nottingham","United Kingdom","2022-02-02"
1662,"CUS001662","Devin Lang","Corporate","Birmingham","United Kingdom","2023-07-16"
1663,"CUS001663","Kevin Murray","Consumer","Nottingham","United Kingdom","2022-01-03"
1664,"CUS001664","Dana Powers","Small Business","Dublin","Ireland","2022-11-24"
1665,"CUS001665","Kelly Byrd","Corporate","Lyon","France","2020-01-22"
1666,"CUS001666","Emily Smith MD","Corporate","Bristol","United Kingdom","2022-06-04"
1667,"CUS001667","Jason Fox","Consumer","Amsterdam","Netherlands","2019-10-12"
1668,"CUS001668","Heather Hardy","Small Business","Manchester","United Kingdom","2020-08-03"
1669,"CUS001669","Andrew Harvey","Consumer","Barcelona","Spain","2019-03-27"
1670,"CUS001670","Kristopher Shannon","Small Business","Manchester","United Kingdom","2020-11-30"
1671,"CUS001671","Kyle Martinez","Corporate","Paris","France","2024-04-24"
1672,"CUS001672","Angelica Jacobs","Small Business","Munich","Germany","2024-04-19"
1673,"CUS001673","Phillip Wong","Consumer","Glasgow","United Kingdom","2022-04-05"
1674,"CUS001674","Cathy Rodriguez","Small Business","Amsterdam","Netherlands","2020-01-20"
1675,"CUS001675","Edward Guerrero","Corporate","Glasgow","United Kingdom","2024-01-28"
1676,"CUS001676","Jesse Carney","Online Reseller","Cork","Ireland","2021-11-20"
1677,"CUS001677","Melissa Contreras","Consumer","Lyon","France","2019-02-25"
1678,"CUS001678","Dawn Norman","Corporate","Chicago","USA","2024-10-22"
1679,"CUS001679","Antonio Price","Consumer","Austin","USA","2022-01-10"
1680,"CUS001680","Deanna Hess MD","Consumer","Paris","France","2023-08-08"
1681,"CUS001681","William Gonzalez","Consumer","Amsterdam","Netherlands","2019-05-07"
1682,"CUS001682","Matthew Rodriguez","Corporate","Bristol","United Kingdom","2023-10-31"
1683,"CUS001683","Jessica Mendez","Consumer","Bristol","United Kingdom","2023-03-28"
1684,"CUS001684","Jeremy Green","Small Business","Lyon","France","2025-02-09"
1685,"CUS001685","Benjamin Luna","Online Reseller","Rotterdam","Netherlands","2024-11-28"
1686,"CUS001686","Alicia Jimenez","Consumer","Bristol","United Kingdom","2022-09-18"
1687,"CUS001687","April Johnson","Online Reseller","Leeds","United Kingdom","2022-02-05"
1688,"CUS001688","Christian Rivera","Corporate","Nottingham","United Kingdom","2022-11-07"
1689,"CUS001689","Aaron Zimmerman","Consumer","Amsterdam","Netherlands","2024-02-07"
1690,"CUS001690","Karen Powell","Consumer","Munich","Germany","2019-02-04"
1691,"CUS001691","Robin Jones","Consumer","Dublin","Ireland","2020-09-07"
1692,"CUS001692","James Norris","Corporate","Cork","Ireland","2020-10-28"
1693,"CUS001693","Barbara Nichols","Consumer","Manchester","United Kingdom","2022-04-22"
1694,"CUS001694","Felicia Turner MD","Consumer","Nottingham","United Kingdom","2025-08-26"
1695,"CUS001695","Maria Diaz DVM","Consumer","Leeds","United Kingdom","2023-10-29"
1696,"CUS001696","Ryan Hodges","Consumer","Glasgow","United Kingdom","2021-10-26"
1697,"CUS001697","Dale Spencer","Small Business","Manchester","United Kingdom","2024-08-18"
1698,"CUS001698","Mary Evans","Online Reseller","Paris","France","2022-01-13"
1699,"CUS001699","Brian Barker","Consumer","Bristol","United Kingdom","2025-07-25"
1700,"CUS001700","Dr. Jeffrey Lopez","Consumer","Barcelona","Spain","2024-04-22"
1701,"CUS001701","Alexander Davies","Small Business","Madrid","Spain","2023-05-02"
1702,"CUS001702","James Sparks","Small Business","Nottingham","United Kingdom","2022-05-22"
1703,"CUS001703","Kathryn Hanna","Corporate","Berlin","Germany","2022-08-13"
1704,"CUS001704","Tracy Smith","Corporate","New York","USA","2021-03-28"
1705,"CUS001705","George Le","Corporate","Leeds","United Kingdom","2022-05-18"
1706,"CUS001706","Daniel Valdez","Corporate","Manchester","United Kingdom","2024-03-03"
1707,"CUS001707","Teresa Berg","Small Business","Munich","Germany","2023-11-25"
1708,"CUS001708","Natalie Hall","Consumer","Birmingham","United Kingdom","2022-07-07"
1709,"CUS001709","Nicolas Burns","Consumer","Cork","Ireland","2023-10-18"
1710,"CUS001710","Terry Montgomery","Consumer","Cork","Ireland","2025-04-08"
1711,"CUS001711","Matthew Smith","Consumer","Glasgow","United Kingdom","2020-07-29"
1712,"CUS001712","Summer Hoover","Small Business","Munich","Germany","2025-07-05"
1713,"CUS001713","Logan Conley","Corporate","Dublin","Ireland","2025-05-05"
1714,"CUS001714","Robert Wilson","Small Business","Amsterdam","Netherlands","2023-05-28"
1715,"CUS001715","Lisa Brown","Consumer","Bristol","United Kingdom","2024-10-22"
1716,"CUS001716","George Huff","Consumer","Dublin","Ireland","2022-01-11"
1717,"CUS001717","Jennifer Martinez","Consumer","Austin","USA","2025-08-31"
1718,"CUS001718","Kimberly Morris","Corporate","Manchester","United Kingdom","2022-09-19"
1719,"CUS001719","Cindy Williams","Corporate","Amsterdam","Netherlands","2024-09-23"
1720,"CUS001720","Arthur Hill","Corporate","New York","USA","2024-10-15"
1721,"CUS001721","Carol Wood","Online Reseller","Bristol","United Kingdom","2020-07-12"
1722,"CUS001722","David Perkins","Corporate","Bristol","United Kingdom","2020-09-25"
1723,"CUS001723","Richard Chen","Corporate","Manchester","United Kingdom","2019-01-27"
1724,"CUS001724","Christopher Hobbs","Corporate","Austin","USA","2020-04-14"
1725,"CUS001725","Adam Howe","Corporate","London","United Kingdom","2020-05-10"
1726,"CUS001726","Linda Campbell","Consumer","Dublin","Ireland","2024-04-24"
1727,"CUS001727","Rebecca Alvarez","Consumer","Birmingham","United Kingdom","2019-08-16"
1728,"CUS001728","Charles Nelson","Consumer","Barcelona","Spain","2021-01-23"
1729,"CUS001729","David Thompson","Consumer","Austin","USA","2025-11-14"
1730,"CUS001730","Linda Love","Consumer","Paris","France","2019-03-30"
1731,"CUS001731","Anita Serrano","Corporate","Glasgow","United Kingdom","2021-09-12"
1732,"CUS001732","Jason Grant","Corporate","Bristol","United Kingdom","2021-03-31"
1733,"CUS001733","William Davila","Consumer","Cork","Ireland","2020-02-14"
1734,"CUS001734","Shari Hatfield","Consumer","Barcelona","Spain","2022-02-01"
1735,"CUS001735","Julie Sims","Small Business","Bristol","United Kingdom","2024-03-15"
1736,"CUS001736","Anthony Rodriguez","Consumer","Leeds","United Kingdom","2022-03-06"
1737,"CUS001737","Ryan Pruitt","Consumer","Cork","Ireland","2022-05-25"
1738,"CUS001738","Christopher Livingston Jr.","Small Business","Bristol","United Kingdom","2023-12-26"
1739,"CUS001739","Daniel King","Online Reseller","Manchester","United Kingdom","2024-03-31"
1740,"CUS001740","Stefanie Chavez","Consumer","Rotterdam","Netherlands","2020-10-10"
1741,"CUS001741","Anthony Medina","Small Business","Glasgow","United Kingdom","2021-05-13"
1742,"CUS001742","Allen Robertson","Consumer","Bristol","United Kingdom","2024-10-02"
1743,"CUS001743","David Wallace","Consumer","Bristol","United Kingdom","2025-04-25"
1744,"CUS001744","Jennifer Burgess","Small Business","Bristol","United Kingdom","2020-07-27"
1745,"CUS001745","Crystal Rodriguez","Corporate","Glasgow","United Kingdom","2023-06-02"
1746,"CUS001746","David Gutierrez","Corporate","Glasgow","United Kingdom","2023-03-23"
1747,"CUS001747","Steven Jones","Corporate","Madrid","Spain","2024-09-07"
1748,"CUS001748","Amy Graham","Consumer","Austin","USA","2022-08-20"
1749,"CUS001749","Leon Thompson","Consumer","Hamburg","Germany","2023-07-12"
1750,"CUS001750","Jimmy Lee","Small Business","Nottingham","United Kingdom","2020-10-13"
1751,"CUS001751","Derrick Rogers","Consumer","Bristol","United Kingdom","2024-05-05"
1752,"CUS001752","Keith Ramirez","Online Reseller","London","United Kingdom","2021-08-27"
1753,"CUS001753","John Barnes","Corporate","London","United Kingdom","2023-04-23"
1754,"CUS001754","Colleen Phillips","Small Business","Chicago","USA","2019-09-11"
1755,"CUS001755","Robert Cisneros","Consumer","Berlin","Germany","2019-10-26"
1756,"CUS001756","Laura Tran","Corporate","Manchester","United Kingdom","2019-05-01"
1757,"CUS001757","Jason Boyd","Consumer","Barcelona","Spain","2024-01-16"
1758,"CUS001758","Cindy Wells","Corporate","Bristol","United Kingdom","2021-03-29"
1759,"CUS001759","Adrian Patterson","Consumer","Leeds","United Kingdom","2022-03-17"
1760,"CUS001760","Danielle Hamilton","Consumer","Bristol","United Kingdom","2024-12-04"
1761,"CUS001761","Timothy Shah","Consumer","New York","USA","2019-04-10"
1762,"CUS001762","Stephanie Butler","Consumer","Hamburg","Germany","2019-05-17"
1763,"CUS001763","William Quinn","Consumer","New York","USA","2023-07-30"
1764,"CUS001764","Jessica Foster","Consumer","Berlin","Germany","2024-12-03"
1765,"CUS001765","Melissa Garcia","Corporate","Dublin","Ireland","2024-04-24"
1766,"CUS001766","Bradley Mullins DDS","Corporate","Cork","Ireland","2025-04-07"
1767,"CUS001767","Daniel Howard","Consumer","Amsterdam","Netherlands","2023-03-21"
1768,"CUS001768","Zachary Smith","Consumer","Amsterdam","Netherlands","2024-10-19"
1769,"CUS001769","Candice Stevens","Consumer","Nottingham","United Kingdom","2019-07-30"
1770,"CUS001770","Lauren Bray","Consumer","Munich","Germany","2022-04-02"
1771,"CUS001771","Charles Warner","Consumer","Barcelona","Spain","2023-01-05"
1772,"CUS001772","Seth Sims","Consumer","Glasgow","United Kingdom","2022-03-25"
1773,"CUS001773","April Burton","Consumer","Birmingham","United Kingdom","2024-10-21"
1774,"CUS001774","Michael Schmidt","Consumer","Barcelona","Spain","2019-08-21"
1775,"CUS001775","Paul Wolfe","Corporate","Berlin","Germany","2021-12-13"
1776,"CUS001776","Laura Clark","Consumer","Paris","France","2021-12-04"
1777,"CUS001777","Lisa Rogers","Consumer","Glasgow","United Kingdom","2021-04-16"
1778,"CUS001778","Kayla Kent","Consumer","Hamburg","Germany","2019-09-13"
1779,"CUS001779","Anthony Reyes","Small Business","Nottingham","United Kingdom","2025-04-28"
1780,"CUS001780","Andrew Richardson","Consumer","Madrid","Spain","2019-10-17"
1781,"CUS001781","Michele Castro","Small Business","Madrid","Spain","2024-05-15"
1782,"CUS001782","Brenda Rogers","Corporate","Barcelona","Spain","2020-03-02"
1783,"CUS001783","Mariah Mclaughlin","Consumer","Birmingham","United Kingdom","2022-12-05"
1784,"CUS001784","Shelby Warner","Small Business","Manchester","United Kingdom","2021-07-21"
1785,"CUS001785","Paige Flores","Consumer","Nottingham","United Kingdom","2021-03-14"
1786,"CUS001786","Kathy Henderson","Corporate","Munich","Germany","2019-03-16"
1787,"CUS001787","Jake Chavez","Consumer","Berlin","Germany","2023-03-26"
1788,"CUS001788","Sandra Harrison","Corporate","Lyon","France","2025-02-28"
1789,"CUS001789","Samantha Lam","Consumer","Leeds","United Kingdom","2025-11-26"
1790,"CUS001790","Jacob Nunez","Consumer","Barcelona","Spain","2022-11-06"
1791,"CUS001791","Vanessa Ware","Consumer","Nottingham","United Kingdom","2020-01-12"
1792,"CUS001792","Stephen Miller","Consumer","Berlin","Germany","2025-01-05"
1793,"CUS001793","Christopher Mullen","Small Business","Berlin","Germany","2021-10-20"
1794,"CUS001794","Christopher Rodriguez","Consumer","New York","USA","2023-12-02"
1795,"CUS001795","Chris Harris","Consumer","Nottingham","United Kingdom","2025-10-03"
1796,"CUS001796","Alison Butler","Online Reseller","Paris","France","2020-06-15"
1797,"CUS001797","Tara Wells","Corporate","Munich","Germany","2019-11-11"
1798,"CUS001798","Oscar Smith","Consumer","Birmingham","United Kingdom","2023-01-02"
1799,"CUS001799","Alex Pham","Consumer","Amsterdam","Netherlands","2022-05-24"
1800,"CUS001800","Kelly Rogers","Small Business","Barcelona","Spain","2021-09-27"
1801,"CUS001801","Mary Buchanan","Consumer","Cork","Ireland","2025-01-26"
1802,"CUS001802","Mr. Joseph Kelley","Consumer","Dublin","Ireland","2023-08-10"
1803,"CUS001803","Keith Villanueva","Consumer","Lyon","France","2021-04-13"
1804,"CUS001804","Richard Perez","Consumer","Madrid","Spain","2025-03-14"
1805,"CUS001805","Dwayne Bruce","Corporate","Manchester","United Kingdom","2020-08-04"
1806,"CUS001806","Duane Huber","Corporate","London","United Kingdom","2024-02-02"
1807,"CUS001807","Caitlyn Nichols","Consumer","Madrid","Spain","2019-05-19"
1808,"CUS001808","Christopher Erickson","Consumer","Birmingham","United Kingdom","2019-12-13"
1809,"CUS001809","Rebecca Martin","Corporate","Glasgow","United Kingdom","2024-07-21"
1810,"CUS001810","Xavier Andrews","Consumer","Leeds","United Kingdom","2019-07-01"
1811,"CUS001811","Jacob Harris","Consumer","Leeds","United Kingdom","2023-11-01"
1812,"CUS001812","Mary Spence","Consumer","Hamburg","Germany","2025-01-27"
1813,"CUS001813","Jerry Cantrell","Small Business","New York","USA","2022-10-09"
1814,"CUS001814","Barbara Johnson","Small Business","Barcelona","Spain","2025-08-17"
1815,"CUS001815","Patricia Gould","Consumer","Nottingham","United Kingdom","2023-11-13"
1816,"CUS001816","Brittney Cordova","Small Business","Amsterdam","Netherlands","2025-03-16"
1817,"CUS001817","Katie Holland","Online Reseller","Bristol","United Kingdom","2022-03-23"
1818,"CUS001818","Steven Montes","Consumer","Rotterdam","Netherlands","2025-05-16"
1819,"CUS001819","Wendy Estrada","Consumer","Chicago","USA","2023-04-11"
1820,"CUS001820","Monica Nielsen","Consumer","Dublin","Ireland","2019-03-04"
1821,"CUS001821","Brian Mendoza","Online Reseller","Bristol","United Kingdom","2019-12-17"
1822,"CUS001822","Michael Wilson","Consumer","Barcelona","Spain","2023-06-05"
1823,"CUS001823","Luke Robinson","Consumer","Manchester","United Kingdom","2021-10-23"
1824,"CUS001824","Gabriel Franklin","Consumer","Austin","USA","2022-06-11"
1825,"CUS001825","Joseph Harrington","Small Business","Munich","Germany","2021-01-02"
1826,"CUS001826","Christina Miller","Consumer","Nottingham","United Kingdom","2024-03-25"
1827,"CUS001827","Megan Rosario","Consumer","Manchester","United Kingdom","2025-03-29"
1828,"CUS001828","Jennifer Henry","Corporate","Nottingham","United Kingdom","2019-11-22"
1829,"CUS001829","Kayla Brown","Corporate","Birmingham","United Kingdom","2019-09-20"
1830,"CUS001830","Jennifer Baldwin","Small Business","Manchester","United Kingdom","2022-02-05"
1831,"CUS001831","James Smith","Consumer","Leeds","United Kingdom","2020-12-15"
1832,"CUS001832","Eric Griffin","Corporate","Birmingham","United Kingdom","2021-08-11"
1833,"CUS001833","Cindy Barron","Consumer","Nottingham","United Kingdom","2024-09-06"
1834,"CUS001834","Jennifer Ramos","Consumer","Rotterdam","Netherlands","2021-07-22"
1835,"CUS001835","Nicholas Hurst","Online Reseller","Bristol","United Kingdom","2021-11-20"
1836,"CUS001836","Jennifer Houston","Small Business","Glasgow","United Kingdom","2022-12-18"
1837,"CUS001837","Briana Turner","Corporate","Berlin","Germany","2022-12-03"
1838,"CUS001838","Kelly Rogers DVM","Consumer","Birmingham","United Kingdom","2024-09-24"
1839,"CUS001839","Jaime Smith","Consumer","London","United Kingdom","2023-03-02"
1840,"CUS001840","Denise Thompson","Consumer","Austin","USA","2023-10-13"
1841,"CUS001841","Keith Melendez","Consumer","Amsterdam","Netherlands","2025-10-22"
1842,"CUS001842","Ronnie Roberts","Online Reseller","Chicago","USA","2023-03-15"
1843,"CUS001843","Rodney Turner MD","Corporate","Cork","Ireland","2020-10-18"
1844,"CUS001844","Patrick Walker DDS","Online Reseller","Manchester","United Kingdom","2025-08-18"
1845,"CUS001845","Eric Davidson","Consumer","Birmingham","United Kingdom","2022-07-06"
1846,"CUS001846","Becky Wade","Online Reseller","Cork","Ireland","2023-04-01"
1847,"CUS001847","Christopher Knox","Corporate","Amsterdam","Netherlands","2020-09-06"
1848,"CUS001848","Alyssa Hubbard","Consumer","Bristol","United Kingdom","2019-11-13"
1849,"CUS001849","Wesley George MD","Corporate","Madrid","Spain","2025-06-10"
1850,"CUS001850","Mr. David Jennings","Consumer","Lyon","France","2020-05-11"
1851,"CUS001851","Sabrina Brooks","Corporate","Amsterdam","Netherlands","2024-11-18"
1852,"CUS001852","Alicia Green","Consumer","Cork","Ireland","2025-06-14"
1853,"CUS001853","Brianna Murray","Consumer","London","United Kingdom","2023-01-22"
1854,"CUS001854","Heather Brown","Corporate","Manchester","United Kingdom","2020-04-17"
1855,"CUS001855","Mark Friedman","Corporate","Lyon","France","2023-08-07"
1856,"CUS001856","Eddie Fowler","Corporate","Manchester","United Kingdom","2019-11-10"
1857,"CUS001857","Cory Burton","Corporate","Barcelona","Spain","2024-01-13"
1858,"CUS001858","Linda Jackson","Corporate","New York","USA","2020-05-28"
1859,"CUS001859","Eugene Kirk","Small Business","Madrid","Spain","2023-07-28"
1860,"CUS001860","Denise Wolfe","Corporate","Paris","France","2022-03-21"
1861,"CUS001861","Joseph Bell","Consumer","Nottingham","United Kingdom","2023-09-21"
1862,"CUS001862","Chad Campbell","Corporate","Dublin","Ireland","2021-03-22"
1863,"CUS001863","Jennifer Mccall","Consumer","Rotterdam","Netherlands","2020-05-09"
1864,"CUS001864","Daniel Gordon","Corporate","Glasgow","United Kingdom","2024-04-08"
1865,"CUS001865","Rebecca Hansen","Small Business","New York","USA","2023-11-03"
1866,"CUS001866","Tiffany Mathis","Online Reseller","London","United Kingdom","2020-06-26"
1867,"CUS001867","Michaela Lang","Small Business","Cork","Ireland","2022-12-22"
1868,"CUS001868","Thomas Wilson","Corporate","Bristol","United Kingdom","2022-04-16"
1869,"CUS001869","Alan Bailey","Small Business","Glasgow","United Kingdom","2025-08-19"
1870,"CUS001870","Brenda Ramos","Online Reseller","Berlin","Germany","2019-07-05"
1871,"CUS001871","Ms. Tracy Jackson","Online Reseller","Manchester","United Kingdom","2023-08-02"
1872,"CUS001872","Patrick Wilson","Consumer","Lyon","France","2024-05-08"
1873,"CUS001873","Michael Watts","Corporate","Paris","France","2025-08-11"
1874,"CUS001874","Daniel Zavala","Consumer","Madrid","Spain","2019-02-01"
1875,"CUS001875","Phillip Rodriguez","Corporate","Munich","Germany","2024-02-01"
1876,"CUS001876","John Reynolds","Consumer","Leeds","United Kingdom","2025-08-05"
1877,"CUS001877","Andrew Keller","Consumer","Glasgow","United Kingdom","2022-05-02"
1878,"CUS001878","Julie Kerr","Corporate","Dublin","Ireland","2024-11-21"
1879,"CUS001879","Eric Smith","Consumer","Munich","Germany","2023-04-23"
1880,"CUS001880","Caleb Guzman","Online Reseller","London","United Kingdom","2019-06-21"
1881,"CUS001881","Christina Lambert","Small Business","Austin","USA","2021-05-12"
1882,"CUS001882","Charles Francis","Corporate","Manchester","United Kingdom","2025-11-25"
1883,"CUS001883","Kevin Bell","Consumer","Manchester","United Kingdom","2020-04-30"
1884,"CUS001884","Phyllis Austin","Consumer","Leeds","United Kingdom","2020-11-24"
1885,"CUS001885","Andrea Weiss","Online Reseller","Manchester","United Kingdom","2020-03-10"
1886,"CUS001886","Kendra Baldwin","Consumer","Barcelona","Spain","2021-04-27"
1887,"CUS001887","Carolyn Webster","Small Business","Hamburg","Germany","2019-04-23"
1888,"CUS001888","Nicholas Glass","Online Reseller","Berlin","Germany","2025-01-20"
1889,"CUS001889","Sarah Wells","Consumer","Berlin","Germany","2019-04-16"
1890,"CUS001890","Cathy Nunez","Online Reseller","Manchester","United Kingdom","2025-05-28"
1891,"CUS001891","Ruben Zavala","Consumer","Leeds","United Kingdom","2024-02-02"
1892,"CUS001892","Jose Russell","Corporate","Nottingham","United Kingdom","2020-05-06"
1893,"CUS001893","Emily Owens","Consumer","Leeds","United Kingdom","2019-12-22"
1894,"CUS001894","Kathleen Ward","Corporate","Rotterdam","Netherlands","2020-04-22"
1895,"CUS001895","Nathan Miller","Corporate","Madrid","Spain","2021-06-30"
1896,"CUS001896","James Bryant DDS","Consumer","Chicago","USA","2022-10-05"
1897,"CUS001897","Sarah Perez","Corporate","Bristol","United Kingdom","2019-10-31"
1898,"CUS001898","William Patterson","Small Business","Lyon","France","2019-06-07"
1899,"CUS001899","Stephanie Lang","Small Business","Bristol","United Kingdom","2022-07-24"
1900,"CUS001900","Holly Smith","Corporate","Birmingham","United Kingdom","2019-05-26"
1901,"CUS001901","Megan Sanders","Consumer","Madrid","Spain","2025-07-29"
1902,"CUS001902","Megan Wilson","Corporate","London","United Kingdom","2021-12-22"
1903,"CUS001903","Michael Madden","Small Business","Cork","Ireland","2024-07-27"
1904,"CUS001904","Stephanie Jackson","Corporate","London","United Kingdom","2019-12-30"
1905,"CUS001905","Curtis Gonzalez","Consumer","Madrid","Spain","2019-10-03"
1906,"CUS001906","Jennifer Hall","Corporate","Dublin","Ireland","2019-06-08"
1907,"CUS001907","Jonathan Hubbard","Corporate","Manchester","United Kingdom","2025-07-19"
1908,"CUS001908","Linda Avila","Consumer","Manchester","United Kingdom","2021-01-07"
1909,"CUS001909","Terri Kelly","Small Business","Amsterdam","Netherlands","2024-06-09"
1910,"CUS001910","Tiffany Archer","Corporate","Cork","Ireland","2025-02-03"
1911,"CUS001911","Brittany Gibson","Consumer","Dublin","Ireland","2022-03-22"
1912,"CUS001912","John Hall","Consumer","Leeds","United Kingdom","2023-10-07"
1913,"CUS001913","Alyssa Rojas","Online Reseller","Leeds","United Kingdom","2020-04-10"
1914,"CUS001914","Kathleen Johnson","Corporate","Leeds","United Kingdom","2024-06-04"
1915,"CUS001915","Larry Murphy","Corporate","Rotterdam","Netherlands","2021-08-19"
1916,"CUS001916","Marcus Wolf","Consumer","Manchester","United Kingdom","2023-08-03"
1917,"CUS001917","Kelly Vasquez","Consumer","Glasgow","United Kingdom","2022-07-24"
1918,"CUS001918","Edward Jimenez","Consumer","Glasgow","United Kingdom","2023-06-21"
1919,"CUS001919","Kimberly Pacheco","Consumer","Nottingham","United Kingdom","2021-06-15"
1920,"CUS001920","Alicia Gallagher","Consumer","Glasgow","United Kingdom","2024-01-08"
1921,"CUS001921","Sheryl Wilson MD","Small Business","Birmingham","United Kingdom","2025-01-04"
1922,"CUS001922","Jessica Johnson","Consumer","Bristol","United Kingdom","2025-11-17"
1923,"CUS001923","Matthew Chan","Corporate","Berlin","Germany","2019-03-23"
1924,"CUS001924","Carly Jordan","Small Business","Madrid","Spain","2020-01-05"
1925,"CUS001925","James Gallagher","Small Business","Chicago","USA","2025-03-14"
1926,"CUS001926","Katherine Spencer","Consumer","Nottingham","United Kingdom","2023-01-23"
1927,"CUS001927","Julie Hart","Small Business","Berlin","Germany","2023-06-09"
1928,"CUS001928","Anthony Baker","Consumer","Amsterdam","Netherlands","2020-10-23"
1929,"CUS001929","Jamie Rhodes","Consumer","Barcelona","Spain","2025-03-14"
1930,"CUS001930","Diane Brown","Consumer","New York","USA","2019-03-24"
1931,"CUS001931","Bethany Richardson","Consumer","Austin","USA","2023-06-18"
1932,"CUS001932","Lauren Hubbard","Consumer","New York","USA","2022-05-19"
1933,"CUS001933","Jamie Patterson","Small Business","Bristol","United Kingdom","2021-10-09"
1934,"CUS001934","Jennifer Brown MD","Consumer","Bristol","United Kingdom","2023-03-28"
1935,"CUS001935","Erik Miller","Small Business","Paris","France","2022-01-10"
1936,"CUS001936","Sheila Wilson","Consumer","Amsterdam","Netherlands","2023-08-29"
1937,"CUS001937","Joshua Johnson","Small Business","Bristol","United Kingdom","2025-10-13"
1938,"CUS001938","Jenny Robertson","Corporate","Madrid","Spain","2023-05-22"
1939,"CUS001939","Alex Harrison","Small Business","Birmingham","United Kingdom","2022-08-18"
1940,"CUS001940","Eugene Hudson","Consumer","Bristol","United Kingdom","2022-01-27"
1941,"CUS001941","Brent Freeman","Consumer","Dublin","Ireland","2025-06-18"
1942,"CUS001942","Christine Crawford","Consumer","Cork","Ireland","2021-06-29"
1943,"CUS001943","Mary Jackson","Consumer","Barcelona","Spain","2024-12-24"
1944,"CUS001944","Wayne Harris","Consumer","Cork","Ireland","2024-07-28"
1945,"CUS001945","Valerie Jones","Small Business","Chicago","USA","2020-03-19"
1946,"CUS001946","Cindy Baker","Consumer","Dublin","Ireland","2021-08-08"
1947,"CUS001947","Kenneth Ballard","Corporate","Leeds","United Kingdom","2022-06-26"
1948,"CUS001948","Tina Robbins","Corporate","Glasgow","United Kingdom","2019-12-09"
1949,"CUS001949","Leslie Nelson","Consumer","London","United Kingdom","2024-06-29"
1950,"CUS001950","Kiara Simmons","Consumer","Berlin","Germany","2025-11-30"
1951,"CUS001951","Billy Colon","Consumer","Amsterdam","Netherlands","2024-07-14"
1952,"CUS001952","Elizabeth Alvarado","Corporate","Manchester","United Kingdom","2020-09-08"
1953,"CUS001953","Jason King","Corporate","Bristol","United Kingdom","2023-07-24"
1954,"CUS001954","Megan Kelley","Corporate","Rotterdam","Netherlands","2025-04-22"
1955,"CUS001955","Lori Black","Consumer","Austin","USA","2021-08-23"
1956,"CUS001956","Jonathan Guerrero","Consumer","Bristol","United Kingdom","2025-03-22"
1957,"CUS001957","Teresa Adams","Small Business","Amsterdam","Netherlands","2023-10-10"
1958,"CUS001958","Rhonda Farrell","Consumer","Lyon","France","2019-02-25"
1959,"CUS001959","Taylor Barber","Consumer","Bristol","United Kingdom","2021-03-19"
1960,"CUS001960","Curtis Ford","Consumer","Nottingham","United Kingdom","2023-10-04"
1961,"CUS001961","Paul Cannon","Consumer","Cork","Ireland","2025-02-18"
1962,"CUS001962","Jennifer Dalton","Consumer","Nottingham","United Kingdom","2023-11-19"
1963,"CUS001963","Madison Singleton","Consumer","Barcelona","Spain","2025-11-24"
1964,"CUS001964","Dustin Martin","Consumer","Amsterdam","Netherlands","2024-11-13"
1965,"CUS001965","Cynthia Allen","Consumer","Lyon","France","2021-10-26"
1966,"CUS001966","Alexis Robles","Online Reseller","Dublin","Ireland","2020-07-08"
1967,"CUS001967","John Esparza","Small Business","Bristol","United Kingdom","2019-02-10"
1968,"CUS001968","Taylor Harris","Consumer","London","United Kingdom","2019-10-02"
1969,"CUS001969","Allen Clarke","Consumer","Madrid","Spain","2021-02-07"
1970,"CUS001970","Juan Newman","Consumer","Nottingham","United Kingdom","2022-09-17"
1971,"CUS001971","Nathan Casey","Consumer","Birmingham","United Kingdom","2020-10-02"
1972,"CUS001972","Steven Edwards","Corporate","Bristol","United Kingdom","2021-07-14"
1973,"CUS001973","Arthur Friedman","Small Business","Nottingham","United Kingdom","2022-01-29"
1974,"CUS001974","Megan Blackwell","Consumer","Glasgow","United Kingdom","2022-06-06"
1975,"CUS001975","Ryan Cameron","Consumer","Glasgow","United Kingdom","2021-11-09"
1976,"CUS001976","Kenneth Mason","Corporate","Hamburg","Germany","2019-11-14"
1977,"CUS001977","Matthew Carpenter","Corporate","Berlin","Germany","2022-02-20"
1978,"CUS001978","Kelly Crawford","Consumer","Birmingham","United Kingdom","2024-11-09"
1979,"CUS001979","Kyle Mejia","Consumer","Munich","Germany","2025-08-22"
1980,"CUS001980","Ronnie Mclaughlin","Small Business","Hamburg","Germany","2024-04-23"
1981,"CUS001981","Natasha Walls","Small Business","Nottingham","United Kingdom","2021-06-05"
1982,"CUS001982","Brian Lewis","Corporate","Glasgow","United Kingdom","2020-08-10"
1983,"CUS001983","Jason Roy","Consumer","Glasgow","United Kingdom","2019-11-15"
1984,"CUS001984","Joseph Lyons","Consumer","Amsterdam","Netherlands","2023-12-06"
1985,"CUS001985","Joshua Wells","Consumer","Leeds","United Kingdom","2024-08-11"
1986,"CUS001986","Donald Mueller","Corporate","New York","USA","2023-03-26"
1987,"CUS001987","John Richardson","Consumer","Austin","USA","2022-06-30"
1988,"CUS001988","Matthew Stein","Consumer","Rotterdam","Netherlands","2025-10-15"
1989,"CUS001989","Patrick Lindsey","Online Reseller","Amsterdam","Netherlands","2022-02-11"
1990,"CUS001990","Thomas Powers","Corporate","Chicago","USA","2024-06-30"
1991,"CUS001991","James Fowler","Corporate","Lyon","France","2025-04-04"
1992,"CUS001992","Stephanie Jennings","Consumer","Rotterdam","Netherlands","2023-02-06"
1993,"CUS001993","Cynthia Ramos","Corporate","Rotterdam","Netherlands","2021-05-25"
1994,"CUS001994","Tyler Pennington","Consumer","Berlin","Germany","2021-01-03"
1995,"CUS001995","Elizabeth Mayer","Consumer","Madrid","Spain","2023-01-18"
1996,"CUS001996","Elizabeth Villarreal","Corporate","Dublin","Ireland","2022-09-07"
1997,"CUS001997","Jeffrey Stewart","Small Business","Manchester","United Kingdom","2024-08-21"
1998,"CUS001998","Maria Mccormick","Consumer","Barcelona","Spain","2022-01-31"
1999,"CUS001999","Bobby Chan","Consumer","Lyon","France","2021-11-02"
2000,"CUS002000","Norman House MD","Online Reseller","Nottingham","United Kingdom","2019-05-05"
2001,"CUS002001","Thomas Garcia","Online Reseller","Rotterdam","Netherlands","2024-02-05"
2002,"CUS002002","Dean Jones","Corporate","Cork","Ireland","2025-02-12"
2003,"CUS002003","Nicholas Kelley","Consumer","New York","USA","2025-11-15"
2004,"CUS002004","Michael Gill","Corporate","Amsterdam","Netherlands","2020-12-25"
2005,"CUS002005","Catherine Ramos","Consumer","Amsterdam","Netherlands","2020-05-04"
2006,"CUS002006","April Gonzalez","Corporate","Bristol","United Kingdom","2022-07-11"
2007,"CUS002007","Kenneth Rodriguez","Consumer","Birmingham","United Kingdom","2021-03-06"
2008,"CUS002008","Micheal Saunders","Consumer","Paris","France","2022-07-20"
2009,"CUS002009","Beverly Wheeler","Small Business","Amsterdam","Netherlands","2025-07-31"
2010,"CUS002010","Todd Hayes","Consumer","Chicago","USA","2023-07-10"
2011,"CUS002011","Brandi Thompson","Corporate","Bristol","United Kingdom","2019-09-24"
2012,"CUS002012","Erin Campbell","Consumer","Glasgow","United Kingdom","2021-12-28"
2013,"CUS002013","Jacob Long","Consumer","Leeds","United Kingdom","2025-10-28"
2014,"CUS002014","Ruben Hudson","Consumer","Birmingham","United Kingdom","2019-01-14"
2015,"CUS002015","Alexander Hansen","Consumer","Birmingham","United Kingdom","2022-10-30"
2016,"CUS002016","Crystal Davis","Corporate","Dublin","Ireland","2024-03-11"
2017,"CUS002017","Dennis Christian","Consumer","Nottingham","United Kingdom","2019-12-20"
2018,"CUS002018","Luke Burke","Corporate","Birmingham","United Kingdom","2019-03-24"
2019,"CUS002019","Tyler Jackson","Consumer","New York","USA","2023-03-15"
2020,"CUS002020","Alexis Fox","Consumer","Dublin","Ireland","2021-02-21"
2021,"CUS002021","Tanya Wilcox","Consumer","Austin","USA","2019-08-07"
2022,"CUS002022","Danny Harris DVM","Consumer","Manchester","United Kingdom","2020-07-29"
2023,"CUS002023","Deborah Francis","Consumer","Munich","Germany","2021-02-10"
2024,"CUS002024","Jeffrey Clark","Consumer","London","United Kingdom","2022-04-23"
2025,"CUS002025","Roger Acosta","Consumer","Leeds","United Kingdom","2024-06-29"
2026,"CUS002026","Christopher Sparks","Consumer","Manchester","United Kingdom","2024-11-12"
2027,"CUS002027","William Young","Corporate","Bristol","United Kingdom","2020-11-29"
2028,"CUS002028","David Aguilar","Corporate","Glasgow","United Kingdom","2020-09-29"
2029,"CUS002029","Angelica Harrison","Online Reseller","Berlin","Germany","2023-11-13"
2030,"CUS002030","Valerie Sanders","Corporate","Glasgow","United Kingdom","2022-03-28"
2031,"CUS002031","James Henderson","Online Reseller","Bristol","United Kingdom","2025-03-09"
2032,"CUS002032","Angel Hawkins","Consumer","Chicago","USA","2021-05-13"
2033,"CUS002033","Timothy Ruiz","Consumer","Leeds","United Kingdom","2020-04-17"
2034,"CUS002034","Larry Lambert","Consumer","Dublin","Ireland","2024-03-28"
2035,"CUS002035","Michelle Pacheco","Corporate","Munich","Germany","2025-08-07"
2036,"CUS002036","Jonathan James","Corporate","Barcelona","Spain","2023-01-09"
2037,"CUS002037","Megan Anderson","Consumer","Amsterdam","Netherlands","2024-05-01"
2038,"CUS002038","Amanda White","Small Business","Bristol","United Kingdom","2021-02-05"
2039,"CUS002039","Johnathan Morgan","Consumer","Barcelona","Spain","2025-02-17"
2040,"CUS002040","Brandon Page","Consumer","Nottingham","United Kingdom","2025-11-30"
2041,"CUS002041","David Edwards","Corporate","Cork","Ireland","2024-04-23"
2042,"CUS002042","Kathryn Mcpherson","Corporate","Rotterdam","Netherlands","2025-09-27"
2043,"CUS002043","Isaac Jordan","Consumer","Bristol","United Kingdom","2019-06-14"
2044,"CUS002044","Deborah Gallegos","Small Business","Madrid","Spain","2024-09-07"
2045,"CUS002045","Kelly Graham","Small Business","Leeds","United Kingdom","2025-06-23"
2046,"CUS002046","Norman Henry","Consumer","Nottingham","United Kingdom","2020-11-12"
2047,"CUS002047","Kristi Livingston","Online Reseller","Madrid","Spain","2025-05-15"
2048,"CUS002048","Jessica Lopez","Corporate","New York","USA","2019-08-09"
2049,"CUS002049","Clifford Harrison","Small Business","Barcelona","Spain","2020-08-02"
2050,"CUS002050","John Wilson","Consumer","Chicago","USA","2024-03-01"
2051,"CUS002051","Kathleen Alexander","Consumer","London","United Kingdom","2020-12-05"
2052,"CUS002052","Kristina Ellis MD","Consumer","Nottingham","United Kingdom","2021-04-12"
2053,"CUS002053","Brittany Bailey","Consumer","Bristol","United Kingdom","2025-03-24"
2054,"CUS002054","Duane Conley","Consumer","Rotterdam","Netherlands","2020-10-14"
2055,"CUS002055","Samantha Elliott","Consumer","Leeds","United Kingdom","2023-06-03"
2056,"CUS002056","Christy Bolton","Corporate","Lyon","France","2024-03-13"
2057,"CUS002057","Randall White","Consumer","Paris","France","2022-07-27"
2058,"CUS002058","Danielle Jimenez","Consumer","New York","USA","2022-09-01"
2059,"CUS002059","Gary Mitchell","Corporate","Rotterdam","Netherlands","2024-12-27"
2060,"CUS002060","Mrs. Jacqueline Hickman","Corporate","Leeds","United Kingdom","2025-07-30"
2061,"CUS002061","Frank Johnson","Consumer","Birmingham","United Kingdom","2021-08-21"
2062,"CUS002062","Michael Castillo","Consumer","Manchester","United Kingdom","2019-01-07"
2063,"CUS002063","Debra Barrett","Small Business","Munich","Germany","2021-07-31"
2064,"CUS002064","Andrew Dean","Consumer","London","United Kingdom","2022-05-21"
2065,"CUS002065","Travis Cooke","Consumer","Manchester","United Kingdom","2021-01-06"
2066,"CUS002066","Rebecca Anderson","Consumer","Manchester","United Kingdom","2024-05-22"
2067,"CUS002067","Rebecca Campbell","Consumer","Leeds","United Kingdom","2023-06-20"
2068,"CUS002068","Natasha Payne","Consumer","Paris","France","2019-12-05"
2069,"CUS002069","Anna Scott","Consumer","Bristol","United Kingdom","2023-07-15"
2070,"CUS002070","Randy Ross","Consumer","New York","USA","2020-06-11"
2071,"CUS002071","Daniel Price","Corporate","Munich","Germany","2019-02-17"
2072,"CUS002072","Matthew Best","Consumer","Cork","Ireland","2019-08-12"
2073,"CUS002073","Edwin Owen","Corporate","Manchester","United Kingdom","2020-04-19"
2074,"CUS002074","Tammy Mckee","Consumer","Munich","Germany","2024-04-23"
2075,"CUS002075","Heather Davis","Online Reseller","Austin","USA","2020-04-02"
2076,"CUS002076","Curtis Griffin","Consumer","Chicago","USA","2023-04-20"
2077,"CUS002077","Derrick Burke","Consumer","Amsterdam","Netherlands","2022-10-12"
2078,"CUS002078","Jay Richardson","Consumer","Barcelona","Spain","2025-11-22"
2079,"CUS002079","Mark Davis","Consumer","Chicago","USA","2024-03-18"
2080,"CUS002080","Valerie Rhodes","Small Business","Nottingham","United Kingdom","2024-02-29"
2081,"CUS002081","Michelle Arias","Corporate","Birmingham","United Kingdom","2021-10-30"
2082,"CUS002082","Maria Miller","Consumer","Bristol","United Kingdom","2019-04-07"
2083,"CUS002083","Bob Solis","Consumer","Berlin","Germany","2023-09-05"
2084,"CUS002084","William Sutton","Consumer","Manchester","United Kingdom","2019-05-26"
2085,"CUS002085","David Patterson","Corporate","Munich","Germany","2024-12-16"
2086,"CUS002086","Kristen Lowery","Consumer","New York","USA","2024-12-31"
2087,"CUS002087","Kayla Gutierrez","Consumer","Bristol","United Kingdom","2024-07-14"
2088,"CUS002088","Nathan Hess","Consumer","Manchester","United Kingdom","2024-02-20"
2089,"CUS002089","Kevin Mack","Small Business","Paris","France","2024-11-14"
2090,"CUS002090","Patrick Ford","Consumer","Berlin","Germany","2023-03-07"
2091,"CUS002091","Sarah Williams","Online Reseller","Birmingham","United Kingdom","2020-02-19"
2092,"CUS002092","Michael Edwards","Consumer","Bristol","United Kingdom","2022-05-21"
2093,"CUS002093","Nicole Cole","Consumer","Nottingham","United Kingdom","2021-11-18"
2094,"CUS002094","Gloria Hull","Small Business","Austin","USA","2023-11-11"
2095,"CUS002095","Christine Miller","Corporate","Madrid","Spain","2022-05-26"
2096,"CUS002096","Mrs. Megan Hamilton","Small Business","Hamburg","Germany","2021-09-25"
2097,"CUS002097","James Smith","Consumer","Paris","France","2024-04-21"
2098,"CUS002098","Julia Sullivan","Consumer","Leeds","United Kingdom","2021-01-30"
2099,"CUS002099","Natasha Swanson","Consumer","Bristol","United Kingdom","2023-06-21"
2100,"CUS002100","Robert Jensen","Consumer","Barcelona","Spain","2023-07-26"
2101,"CUS002101","Tracey Leonard","Consumer","Glasgow","United Kingdom","2020-06-15"
2102,"CUS002102","Anita Taylor","Corporate","Leeds","United Kingdom","2022-07-27"
2103,"CUS002103","Robert Horton","Consumer","London","United Kingdom","2022-08-22"
2104,"CUS002104","Alexander Castillo","Consumer","Birmingham","United Kingdom","2025-10-31"
2105,"CUS002105","David Wilkinson","Consumer","Austin","USA","2025-09-04"
2106,"CUS002106","Kimberly Miller","Consumer","Leeds","United Kingdom","2025-04-03"
2107,"CUS002107","Brittany Henderson","Consumer","Manchester","United Kingdom","2023-12-26"
2108,"CUS002108","Steven Rodgers","Corporate","Glasgow","United Kingdom","2021-05-12"
2109,"CUS002109","John Smith","Corporate","Berlin","Germany","2021-11-13"
2110,"CUS002110","David Phillips","Small Business","Bristol","United Kingdom","2019-11-18"
2111,"CUS002111","Jenna Cook","Consumer","Lyon","France","2024-12-09"
2112,"CUS002112","Ryan Reynolds","Small Business","Manchester","United Kingdom","2024-01-24"
2113,"CUS002113","Jon Lane","Consumer","Paris","France","2025-07-23"
2114,"CUS002114","Yvonne Johnson","Corporate","Manchester","United Kingdom","2023-08-29"
2115,"CUS002115","Jose Hardy","Small Business","Madrid","Spain","2022-03-08"
2116,"CUS002116","Susan Dillon","Online Reseller","Munich","Germany","2023-03-18"
2117,"CUS002117","Antonio Smith","Consumer","Madrid","Spain","2020-05-20"
2118,"CUS002118","Kristen Adams","Consumer","London","United Kingdom","2020-03-29"
2119,"CUS002119","Stacy Wilson","Small Business","Berlin","Germany","2023-07-01"
2120,"CUS002120","Maria West","Small Business","Munich","Germany","2023-09-09"
2121,"CUS002121","Christopher Barber","Consumer","Barcelona","Spain","2023-01-27"
2122,"CUS002122","Jeffrey Romero","Consumer","Lyon","France","2024-12-21"
2123,"CUS002123","Melinda Dorsey","Consumer","Glasgow","United Kingdom","2024-03-15"
2124,"CUS002124","Michelle Mcdonald","Consumer","Leeds","United Kingdom","2020-12-28"
2125,"CUS002125","Miranda Myers","Consumer","Nottingham","United Kingdom","2022-09-30"
2126,"CUS002126","Todd Delgado","Consumer","Austin","USA","2020-02-07"
2127,"CUS002127","John Maddox","Consumer","Bristol","United Kingdom","2023-09-10"
2128,"CUS002128","Daniel Vazquez","Consumer","Bristol","United Kingdom","2021-07-07"
2129,"CUS002129","John Thompson","Consumer","Birmingham","United Kingdom","2019-11-26"
2130,"CUS002130","Johnathan Leon","Consumer","Hamburg","Germany","2019-04-04"
2131,"CUS002131","Katherine Young","Consumer","London","United Kingdom","2024-04-16"
2132,"CUS002132","Yvonne Howard","Consumer","Lyon","France","2025-09-29"
2133,"CUS002133","Michael Thompson","Corporate","Rotterdam","Netherlands","2021-03-01"
2134,"CUS002134","Kathy Roman","Consumer","Amsterdam","Netherlands","2021-09-07"
2135,"CUS002135","Brian Perez","Small Business","Bristol","United Kingdom","2022-08-14"
2136,"CUS002136","Katelyn Chaney","Small Business","Nottingham","United Kingdom","2021-04-27"
2137,"CUS002137","Patricia Carrillo","Consumer","Munich","Germany","2025-10-06"
2138,"CUS002138","Stephanie Castaneda","Small Business","London","United Kingdom","2024-03-04"
2139,"CUS002139","Lindsey Garcia","Small Business","Dublin","Ireland","2022-09-18"
2140,"CUS002140","Tracy Lloyd","Consumer","Amsterdam","Netherlands","2019-10-14"
2141,"CUS002141","Nicole Villegas","Corporate","Nottingham","United Kingdom","2023-07-23"
2142,"CUS002142","Lisa Garrison","Small Business","Rotterdam","Netherlands","2019-10-16"
2143,"CUS002143","Justin Romero","Small Business","Chicago","USA","2025-01-09"
2144,"CUS002144","Bruce Harris","Corporate","Glasgow","United Kingdom","2024-12-27"
2145,"CUS002145","Nicholas Erickson","Consumer","Chicago","USA","2019-09-02"
2146,"CUS002146","Kathleen Harrell","Small Business","Leeds","United Kingdom","2019-06-13"
2147,"CUS002147","Jack Fuentes","Small Business","Bristol","United Kingdom","2023-12-08"
2148,"CUS002148","Dakota Montes","Consumer","Nottingham","United Kingdom","2021-12-11"
2149,"CUS002149","Adriana Davenport","Small Business","Austin","USA","2020-04-02"
2150,"CUS002150","Dustin Jackson","Consumer","Chicago","USA","2022-10-23"
2151,"CUS002151","Mike Perry","Small Business","London","United Kingdom","2021-05-10"
2152,"CUS002152","Danielle Mullins","Corporate","Manchester","United Kingdom","2019-10-31"
2153,"CUS002153","Rachel Taylor","Small Business","Cork","Ireland","2021-11-30"
2154,"CUS002154","Thomas Villanueva","Consumer","Bristol","United Kingdom","2024-01-19"
2155,"CUS002155","Kelli Fleming","Corporate","Lyon","France","2020-07-27"
2156,"CUS002156","Jessica Carrillo","Consumer","Manchester","United Kingdom","2023-02-28"
2157,"CUS002157","Kelly Jones","Consumer","Hamburg","Germany","2020-10-10"
2158,"CUS002158","James Barton","Consumer","Munich","Germany","2023-12-07"
2159,"CUS002159","James Johnson","Corporate","Paris","France","2020-06-10"
2160,"CUS002160","Brittany Andrews","Small Business","Manchester","United Kingdom","2021-11-19"
2161,"CUS002161","Veronica Lloyd","Small Business","Paris","France","2025-07-16"
2162,"CUS002162","Valerie Barnes","Consumer","Birmingham","United Kingdom","2023-01-31"
2163,"CUS002163","Mercedes Russo","Small Business","Austin","USA","2024-10-17"
2164,"CUS002164","Emily Cooper","Small Business","Birmingham","United Kingdom","2022-11-10"
2165,"CUS002165","Stephanie Bishop","Consumer","Lyon","France","2023-03-29"
2166,"CUS002166","Jared Schneider","Corporate","Rotterdam","Netherlands","2024-11-21"
2167,"CUS002167","Lori Montgomery","Small Business","Cork","Ireland","2019-02-28"
2168,"CUS002168","Gregory Cain","Consumer","Paris","France","2022-06-20"
2169,"CUS002169","Patricia Ibarra","Consumer","London","United Kingdom","2020-05-04"
2170,"CUS002170","Joshua Price","Consumer","Lyon","France","2025-05-21"
2171,"CUS002171","Sheryl Meyer","Small Business","Madrid","Spain","2024-11-16"
2172,"CUS002172","Cindy Hunt","Consumer","Amsterdam","Netherlands","2019-05-15"
2173,"CUS002173","Glen Reid","Online Reseller","Nottingham","United Kingdom","2024-09-09"
2174,"CUS002174","Steve Fernandez","Online Reseller","Birmingham","United Kingdom","2025-01-11"
2175,"CUS002175","Ronnie Torres","Consumer","Amsterdam","Netherlands","2024-11-11"
2176,"CUS002176","Jonathan Dennis","Small Business","Manchester","United Kingdom","2021-01-18"
2177,"CUS002177","Debbie Romero","Consumer","Paris","France","2024-02-12"
2178,"CUS002178","Peter Pugh","Consumer","Birmingham","United Kingdom","2022-02-10"
2179,"CUS002179","Kenneth Smith","Corporate","London","United Kingdom","2019-09-18"
2180,"CUS002180","David Reese","Consumer","Madrid","Spain","2019-09-07"
2181,"CUS002181","Michelle Pineda","Corporate","London","United Kingdom","2025-07-08"
2182,"CUS002182","Sarah Hall","Consumer","Dublin","Ireland","2019-07-29"
2183,"CUS002183","Michael Briggs","Consumer","Bristol","United Kingdom","2024-05-13"
2184,"CUS002184","Brenda Gray","Consumer","Nottingham","United Kingdom","2020-02-14"
2185,"CUS002185","Ashley Black","Corporate","Berlin","Germany","2022-05-13"
2186,"CUS002186","Richard Gibson","Consumer","Hamburg","Germany","2020-04-01"
2187,"CUS002187","Jeffery Jenkins","Small Business","Chicago","USA","2021-03-08"
2188,"CUS002188","Jeffery Anderson","Corporate","Hamburg","Germany","2024-02-12"
2189,"CUS002189","Blake Rhodes","Small Business","Barcelona","Spain","2025-09-29"
2190,"CUS002190","Justin Maxwell","Consumer","Bristol","United Kingdom","2024-09-08"
2191,"CUS002191","Lauren Fields","Online Reseller","Cork","Ireland","2022-05-12"
2192,"CUS002192","Melissa Gould PhD","Consumer","Birmingham","United Kingdom","2022-02-01"
2193,"CUS002193","Christopher Wagner","Corporate","Lyon","France","2020-04-01"
2194,"CUS002194","Mr. Walter Palmer","Consumer","Madrid","Spain","2022-07-31"
2195,"CUS002195","Melissa Gibson","Consumer","Rotterdam","Netherlands","2021-01-02"
2196,"CUS002196","Christopher Hansen","Corporate","Leeds","United Kingdom","2020-01-23"
2197,"CUS002197","Barbara Phelps","Consumer","Barcelona","Spain","2025-01-15"
2198,"CUS002198","Jacob Roberts","Small Business","New York","USA","2021-08-07"
2199,"CUS002199","Autumn Torres","Consumer","Birmingham","United Kingdom","2024-12-12"
2200,"CUS002200","Edward Johnson","Small Business","Cork","Ireland","2021-05-11"
2201,"CUS002201","Richard Fisher","Consumer","Berlin","Germany","2021-02-25"
2202,"CUS002202","Elizabeth Campbell","Small Business","New York","USA","2025-11-04"
2203,"CUS002203","Patrick Smith","Online Reseller","Lyon","France","2024-04-24"
2204,"CUS002204","Andrea Williams","Small Business","Lyon","France","2022-01-08"
2205,"CUS002205","Mr. Jesse Morgan","Consumer","Manchester","United Kingdom","2022-05-28"
2206,"CUS002206","Ruben Bass","Consumer","Manchester","United Kingdom","2022-12-20"
2207,"CUS002207","Charles Fields","Consumer","Chicago","USA","2023-10-09"
2208,"CUS002208","Mary Hernandez","Consumer","Munich","Germany","2023-07-14"
2209,"CUS002209","Ann Weber","Consumer","Leeds","United Kingdom","2020-07-27"
2210,"CUS002210","Jasmine Mccullough","Consumer","Barcelona","Spain","2021-04-08"
2211,"CUS002211","Angel Santiago","Consumer","Bristol","United Kingdom","2023-03-10"
2212,"CUS002212","Donald Davis","Small Business","Leeds","United Kingdom","2022-08-27"
2213,"CUS002213","Alexander Mccoy","Consumer","Hamburg","Germany","2021-05-30"
2214,"CUS002214","Ellen Brewer","Small Business","Munich","Germany","2020-03-13"
2215,"CUS002215","Angela Friedman","Consumer","London","United Kingdom","2024-05-18"
2216,"CUS002216","Nina Bernard","Online Reseller","Barcelona","Spain","2019-07-08"
2217,"CUS002217","Nicole Shaw","Corporate","Chicago","USA","2024-06-17"
2218,"CUS002218","Matthew Schmidt","Corporate","Birmingham","United Kingdom","2019-08-31"
2219,"CUS002219","Denise Harris","Consumer","Bristol","United Kingdom","2025-01-12"
2220,"CUS002220","Sara Riley","Consumer","Manchester","United Kingdom","2020-07-04"
2221,"CUS002221","Joseph Flores","Consumer","Amsterdam","Netherlands","2023-08-22"
2222,"CUS002222","Katherine Peck","Corporate","New York","USA","2025-06-09"
2223,"CUS002223","Christopher Johnson","Consumer","Nottingham","United Kingdom","2022-09-04"
2224,"CUS002224","Janet Davis","Consumer","Hamburg","Germany","2024-12-15"
2225,"CUS002225","Kimberly Mitchell","Consumer","Austin","USA","2019-10-06"
2226,"CUS002226","Randy Moore","Online Reseller","Rotterdam","Netherlands","2023-01-19"
2227,"CUS002227","Meghan Brown","Corporate","Barcelona","Spain","2021-05-29"
2228,"CUS002228","Catherine Reeves","Consumer","Leeds","United Kingdom","2023-01-23"
2229,"CUS002229","Brett Thomas","Online Reseller","Bristol","United Kingdom","2021-11-26"
2230,"CUS002230","Deanna David","Online Reseller","Bristol","United Kingdom","2020-07-28"
2231,"CUS002231","Amber Allen","Consumer","Leeds","United Kingdom","2024-06-15"
2232,"CUS002232","Cynthia Romero","Consumer","Austin","USA","2024-09-29"
2233,"CUS002233","Tiffany Adams","Consumer","Birmingham","United Kingdom","2019-05-12"
2234,"CUS002234","Juan Jones","Small Business","Barcelona","Spain","2024-07-08"
2235,"CUS002235","Mark Mcintyre","Corporate","Manchester","United Kingdom","2019-11-06"
2236,"CUS002236","Julian Willis","Small Business","Hamburg","Germany","2024-12-18"
2237,"CUS002237","Phillip Pearson","Small Business","Birmingham","United Kingdom","2019-12-26"
2238,"CUS002238","Keith Griffin","Corporate","Munich","Germany","2021-02-20"
2239,"CUS002239","Kathryn Patton","Consumer","Austin","USA","2022-02-08"
2240,"CUS002240","Joshua Jackson","Corporate","Dublin","Ireland","2019-10-27"
2241,"CUS002241","Troy Ali","Consumer","Birmingham","United Kingdom","2024-12-01"
2242,"CUS002242","Amanda Hess","Small Business","Austin","USA","2023-11-07"
2243,"CUS002243","Lisa Delgado","Corporate","Rotterdam","Netherlands","2019-01-27"
2244,"CUS002244","Antonio Weeks","Consumer","Munich","Germany","2021-07-11"
2245,"CUS002245","David Frazier","Consumer","London","United Kingdom","2021-07-01"
2246,"CUS002246","Dr. Christy Pittman MD","Consumer","Munich","Germany","2021-03-31"
2247,"CUS002247","Joseph Jones","Small Business","Austin","USA","2025-06-20"
2248,"CUS002248","Michael Rivas","Consumer","Glasgow","United Kingdom","2022-06-17"
2249,"CUS002249","Yvonne Johns","Consumer","Nottingham","United Kingdom","2019-06-11"
2250,"CUS002250","Jonathan Pham","Consumer","Austin","USA","2019-10-11"
2251,"CUS002251","Theresa Reid","Small Business","Manchester","United Kingdom","2021-05-05"
2252,"CUS002252","Michelle Nelson","Consumer","London","United Kingdom","2022-01-15"
2253,"CUS002253","Erica Clark","Small Business","London","United Kingdom","2019-04-22"
2254,"CUS002254","Erin Sloan","Consumer","Leeds","United Kingdom","2023-03-17"
2255,"CUS002255","Thomas Lynch","Corporate","Glasgow","United Kingdom","2021-05-04"
2256,"CUS002256","Adam Thompson","Consumer","Leeds","United Kingdom","2021-03-24"
2257,"CUS002257","Melissa Burns","Corporate","Leeds","United Kingdom","2020-05-25"
2258,"CUS002258","Brad Mcdowell","Consumer","London","United Kingdom","2025-06-26"
2259,"CUS002259","Kimberly Stafford","Consumer","New York","USA","2021-05-08"
2260,"CUS002260","Jill Martinez","Corporate","Leeds","United Kingdom","2023-01-07"
2261,"CUS002261","Jamie Burke","Consumer","Chicago","USA","2021-05-11"
2262,"CUS002262","Ryan Cain","Consumer","Barcelona","Spain","2024-09-14"
2263,"CUS002263","Mrs. Jacqueline Lee","Consumer","Leeds","United Kingdom","2023-04-06"
2264,"CUS002264","Patrick Chang","Online Reseller","Chicago","USA","2020-02-14"
2265,"CUS002265","Michelle Lee","Small Business","Manchester","United Kingdom","2023-11-14"
2266,"CUS002266","Lori Stokes","Consumer","Barcelona","Spain","2019-12-12"
2267,"CUS002267","William Coffey","Small Business","Lyon","France","2019-03-06"
2268,"CUS002268","Johnathan Padilla","Corporate","Barcelona","Spain","2022-08-17"
2269,"CUS002269","Adrienne Joyce","Consumer","Glasgow","United Kingdom","2025-05-01"
2270,"CUS002270","Ashley Ramirez","Consumer","Birmingham","United Kingdom","2024-04-08"
2271,"CUS002271","Carolyn Lee","Corporate","New York","USA","2021-05-09"
2272,"CUS002272","Megan Morrison","Consumer","Rotterdam","Netherlands","2023-08-27"
2273,"CUS002273","Kevin Reese","Consumer","Chicago","USA","2024-10-25"
2274,"CUS002274","Timothy Foley","Consumer","Madrid","Spain","2020-03-24"
2275,"CUS002275","Monica Hill","Consumer","New York","USA","2022-06-07"
2276,"CUS002276","Allison Booker","Small Business","Manchester","United Kingdom","2021-12-22"
2277,"CUS002277","Lisa Becker","Small Business","Berlin","Germany","2022-09-20"
2278,"CUS002278","April Simmons","Consumer","Leeds","United Kingdom","2020-08-14"
2279,"CUS002279","Marie Nash","Consumer","Madrid","Spain","2025-09-17"
2280,"CUS002280","Ryan Russell","Consumer","New York","USA","2019-03-03"
2281,"CUS002281","Joseph Simpson","Consumer","London","United Kingdom","2019-09-29"
2282,"CUS002282","Amanda Griffith","Consumer","Leeds","United Kingdom","2023-08-28"
2283,"CUS002283","Thomas Patel","Consumer","Rotterdam","Netherlands","2025-10-06"
2284,"CUS002284","James Cook","Consumer","New York","USA","2024-04-07"
2285,"CUS002285","Rhonda Mooney","Consumer","Rotterdam","Netherlands","2025-01-20"
2286,"CUS002286","Michael Rosario","Corporate","Birmingham","United Kingdom","2020-01-30"
2287,"CUS002287","Christina Murphy","Consumer","Dublin","Ireland","2024-10-09"
2288,"CUS002288","Mario Johnson","Consumer","London","United Kingdom","2019-12-03"
2289,"CUS002289","Alexander Robles","Consumer","Austin","USA","2025-11-24"
2290,"CUS002290","Sara Wright","Consumer","London","United Kingdom","2022-05-18"
2291,"CUS002291","Tyler Wall","Corporate","Leeds","United Kingdom","2024-10-30"
2292,"CUS002292","Kelly Young","Small Business","Cork","Ireland","2020-06-23"
2293,"CUS002293","Kyle Gonzales","Corporate","Manchester","United Kingdom","2025-07-01"
2294,"CUS002294","Jeremy Martinez","Corporate","New York","USA","2023-04-27"
2295,"CUS002295","Sydney Bennett","Online Reseller","Paris","France","2019-02-28"
2296,"CUS002296","Melissa Patton","Small Business","Nottingham","United Kingdom","2021-09-01"
2297,"CUS002297","Robert Brown","Consumer","Manchester","United Kingdom","2024-05-23"
2298,"CUS002298","Jessica Garcia","Consumer","Cork","Ireland","2025-06-22"
2299,"CUS002299","Anthony Horn","Consumer","London","United Kingdom","2021-12-12"
2300,"CUS002300","Luis Jenkins","Corporate","Berlin","Germany","2024-10-08"
2301,"CUS002301","Rachel Hanson","Online Reseller","Barcelona","Spain","2021-02-02"
2302,"CUS002302","John Patterson","Small Business","Glasgow","United Kingdom","2025-02-26"
2303,"CUS002303","Ashley Curtis","Corporate","Dublin","Ireland","2022-11-03"
2304,"CUS002304","Allison Holmes","Consumer","Chicago","USA","2023-02-05"
2305,"CUS002305","Ashley Smith","Online Reseller","Nottingham","United Kingdom","2020-06-01"
2306,"CUS002306","Leslie Randall","Small Business","Leeds","United Kingdom","2020-05-07"
2307,"CUS002307","Beth Hicks","Consumer","Munich","Germany","2022-11-24"
2308,"CUS002308","John Oliver","Corporate","Leeds","United Kingdom","2019-12-06"
2309,"CUS002309","Chad Williams","Consumer","Madrid","Spain","2024-09-23"
2310,"CUS002310","Kevin Palmer","Corporate","Glasgow","United Kingdom","2019-03-10"
2311,"CUS002311","Heather Silva","Consumer","Bristol","United Kingdom","2025-09-27"
2312,"CUS002312","Brianna Harrison","Small Business","Austin","USA","2024-11-20"
2313,"CUS002313","Donna Cordova","Consumer","Birmingham","United Kingdom","2021-08-01"
2314,"CUS002314","Mary Thomas","Consumer","Paris","France","2020-02-15"
2315,"CUS002315","Robert Hansen","Small Business","Paris","France","2020-09-14"
2316,"CUS002316","Gregg Bray","Consumer","Hamburg","Germany","2021-04-08"
2317,"CUS002317","Christina Jones","Consumer","Leeds","United Kingdom","2024-11-07"
2318,"CUS002318","John Holt","Consumer","Barcelona","Spain","2020-07-11"
2319,"CUS002319","Michael Christian","Consumer","Chicago","USA","2021-10-26"
2320,"CUS002320","Gabriela Evans","Consumer","Lyon","France","2025-11-16"
2321,"CUS002321","Brian Walter","Consumer","Berlin","Germany","2023-08-08"
2322,"CUS002322","Kathleen Mora","Small Business","Leeds","United Kingdom","2021-09-20"
2323,"CUS002323","Melissa Owens","Corporate","London","United Kingdom","2023-05-21"
2324,"CUS002324","John Tate","Small Business","Berlin","Germany","2019-10-16"
2325,"CUS002325","Renee Bennett","Consumer","Manchester","United Kingdom","2023-07-03"
2326,"CUS002326","Ronald Smith","Corporate","Bristol","United Kingdom","2020-09-13"
2327,"CUS002327","Hunter Spencer","Corporate","London","United Kingdom","2022-09-03"
2328,"CUS002328","Jeremiah Welch","Consumer","Nottingham","United Kingdom","2024-11-17"
2329,"CUS002329","Heather Hester","Corporate","Bristol","United Kingdom","2021-08-09"
2330,"CUS002330","Duane Robinson","Small Business","Lyon","France","2025-01-25"
2331,"CUS002331","Christopher Abbott","Consumer","Chicago","USA","2022-10-30"
2332,"CUS002332","Craig Thompson","Consumer","Amsterdam","Netherlands","2021-11-12"
2333,"CUS002333","Brian Decker","Consumer","Leeds","United Kingdom","2020-11-20"
2334,"CUS002334","Matthew Dyer","Small Business","Rotterdam","Netherlands","2021-07-09"
2335,"CUS002335","Daniel Bryant","Online Reseller","Dublin","Ireland","2025-10-07"
2336,"CUS002336","Jaime Jackson","Consumer","Barcelona","Spain","2024-07-18"
2337,"CUS002337","Rebecca Hanson","Consumer","Rotterdam","Netherlands","2020-03-06"
2338,"CUS002338","Michael Wilson","Small Business","Rotterdam","Netherlands","2022-02-03"
2339,"CUS002339","Bianca Lopez","Consumer","Barcelona","Spain","2021-10-26"
2340,"CUS002340","Melissa Stewart","Consumer","Madrid","Spain","2024-06-11"
2341,"CUS002341","Mark Mccall","Consumer","Leeds","United Kingdom","2023-11-12"
2342,"CUS002342","Laurie Dickerson","Online Reseller","Paris","France","2024-06-21"
2343,"CUS002343","Charles Wright","Consumer","Hamburg","Germany","2024-10-26"
2344,"CUS002344","Diana Martinez","Consumer","Rotterdam","Netherlands","2020-03-17"
2345,"CUS002345","Lauren Burns","Online Reseller","Hamburg","Germany","2025-06-15"
2346,"CUS002346","Rachel Gibbs","Consumer","Glasgow","United Kingdom","2025-07-04"
2347,"CUS002347","Carol Hughes","Small Business","Lyon","France","2019-06-13"
2348,"CUS002348","Nicole Brooks","Consumer","Glasgow","United Kingdom","2024-03-02"
2349,"CUS002349","Cassidy Marquez","Consumer","Hamburg","Germany","2023-06-22"
2350,"CUS002350","Karen Sosa","Corporate","Austin","USA","2023-11-04"
2351,"CUS002351","Kevin Little","Consumer","Paris","France","2021-01-10"
2352,"CUS002352","Marie Clark","Consumer","Manchester","United Kingdom","2023-08-16"
2353,"CUS002353","Jodi Young","Consumer","Austin","USA","2021-11-04"
2354,"CUS002354","Jeffery Bennett","Consumer","Bristol","United Kingdom","2021-10-15"
2355,"CUS002355","Ryan Scott","Consumer","Glasgow","United Kingdom","2024-02-20"
2356,"CUS002356","Paul Phillips","Small Business","Lyon","France","2020-10-19"
2357,"CUS002357","Crystal Williams","Small Business","Glasgow","United Kingdom","2022-08-11"
2358,"CUS002358","Gabrielle Hayes","Small Business","Chicago","USA","2020-12-05"
2359,"CUS002359","Jacob Jimenez","Consumer","Amsterdam","Netherlands","2025-11-29"
2360,"CUS002360","Alexander Alexander","Consumer","Berlin","Germany","2022-06-06"
2361,"CUS002361","Bill Valenzuela","Consumer","Bristol","United Kingdom","2023-07-22"
2362,"CUS002362","Jonathan Payne","Corporate","Leeds","United Kingdom","2023-04-17"
2363,"CUS002363","Donald Perez","Corporate","Glasgow","United Kingdom","2022-12-07"
2364,"CUS002364","Isaac Payne","Small Business","Leeds","United Kingdom","2020-10-14"
2365,"CUS002365","Michael Wright","Consumer","Barcelona","Spain","2021-02-16"
2366,"CUS002366","Patricia Bruce","Corporate","Hamburg","Germany","2025-04-14"
2367,"CUS002367","Larry Taylor","Consumer","Birmingham","United Kingdom","2023-06-19"
2368,"CUS002368","Michelle Daniels","Consumer","Berlin","Germany","2020-01-06"
2369,"CUS002369","Randy Campbell","Consumer","Austin","USA","2021-12-14"
2370,"CUS002370","Zachary Bautista","Consumer","Manchester","United Kingdom","2023-06-14"
2371,"CUS002371","Norma Smith","Consumer","Leeds","United Kingdom","2022-04-18"
2372,"CUS002372","Virginia Lynn","Consumer","Berlin","Germany","2021-07-09"
2373,"CUS002373","Crystal Cummings","Consumer","Nottingham","United Kingdom","2020-09-26"
2374,"CUS002374","David Matthews","Consumer","Lyon","France","2021-07-08"
2375,"CUS002375","Julie Olsen","Consumer","Amsterdam","Netherlands","2021-07-14"
2376,"CUS002376","Brady Singleton","Consumer","Glasgow","United Kingdom","2019-02-20"
2377,"CUS002377","Tom Butler","Small Business","Nottingham","United Kingdom","2024-06-02"
2378,"CUS002378","Samuel Johnson","Corporate","Rotterdam","Netherlands","2025-05-15"
2379,"CUS002379","Shane Torres","Small Business","London","United Kingdom","2025-07-07"
2380,"CUS002380","Kathryn Hopkins","Small Business","Birmingham","United Kingdom","2023-05-05"
2381,"CUS002381","Darin Simmons","Small Business","Austin","USA","2023-01-30"
2382,"CUS002382","Pamela Vaughn","Consumer","Chicago","USA","2023-02-02"
2383,"CUS002383","Kevin Bradley","Consumer","Madrid","Spain","2023-01-02"
2384,"CUS002384","Charles Rowland","Consumer","Bristol","United Kingdom","2021-10-08"
2385,"CUS002385","Laura Lloyd DVM","Consumer","Austin","USA","2024-09-09"
2386,"CUS002386","Jeanne James","Consumer","Lyon","France","2025-10-10"
2387,"CUS002387","Amy Hughes","Corporate","Manchester","United Kingdom","2025-03-19"
2388,"CUS002388","Gary Hayden","Consumer","New York","USA","2025-06-10"
2389,"CUS002389","Elizabeth Jackson","Corporate","Rotterdam","Netherlands","2024-07-29"
2390,"CUS002390","Cassandra Serrano","Online Reseller","Berlin","Germany","2020-12-02"
2391,"CUS002391","Alyssa Gonzalez","Corporate","Leeds","United Kingdom","2019-08-24"
2392,"CUS002392","Jasmin Harris","Small Business","Rotterdam","Netherlands","2020-08-28"
2393,"CUS002393","Joseph Gibson","Consumer","Manchester","United Kingdom","2022-02-04"
2394,"CUS002394","Adam Murphy","Consumer","Hamburg","Germany","2025-09-14"
2395,"CUS002395","Jeanne Mayo","Online Reseller","Dublin","Ireland","2021-05-31"
2396,"CUS002396","Jason Paul","Consumer","Lyon","France","2022-06-01"
2397,"CUS002397","Steven Clark","Small Business","Birmingham","United Kingdom","2024-09-11"
2398,"CUS002398","Emily Meyers","Small Business","Madrid","Spain","2025-07-31"
2399,"CUS002399","Caitlin Andrews","Online Reseller","Nottingham","United Kingdom","2019-08-05"
2400,"CUS002400","Dale Moran","Corporate","Chicago","USA","2019-10-18"
2401,"CUS002401","Dakota Ritter","Consumer","Hamburg","Germany","2020-10-22"
2402,"CUS002402","Roger Jacobs","Online Reseller","New York","USA","2021-01-04"
2403,"CUS002403","Gary Carroll","Corporate","Amsterdam","Netherlands","2024-07-20"
2404,"CUS002404","Joel Williams Jr.","Consumer","Chicago","USA","2023-07-11"
2405,"CUS002405","Tamara Reed","Consumer","Hamburg","Germany","2023-07-28"
2406,"CUS002406","Rebecca Myers","Consumer","Leeds","United Kingdom","2022-11-07"
2407,"CUS002407","Sarah Perry","Consumer","Manchester","United Kingdom","2023-10-29"
2408,"CUS002408","Luke Reynolds","Consumer","Rotterdam","Netherlands","2021-12-03"
2409,"CUS002409","Matthew Hale","Consumer","London","United Kingdom","2019-12-01"
2410,"CUS002410","Michael Williams","Consumer","Glasgow","United Kingdom","2021-11-21"
2411,"CUS002411","Brooke Khan","Consumer","Birmingham","United Kingdom","2025-03-31"
2412,"CUS002412","Mary Jones","Consumer","Manchester","United Kingdom","2019-01-08"
2413,"CUS002413","Stephanie Kerr","Consumer","Madrid","Spain","2023-04-25"
2414,"CUS002414","Philip Martinez","Small Business","Glasgow","United Kingdom","2025-04-26"
2415,"CUS002415","Pedro Gordon","Online Reseller","Nottingham","United Kingdom","2021-02-11"
2416,"CUS002416","Jennifer Martin","Consumer","Lyon","France","2021-06-13"
2417,"CUS002417","Andrew Johnson","Small Business","Madrid","Spain","2020-09-25"
2418,"CUS002418","Megan Murray","Consumer","Hamburg","Germany","2023-12-11"
2419,"CUS002419","James Lee","Consumer","Paris","France","2023-12-29"
2420,"CUS002420","David Fletcher","Online Reseller","Nottingham","United Kingdom","2020-05-07"
2421,"CUS002421","Michael Marshall","Online Reseller","Chicago","USA","2020-03-17"
2422,"CUS002422","Bradley Sandoval","Corporate","London","United Kingdom","2020-11-16"
2423,"CUS002423","Jessica Ruiz","Consumer","Barcelona","Spain","2020-09-27"
2424,"CUS002424","Christopher Roberson","Online Reseller","Barcelona","Spain","2025-02-22"
2425,"CUS002425","Cassandra Martinez","Online Reseller","Rotterdam","Netherlands","2025-03-21"
2426,"CUS002426","Caroline Powers","Consumer","London","United Kingdom","2021-09-07"
2427,"CUS002427","Donald Alexander","Consumer","Barcelona","Spain","2023-07-14"
2428,"CUS002428","Miguel Stafford","Small Business","Nottingham","United Kingdom","2024-05-21"
2429,"CUS002429","Jessica Williams","Corporate","Austin","USA","2025-08-18"
2430,"CUS002430","Kelly Bates","Consumer","Birmingham","United Kingdom","2022-08-05"
2431,"CUS002431","Ashley Vaughn","Small Business","Barcelona","Spain","2021-04-03"
2432,"CUS002432","Kyle Williams","Consumer","London","United Kingdom","2021-03-22"
2433,"CUS002433","Dakota Wright","Consumer","Bristol","United Kingdom","2023-11-18"
2434,"CUS002434","Christina Smith","Consumer","Leeds","United Kingdom","2020-03-03"
2435,"CUS002435","Adrian Hoover","Corporate","Leeds","United Kingdom","2022-06-06"
2436,"CUS002436","Amy Benjamin","Small Business","Cork","Ireland","2019-08-14"
2437,"CUS002437","Russell Beck","Consumer","Dublin","Ireland","2020-01-01"
2438,"CUS002438","Amanda Hunt","Corporate","Birmingham","United Kingdom","2025-05-28"
2439,"CUS002439","Erica Sims","Consumer","Hamburg","Germany","2019-07-16"
2440,"CUS002440","Taylor Foster","Online Reseller","Berlin","Germany","2023-04-26"
2441,"CUS002441","David Rodriguez","Consumer","Birmingham","United Kingdom","2023-11-12"
2442,"CUS002442","Adrian Valdez","Small Business","Austin","USA","2024-09-14"
2443,"CUS002443","Daniel Robinson","Consumer","Bristol","United Kingdom","2021-05-28"
2444,"CUS002444","Diana Hanson","Small Business","London","United Kingdom","2022-08-04"
2445,"CUS002445","Stephen Jenkins","Consumer","London","United Kingdom","2025-05-28"
2446,"CUS002446","Kathryn Mooney","Consumer","Paris","France","2023-04-12"
2447,"CUS002447","Raven Nielsen","Consumer","Bristol","United Kingdom","2022-04-04"
2448,"CUS002448","Darlene Davis","Corporate","London","United Kingdom","2022-09-16"
2449,"CUS002449","Mark Price","Small Business","Barcelona","Spain","2023-03-03"
2450,"CUS002450","Patricia Anderson","Consumer","Barcelona","Spain","2020-08-03"
2451,"CUS002451","Philip Watts","Corporate","Hamburg","Germany","2023-09-28"
2452,"CUS002452","Mary Jones","Consumer","Lyon","France","2022-01-21"
2453,"CUS002453","Thomas Cole","Consumer","Nottingham","United Kingdom","2023-08-22"
2454,"CUS002454","Natalie Gordon","Small Business","Glasgow","United Kingdom","2024-06-22"
2455,"CUS002455","Alexis Smith","Corporate","Nottingham","United Kingdom","2023-06-08"
2456,"CUS002456","Becky Young","Consumer","Glasgow","United Kingdom","2021-07-02"
2457,"CUS002457","David Miller","Consumer","Nottingham","United Kingdom","2024-06-24"
2458,"CUS002458","Jonathan Harris","Consumer","Birmingham","United Kingdom","2021-11-16"
2459,"CUS002459","Martin Young","Consumer","Barcelona","Spain","2022-03-19"
2460,"CUS002460","Virginia Wallace","Consumer","Birmingham","United Kingdom","2020-05-04"
2461,"CUS002461","Brandy Stewart","Online Reseller","London","United Kingdom","2025-03-22"
2462,"CUS002462","Amanda Conner","Consumer","Amsterdam","Netherlands","2019-05-27"
2463,"CUS002463","Robert Christensen","Consumer","Dublin","Ireland","2019-06-05"
2464,"CUS002464","Nicholas Cooper","Consumer","Amsterdam","Netherlands","2019-10-04"
2465,"CUS002465","Anthony Hardin","Consumer","Birmingham","United Kingdom","2020-08-07"
2466,"CUS002466","Rebecca Horton MD","Consumer","Glasgow","United Kingdom","2024-08-24"
2467,"CUS002467","Kelly White","Small Business","New York","USA","2022-07-26"
2468,"CUS002468","Amy Vasquez","Online Reseller","Nottingham","United Kingdom","2022-10-30"
2469,"CUS002469","Amy Braun","Small Business","Rotterdam","Netherlands","2022-12-05"
2470,"CUS002470","Beth Thompson","Consumer","Dublin","Ireland","2020-09-19"
2471,"CUS002471","Rebecca Harris","Consumer","Madrid","Spain","2021-03-07"
2472,"CUS002472","Jessica Mcdonald","Consumer","Bristol","United Kingdom","2023-12-10"
2473,"CUS002473","Craig Coleman","Corporate","London","United Kingdom","2022-03-24"
2474,"CUS002474","Elizabeth Ray","Consumer","Berlin","Germany","2022-07-24"
2475,"CUS002475","Christina Huffman","Consumer","Bristol","United Kingdom","2024-10-22"
2476,"CUS002476","Dr. Ian Gray","Corporate","Hamburg","Germany","2022-08-10"
2477,"CUS002477","Jay Lynch","Small Business","London","United Kingdom","2021-08-15"
2478,"CUS002478","Christopher Mckay","Corporate","Nottingham","United Kingdom","2023-05-07"
2479,"CUS002479","Dr. Jeffery Miller","Small Business","New York","USA","2019-05-25"
2480,"CUS002480","Elizabeth Medina","Consumer","Berlin","Germany","2024-05-05"
2481,"CUS002481","Casey James","Consumer","Barcelona","Spain","2025-11-28"
2482,"CUS002482","Douglas Hart","Consumer","Bristol","United Kingdom","2024-07-02"
2483,"CUS002483","Mr. Miguel Gonzalez","Online Reseller","Munich","Germany","2024-02-07"
2484,"CUS002484","April Hensley","Consumer","Dublin","Ireland","2023-01-15"
2485,"CUS002485","Jacqueline Sullivan","Corporate","Manchester","United Kingdom","2020-12-15"
2486,"CUS002486","James Harmon","Online Reseller","Barcelona","Spain","2020-10-18"
2487,"CUS002487","Eric Archer","Consumer","Nottingham","United Kingdom","2022-05-13"
2488,"CUS002488","Stephen Riddle","Consumer","Leeds","United Kingdom","2025-01-26"
2489,"CUS002489","Timothy Martin","Consumer","Rotterdam","Netherlands","2022-12-16"
2490,"CUS002490","Tina Wise","Consumer","Leeds","United Kingdom","2023-09-08"
2491,"CUS002491","Hannah Fletcher","Consumer","Cork","Ireland","2023-05-11"
2492,"CUS002492","Isabel Brown","Consumer","Cork","Ireland","2023-06-22"
2493,"CUS002493","Jeff Wright","Consumer","Birmingham","United Kingdom","2021-06-07"
2494,"CUS002494","Thomas Ward","Consumer","Austin","USA","2023-01-28"
2495,"CUS002495","Alyssa Wade","Consumer","Barcelona","Spain","2022-06-11"
2496,"CUS002496","Larry Blackburn","Consumer","London","United Kingdom","2025-02-01"
2497,"CUS002497","David Lane","Small Business","Lyon","France","2023-08-16"
2498,"CUS002498","Candice Wilson","Consumer","London","United Kingdom","2020-10-03"
2499,"CUS002499","Michael Cruz","Consumer","Lyon","France","2023-12-20"
2500,"CUS002500","Valerie Miller","Consumer","London","United Kingdom","2020-12-06"
2501,"CUS002501","Sherri Martin","Corporate","Bristol","United Kingdom","2020-09-30"
2502,"CUS002502","Michael Mason","Consumer","Paris","France","2022-07-20"
2503,"CUS002503","Stacie Willis","Small Business","Dublin","Ireland","2024-06-16"
2504,"CUS002504","Nicole Glass","Corporate","Glasgow","United Kingdom","2019-05-25"
2505,"CUS002505","Ashley Armstrong","Consumer","Paris","France","2019-02-05"
2506,"CUS002506","Robin Adams","Consumer","Madrid","Spain","2020-01-04"
2507,"CUS002507","Paul Hale","Consumer","Manchester","United Kingdom","2020-09-08"
2508,"CUS002508","Christopher Vasquez","Small Business","Barcelona","Spain","2023-01-26"
2509,"CUS002509","Raymond Butler","Corporate","Munich","Germany","2024-01-04"
2510,"CUS002510","Dylan Jordan","Consumer","Dublin","Ireland","2020-02-20"
2511,"CUS002511","Cody Taylor","Small Business","New York","USA","2020-09-14"
2512,"CUS002512","Mr. Brian Bradley","Consumer","Nottingham","United Kingdom","2023-08-06"
2513,"CUS002513","Curtis Brady","Corporate","Birmingham","United Kingdom","2022-02-25"
2514,"CUS002514","Cheryl Bird","Online Reseller","Paris","France","2020-08-23"
2515,"CUS002515","Jessica Durham","Small Business","Madrid","Spain","2020-07-09"
2516,"CUS002516","Mark Miller","Consumer","Rotterdam","Netherlands","2020-11-29"
2517,"CUS002517","Caleb Brown","Corporate","Austin","USA","2023-01-24"
2518,"CUS002518","David Washington","Consumer","Madrid","Spain","2019-03-23"
2519,"CUS002519","Alexandra Adams","Small Business","Barcelona","Spain","2019-12-15"
2520,"CUS002520","Mary Mccormick","Consumer","Amsterdam","Netherlands","2022-05-14"
2521,"CUS002521","Daniel Conner","Consumer","Paris","France","2021-03-18"
2522,"CUS002522","Joseph Hayden","Consumer","Barcelona","Spain","2019-12-07"
2523,"CUS002523","John Sherman","Consumer","Glasgow","United Kingdom","2025-08-14"
2524,"CUS002524","Gabrielle Maldonado","Consumer","London","United Kingdom","2021-11-01"
2525,"CUS002525","Ethan Allen","Online Reseller","Manchester","United Kingdom","2019-04-07"
2526,"CUS002526","James Bishop","Consumer","Dublin","Ireland","2021-09-05"
2527,"CUS002527","Shelley Drake","Consumer","Lyon","France","2023-11-09"
2528,"CUS002528","Seth Morales","Corporate","Manchester","United Kingdom","2024-02-20"
2529,"CUS002529","Tammy Johnson","Corporate","Lyon","France","2020-06-19"
2530,"CUS002530","Joseph Tapia","Corporate","Amsterdam","Netherlands","2019-03-20"
2531,"CUS002531","Danielle Hayes","Small Business","London","United Kingdom","2023-04-06"
2532,"CUS002532","Sheila Robertson","Corporate","Bristol","United Kingdom","2023-03-17"
2533,"CUS002533","April Little","Consumer","Glasgow","United Kingdom","2023-10-05"
2534,"CUS002534","Erica Schultz","Consumer","Manchester","United Kingdom","2022-11-19"
2535,"CUS002535","Tracy Fitzgerald","Consumer","Austin","USA","2022-02-27"
2536,"CUS002536","Cynthia Washington","Small Business","Leeds","United Kingdom","2019-12-14"
2537,"CUS002537","Rebecca Bailey","Small Business","Chicago","USA","2020-04-09"
2538,"CUS002538","Teresa Alvarez","Small Business","London","United Kingdom","2020-03-14"
2539,"CUS002539","Melissa Garcia","Consumer","London","United Kingdom","2020-09-22"
2540,"CUS002540","Lawrence Joseph","Small Business","Berlin","Germany","2019-11-05"
2541,"CUS002541","Sherri Glover","Corporate","Nottingham","United Kingdom","2022-10-29"
2542,"CUS002542","Amanda Jimenez","Consumer","Amsterdam","Netherlands","2024-03-02"
2543,"CUS002543","Ronnie Davies","Small Business","Lyon","France","2020-03-09"
2544,"CUS002544","Mrs. Stephanie Friedman","Corporate","Berlin","Germany","2021-03-28"
2545,"CUS002545","Mr. David Jackson","Consumer","Madrid","Spain","2020-01-11"
2546,"CUS002546","Melissa Garcia","Corporate","Glasgow","United Kingdom","2021-05-11"
2547,"CUS002547","Alyssa Hickman MD","Consumer","Nottingham","United Kingdom","2024-12-08"
2548,"CUS002548","Douglas Ball","Consumer","Glasgow","United Kingdom","2024-07-21"
2549,"CUS002549","Tiffany Lambert","Consumer","Berlin","Germany","2025-08-21"
2550,"CUS002550","Tammy Schultz","Consumer","Amsterdam","Netherlands","2024-09-10"
2551,"CUS002551","Robert Cook II","Online Reseller","London","United Kingdom","2021-12-14"
2552,"CUS002552","Tammy Brown","Corporate","Birmingham","United Kingdom","2021-02-14"
2553,"CUS002553","Thomas Paul","Consumer","Paris","France","2022-08-09"
2554,"CUS002554","Martha Glover","Consumer","New York","USA","2025-08-23"
2555,"CUS002555","Jessica Hall","Consumer","Leeds","United Kingdom","2022-03-15"
2556,"CUS002556","Earl Rodriguez","Small Business","Manchester","United Kingdom","2021-09-13"
2557,"CUS002557","Kevin Lopez","Small Business","Hamburg","Germany","2021-10-27"
2558,"CUS002558","Laura Anderson","Consumer","London","United Kingdom","2019-09-15"
2559,"CUS002559","James Mclaughlin","Corporate","Dublin","Ireland","2023-10-28"
2560,"CUS002560","Kevin Lee","Small Business","Glasgow","United Kingdom","2024-01-01"
2561,"CUS002561","Jeff Wise","Corporate","Bristol","United Kingdom","2022-07-28"
2562,"CUS002562","Taylor Martinez","Corporate","Munich","Germany","2025-10-16"
2563,"CUS002563","Leslie Rodriguez","Corporate","Paris","France","2022-07-30"
2564,"CUS002564","Samuel Stewart","Consumer","Cork","Ireland","2022-05-14"
2565,"CUS002565","Elizabeth Robinson","Consumer","Chicago","USA","2021-02-18"
2566,"CUS002566","Brittany Campbell","Consumer","London","United Kingdom","2022-12-16"
2567,"CUS002567","Sarah Carey","Consumer","Leeds","United Kingdom","2023-07-10"
2568,"CUS002568","Francisco Shaw","Consumer","Cork","Ireland","2020-08-04"
2569,"CUS002569","Denise Abbott","Consumer","Chicago","USA","2019-04-11"
2570,"CUS002570","Lynn Lewis","Consumer","Rotterdam","Netherlands","2020-09-03"
2571,"CUS002571","Vincent Brown","Consumer","Nottingham","United Kingdom","2020-12-08"
2572,"CUS002572","Brittany Moran","Consumer","London","United Kingdom","2019-03-09"
2573,"CUS002573","Taylor Walker","Consumer","London","United Kingdom","2021-03-21"
2574,"CUS002574","Tammy Parsons","Consumer","Leeds","United Kingdom","2025-02-28"
2575,"CUS002575","Monica Evans","Consumer","London","United Kingdom","2024-08-06"
2576,"CUS002576","Susan Moore","Consumer","Glasgow","United Kingdom","2019-09-02"
2577,"CUS002577","James Henderson","Consumer","Nottingham","United Kingdom","2022-08-17"
2578,"CUS002578","Gregory Myers","Consumer","Lyon","France","2024-10-25"
2579,"CUS002579","Nicholas Campbell","Consumer","Madrid","Spain","2019-02-23"
2580,"CUS002580","Meredith Kelley","Consumer","Madrid","Spain","2022-06-26"
2581,"CUS002581","Frank Moody","Corporate","Lyon","France","2025-09-19"
2582,"CUS002582","Amy Michael","Consumer","Manchester","United Kingdom","2023-03-10"
2583,"CUS002583","Matthew Ray","Consumer","New York","USA","2024-04-23"
2584,"CUS002584","John Merritt","Consumer","Leeds","United Kingdom","2021-10-05"
2585,"CUS002585","Robert Gonzalez","Corporate","Manchester","United Kingdom","2022-07-04"
2586,"CUS002586","Heidi Chase","Small Business","Lyon","France","2025-03-23"
2587,"CUS002587","Richard Garrison","Consumer","Glasgow","United Kingdom","2021-03-07"
2588,"CUS002588","William Shelton","Small Business","Barcelona","Spain","2025-06-02"
2589,"CUS002589","Anthony Kelly","Corporate","Madrid","Spain","2025-11-01"
2590,"CUS002590","Tony Wilson","Consumer","Glasgow","United Kingdom","2025-04-26"
2591,"CUS002591","Gina Hamilton","Consumer","Dublin","Ireland","2020-01-27"
2592,"CUS002592","Nathan Sanchez","Corporate","London","United Kingdom","2019-11-30"
2593,"CUS002593","James Turner","Corporate","Cork","Ireland","2021-12-25"
2594,"CUS002594","Carrie Mcgee","Small Business","Leeds","United Kingdom","2022-02-05"
2595,"CUS002595","Wendy Lambert","Small Business","Chicago","USA","2019-08-30"
2596,"CUS002596","John Meyers","Corporate","Dublin","Ireland","2022-09-02"
2597,"CUS002597","Mark Wallace","Consumer","Birmingham","United Kingdom","2020-08-21"
2598,"CUS002598","Bruce Martinez","Consumer","Chicago","USA","2022-07-10"
2599,"CUS002599","Susan Walker","Consumer","Hamburg","Germany","2021-02-09"
2600,"CUS002600","Victoria Mendoza","Consumer","Madrid","Spain","2019-09-06"
2601,"CUS002601","Anna Watkins","Consumer","New York","USA","2024-08-26"
2602,"CUS002602","Zachary Park","Consumer","Glasgow","United Kingdom","2019-02-14"
2603,"CUS002603","Calvin Nguyen","Consumer","London","United Kingdom","2019-04-14"
2604,"CUS002604","Shannon Medina","Small Business","Bristol","United Kingdom","2019-11-19"
2605,"CUS002605","Michael Long","Small Business","Glasgow","United Kingdom","2020-08-27"
2606,"CUS002606","Rachel Moreno","Corporate","Leeds","United Kingdom","2025-08-29"
2607,"CUS002607","Ryan Ryan","Consumer","Manchester","United Kingdom","2022-01-25"
2608,"CUS002608","Marissa Molina","Corporate","Dublin","Ireland","2024-01-31"
2609,"CUS002609","Matthew Wilson","Consumer","Birmingham","United Kingdom","2019-03-11"
2610,"CUS002610","Melissa Smith","Consumer","Glasgow","United Kingdom","2024-05-08"
2611,"CUS002611","Ernest Williams","Small Business","Manchester","United Kingdom","2023-03-17"
2612,"CUS002612","Marissa Miller","Consumer","Hamburg","Germany","2022-08-19"
2613,"CUS002613","Paul Miller","Corporate","Manchester","United Kingdom","2019-05-22"
2614,"CUS002614","Edwin Burch","Corporate","Lyon","France","2025-05-17"
2615,"CUS002615","William Barrett","Consumer","Birmingham","United Kingdom","2020-06-24"
2616,"CUS002616","Angel Bautista","Consumer","Dublin","Ireland","2020-02-23"
2617,"CUS002617","Elaine Ferguson","Consumer","Dublin","Ireland","2023-01-15"
2618,"CUS002618","John Edwards","Consumer","Barcelona","Spain","2022-11-08"
2619,"CUS002619","Yesenia Obrien","Consumer","Chicago","USA","2019-09-12"
2620,"CUS002620","Melissa Bates","Corporate","Cork","Ireland","2025-02-23"
2621,"CUS002621","Andrew Thomas","Consumer","New York","USA","2020-04-17"
2622,"CUS002622","Cindy Anderson","Consumer","Chicago","USA","2019-08-20"
2623,"CUS002623","Leslie Ramirez","Consumer","Paris","France","2021-07-12"
2624,"CUS002624","Jennifer Pierce","Consumer","Dublin","Ireland","2021-08-10"
2625,"CUS002625","Matthew Martin","Consumer","Madrid","Spain","2022-08-15"
2626,"CUS002626","Tony Rhodes","Corporate","Bristol","United Kingdom","2019-03-20"
2627,"CUS002627","Briana Harris","Consumer","Cork","Ireland","2023-08-27"
2628,"CUS002628","Debra Schultz","Consumer","Berlin","Germany","2019-05-28"
2629,"CUS002629","Michelle Elliott","Consumer","Birmingham","United Kingdom","2022-12-02"
2630,"CUS002630","Kayla Martin","Consumer","Lyon","France","2020-11-03"
2631,"CUS002631","Emily French","Consumer","London","United Kingdom","2022-02-26"
2632,"CUS002632","Victor Wright","Consumer","Manchester","United Kingdom","2020-10-16"
2633,"CUS002633","Joseph Sutton","Consumer","Rotterdam","Netherlands","2022-09-01"
2634,"CUS002634","Gary Davis","Consumer","Rotterdam","Netherlands","2022-03-14"
2635,"CUS002635","Paula Thomas","Corporate","Cork","Ireland","2024-09-27"
2636,"CUS002636","Denise Garcia","Consumer","New York","USA","2019-06-20"
2637,"CUS002637","Courtney Lynn","Corporate","Nottingham","United Kingdom","2021-04-22"
2638,"CUS002638","Becky Fox","Corporate","Birmingham","United Kingdom","2022-05-08"
2639,"CUS002639","Leah Roman","Small Business","Amsterdam","Netherlands","2022-05-27"
2640,"CUS002640","Gregory Armstrong","Corporate","Nottingham","United Kingdom","2021-07-30"
2641,"CUS002641","Devin Garcia","Consumer","Munich","Germany","2019-04-08"
2642,"CUS002642","Evan Walton","Small Business","London","United Kingdom","2022-09-29"
2643,"CUS002643","Robert Byrd","Consumer","Bristol","United Kingdom","2022-09-02"
2644,"CUS002644","Kristen Macias","Corporate","Cork","Ireland","2020-11-07"
2645,"CUS002645","Kevin Green","Corporate","Barcelona","Spain","2022-03-14"
2646,"CUS002646","Michelle Sandoval","Small Business","Austin","USA","2021-10-14"
2647,"CUS002647","Keith Adams","Small Business","Nottingham","United Kingdom","2019-05-08"
2648,"CUS002648","Margaret Wood","Online Reseller","Berlin","Germany","2019-01-01"
2649,"CUS002649","Megan Barnes","Corporate","Leeds","United Kingdom","2020-10-15"
2650,"CUS002650","Jeffrey Gomez","Consumer","Manchester","United Kingdom","2021-02-20"
2651,"CUS002651","Dustin Cisneros","Consumer","Barcelona","Spain","2023-09-07"
2652,"CUS002652","Michelle Bradshaw","Small Business","Lyon","France","2020-05-06"
2653,"CUS002653","Mark Miller","Consumer","Manchester","United Kingdom","2021-04-18"
2654,"CUS002654","Randy Bruce","Corporate","Bristol","United Kingdom","2019-05-05"
2655,"CUS002655","Angela Allen","Consumer","Rotterdam","Netherlands","2020-04-06"
2656,"CUS002656","Kenneth Miller","Consumer","London","United Kingdom","2025-07-02"
2657,"CUS002657","Timothy Stokes","Consumer","Lyon","France","2025-04-25"
2658,"CUS002658","Travis Rhodes","Consumer","Dublin","Ireland","2023-06-17"
2659,"CUS002659","Breanna Jimenez","Consumer","Paris","France","2023-11-07"
2660,"CUS002660","Megan Patel","Consumer","Rotterdam","Netherlands","2019-02-24"
2661,"CUS002661","Adrian Lee","Corporate","Berlin","Germany","2022-02-24"
2662,"CUS002662","Adrienne Coleman","Consumer","Lyon","France","2021-12-30"
2663,"CUS002663","Haley Gamble","Online Reseller","Manchester","United Kingdom","2021-02-09"
2664,"CUS002664","Tami Kidd","Small Business","Leeds","United Kingdom","2019-06-30"
2665,"CUS002665","Melinda Williams","Corporate","Rotterdam","Netherlands","2024-06-24"
2666,"CUS002666","Christopher Conrad","Small Business","Austin","USA","2019-07-13"
2667,"CUS002667","Stephanie Thompson","Corporate","Nottingham","United Kingdom","2024-02-12"
2668,"CUS002668","Casey Gomez","Consumer","Austin","USA","2023-03-01"
2669,"CUS002669","Jon Jackson","Consumer","Austin","USA","2022-11-21"
2670,"CUS002670","Gail Shelton","Consumer","Birmingham","United Kingdom","2024-03-29"
2671,"CUS002671","Sarah Hodge","Consumer","Barcelona","Spain","2024-07-18"
2672,"CUS002672","John Baker","Consumer","Lyon","France","2023-11-04"
2673,"CUS002673","Mark Long","Small Business","Manchester","United Kingdom","2022-09-25"
2674,"CUS002674","Tanya Haley","Consumer","Barcelona","Spain","2025-01-17"
2675,"CUS002675","Stephanie Walls","Small Business","Amsterdam","Netherlands","2022-11-07"
2676,"CUS002676","Sarah Brown","Corporate","Dublin","Ireland","2025-01-21"
2677,"CUS002677","Joe Evans","Small Business","Paris","France","2025-06-07"
2678,"CUS002678","Gregory Bowen","Small Business","Glasgow","United Kingdom","2023-06-12"
2679,"CUS002679","Adam Jordan","Small Business","Leeds","United Kingdom","2024-08-15"
2680,"CUS002680","Joseph Roach","Consumer","Hamburg","Germany","2019-01-17"
2681,"CUS002681","Thomas Smith","Corporate","Birmingham","United Kingdom","2020-11-05"
2682,"CUS002682","Danielle Ruiz","Corporate","Austin","USA","2022-10-03"
2683,"CUS002683","Jacob Mcclain","Corporate","Cork","Ireland","2023-03-10"
2684,"CUS002684","Debra Mayo","Consumer","Munich","Germany","2023-05-28"
2685,"CUS002685","Jessica Taylor","Corporate","Manchester","United Kingdom","2020-03-11"
2686,"CUS002686","Abigail Stephenson","Consumer","Bristol","United Kingdom","2021-02-10"
2687,"CUS002687","Ashley Mitchell","Small Business","Austin","USA","2024-07-21"
2688,"CUS002688","Jason Rivera","Corporate","Nottingham","United Kingdom","2022-06-09"
2689,"CUS002689","Melvin Vaughan","Consumer","Leeds","United Kingdom","2021-05-07"
2690,"CUS002690","Victoria Wilson","Online Reseller","Berlin","Germany","2021-02-21"
2691,"CUS002691","Jon Maldonado Jr.","Consumer","Nottingham","United Kingdom","2021-04-28"
2692,"CUS002692","Phyllis Ross","Corporate","Glasgow","United Kingdom","2019-10-02"
2693,"CUS002693","Natalie Petersen","Consumer","Nottingham","United Kingdom","2023-01-04"
2694,"CUS002694","Tyler Sparks","Corporate","Paris","France","2022-05-14"
2695,"CUS002695","Gregory Smith","Consumer","Manchester","United Kingdom","2023-10-22"
2696,"CUS002696","Amber Gallegos","Corporate","Munich","Germany","2025-08-27"
2697,"CUS002697","Kyle Smith","Online Reseller","Leeds","United Kingdom","2024-08-09"
2698,"CUS002698","Douglas Miller","Consumer","Nottingham","United Kingdom","2024-04-23"
2699,"CUS002699","Luke Daniel","Small Business","Rotterdam","Netherlands","2020-02-06"
2700,"CUS002700","Douglas Wilson","Corporate","Birmingham","United Kingdom","2022-12-08"
2701,"CUS002701","Michael Estrada","Online Reseller","Barcelona","Spain","2023-04-06"
2702,"CUS002702","John Patton","Small Business","Leeds","United Kingdom","2019-12-22"
2703,"CUS002703","Nicholas Carr","Consumer","Dublin","Ireland","2020-01-21"
2704,"CUS002704","Scott Fuller","Consumer","Cork","Ireland","2024-04-06"
2705,"CUS002705","Bryan Morales","Corporate","Manchester","United Kingdom","2024-01-23"
2706,"CUS002706","Corey Thomas","Consumer","Leeds","United Kingdom","2020-06-09"
2707,"CUS002707","Curtis Lin","Small Business","Hamburg","Germany","2024-09-04"
2708,"CUS002708","Joseph Graves","Consumer","Birmingham","United Kingdom","2022-01-30"
2709,"CUS002709","Courtney Simmons","Small Business","Lyon","France","2025-01-03"
2710,"CUS002710","Jeffery Williams","Consumer","Paris","France","2020-04-26"
2711,"CUS002711","Jack Hahn","Consumer","Lyon","France","2024-01-25"
2712,"CUS002712","Danielle Jacobson","Consumer","London","United Kingdom","2025-09-28"
2713,"CUS002713","Aaron Guerrero","Corporate","Nottingham","United Kingdom","2019-11-11"
2714,"CUS002714","Dustin Ramirez","Consumer","Leeds","United Kingdom","2023-05-06"
2715,"CUS002715","Jessica King","Small Business","Austin","USA","2023-03-24"
2716,"CUS002716","Geoffrey Rodriguez DDS","Consumer","London","United Kingdom","2025-07-18"
2717,"CUS002717","Patricia Anderson","Corporate","Amsterdam","Netherlands","2020-04-20"
2718,"CUS002718","Robert Paul","Consumer","London","United Kingdom","2025-10-14"
2719,"CUS002719","Lisa Allen","Consumer","Munich","Germany","2023-10-28"
2720,"CUS002720","Kevin Miller","Small Business","Birmingham","United Kingdom","2023-02-17"
2721,"CUS002721","Mark Guzman","Consumer","Paris","France","2019-05-18"
2722,"CUS002722","Warren Henson","Corporate","Birmingham","United Kingdom","2019-10-02"
2723,"CUS002723","Cheryl Griffin","Small Business","Manchester","United Kingdom","2023-01-04"
2724,"CUS002724","Tom Montgomery","Small Business","Dublin","Ireland","2020-07-17"
2725,"CUS002725","John Juarez","Consumer","London","United Kingdom","2021-02-04"
2726,"CUS002726","Brittany Anderson","Corporate","Lyon","France","2025-02-14"
2727,"CUS002727","Michael Snow","Consumer","Manchester","United Kingdom","2021-01-29"
2728,"CUS002728","Sarah Castro","Corporate","Berlin","Germany","2021-08-09"
2729,"CUS002729","Jacob Soto","Consumer","Manchester","United Kingdom","2023-05-20"
2730,"CUS002730","Jeffrey Webb","Consumer","Nottingham","United Kingdom","2019-02-19"
2731,"CUS002731","Tiffany Gibbs","Consumer","Bristol","United Kingdom","2024-12-13"
2732,"CUS002732","Donald Ponce","Consumer","Glasgow","United Kingdom","2021-09-25"
2733,"CUS002733","Tyler Brown","Consumer","Amsterdam","Netherlands","2024-04-28"
2734,"CUS002734","Cheryl Olsen","Consumer","Dublin","Ireland","2023-05-08"
2735,"CUS002735","Joseph Palmer Jr.","Consumer","Hamburg","Germany","2019-10-18"
2736,"CUS002736","Jordan Hart","Small Business","London","United Kingdom","2020-08-18"
2737,"CUS002737","Lawrence Clark","Consumer","Amsterdam","Netherlands","2019-10-25"
2738,"CUS002738","Kenneth Vargas","Corporate","Berlin","Germany","2023-08-21"
2739,"CUS002739","Timothy Hunt","Online Reseller","Rotterdam","Netherlands","2021-12-11"
2740,"CUS002740","Michelle Green","Consumer","Glasgow","United Kingdom","2022-08-05"
2741,"CUS002741","Elizabeth Adams","Consumer","New York","USA","2023-03-11"
2742,"CUS002742","Danny Ferguson","Small Business","Birmingham","United Kingdom","2021-07-09"
2743,"CUS002743","Mark Mcmahon","Consumer","New York","USA","2024-09-18"
2744,"CUS002744","Casey Marks","Consumer","Amsterdam","Netherlands","2024-11-05"
2745,"CUS002745","William Mayo","Consumer","Glasgow","United Kingdom","2025-09-22"
2746,"CUS002746","Brian Wong","Corporate","Nottingham","United Kingdom","2020-08-19"
2747,"CUS002747","Valerie Nguyen","Consumer","New York","USA","2023-05-30"
2748,"CUS002748","Stacey Baker","Small Business","Bristol","United Kingdom","2022-10-30"
2749,"CUS002749","Steven Phillips","Corporate","Birmingham","United Kingdom","2022-06-16"
2750,"CUS002750","Miss Alexandra Kelly","Consumer","Rotterdam","Netherlands","2023-05-01"
2751,"CUS002751","Diana Scott","Corporate","Austin","USA","2025-04-13"
2752,"CUS002752","Matthew Parrish","Consumer","Madrid","Spain","2020-01-08"
2753,"CUS002753","Lauren Sharp","Consumer","Lyon","France","2025-11-29"
2754,"CUS002754","Theresa Scott","Corporate","Lyon","France","2022-01-16"
2755,"CUS002755","Lindsey Harris","Consumer","Amsterdam","Netherlands","2022-08-20"
2756,"CUS002756","Frederick Harris","Consumer","Madrid","Spain","2022-06-08"
2757,"CUS002757","Shannon Foster","Consumer","Manchester","United Kingdom","2023-08-13"
2758,"CUS002758","Nicholas Hamilton","Consumer","Birmingham","United Kingdom","2021-02-10"
2759,"CUS002759","John Crawford","Small Business","New York","USA","2022-04-23"
2760,"CUS002760","Robert Thompson","Consumer","Bristol","United Kingdom","2025-02-01"
2761,"CUS002761","Terri White","Small Business","Berlin","Germany","2025-07-10"
2762,"CUS002762","Eric Mcclure","Corporate","Dublin","Ireland","2022-04-08"
2763,"CUS002763","Melissa Lopez","Corporate","Paris","France","2022-10-13"
2764,"CUS002764","Jeffery Gibson","Small Business","Bristol","United Kingdom","2023-03-16"
2765,"CUS002765","Jennifer Ramsey","Corporate","Leeds","United Kingdom","2025-05-16"
2766,"CUS002766","Paul Smith","Consumer","Cork","Ireland","2025-10-18"
2767,"CUS002767","James Rodriguez","Online Reseller","Nottingham","United Kingdom","2025-03-05"
2768,"CUS002768","Ronald Michael","Consumer","Madrid","Spain","2021-11-09"
2769,"CUS002769","Randy Adams","Online Reseller","Barcelona","Spain","2025-03-05"
2770,"CUS002770","Linda Sparks","Consumer","Munich","Germany","2023-09-19"
2771,"CUS002771","Rickey Daniels","Online Reseller","Nottingham","United Kingdom","2024-06-28"
2772,"CUS002772","Sarah Miller","Consumer","Munich","Germany","2022-07-06"
2773,"CUS002773","Peter Stafford","Consumer","London","United Kingdom","2019-08-12"
2774,"CUS002774","Elizabeth Mendoza","Consumer","Nottingham","United Kingdom","2025-02-24"
2775,"CUS002775","Joshua Adams","Small Business","Berlin","Germany","2023-09-30"
2776,"CUS002776","Alisha Williams","Corporate","Bristol","United Kingdom","2019-02-10"
2777,"CUS002777","Ashley Tanner","Corporate","Birmingham","United Kingdom","2022-03-10"
2778,"CUS002778","Aaron Walker","Consumer","London","United Kingdom","2025-10-08"
2779,"CUS002779","James Gomez","Small Business","Munich","Germany","2022-12-19"
2780,"CUS002780","Thomas Cohen","Consumer","Amsterdam","Netherlands","2025-07-20"
2781,"CUS002781","Michelle Valenzuela","Consumer","London","United Kingdom","2023-04-19"
2782,"CUS002782","William Walker DVM","Consumer","Birmingham","United Kingdom","2020-10-18"
2783,"CUS002783","Billy Cook","Corporate","Bristol","United Kingdom","2022-01-09"
2784,"CUS002784","Tim Miller","Consumer","New York","USA","2023-07-23"
2785,"CUS002785","Chris Patterson","Corporate","Leeds","United Kingdom","2020-12-11"
2786,"CUS002786","Christopher Coleman","Consumer","Barcelona","Spain","2021-09-05"
2787,"CUS002787","Melissa Weber","Corporate","Lyon","France","2025-09-22"
2788,"CUS002788","Shawn Nelson","Consumer","Rotterdam","Netherlands","2020-02-16"
2789,"CUS002789","Mr. Derek Meadows DDS","Corporate","Rotterdam","Netherlands","2023-12-18"
2790,"CUS002790","Shannon Spence","Small Business","Leeds","United Kingdom","2023-04-07"
2791,"CUS002791","Bridget Hernandez","Consumer","Glasgow","United Kingdom","2024-07-06"
2792,"CUS002792","Robert Bray","Consumer","Birmingham","United Kingdom","2019-03-26"
2793,"CUS002793","Ashley Simmons","Small Business","Cork","Ireland","2025-10-20"
2794,"CUS002794","Brianna Morris","Corporate","London","United Kingdom","2025-09-27"
2795,"CUS002795","Randall Gomez","Consumer","Rotterdam","Netherlands","2023-07-13"
2796,"CUS002796","John Dudley DDS","Consumer","Manchester","United Kingdom","2022-01-27"
2797,"CUS002797","Brenda Raymond","Small Business","Manchester","United Kingdom","2023-04-04"
2798,"CUS002798","Janet Dunn","Online Reseller","Munich","Germany","2025-04-26"
2799,"CUS002799","Katherine Herrera","Consumer","Bristol","United Kingdom","2019-03-31"
2800,"CUS002800","Bradley Espinoza","Consumer","Manchester","United Kingdom","2019-03-25"
2801,"CUS002801","Paula Shepherd","Small Business","Cork","Ireland","2020-01-02"
2802,"CUS002802","Brandon Ward","Consumer","Manchester","United Kingdom","2023-02-10"
2803,"CUS002803","Samuel Cox","Consumer","Barcelona","Spain","2020-11-21"
2804,"CUS002804","Casey Rodriguez","Corporate","Birmingham","United Kingdom","2025-09-19"
2805,"CUS002805","Heather Atkinson","Small Business","Berlin","Germany","2023-04-12"
2806,"CUS002806","Brenda Stevens","Consumer","Glasgow","United Kingdom","2020-10-12"
2807,"CUS002807","Kristen Velazquez","Corporate","Bristol","United Kingdom","2021-10-22"
2808,"CUS002808","Daniel Walker","Consumer","Manchester","United Kingdom","2022-04-15"
2809,"CUS002809","Autumn Dominguez","Consumer","Leeds","United Kingdom","2021-01-31"
2810,"CUS002810","Nicholas Horton","Consumer","Manchester","United Kingdom","2019-10-01"
2811,"CUS002811","Anthony Rodriguez","Corporate","Nottingham","United Kingdom","2025-06-03"
2812,"CUS002812","Karen Wheeler","Consumer","Paris","France","2024-04-10"
2813,"CUS002813","Charles Thomas","Consumer","Madrid","Spain","2021-03-11"
2814,"CUS002814","Adam Guerra","Consumer","Berlin","Germany","2020-02-20"
2815,"CUS002815","Preston Harrison","Consumer","Glasgow","United Kingdom","2020-05-23"
2816,"CUS002816","Joseph Rush","Small Business","Austin","USA","2021-01-02"
2817,"CUS002817","Nathan Wallace","Consumer","London","United Kingdom","2019-02-05"
2818,"CUS002818","Alexis Rodriguez","Small Business","London","United Kingdom","2024-10-03"
2819,"CUS002819","Marvin Munoz","Consumer","Austin","USA","2019-08-21"
2820,"CUS002820","Christopher Sanders","Consumer","London","United Kingdom","2020-09-30"
2821,"CUS002821","Travis Gibson","Small Business","Amsterdam","Netherlands","2023-02-13"
2822,"CUS002822","Deanna Armstrong","Consumer","Munich","Germany","2024-02-07"
2823,"CUS002823","Darren Huynh","Corporate","Nottingham","United Kingdom","2020-10-25"
2824,"CUS002824","Brandon Gray","Consumer","Paris","France","2023-03-26"
2825,"CUS002825","Natalie Morales","Consumer","Manchester","United Kingdom","2024-06-29"
2826,"CUS002826","James Carson","Corporate","Lyon","France","2023-07-13"
2827,"CUS002827","Lisa Jones","Online Reseller","Rotterdam","Netherlands","2024-10-29"
2828,"CUS002828","Karen Delgado","Corporate","Birmingham","United Kingdom","2023-07-18"
2829,"CUS002829","James Brown","Online Reseller","Austin","USA","2020-11-14"
2830,"CUS002830","Jeff Nelson","Consumer","Cork","Ireland","2019-05-30"
2831,"CUS002831","Jack Maxwell","Online Reseller","Birmingham","United Kingdom","2022-05-07"
2832,"CUS002832","David Martin","Consumer","Leeds","United Kingdom","2022-05-11"
2833,"CUS002833","Daniel Smith","Consumer","Manchester","United Kingdom","2019-03-07"
2834,"CUS002834","Chelsea Harris","Corporate","Glasgow","United Kingdom","2020-08-25"
2835,"CUS002835","Cynthia Miller","Small Business","Birmingham","United Kingdom","2020-07-26"
2836,"CUS002836","Amanda Downs","Consumer","Lyon","France","2020-08-05"
2837,"CUS002837","Mr. Brandon Parker","Small Business","London","United Kingdom","2021-11-01"
2838,"CUS002838","Dr. Tina Porter","Corporate","Cork","Ireland","2023-03-02"
2839,"CUS002839","James Kelly","Consumer","Rotterdam","Netherlands","2019-07-30"
2840,"CUS002840","Michael Rivera","Small Business","London","United Kingdom","2020-02-19"
2841,"CUS002841","Kathy Shaw","Consumer","Nottingham","United Kingdom","2023-05-03"
2842,"CUS002842","Allison Flynn","Consumer","Rotterdam","Netherlands","2022-04-19"
2843,"CUS002843","Sean Johnson","Corporate","Birmingham","United Kingdom","2019-06-15"
2844,"CUS002844","Michael Miller","Consumer","Barcelona","Spain","2022-09-19"
2845,"CUS002845","Tiffany Hall","Consumer","Birmingham","United Kingdom","2020-02-19"
2846,"CUS002846","Michael Thomas","Corporate","Bristol","United Kingdom","2019-09-03"
2847,"CUS002847","Wendy Mason","Corporate","London","United Kingdom","2023-03-01"
2848,"CUS002848","Lisa Mills PhD","Consumer","Leeds","United Kingdom","2025-11-15"
2849,"CUS002849","Carlos Carter","Consumer","Cork","Ireland","2019-07-28"
2850,"CUS002850","Teresa Williams","Consumer","Austin","USA","2023-12-01"
2851,"CUS002851","Melanie Allen","Small Business","Chicago","USA","2019-05-29"
2852,"CUS002852","Lisa Rubio DDS","Online Reseller","Paris","France","2020-09-20"
2853,"CUS002853","Anne Smith PhD","Consumer","Barcelona","Spain","2023-12-07"
2854,"CUS002854","Sean Salinas","Consumer","Austin","USA","2020-08-05"
2855,"CUS002855","Kathryn Gibson","Consumer","New York","USA","2023-04-22"
2856,"CUS002856","Edward Jones","Consumer","London","United Kingdom","2022-05-25"
2857,"CUS002857","Heather Jones","Consumer","London","United Kingdom","2025-05-20"
2858,"CUS002858","Julia Andersen","Small Business","Glasgow","United Kingdom","2020-09-13"
2859,"CUS002859","Pamela Ramos","Consumer","Birmingham","United Kingdom","2021-05-12"
2860,"CUS002860","Teresa Bonilla","Consumer","Nottingham","United Kingdom","2019-06-03"
2861,"CUS002861","Jack Mitchell MD","Small Business","Leeds","United Kingdom","2021-06-16"
2862,"CUS002862","Melanie Alexander","Small Business","Dublin","Ireland","2024-07-14"
2863,"CUS002863","Lori Edwards","Consumer","Bristol","United Kingdom","2022-11-04"
2864,"CUS002864","Jason Cole","Small Business","Munich","Germany","2021-11-23"
2865,"CUS002865","Wendy Williams","Small Business","Hamburg","Germany","2022-09-16"
2866,"CUS002866","Amy Gibbs","Consumer","Lyon","France","2025-08-12"
2867,"CUS002867","Kristina Moore","Small Business","Cork","Ireland","2021-10-01"
2868,"CUS002868","James Hudson","Consumer","Nottingham","United Kingdom","2022-01-19"
2869,"CUS002869","Courtney Sawyer","Consumer","Birmingham","United Kingdom","2023-07-16"
2870,"CUS002870","Hannah Mcdonald","Consumer","Birmingham","United Kingdom","2021-11-21"
2871,"CUS002871","Sabrina Rodriguez","Corporate","London","United Kingdom","2021-06-15"
2872,"CUS002872","Brian Moyer","Consumer","Amsterdam","Netherlands","2020-09-19"
2873,"CUS002873","Jeffrey Morales","Consumer","Barcelona","Spain","2023-06-26"
2874,"CUS002874","Grant Munoz","Consumer","Manchester","United Kingdom","2021-09-20"
2875,"CUS002875","Patrick Wilson","Online Reseller","Leeds","United Kingdom","2019-09-29"
2876,"CUS002876","Joshua Fry","Consumer","New York","USA","2023-11-06"
2877,"CUS002877","Daniel Carroll","Online Reseller","Leeds","United Kingdom","2022-09-29"
2878,"CUS002878","Patricia Brown PhD","Consumer","Madrid","Spain","2024-06-15"
2879,"CUS002879","Veronica Lewis","Small Business","Rotterdam","Netherlands","2023-06-12"
2880,"CUS002880","Alexander Blake","Consumer","Munich","Germany","2021-08-21"
2881,"CUS002881","David Thompson","Small Business","Birmingham","United Kingdom","2022-10-08"
2882,"CUS002882","Donald Miller","Corporate","Manchester","United Kingdom","2019-12-06"
2883,"CUS002883","Jocelyn Barnes","Small Business","Nottingham","United Kingdom","2019-02-04"
2884,"CUS002884","Steven White","Consumer","Leeds","United Kingdom","2020-01-14"
2885,"CUS002885","Steven Patterson","Online Reseller","Madrid","Spain","2019-01-09"
2886,"CUS002886","Elizabeth Gonzalez","Consumer","Dublin","Ireland","2023-02-11"
2887,"CUS002887","Karen Nichols","Corporate","Lyon","France","2019-12-25"
2888,"CUS002888","Tracie Kim","Consumer","Manchester","United Kingdom","2019-06-09"
2889,"CUS002889","Laura Morrow","Online Reseller","Madrid","Spain","2025-11-21"
2890,"CUS002890","Stephanie Gonzalez","Small Business","London","United Kingdom","2023-05-20"
2891,"CUS002891","Laura Thomas","Consumer","Chicago","USA","2025-08-27"
2892,"CUS002892","Samantha Navarro","Consumer","Glasgow","United Kingdom","2025-11-14"
2893,"CUS002893","Morgan Smith","Consumer","Nottingham","United Kingdom","2021-11-30"
2894,"CUS002894","Taylor Porter","Corporate","Glasgow","United Kingdom","2020-01-29"
2895,"CUS002895","Ricky Craig","Corporate","Dublin","Ireland","2019-05-12"
2896,"CUS002896","Nathan Mcneil","Corporate","Manchester","United Kingdom","2024-04-20"
2897,"CUS002897","Shannon Walters","Online Reseller","Chicago","USA","2022-06-09"
2898,"CUS002898","Laura Johnson","Small Business","Bristol","United Kingdom","2023-09-09"
2899,"CUS002899","Chelsea Horton","Small Business","New York","USA","2022-06-20"
2900,"CUS002900","Lindsay Robinson","Consumer","Paris","France","2020-09-01"
2901,"CUS002901","Corey Frazier","Consumer","Paris","France","2025-08-04"
2902,"CUS002902","Jacqueline Cox","Consumer","Amsterdam","Netherlands","2024-01-13"
2903,"CUS002903","Eric Fuentes","Consumer","Bristol","United Kingdom","2022-09-24"
2904,"CUS002904","Jonathan Duarte","Corporate","Paris","France","2023-11-19"
2905,"CUS002905","Guy Clayton","Corporate","Bristol","United Kingdom","2025-03-11"
2906,"CUS002906","William Rogers","Online Reseller","Chicago","USA","2021-05-09"
2907,"CUS002907","Judy Brooks","Consumer","Amsterdam","Netherlands","2023-05-20"
2908,"CUS002908","Carla Graham","Consumer","Nottingham","United Kingdom","2021-10-29"
2909,"CUS002909","Matthew Frazier","Consumer","Glasgow","United Kingdom","2023-06-17"
2910,"CUS002910","Michaela Pace","Consumer","Chicago","USA","2022-09-01"
2911,"CUS002911","Annette Miller","Consumer","Austin","USA","2022-07-13"
2912,"CUS002912","Ann Smith","Consumer","Madrid","Spain","2020-11-03"
2913,"CUS002913","Ashley Brady","Consumer","Barcelona","Spain","2022-10-02"
2914,"CUS002914","Kimberly Schultz","Consumer","London","United Kingdom","2025-10-09"
2915,"CUS002915","Renee Contreras","Small Business","Cork","Ireland","2021-01-09"
2916,"CUS002916","Christy Frank","Consumer","Glasgow","United Kingdom","2023-01-17"
2917,"CUS002917","Ashley Gates","Consumer","Austin","USA","2019-01-12"
2918,"CUS002918","Heather Leon","Small Business","Glasgow","United Kingdom","2024-08-14"
2919,"CUS002919","Terry Newman","Consumer","London","United Kingdom","2024-08-30"
2920,"CUS002920","Jennifer Ayers","Small Business","Leeds","United Kingdom","2025-08-15"
2921,"CUS002921","Katie Adams","Consumer","Hamburg","Germany","2019-06-11"
2922,"CUS002922","Elizabeth Orr","Consumer","Cork","Ireland","2024-02-13"
2923,"CUS002923","Megan Smith","Consumer","Manchester","United Kingdom","2025-08-10"
2924,"CUS002924","Amanda Johnson","Consumer","Berlin","Germany","2023-09-06"
2925,"CUS002925","Sara Stone","Small Business","Madrid","Spain","2025-08-17"
2926,"CUS002926","Emily Jackson","Consumer","Manchester","United Kingdom","2019-06-08"
2927,"CUS002927","Jessica Peters","Small Business","Austin","USA","2021-11-06"
2928,"CUS002928","Luis Long","Consumer","Nottingham","United Kingdom","2019-06-16"
2929,"CUS002929","Timothy Patterson","Consumer","Glasgow","United Kingdom","2023-06-15"
2930,"CUS002930","Jeanette Chandler","Online Reseller","Nottingham","United Kingdom","2022-01-25"
2931,"CUS002931","Evan Moore","Online Reseller","Hamburg","Germany","2019-03-08"
2932,"CUS002932","Michael Martinez","Small Business","Cork","Ireland","2019-07-29"
2933,"CUS002933","Kenneth Myers","Consumer","Dublin","Ireland","2025-03-12"
2934,"CUS002934","Sydney Hood","Small Business","Nottingham","United Kingdom","2023-05-13"
2935,"CUS002935","Frank Davis","Consumer","Munich","Germany","2021-03-31"
2936,"CUS002936","Adam Carrillo","Consumer","Leeds","United Kingdom","2021-10-02"
2937,"CUS002937","Luke Stephens","Consumer","Madrid","Spain","2021-11-23"
2938,"CUS002938","Laura Johnson","Corporate","Manchester","United Kingdom","2023-08-30"
2939,"CUS002939","Victoria Walters","Consumer","Leeds","United Kingdom","2020-11-02"
2940,"CUS002940","Chelsea Delgado","Online Reseller","Glasgow","United Kingdom","2022-06-21"
2941,"CUS002941","Cory Pittman","Consumer","Madrid","Spain","2020-09-29"
2942,"CUS002942","Renee Gray","Online Reseller","Amsterdam","Netherlands","2019-09-28"
2943,"CUS002943","Anthony Miller","Online Reseller","Chicago","USA","2020-04-09"
2944,"CUS002944","Alexander Mercer","Consumer","Chicago","USA","2024-12-29"
2945,"CUS002945","Ashley Ho","Consumer","Dublin","Ireland","2025-11-21"
2946,"CUS002946","Charles Green","Consumer","Nottingham","United Kingdom","2020-01-12"
2947,"CUS002947","Billy Kirk","Small Business","Leeds","United Kingdom","2025-02-11"
2948,"CUS002948","Christine Garcia","Small Business","Madrid","Spain","2019-12-20"
2949,"CUS002949","Jennifer Tucker","Consumer","Madrid","Spain","2020-10-18"
2950,"CUS002950","Christine Barnes","Consumer","Dublin","Ireland","2022-12-10"
2951,"CUS002951","Madeline Hayes","Consumer","Glasgow","United Kingdom","2023-11-07"
2952,"CUS002952","Edwin Berger","Small Business","Birmingham","United Kingdom","2023-07-07"
2953,"CUS002953","Lynn Bond","Corporate","London","United Kingdom","2024-06-03"
2954,"CUS002954","Grant Reed","Corporate","Austin","USA","2021-07-17"
2955,"CUS002955","Lindsay Smith DDS","Corporate","Rotterdam","Netherlands","2024-02-19"
2956,"CUS002956","Bryan Obrien","Consumer","Bristol","United Kingdom","2019-06-21"
2957,"CUS002957","Kelly Hodges","Consumer","London","United Kingdom","2022-12-26"
2958,"CUS002958","Jacob Roach","Online Reseller","Bristol","United Kingdom","2022-10-19"
2959,"CUS002959","Charles Miller","Consumer","Glasgow","United Kingdom","2022-07-14"
2960,"CUS002960","Beth Hill","Consumer","Amsterdam","Netherlands","2020-01-29"
2961,"CUS002961","Brandon Erickson","Small Business","Hamburg","Germany","2025-08-25"
2962,"CUS002962","Julie Lamb","Corporate","Leeds","United Kingdom","2025-03-09"
2963,"CUS002963","Travis Nielsen","Consumer","Chicago","USA","2019-05-14"
2964,"CUS002964","Craig Mathis","Consumer","Austin","USA","2022-07-02"
2965,"CUS002965","Tonya Garcia","Consumer","Munich","Germany","2020-03-12"
2966,"CUS002966","Laurie Martin","Corporate","Manchester","United Kingdom","2020-07-14"
2967,"CUS002967","Nathan Hamilton","Online Reseller","Lyon","France","2022-02-23"
2968,"CUS002968","Kyle Nelson","Online Reseller","Leeds","United Kingdom","2024-12-14"
2969,"CUS002969","Brian Reyes","Consumer","Leeds","United Kingdom","2022-05-13"
2970,"CUS002970","Harry Hurst","Online Reseller","Nottingham","United Kingdom","2022-09-04"
2971,"CUS002971","Joanna Preston","Small Business","Nottingham","United Kingdom","2024-11-20"
2972,"CUS002972","Dawn Ortiz","Consumer","Berlin","Germany","2020-01-25"
2973,"CUS002973","Sherry Clements","Consumer","Barcelona","Spain","2020-05-21"
2974,"CUS002974","Jennifer Wilson","Corporate","London","United Kingdom","2019-11-19"
2975,"CUS002975","Jessica Lopez","Consumer","Manchester","United Kingdom","2025-03-03"
2976,"CUS002976","Daniel Watson","Small Business","New York","USA","2025-02-26"
2977,"CUS002977","Ernest Smith","Small Business","Barcelona","Spain","2022-05-03"
2978,"CUS002978","Michelle Lewis","Small Business","Leeds","United Kingdom","2019-06-16"
2979,"CUS002979","Erica Hall","Consumer","Leeds","United Kingdom","2022-09-27"
2980,"CUS002980","Drew Lewis","Consumer","Nottingham","United Kingdom","2020-01-22"
2981,"CUS002981","Justin Moran","Consumer","Madrid","Spain","2024-05-07"
2982,"CUS002982","Rhonda Powers","Consumer","Glasgow","United Kingdom","2025-01-28"
2983,"CUS002983","Maria Fleming","Corporate","London","United Kingdom","2025-04-17"
2984,"CUS002984","Robert Gonzalez","Consumer","Amsterdam","Netherlands","2020-11-20"
2985,"CUS002985","Johnny Williams","Corporate","Birmingham","United Kingdom","2020-03-01"
2986,"CUS002986","Bryan Chavez","Consumer","Paris","France","2020-06-02"
2987,"CUS002987","Leslie Young","Small Business","Glasgow","United Kingdom","2024-09-18"
2988,"CUS002988","Albert Logan","Consumer","Leeds","United Kingdom","2024-11-12"
2989,"CUS002989","Abigail Murray","Consumer","Amsterdam","Netherlands","2021-09-01"
2990,"CUS002990","Walter Johnson","Corporate","London","United Kingdom","2023-05-11"
2991,"CUS002991","Kelsey Rogers","Consumer","Birmingham","United Kingdom","2020-07-11"
2992,"CUS002992","John Gallegos","Consumer","Birmingham","United Kingdom","2025-06-26"
2993,"CUS002993","Eric Stewart","Corporate","London","United Kingdom","2020-05-25"
2994,"CUS002994","Bobby Hampton","Corporate","Lyon","France","2024-07-31"
2995,"CUS002995","Anthony Evans DVM","Consumer","Nottingham","United Kingdom","2021-02-22"
2996,"CUS002996","Martin Lozano PhD","Consumer","Austin","USA","2021-01-25"
2997,"CUS002997","Ashley Walker","Consumer","Austin","USA","2021-10-16"
2998,"CUS002998","Brenda Holder","Consumer","Nottingham","United Kingdom","2021-10-20"
2999,"CUS002999","Misty Perez","Consumer","Austin","USA","2023-06-05"
3000,"CUS003000","Nathaniel Burnett","Consumer","London","United Kingdom","2020-04-06"
3001,"CUS003001","Kimberly Smith","Consumer","Hamburg","Germany","2020-03-29"
3002,"CUS003002","Amy Ware","Consumer","New York","USA","2022-10-30"
3003,"CUS003003","Anthony Torres","Consumer","London","United Kingdom","2020-05-19"
3004,"CUS003004","Michael Conner","Online Reseller","Rotterdam","Netherlands","2023-04-01"
3005,"CUS003005","Michael Buckley","Consumer","Lyon","France","2021-04-05"
3006,"CUS003006","Barbara Flores","Consumer","Amsterdam","Netherlands","2022-12-17"
3007,"CUS003007","Kevin Horn","Small Business","Bristol","United Kingdom","2021-09-21"
3008,"CUS003008","Mallory Barnett","Consumer","Cork","Ireland","2021-10-29"
3009,"CUS003009","Cynthia Woods","Consumer","Leeds","United Kingdom","2019-09-02"
3010,"CUS003010","Douglas Barton MD","Consumer","Austin","USA","2023-08-21"
3011,"CUS003011","Ralph Dawson","Consumer","Manchester","United Kingdom","2022-02-18"
3012,"CUS003012","Russell Sanchez","Consumer","Glasgow","United Kingdom","2024-12-09"
3013,"CUS003013","Savannah Neal","Consumer","Leeds","United Kingdom","2021-07-07"
3014,"CUS003014","Johnny Lewis","Small Business","Bristol","United Kingdom","2024-05-07"
3015,"CUS003015","Julie Cruz","Consumer","Barcelona","Spain","2021-06-22"
3016,"CUS003016","Gilbert Cervantes DDS","Consumer","London","United Kingdom","2021-08-18"
3017,"CUS003017","Emily Blackburn","Consumer","Lyon","France","2025-03-09"
3018,"CUS003018","Mary Abbott","Consumer","Dublin","Ireland","2023-02-27"
3019,"CUS003019","Carlos Rangel","Consumer","Dublin","Ireland","2024-10-16"
3020,"CUS003020","Jesse Oliver","Consumer","Austin","USA","2019-09-15"
3021,"CUS003021","James Jones","Consumer","Berlin","Germany","2022-03-04"
3022,"CUS003022","Michael Lynn","Small Business","London","United Kingdom","2025-03-27"
3023,"CUS003023","Ashley Murray","Corporate","Amsterdam","Netherlands","2024-12-04"
3024,"CUS003024","Brian Smith","Consumer","Nottingham","United Kingdom","2025-03-18"
3025,"CUS003025","Derek Alvarez","Consumer","Manchester","United Kingdom","2021-03-03"
3026,"CUS003026","Heather Wilson","Consumer","Bristol","United Kingdom","2023-10-07"
3027,"CUS003027","Heather Lewis","Consumer","Glasgow","United Kingdom","2021-03-28"
3028,"CUS003028","Jeffrey Cook","Small Business","Hamburg","Germany","2025-09-30"
3029,"CUS003029","Jacob Williams","Consumer","Munich","Germany","2024-04-16"
3030,"CUS003030","Timothy Lee","Consumer","Berlin","Germany","2022-10-08"
3031,"CUS003031","Christopher Hill","Consumer","Glasgow","United Kingdom","2022-09-27"
3032,"CUS003032","Kelly Rodriguez","Online Reseller","Cork","Ireland","2019-03-09"
3033,"CUS003033","David Rodriguez","Corporate","Paris","France","2020-07-15"
3034,"CUS003034","Steven Johnston","Consumer","Glasgow","United Kingdom","2024-03-28"
3035,"CUS003035","Joseph Hill","Consumer","Bristol","United Kingdom","2025-02-24"
3036,"CUS003036","Melissa Sullivan","Consumer","London","United Kingdom","2021-05-28"
3037,"CUS003037","Daniel Holloway","Consumer","Nottingham","United Kingdom","2019-02-17"
3038,"CUS003038","Kathleen Jackson","Consumer","Barcelona","Spain","2022-02-22"
3039,"CUS003039","Mark Mccarthy","Small Business","Lyon","France","2020-01-18"
3040,"CUS003040","Aaron Lopez","Corporate","London","United Kingdom","2020-01-19"
3041,"CUS003041","Lisa Stevenson","Consumer","Austin","USA","2021-09-14"
3042,"CUS003042","Melissa Jackson","Consumer","Bristol","United Kingdom","2020-11-15"
3043,"CUS003043","Carol Cook","Small Business","Paris","France","2024-06-28"
3044,"CUS003044","Victor Wade","Small Business","New York","USA","2022-09-16"
3045,"CUS003045","Alex Mccann","Corporate","Birmingham","United Kingdom","2025-06-15"
3046,"CUS003046","Carolyn Wolf","Corporate","Leeds","United Kingdom","2023-01-01"
3047,"CUS003047","Harold Wells","Corporate","Austin","USA","2019-04-21"
3048,"CUS003048","Shane Kennedy","Corporate","Austin","USA","2022-02-01"
3049,"CUS003049","Alan Frazier","Consumer","Glasgow","United Kingdom","2019-07-05"
3050,"CUS003050","Darren Gordon","Small Business","New York","USA","2021-03-20"
3051,"CUS003051","Patricia Garcia","Consumer","Leeds","United Kingdom","2024-01-16"
3052,"CUS003052","Gabriela Henry","Consumer","London","United Kingdom","2021-04-16"
3053,"CUS003053","Joshua Alvarado","Small Business","Glasgow","United Kingdom","2022-05-12"
3054,"CUS003054","Jimmy Carey","Consumer","Rotterdam","Netherlands","2019-09-17"
3055,"CUS003055","Gene Holmes","Consumer","Amsterdam","Netherlands","2019-02-01"
3056,"CUS003056","Sharon Anthony","Consumer","Nottingham","United Kingdom","2023-09-18"
3057,"CUS003057","Mr. Joseph Bowman","Consumer","Glasgow","United Kingdom","2019-10-27"
3058,"CUS003058","Jason Robinson","Consumer","Nottingham","United Kingdom","2020-11-11"
3059,"CUS003059","Heather Johnson DDS","Corporate","Birmingham","United Kingdom","2024-12-14"
3060,"CUS003060","Jessica Clark","Small Business","Barcelona","Spain","2020-10-06"
3061,"CUS003061","Thomas Gray","Consumer","Austin","USA","2025-05-12"
3062,"CUS003062","Donald Sims","Consumer","Leeds","United Kingdom","2025-11-07"
3063,"CUS003063","Susan Archer","Consumer","Rotterdam","Netherlands","2021-12-01"
3064,"CUS003064","Carrie Lozano","Small Business","Hamburg","Germany","2019-03-24"
3065,"CUS003065","Gary Lawrence","Consumer","Manchester","United Kingdom","2025-01-02"
3066,"CUS003066","Desiree Lee","Small Business","Dublin","Ireland","2020-04-17"
3067,"CUS003067","Mia Flowers","Small Business","New York","USA","2021-07-30"
3068,"CUS003068","Robert Knight","Online Reseller","Austin","USA","2020-04-08"
3069,"CUS003069","Hannah Rodriguez","Small Business","Munich","Germany","2025-07-06"
3070,"CUS003070","Timothy Thomas","Consumer","New York","USA","2021-01-06"
3071,"CUS003071","Kelly Roberts","Small Business","Berlin","Germany","2021-09-12"
3072,"CUS003072","Carla Tucker","Consumer","Madrid","Spain","2025-03-12"
3073,"CUS003073","Edward Chavez","Consumer","Birmingham","United Kingdom","2021-11-29"
3074,"CUS003074","Roger Martinez","Consumer","Birmingham","United Kingdom","2020-12-31"
3075,"CUS003075","Aaron Bell PhD","Small Business","Leeds","United Kingdom","2021-04-20"
3076,"CUS003076","Chad Koch","Consumer","Glasgow","United Kingdom","2020-01-02"
3077,"CUS003077","Kathryn Mullen","Consumer","Cork","Ireland","2025-02-17"
3078,"CUS003078","Tiffany Reeves","Consumer","Glasgow","United Kingdom","2020-11-05"
3079,"CUS003079","Nicholas Reynolds","Consumer","Lyon","France","2019-02-17"
3080,"CUS003080","Donna Johnson","Corporate","Austin","USA","2019-05-05"
3081,"CUS003081","Danielle Gregory","Small Business","London","United Kingdom","2025-07-27"
3082,"CUS003082","James Strong","Consumer","Bristol","United Kingdom","2020-02-07"
3083,"CUS003083","Tami Harper","Corporate","Birmingham","United Kingdom","2019-08-23"
3084,"CUS003084","Jeffrey Liu","Online Reseller","Austin","USA","2019-04-16"
3085,"CUS003085","Brenda Saunders","Consumer","Chicago","USA","2020-04-16"
3086,"CUS003086","Jason Gonzalez","Corporate","Austin","USA","2022-04-11"
3087,"CUS003087","Edward Ho","Consumer","Nottingham","United Kingdom","2020-08-28"
3088,"CUS003088","Clifford Patton","Consumer","Hamburg","Germany","2022-03-22"
3089,"CUS003089","Anne Rose","Consumer","Dublin","Ireland","2022-03-29"
3090,"CUS003090","Kathy Jennings","Consumer","Dublin","Ireland","2024-04-04"
3091,"CUS003091","Hector Owens","Consumer","Leeds","United Kingdom","2019-06-30"
3092,"CUS003092","Julia Gaines","Corporate","Berlin","Germany","2021-10-03"
3093,"CUS003093","Randall Davis","Consumer","Bristol","United Kingdom","2023-01-20"
3094,"CUS003094","Terry Buchanan","Consumer","Chicago","USA","2023-07-18"
3095,"CUS003095","Jacqueline Oliver","Consumer","Nottingham","United Kingdom","2020-09-03"
3096,"CUS003096","Sherry Brown","Consumer","Austin","USA","2022-08-10"
3097,"CUS003097","Beth Santiago","Consumer","Nottingham","United Kingdom","2020-11-28"
3098,"CUS003098","Phillip Holmes","Corporate","Chicago","USA","2025-03-13"
3099,"CUS003099","Angela Nelson","Consumer","Austin","USA","2023-07-24"
3100,"CUS003100","Mrs. Linda Short","Corporate","Leeds","United Kingdom","2025-11-20"
3101,"CUS003101","Melissa Lin","Consumer","Hamburg","Germany","2019-03-11"
3102,"CUS003102","Kevin Dixon","Online Reseller","Austin","USA","2024-11-23"
3103,"CUS003103","Meredith Black","Consumer","Nottingham","United Kingdom","2019-07-12"
3104,"CUS003104","Tracy Taylor","Consumer","Barcelona","Spain","2024-12-05"
3105,"CUS003105","Margaret Moore","Small Business","Birmingham","United Kingdom","2019-01-21"
3106,"CUS003106","Michelle Zuniga","Consumer","Bristol","United Kingdom","2020-12-27"
3107,"CUS003107","Loretta Gonzalez","Consumer","Munich","Germany","2021-10-16"
3108,"CUS003108","Christian Hobbs","Corporate","Cork","Ireland","2021-02-07"
3109,"CUS003109","Danielle Garcia","Consumer","Dublin","Ireland","2021-09-19"
3110,"CUS003110","Jonathan Myers","Consumer","Nottingham","United Kingdom","2023-06-27"
3111,"CUS003111","Elizabeth Webb","Corporate","Munich","Germany","2024-11-06"
3112,"CUS003112","David Abbott","Corporate","Hamburg","Germany","2022-06-13"
3113,"CUS003113","Lonnie Gonzales","Consumer","London","United Kingdom","2023-09-16"
3114,"CUS003114","Barbara Thomas","Consumer","New York","USA","2024-12-04"
3115,"CUS003115","Charles Garner","Consumer","Nottingham","United Kingdom","2021-10-28"
3116,"CUS003116","Jorge Lyons","Consumer","Glasgow","United Kingdom","2023-05-18"
3117,"CUS003117","John Roberts","Consumer","Bristol","United Kingdom","2022-12-23"
3118,"CUS003118","Kevin Richardson","Small Business","Barcelona","Spain","2019-06-23"
3119,"CUS003119","James Marsh","Consumer","Glasgow","United Kingdom","2023-02-20"
3120,"CUS003120","Robert Hernandez","Consumer","Bristol","United Kingdom","2021-02-24"
3121,"CUS003121","Bryan Price","Corporate","Madrid","Spain","2024-04-08"
3122,"CUS003122","Amanda Santos","Small Business","Leeds","United Kingdom","2022-04-05"
3123,"CUS003123","Jill Odonnell","Small Business","Dublin","Ireland","2020-03-22"
3124,"CUS003124","Charles Khan","Corporate","Birmingham","United Kingdom","2024-10-25"
3125,"CUS003125","Adam Moore","Consumer","Manchester","United Kingdom","2020-07-03"
3126,"CUS003126","Shannon Clark","Corporate","Dublin","Ireland","2022-10-24"
3127,"CUS003127","Kelly Palmer","Corporate","Bristol","United Kingdom","2022-04-08"
3128,"CUS003128","Christian Rios","Consumer","London","United Kingdom","2022-12-25"
3129,"CUS003129","Julia Trevino","Consumer","Birmingham","United Kingdom","2022-07-14"
3130,"CUS003130","Richard Barrett","Consumer","Amsterdam","Netherlands","2021-06-27"
3131,"CUS003131","Andrea Franco","Consumer","New York","USA","2025-09-23"
3132,"CUS003132","Dr. Larry White","Corporate","Cork","Ireland","2020-05-21"
3133,"CUS003133","Katie Hopkins","Online Reseller","Hamburg","Germany","2021-09-14"
3134,"CUS003134","Michael Chapman","Corporate","Hamburg","Germany","2024-07-10"
3135,"CUS003135","Lauren Gallegos","Corporate","Leeds","United Kingdom","2021-07-13"
3136,"CUS003136","Allen Quinn","Small Business","Leeds","United Kingdom","2019-11-11"
3137,"CUS003137","Maurice Porter","Small Business","Barcelona","Spain","2022-09-03"
3138,"CUS003138","Erica Hall","Consumer","Madrid","Spain","2024-08-12"
3139,"CUS003139","Sylvia Flynn","Consumer","Amsterdam","Netherlands","2021-01-27"
3140,"CUS003140","Spencer Chandler","Online Reseller","Nottingham","United Kingdom","2019-05-01"
3141,"CUS003141","William Nielsen","Small Business","Munich","Germany","2020-04-03"
3142,"CUS003142","David Johnson","Consumer","Hamburg","Germany","2019-02-23"
3143,"CUS003143","Jessica Brooks","Consumer","Leeds","United Kingdom","2024-07-30"
3144,"CUS003144","Alyssa Thompson","Small Business","Manchester","United Kingdom","2025-09-07"
3145,"CUS003145","Jerry Anderson","Small Business","Bristol","United Kingdom","2019-01-13"
3146,"CUS003146","Kristie Gonzalez","Consumer","Amsterdam","Netherlands","2025-11-02"
3147,"CUS003147","Michael Perez DDS","Small Business","New York","USA","2019-11-09"
3148,"CUS003148","Joseph Tyler","Small Business","Nottingham","United Kingdom","2024-11-24"
3149,"CUS003149","Alexander Moyer","Consumer","Lyon","France","2022-04-12"
3150,"CUS003150","Andrew Taylor","Consumer","Leeds","United Kingdom","2022-11-05"
3151,"CUS003151","Raymond Carroll","Small Business","Amsterdam","Netherlands","2023-07-27"
3152,"CUS003152","Gina Fleming","Corporate","Glasgow","United Kingdom","2021-06-02"
3153,"CUS003153","Monica Rice","Consumer","Hamburg","Germany","2021-09-10"
3154,"CUS003154","Daniel Carey","Consumer","Cork","Ireland","2019-11-11"
3155,"CUS003155","Heather Yoder","Corporate","Nottingham","United Kingdom","2022-04-19"
3156,"CUS003156","Rebecca Gonzales","Consumer","Birmingham","United Kingdom","2019-06-25"
3157,"CUS003157","Shelly Carroll","Consumer","Austin","USA","2022-10-14"
3158,"CUS003158","Joseph Garcia","Consumer","Leeds","United Kingdom","2019-07-09"
3159,"CUS003159","Mr. Joshua Johnson PhD","Consumer","Dublin","Ireland","2020-06-11"
3160,"CUS003160","Ronald Myers","Consumer","Glasgow","United Kingdom","2019-06-22"
3161,"CUS003161","Shane Moore","Consumer","Madrid","Spain","2021-04-12"
3162,"CUS003162","Joseph Allen","Small Business","Leeds","United Kingdom","2019-12-29"
3163,"CUS003163","Lisa Collins","Consumer","New York","USA","2024-02-10"
3164,"CUS003164","Kimberly Snow","Consumer","Bristol","United Kingdom","2020-12-19"
3165,"CUS003165","Taylor Mercer","Small Business","Chicago","USA","2022-12-28"
3166,"CUS003166","Amanda Fisher","Consumer","Leeds","United Kingdom","2021-01-21"
3167,"CUS003167","Stephen Brown","Consumer","Nottingham","United Kingdom","2024-06-10"
3168,"CUS003168","Robert Rivera","Corporate","Birmingham","United Kingdom","2020-08-07"
3169,"CUS003169","Susan Brown","Small Business","Hamburg","Germany","2022-04-04"
3170,"CUS003170","Robert Elliott DDS","Consumer","New York","USA","2022-05-30"
3171,"CUS003171","Rhonda Reed","Small Business","Amsterdam","Netherlands","2024-01-07"
3172,"CUS003172","Jason Stevenson","Consumer","Chicago","USA","2024-05-07"
3173,"CUS003173","Stacy Mendoza","Consumer","Amsterdam","Netherlands","2021-05-18"
3174,"CUS003174","Nathaniel Garcia","Corporate","Manchester","United Kingdom","2020-05-23"
3175,"CUS003175","Danny Bell MD","Consumer","Bristol","United Kingdom","2019-03-15"
3176,"CUS003176","Sherri Perez","Consumer","Berlin","Germany","2025-05-01"
3177,"CUS003177","Allison Casey","Small Business","Berlin","Germany","2022-03-16"
3178,"CUS003178","Lee Gray","Corporate","Berlin","Germany","2024-01-30"
3179,"CUS003179","Alicia Olson","Consumer","Madrid","Spain","2025-09-14"
3180,"CUS003180","James Martinez","Small Business","Lyon","France","2025-06-03"
3181,"CUS003181","Kirsten Wilson","Consumer","Austin","USA","2025-03-13"
3182,"CUS003182","Luis Berger","Consumer","Lyon","France","2024-11-08"
3183,"CUS003183","Greg Hull","Small Business","Birmingham","United Kingdom","2025-06-30"
3184,"CUS003184","Brandon Smith","Consumer","Birmingham","United Kingdom","2022-09-15"
3185,"CUS003185","Paul Morton","Consumer","Munich","Germany","2024-08-11"
3186,"CUS003186","Amber Pham","Online Reseller","Amsterdam","Netherlands","2021-02-18"
3187,"CUS003187","Danielle Brown","Small Business","Glasgow","United Kingdom","2021-07-02"
3188,"CUS003188","Jeffrey Campbell","Small Business","London","United Kingdom","2023-10-27"
3189,"CUS003189","Lance Zamora","Online Reseller","Birmingham","United Kingdom","2019-08-13"
3190,"CUS003190","Mrs. Jennifer Sandoval DDS","Consumer","Bristol","United Kingdom","2025-04-04"
3191,"CUS003191","Todd Harris","Corporate","Cork","Ireland","2024-02-16"
3192,"CUS003192","Robin Hurst","Corporate","New York","USA","2020-12-13"
3193,"CUS003193","Jill Turner","Corporate","Chicago","USA","2021-07-23"
3194,"CUS003194","Juan Melton","Consumer","Dublin","Ireland","2025-10-03"
3195,"CUS003195","Steven Flores","Small Business","Madrid","Spain","2024-10-31"
3196,"CUS003196","Ashley Reed","Small Business","Birmingham","United Kingdom","2022-03-12"
3197,"CUS003197","Trevor Tucker","Online Reseller","Chicago","USA","2020-04-27"
3198,"CUS003198","Thomas Skinner","Consumer","Barcelona","Spain","2025-02-27"
3199,"CUS003199","Elizabeth Tran","Consumer","New York","USA","2023-01-09"
3200,"CUS003200","Nathaniel French","Consumer","Berlin","Germany","2021-12-25"
3201,"CUS003201","David Alexander","Consumer","Birmingham","United Kingdom","2023-03-30"
3202,"CUS003202","Tiffany Smith","Consumer","Bristol","United Kingdom","2021-06-06"
3203,"CUS003203","Debra Chapman","Small Business","Leeds","United Kingdom","2020-02-07"
3204,"CUS003204","Vincent Brown","Small Business","Paris","France","2024-12-04"
3205,"CUS003205","Janet Smith","Online Reseller","Manchester","United Kingdom","2020-05-07"
3206,"CUS003206","Jeremy Walker","Small Business","London","United Kingdom","2023-06-21"
3207,"CUS003207","Matthew Patel","Corporate","Berlin","Germany","2022-06-26"
3208,"CUS003208","Amanda Hines","Corporate","Rotterdam","Netherlands","2019-06-16"
3209,"CUS003209","Susan Webster","Consumer","Amsterdam","Netherlands","2021-07-05"
3210,"CUS003210","Ronald Baker","Small Business","Bristol","United Kingdom","2023-11-14"
3211,"CUS003211","Claire Johnson","Consumer","Munich","Germany","2019-08-14"
3212,"CUS003212","Lisa Glenn","Consumer","Glasgow","United Kingdom","2021-04-07"
3213,"CUS003213","Tanya Goodwin","Consumer","Bristol","United Kingdom","2025-11-11"
3214,"CUS003214","Kristen Farley","Small Business","Glasgow","United Kingdom","2019-07-16"
3215,"CUS003215","Donna Ritter","Consumer","Barcelona","Spain","2025-11-12"
3216,"CUS003216","Jessica Ball","Consumer","Paris","France","2025-10-20"
3217,"CUS003217","Debbie Horne","Consumer","Bristol","United Kingdom","2024-01-31"
3218,"CUS003218","Willie Allen","Small Business","London","United Kingdom","2024-11-07"
3219,"CUS003219","Diana Fleming","Online Reseller","Birmingham","United Kingdom","2023-08-12"
3220,"CUS003220","Zachary Wise","Corporate","Berlin","Germany","2021-06-22"
3221,"CUS003221","Kenneth Johnson","Consumer","Lyon","France","2024-07-21"
3222,"CUS003222","Derrick King","Consumer","Birmingham","United Kingdom","2020-10-26"
3223,"CUS003223","Patricia Smith","Small Business","Leeds","United Kingdom","2023-07-10"
3224,"CUS003224","Matthew Huff","Corporate","Chicago","USA","2025-09-08"
3225,"CUS003225","Jill Smith","Corporate","Nottingham","United Kingdom","2020-01-13"
3226,"CUS003226","Andrew Howard","Corporate","Chicago","USA","2024-04-26"
3227,"CUS003227","Kristin Ortiz","Online Reseller","Madrid","Spain","2025-05-04"
3228,"CUS003228","Angela Prince","Small Business","Paris","France","2021-12-15"
3229,"CUS003229","Tiffany Alexander","Corporate","Birmingham","United Kingdom","2021-12-12"
3230,"CUS003230","Richard Green","Consumer","London","United Kingdom","2024-02-03"
3231,"CUS003231","Darren Thompson PhD","Online Reseller","London","United Kingdom","2022-07-10"
3232,"CUS003232","Crystal Pena","Consumer","London","United Kingdom","2023-07-02"
3233,"CUS003233","Jonathon Alexander","Small Business","Birmingham","United Kingdom","2024-03-16"
3234,"CUS003234","Juan Perez","Online Reseller","Glasgow","United Kingdom","2020-11-03"
3235,"CUS003235","Wendy Hester","Corporate","Paris","France","2019-01-02"
3236,"CUS003236","Ryan Atkinson","Small Business","London","United Kingdom","2021-09-01"
3237,"CUS003237","Amanda Young","Consumer","Austin","USA","2024-03-30"
3238,"CUS003238","Jonathon Wilson","Consumer","Cork","Ireland","2021-02-18"
3239,"CUS003239","Damon Hudson","Small Business","Nottingham","United Kingdom","2025-02-11"
3240,"CUS003240","Melanie Jones","Corporate","Manchester","United Kingdom","2020-11-21"
3241,"CUS003241","Douglas Johnson","Consumer","Rotterdam","Netherlands","2023-06-09"
3242,"CUS003242","Heather Hester","Online Reseller","Nottingham","United Kingdom","2020-01-23"
3243,"CUS003243","Jade Dunlap","Online Reseller","Manchester","United Kingdom","2021-08-26"
3244,"CUS003244","Andre Richardson","Small Business","Cork","Ireland","2023-06-20"
3245,"CUS003245","Chris Garza","Small Business","Dublin","Ireland","2024-03-12"
3246,"CUS003246","Daniel Edwards","Corporate","Chicago","USA","2020-11-28"
3247,"CUS003247","Natalie Logan","Consumer","Madrid","Spain","2020-10-23"
3248,"CUS003248","Teresa Gray","Small Business","Lyon","France","2025-08-09"
3249,"CUS003249","Mary Hernandez","Consumer","Berlin","Germany","2021-03-03"
3250,"CUS003250","Marie Friedman","Consumer","Leeds","United Kingdom","2025-02-14"
3251,"CUS003251","Wendy Cunningham","Consumer","Glasgow","United Kingdom","2025-10-20"
3252,"CUS003252","Miss Morgan Ryan MD","Consumer","Glasgow","United Kingdom","2021-08-06"
3253,"CUS003253","Rebecca Lawson","Small Business","Amsterdam","Netherlands","2024-10-11"
3254,"CUS003254","Kelly Stewart","Online Reseller","Bristol","United Kingdom","2023-07-31"
3255,"CUS003255","Kenneth Bartlett","Corporate","London","United Kingdom","2024-01-16"
3256,"CUS003256","Robert Madden","Consumer","Madrid","Spain","2025-08-07"
3257,"CUS003257","Ethan Compton","Consumer","Hamburg","Germany","2020-05-02"
3258,"CUS003258","Jill Rosario","Consumer","Dublin","Ireland","2024-07-26"
3259,"CUS003259","Bobby Castro","Consumer","Leeds","United Kingdom","2020-08-23"
3260,"CUS003260","Jack Washington","Consumer","Amsterdam","Netherlands","2019-01-10"
3261,"CUS003261","Richard Hall","Consumer","London","United Kingdom","2020-12-01"
3262,"CUS003262","Victoria Frost","Consumer","Bristol","United Kingdom","2020-10-14"
3263,"CUS003263","Terry Craig","Corporate","Leeds","United Kingdom","2023-02-08"
3264,"CUS003264","Lisa Flynn","Consumer","Manchester","United Kingdom","2024-01-07"
3265,"CUS003265","Bruce Ortiz","Consumer","Barcelona","Spain","2020-09-07"
3266,"CUS003266","Brittany Snyder","Corporate","Austin","USA","2020-12-14"
3267,"CUS003267","Christina White","Consumer","Birmingham","United Kingdom","2025-05-14"
3268,"CUS003268","Christopher Barnes","Small Business","Leeds","United Kingdom","2019-06-11"
3269,"CUS003269","Michelle Harrison","Small Business","Hamburg","Germany","2022-01-04"
3270,"CUS003270","Sean Bass","Corporate","Birmingham","United Kingdom","2022-03-28"
3271,"CUS003271","Christopher Jones","Online Reseller","New York","USA","2020-06-03"
3272,"CUS003272","Kendra Hughes","Small Business","Amsterdam","Netherlands","2019-05-19"
3273,"CUS003273","Cameron Terry","Corporate","Madrid","Spain","2025-01-30"
3274,"CUS003274","Edward Rogers","Corporate","Bristol","United Kingdom","2021-10-24"
3275,"CUS003275","Gabrielle Franklin","Corporate","Cork","Ireland","2022-05-06"
3276,"CUS003276","Nathan Jones","Small Business","Rotterdam","Netherlands","2025-11-02"
3277,"CUS003277","Tiffany Lozano","Corporate","Dublin","Ireland","2022-03-07"
3278,"CUS003278","Natalie Graham","Consumer","Bristol","United Kingdom","2024-02-19"
3279,"CUS003279","Melissa Quinn","Corporate","Madrid","Spain","2023-12-13"
3280,"CUS003280","Leah Wilkins","Consumer","London","United Kingdom","2025-02-06"
3281,"CUS003281","Brittany Smith","Consumer","Leeds","United Kingdom","2025-01-17"
3282,"CUS003282","Megan Chavez","Consumer","Austin","USA","2025-11-26"
3283,"CUS003283","Christopher Sharp","Small Business","Cork","Ireland","2025-11-20"
3284,"CUS003284","Raymond Hall","Corporate","Bristol","United Kingdom","2024-03-04"
3285,"CUS003285","Anthony Holmes MD","Consumer","Cork","Ireland","2020-09-06"
3286,"CUS003286","Tanya Mitchell","Consumer","Rotterdam","Netherlands","2020-09-22"
3287,"CUS003287","Peter Mckay","Consumer","Amsterdam","Netherlands","2025-06-20"
3288,"CUS003288","Tony Khan","Consumer","Bristol","United Kingdom","2024-12-19"
3289,"CUS003289","Jessica Ramirez","Consumer","Birmingham","United Kingdom","2021-02-01"
3290,"CUS003290","Emily Reed","Consumer","Paris","France","2022-01-08"
3291,"CUS003291","Dwayne Tucker","Small Business","Rotterdam","Netherlands","2023-05-18"
3292,"CUS003292","Christopher Crosby","Consumer","Birmingham","United Kingdom","2024-02-14"
3293,"CUS003293","Larry Rodriguez","Corporate","Berlin","Germany","2020-11-18"
3294,"CUS003294","Donald Davis","Consumer","Birmingham","United Kingdom","2022-11-04"
3295,"CUS003295","Katie Jackson","Consumer","Rotterdam","Netherlands","2024-11-14"
3296,"CUS003296","Amanda Macdonald","Consumer","Birmingham","United Kingdom","2020-07-28"
3297,"CUS003297","Chloe Freeman","Corporate","Glasgow","United Kingdom","2021-01-30"
3298,"CUS003298","Jaclyn Campbell","Corporate","Paris","France","2025-06-17"
3299,"CUS003299","Jessica Wallace","Small Business","Rotterdam","Netherlands","2021-06-29"
3300,"CUS003300","Jesse Hardin","Consumer","Amsterdam","Netherlands","2025-06-03"
3301,"CUS003301","Tamara Wilson","Consumer","Barcelona","Spain","2021-12-03"
3302,"CUS003302","Katherine Miller","Small Business","Bristol","United Kingdom","2021-02-03"
3303,"CUS003303","Donald Barnett","Corporate","Munich","Germany","2024-06-02"
3304,"CUS003304","Regina Garner","Consumer","Manchester","United Kingdom","2025-06-15"
3305,"CUS003305","Benjamin Moore","Consumer","Birmingham","United Kingdom","2021-06-29"
3306,"CUS003306","Jesse Moss","Small Business","Birmingham","United Kingdom","2023-02-24"
3307,"CUS003307","Angela Watts","Online Reseller","Glasgow","United Kingdom","2024-08-28"
3308,"CUS003308","Amanda Garcia","Consumer","Bristol","United Kingdom","2023-02-07"
3309,"CUS003309","Kelly Lee","Consumer","Bristol","United Kingdom","2021-12-12"
3310,"CUS003310","Sara Garrett","Consumer","Barcelona","Spain","2022-08-05"
3311,"CUS003311","Lori Sanchez","Consumer","Austin","USA","2021-12-07"
3312,"CUS003312","Shelby Robinson","Consumer","London","United Kingdom","2020-05-06"
3313,"CUS003313","John Washington","Small Business","Amsterdam","Netherlands","2020-04-08"
3314,"CUS003314","Jonathan Anderson","Consumer","Barcelona","Spain","2021-03-26"
3315,"CUS003315","Ann Black","Corporate","Cork","Ireland","2022-01-07"
3316,"CUS003316","Cindy Hamilton","Small Business","New York","USA","2021-05-10"
3317,"CUS003317","Logan Mckinney Jr.","Consumer","Nottingham","United Kingdom","2024-02-02"
3318,"CUS003318","Lisa Welch","Consumer","Glasgow","United Kingdom","2020-03-15"
3319,"CUS003319","Gregory Moreno","Consumer","London","United Kingdom","2021-05-28"
3320,"CUS003320","Sherry Pittman","Corporate","Chicago","USA","2024-11-18"
3321,"CUS003321","Mary Henry","Consumer","Glasgow","United Kingdom","2022-07-23"
3322,"CUS003322","Linda Daniels","Consumer","Birmingham","United Kingdom","2020-09-05"
3323,"CUS003323","Daniel Mccarty","Consumer","Paris","France","2019-12-23"
3324,"CUS003324","Pamela Barnes","Consumer","Manchester","United Kingdom","2023-04-18"
3325,"CUS003325","David Coleman","Corporate","Berlin","Germany","2024-11-15"
3326,"CUS003326","Tyler Guerrero","Corporate","Dublin","Ireland","2020-06-23"
3327,"CUS003327","James Anderson","Consumer","New York","USA","2020-06-15"
3328,"CUS003328","Sara Shields","Consumer","Birmingham","United Kingdom","2022-11-27"
3329,"CUS003329","Melissa Johnson","Online Reseller","London","United Kingdom","2025-04-02"
3330,"CUS003330","Daniel Rosales","Consumer","Chicago","USA","2022-08-21"
3331,"CUS003331","Justin Morris","Small Business","Rotterdam","Netherlands","2024-01-17"
3332,"CUS003332","Jennifer Lamb","Consumer","Munich","Germany","2020-11-17"
3333,"CUS003333","Dean Brown","Consumer","Bristol","United Kingdom","2022-10-13"
3334,"CUS003334","Mr. Mark Williams","Consumer","Barcelona","Spain","2022-10-22"
3335,"CUS003335","Daniel Hutchinson","Online Reseller","Chicago","USA","2022-07-23"
3336,"CUS003336","Penny Rodriguez","Consumer","Austin","USA","2024-08-18"
3337,"CUS003337","Lisa Anderson","Small Business","Birmingham","United Kingdom","2019-12-06"
3338,"CUS003338","Tiffany Smith","Online Reseller","Chicago","USA","2019-04-15"
3339,"CUS003339","Richard Cook","Consumer","Glasgow","United Kingdom","2019-06-11"
3340,"CUS003340","Ralph Brown","Consumer","Glasgow","United Kingdom","2021-07-29"
3341,"CUS003341","Daniel Nichols","Consumer","Berlin","Germany","2021-08-26"
3342,"CUS003342","Dr. Jennifer Robbins","Small Business","Glasgow","United Kingdom","2020-04-19"
3343,"CUS003343","Christopher Brooks","Consumer","Chicago","USA","2019-01-23"
3344,"CUS003344","Juan Wright","Consumer","Leeds","United Kingdom","2021-04-15"
3345,"CUS003345","Ryan Fischer","Corporate","Lyon","France","2021-01-16"
3346,"CUS003346","Kathryn Moody","Consumer","Lyon","France","2024-10-30"
3347,"CUS003347","Douglas Johnson","Consumer","Cork","Ireland","2024-07-02"
3348,"CUS003348","Melissa Johnson","Corporate","Glasgow","United Kingdom","2021-06-28"
3349,"CUS003349","Robin Gray","Small Business","Bristol","United Kingdom","2022-04-13"
3350,"CUS003350","Robert Mcdowell","Corporate","Paris","France","2020-06-15"
3351,"CUS003351","Angela Wagner","Online Reseller","Birmingham","United Kingdom","2020-11-17"
3352,"CUS003352","Morgan Smith","Consumer","Barcelona","Spain","2019-10-13"
3353,"CUS003353","Kimberly Ellison","Corporate","Dublin","Ireland","2020-03-09"
3354,"CUS003354","Kevin Myers","Small Business","New York","USA","2020-06-01"
3355,"CUS003355","Shannon Glover","Small Business","London","United Kingdom","2019-01-30"
3356,"CUS003356","Patrick Turner","Consumer","Hamburg","Germany","2023-03-25"
3357,"CUS003357","Brett Costa","Consumer","New York","USA","2023-08-29"
3358,"CUS003358","Jamie Jordan","Consumer","London","United Kingdom","2025-03-14"
3359,"CUS003359","Jason Ramirez","Consumer","Dublin","Ireland","2024-04-15"
3360,"CUS003360","Michael Hunter","Consumer","Bristol","United Kingdom","2024-02-11"
3361,"CUS003361","Willie Luna","Small Business","London","United Kingdom","2024-05-20"
3362,"CUS003362","Pamela Klein","Corporate","Cork","Ireland","2023-01-27"
3363,"CUS003363","Kenneth Johnson","Consumer","Munich","Germany","2023-04-02"
3364,"CUS003364","Jillian Woods","Online Reseller","Birmingham","United Kingdom","2022-08-25"
3365,"CUS003365","Eric Thomas","Consumer","Nottingham","United Kingdom","2024-02-01"
3366,"CUS003366","Angela Hoffman","Corporate","Bristol","United Kingdom","2020-02-23"
3367,"CUS003367","Tom Watkins","Small Business","Birmingham","United Kingdom","2023-12-06"
3368,"CUS003368","Jamie Massey","Consumer","Barcelona","Spain","2024-02-16"
3369,"CUS003369","Sara Hodges","Consumer","Paris","France","2021-06-08"
3370,"CUS003370","Johnny Jenkins","Online Reseller","Madrid","Spain","2019-04-30"
3371,"CUS003371","Sandra Johnson","Consumer","London","United Kingdom","2025-05-10"
3372,"CUS003372","Linda Savage","Corporate","Madrid","Spain","2020-12-02"
3373,"CUS003373","Daniel Hart","Small Business","Barcelona","Spain","2025-07-24"
3374,"CUS003374","Jonathan Chung II","Consumer","Manchester","United Kingdom","2025-03-05"
3375,"CUS003375","John Peters","Consumer","London","United Kingdom","2023-01-29"
3376,"CUS003376","Morgan Morse","Small Business","Paris","France","2025-01-21"
3377,"CUS003377","Billy Martinez","Online Reseller","Birmingham","United Kingdom","2021-12-28"
3378,"CUS003378","Joseph Martinez","Corporate","Leeds","United Kingdom","2024-03-11"
3379,"CUS003379","Sergio Wilson","Consumer","Chicago","USA","2023-05-30"
3380,"CUS003380","Kathleen Sims","Corporate","Nottingham","United Kingdom","2021-12-05"
3381,"CUS003381","Brenda Sawyer","Corporate","Rotterdam","Netherlands","2020-04-22"
3382,"CUS003382","Adam Wilson","Corporate","Leeds","United Kingdom","2025-07-12"
3383,"CUS003383","Michelle Beard MD","Corporate","London","United Kingdom","2023-12-08"
3384,"CUS003384","Steve Elliott","Consumer","Nottingham","United Kingdom","2025-09-06"
3385,"CUS003385","Dylan Cohen","Corporate","Cork","Ireland","2021-05-27"
3386,"CUS003386","Tiffany Watson","Consumer","Cork","Ireland","2025-04-05"
3387,"CUS003387","Kaitlyn Clark","Consumer","Madrid","Spain","2019-04-26"
3388,"CUS003388","Paul Ferrell","Consumer","New York","USA","2023-02-01"
3389,"CUS003389","Carly Espinoza","Corporate","Glasgow","United Kingdom","2019-08-11"
3390,"CUS003390","Evan White","Consumer","Berlin","Germany","2019-07-02"
3391,"CUS003391","Willie Smith","Consumer","Birmingham","United Kingdom","2024-03-22"
3392,"CUS003392","Christina Davis","Consumer","Cork","Ireland","2021-05-12"
3393,"CUS003393","Brandon Weber","Corporate","Lyon","France","2023-01-03"
3394,"CUS003394","Andrea Fields","Consumer","Bristol","United Kingdom","2019-09-07"
3395,"CUS003395","Haley Smith","Consumer","New York","USA","2022-02-13"
3396,"CUS003396","Duane Buck","Small Business","Madrid","Spain","2019-12-02"
3397,"CUS003397","Nicholas Richardson","Consumer","Austin","USA","2024-02-29"
3398,"CUS003398","Taylor Hoffman","Small Business","Glasgow","United Kingdom","2021-05-10"
3399,"CUS003399","Christina Watkins","Consumer","Amsterdam","Netherlands","2020-09-03"
3400,"CUS003400","Daniel White","Small Business","Paris","France","2025-07-31"
3401,"CUS003401","Beth Boyd","Consumer","Austin","USA","2022-05-25"
3402,"CUS003402","Janet Johnston","Corporate","Manchester","United Kingdom","2024-09-25"
3403,"CUS003403","Lisa Levy","Small Business","Birmingham","United Kingdom","2019-01-21"
3404,"CUS003404","Lisa Blankenship","Consumer","Munich","Germany","2025-08-27"
3405,"CUS003405","Aaron Hall","Consumer","Dublin","Ireland","2019-07-18"
3406,"CUS003406","Timothy Mendez","Consumer","Paris","France","2020-10-06"
3407,"CUS003407","John Smith","Small Business","Bristol","United Kingdom","2024-02-29"
3408,"CUS003408","Wayne Taylor","Corporate","Glasgow","United Kingdom","2019-08-08"
3409,"CUS003409","Jessica Ruiz","Corporate","Glasgow","United Kingdom","2020-01-01"
3410,"CUS003410","Peter Allen","Consumer","Leeds","United Kingdom","2020-06-14"
3411,"CUS003411","Raymond Mccarthy","Consumer","Madrid","Spain","2019-05-11"
3412,"CUS003412","Ryan Stewart","Consumer","Bristol","United Kingdom","2024-12-07"
3413,"CUS003413","Larry Lewis","Consumer","New York","USA","2021-05-26"
3414,"CUS003414","Mark Ramirez","Consumer","Birmingham","United Kingdom","2023-04-07"
3415,"CUS003415","Jeffrey Alexander","Consumer","Birmingham","United Kingdom","2021-01-02"
3416,"CUS003416","Danielle Martinez","Small Business","Cork","Ireland","2020-02-29"
3417,"CUS003417","Marissa Thompson","Consumer","Glasgow","United Kingdom","2020-02-16"
3418,"CUS003418","Savannah Townsend","Small Business","Nottingham","United Kingdom","2023-06-06"
3419,"CUS003419","Jeff Jensen","Small Business","Berlin","Germany","2019-02-05"
3420,"CUS003420","Tammie Lee","Online Reseller","Munich","Germany","2020-09-06"
3421,"CUS003421","Timothy Cowan","Consumer","Munich","Germany","2025-08-19"
3422,"CUS003422","Isaac Lee","Consumer","Glasgow","United Kingdom","2022-12-04"
3423,"CUS003423","Erin Bartlett","Small Business","New York","USA","2019-01-06"
3424,"CUS003424","Kathryn Smith","Corporate","New York","USA","2025-05-19"
3425,"CUS003425","Matthew May","Small Business","Berlin","Germany","2025-07-17"
3426,"CUS003426","Zachary Padilla","Small Business","Dublin","Ireland","2021-07-26"
3427,"CUS003427","Anthony Armstrong","Consumer","Madrid","Spain","2021-02-20"
3428,"CUS003428","Mitchell Ruiz","Consumer","Manchester","United Kingdom","2025-01-19"
3429,"CUS003429","Jordan Thompson","Small Business","Manchester","United Kingdom","2020-06-17"
3430,"CUS003430","Maria Gardner","Consumer","Nottingham","United Kingdom","2019-11-03"
3431,"CUS003431","Jacob Salazar","Consumer","Amsterdam","Netherlands","2024-05-27"
3432,"CUS003432","Michele Thompson","Consumer","Barcelona","Spain","2025-11-20"
3433,"CUS003433","Angela Flowers","Corporate","London","United Kingdom","2022-02-12"
3434,"CUS003434","Jeremy Page","Corporate","Birmingham","United Kingdom","2023-12-20"
3435,"CUS003435","Scott Ramirez","Consumer","New York","USA","2025-08-16"
3436,"CUS003436","Mary Mclaughlin","Consumer","London","United Kingdom","2022-02-26"
3437,"CUS003437","Michael Yoder","Consumer","Berlin","Germany","2021-12-05"
3438,"CUS003438","Caroline Andersen","Small Business","Madrid","Spain","2019-02-01"
3439,"CUS003439","Holly Smith","Small Business","Bristol","United Kingdom","2019-05-13"
3440,"CUS003440","Jennifer Contreras","Consumer","Nottingham","United Kingdom","2023-01-27"
3441,"CUS003441","Corey Juarez","Online Reseller","Barcelona","Spain","2025-04-30"
3442,"CUS003442","Derek Thompson","Consumer","Barcelona","Spain","2022-06-16"
3443,"CUS003443","Lee Barker","Consumer","Munich","Germany","2022-11-26"
3444,"CUS003444","Mark Wilkinson","Small Business","Leeds","United Kingdom","2021-10-05"
3445,"CUS003445","Emily Castro","Consumer","Glasgow","United Kingdom","2021-10-25"
3446,"CUS003446","John Huff","Consumer","Dublin","Ireland","2025-03-23"
3447,"CUS003447","Timothy Davis","Small Business","Nottingham","United Kingdom","2024-10-07"
3448,"CUS003448","Catherine Miller","Consumer","London","United Kingdom","2023-08-17"
3449,"CUS003449","Mark Smith","Consumer","Berlin","Germany","2022-02-05"
3450,"CUS003450","Adam Little","Consumer","New York","USA","2023-10-02"
3451,"CUS003451","Shawn Harding","Consumer","Dublin","Ireland","2023-02-09"
3452,"CUS003452","Michael Bender","Corporate","London","United Kingdom","2020-03-19"
3453,"CUS003453","Nicole Rojas","Consumer","Madrid","Spain","2021-03-11"
3454,"CUS003454","James Mitchell","Consumer","Cork","Ireland","2021-10-06"
3455,"CUS003455","Karl Gutierrez","Consumer","Bristol","United Kingdom","2019-11-23"
3456,"CUS003456","Denise Gonzalez","Consumer","Barcelona","Spain","2024-12-13"
3457,"CUS003457","Deanna Gonzales","Consumer","Barcelona","Spain","2023-06-29"
3458,"CUS003458","Henry Cox","Consumer","Bristol","United Kingdom","2019-03-13"
3459,"CUS003459","Kelly Gallegos","Consumer","Berlin","Germany","2024-12-03"
3460,"CUS003460","Carolyn Herring","Consumer","Lyon","France","2023-10-26"
3461,"CUS003461","Brittney Carroll","Consumer","Munich","Germany","2020-05-08"
3462,"CUS003462","Jessica Brewer DDS","Consumer","Munich","Germany","2021-03-31"
3463,"CUS003463","Gordon Schmitt","Small Business","Berlin","Germany","2023-12-06"
3464,"CUS003464","Natalie Adams","Small Business","Barcelona","Spain","2023-11-25"
3465,"CUS003465","Christine Robinson","Consumer","New York","USA","2019-09-20"
3466,"CUS003466","Thomas Holmes","Corporate","Dublin","Ireland","2024-04-29"
3467,"CUS003467","Karen Mcdonald","Online Reseller","Nottingham","United Kingdom","2023-07-09"
3468,"CUS003468","Justin Barrett","Consumer","Nottingham","United Kingdom","2022-09-15"
3469,"CUS003469","Erica Garcia","Small Business","Berlin","Germany","2020-04-22"
3470,"CUS003470","Steven Moore","Consumer","Birmingham","United Kingdom","2024-03-29"
3471,"CUS003471","George Leach","Consumer","Manchester","United Kingdom","2021-12-11"
3472,"CUS003472","Hunter Martin","Small Business","Hamburg","Germany","2025-03-11"
3473,"CUS003473","Nicole Gonzales","Corporate","Bristol","United Kingdom","2022-01-09"
3474,"CUS003474","Linda Neal","Consumer","Munich","Germany","2019-09-27"
3475,"CUS003475","Kara Sanchez","Consumer","London","United Kingdom","2025-11-05"
3476,"CUS003476","Lindsay Olson","Small Business","Berlin","Germany","2022-05-04"
3477,"CUS003477","Andrew Hickman","Small Business","Lyon","France","2023-06-06"
3478,"CUS003478","Timothy Mcintosh","Online Reseller","Austin","USA","2021-07-05"
3479,"CUS003479","Jeffery Adams","Consumer","Paris","France","2023-12-04"
3480,"CUS003480","Leslie Martin","Consumer","Lyon","France","2025-03-29"
3481,"CUS003481","Eric Carlson","Consumer","New York","USA","2023-04-14"
3482,"CUS003482","Kelly Lynn","Consumer","Madrid","Spain","2022-03-20"
3483,"CUS003483","Brenda Alvarado","Consumer","Barcelona","Spain","2021-12-26"
3484,"CUS003484","Amy Davis","Consumer","Glasgow","United Kingdom","2022-08-13"
3485,"CUS003485","Brenda Reed","Corporate","London","United Kingdom","2024-10-12"
3486,"CUS003486","Joe Hopkins","Corporate","Lyon","France","2020-04-11"
3487,"CUS003487","Christopher Parker","Small Business","Barcelona","Spain","2019-10-02"
3488,"CUS003488","Scott Kim","Consumer","Chicago","USA","2023-10-31"
3489,"CUS003489","Brittany Peters","Consumer","Amsterdam","Netherlands","2024-03-28"
3490,"CUS003490","Abigail Moore","Small Business","Leeds","United Kingdom","2025-01-23"
3491,"CUS003491","Joshua Long","Consumer","Amsterdam","Netherlands","2019-08-13"
3492,"CUS003492","John Bennett","Corporate","Amsterdam","Netherlands","2021-11-28"
3493,"CUS003493","David Stark","Online Reseller","Birmingham","United Kingdom","2019-12-09"
3494,"CUS003494","Fernando Mcconnell","Corporate","Bristol","United Kingdom","2025-11-24"
3495,"CUS003495","Gabriel Campbell","Consumer","Hamburg","Germany","2025-07-22"
3496,"CUS003496","Shelley Carlson","Small Business","London","United Kingdom","2019-12-09"
3497,"CUS003497","Hannah Santiago","Corporate","Madrid","Spain","2025-01-10"
3498,"CUS003498","Alyssa Blackwell","Small Business","Cork","Ireland","2024-09-12"
3499,"CUS003499","David Cox","Small Business","Glasgow","United Kingdom","2025-02-16"
3500,"CUS003500","April Greene","Consumer","Barcelona","Spain","2020-07-20"
3501,"CUS003501","Billy Hall","Consumer","Nottingham","United Kingdom","2022-12-29"
3502,"CUS003502","Mr. Eric Davis MD","Corporate","Dublin","Ireland","2023-12-09"
3503,"CUS003503","Chris Collins","Consumer","Barcelona","Spain","2019-02-17"
3504,"CUS003504","Karen Green","Small Business","Berlin","Germany","2021-11-28"
3505,"CUS003505","Cassie Sanders","Consumer","Munich","Germany","2024-04-22"
3506,"CUS003506","Ashley Drake","Small Business","Paris","France","2023-04-07"
3507,"CUS003507","Nicholas Rios","Corporate","Munich","Germany","2020-01-10"
3508,"CUS003508","Robert Martin","Consumer","Austin","USA","2020-10-08"
3509,"CUS003509","Jonathon Parks","Corporate","Cork","Ireland","2025-08-15"
3510,"CUS003510","Matthew Santiago","Corporate","London","United Kingdom","2023-10-01"
3511,"CUS003511","Anthony Coleman","Consumer","Hamburg","Germany","2023-05-26"
3512,"CUS003512","Audrey Roman","Online Reseller","Hamburg","Germany","2024-05-08"
3513,"CUS003513","Kathryn Norman","Consumer","Paris","France","2025-08-08"
3514,"CUS003514","Sarah Bonilla","Consumer","Bristol","United Kingdom","2019-12-29"
3515,"CUS003515","Christopher Coleman","Consumer","Chicago","USA","2023-10-16"
3516,"CUS003516","Sheila Miller","Corporate","Birmingham","United Kingdom","2020-12-26"
3517,"CUS003517","Travis Zimmerman","Consumer","Dublin","Ireland","2023-03-26"
3518,"CUS003518","Jose Mendez","Online Reseller","Glasgow","United Kingdom","2025-07-07"
3519,"CUS003519","Jessica Marshall","Corporate","Austin","USA","2023-06-19"
3520,"CUS003520","Sean Stevens","Consumer","Bristol","United Kingdom","2025-10-13"
3521,"CUS003521","Kyle Wood","Small Business","Barcelona","Spain","2023-03-22"
3522,"CUS003522","Michael Wang","Corporate","London","United Kingdom","2025-11-10"
3523,"CUS003523","Derek Carter","Consumer","Manchester","United Kingdom","2022-07-03"
3524,"CUS003524","Jeremy Evans","Consumer","Leeds","United Kingdom","2025-04-16"
3525,"CUS003525","Brian Dennis","Consumer","Leeds","United Kingdom","2022-12-27"
3526,"CUS003526","Jennifer Thompson","Small Business","Berlin","Germany","2023-07-24"
3527,"CUS003527","Beth Thomas","Consumer","Birmingham","United Kingdom","2024-08-20"
3528,"CUS003528","Steven Reed MD","Consumer","Madrid","Spain","2023-06-27"
3529,"CUS003529","Tamara Berger","Consumer","Hamburg","Germany","2019-06-18"
3530,"CUS003530","Samantha Carroll","Online Reseller","Amsterdam","Netherlands","2023-06-07"
3531,"CUS003531","Gabriel Johnson","Corporate","Cork","Ireland","2019-10-07"
3532,"CUS003532","Misty Burnett","Small Business","Birmingham","United Kingdom","2020-01-01"
3533,"CUS003533","Jose Swanson","Online Reseller","London","United Kingdom","2020-04-07"
3534,"CUS003534","Mark Turner","Consumer","Hamburg","Germany","2025-09-22"
3535,"CUS003535","Clinton Francis","Online Reseller","Paris","France","2021-04-17"
3536,"CUS003536","Natalie Miller","Consumer","New York","USA","2024-04-30"
3537,"CUS003537","Traci Leon","Consumer","New York","USA","2021-10-15"
3538,"CUS003538","Whitney Gilbert","Consumer","Manchester","United Kingdom","2024-09-24"
3539,"CUS003539","Rebecca Benson","Small Business","Manchester","United Kingdom","2019-03-31"
3540,"CUS003540","Kenneth Lewis","Small Business","Barcelona","Spain","2022-02-14"
3541,"CUS003541","Denise Barker","Consumer","Chicago","USA","2020-05-25"
3542,"CUS003542","Jonathan Williams","Consumer","Munich","Germany","2019-05-10"
3543,"CUS003543","Christopher Mitchell","Consumer","Rotterdam","Netherlands","2025-05-12"
3544,"CUS003544","Daniel Casey","Consumer","Glasgow","United Kingdom","2024-06-06"
3545,"CUS003545","Denise Ford","Small Business","Amsterdam","Netherlands","2020-06-03"
3546,"CUS003546","Madison Davis","Consumer","Paris","France","2019-01-12"
3547,"CUS003547","Michael Walker","Small Business","Rotterdam","Netherlands","2020-08-18"
3548,"CUS003548","Monica Lynch","Consumer","Nottingham","United Kingdom","2023-08-22"
3549,"CUS003549","Jason Larson","Small Business","Dublin","Ireland","2022-08-30"
3550,"CUS003550","Karen Grant","Corporate","Munich","Germany","2021-12-21"
3551,"CUS003551","Francisco Carson","Corporate","Hamburg","Germany","2021-10-16"
3552,"CUS003552","Scott Porter","Corporate","Lyon","France","2025-02-28"
3553,"CUS003553","Carolyn Price","Consumer","Birmingham","United Kingdom","2022-07-03"
3554,"CUS003554","Matthew Duncan","Consumer","Paris","France","2025-08-06"
3555,"CUS003555","John Mercer","Small Business","Manchester","United Kingdom","2019-07-21"
3556,"CUS003556","Paul Moreno","Consumer","Birmingham","United Kingdom","2025-09-19"
3557,"CUS003557","Paul Hayes","Small Business","Paris","France","2024-05-10"
3558,"CUS003558","Christopher Richards","Corporate","Madrid","Spain","2023-04-12"
3559,"CUS003559","Krystal Perry","Consumer","Amsterdam","Netherlands","2019-10-16"
3560,"CUS003560","Nicole Campbell","Corporate","Cork","Ireland","2019-09-11"
3561,"CUS003561","Wanda Brooks","Consumer","Birmingham","United Kingdom","2025-03-24"
3562,"CUS003562","Jamie Rush","Consumer","New York","USA","2021-10-15"
3563,"CUS003563","James Lewis","Corporate","Bristol","United Kingdom","2020-02-14"
3564,"CUS003564","Dylan Hancock","Consumer","Cork","Ireland","2025-09-21"
3565,"CUS003565","Victoria Werner","Consumer","Leeds","United Kingdom","2019-04-12"
3566,"CUS003566","Heather Robinson","Corporate","Hamburg","Germany","2020-07-10"
3567,"CUS003567","Diana Townsend","Consumer","Birmingham","United Kingdom","2019-07-12"
3568,"CUS003568","Mary Mcdaniel","Online Reseller","Leeds","United Kingdom","2022-01-27"
3569,"CUS003569","Makayla Shaw","Small Business","Austin","USA","2025-11-17"
3570,"CUS003570","Courtney Powell","Consumer","Leeds","United Kingdom","2022-08-31"
3571,"CUS003571","Donna Middleton","Consumer","Chicago","USA","2022-06-26"
3572,"CUS003572","Shane Ross","Consumer","Glasgow","United Kingdom","2023-12-20"
3573,"CUS003573","Ronald Hines","Corporate","Nottingham","United Kingdom","2022-06-17"
3574,"CUS003574","Melinda Garcia","Consumer","New York","USA","2024-09-05"
3575,"CUS003575","Jennifer Barnes","Consumer","New York","USA","2021-09-20"
3576,"CUS003576","Allen Walker","Consumer","Rotterdam","Netherlands","2023-07-15"
3577,"CUS003577","Kathy Miller","Small Business","Amsterdam","Netherlands","2021-01-24"
3578,"CUS003578","Jennifer Johnson","Corporate","Chicago","USA","2019-08-10"
3579,"CUS003579","Carol Garrett","Consumer","Bristol","United Kingdom","2025-10-27"
3580,"CUS003580","Tiffany Johnson","Consumer","Nottingham","United Kingdom","2023-10-09"
3581,"CUS003581","Rachel Price","Consumer","London","United Kingdom","2020-09-15"
3582,"CUS003582","Cheryl Gentry","Small Business","Glasgow","United Kingdom","2023-10-20"
3583,"CUS003583","Nathan Allen","Corporate","Barcelona","Spain","2024-04-25"
3584,"CUS003584","Micheal Gonzalez","Small Business","London","United Kingdom","2025-11-16"
3585,"CUS003585","Austin Johnson","Consumer","Nottingham","United Kingdom","2020-12-25"
3586,"CUS003586","Judy Sutton","Consumer","Nottingham","United Kingdom","2024-08-23"
3587,"CUS003587","David Thompson","Consumer","Chicago","USA","2024-10-18"
3588,"CUS003588","Martin Lara","Consumer","Paris","France","2025-01-07"
3589,"CUS003589","Shelby Stout","Corporate","Leeds","United Kingdom","2023-06-11"
3590,"CUS003590","Nathan Jones","Online Reseller","Cork","Ireland","2020-06-07"
3591,"CUS003591","Melanie Russell","Consumer","Nottingham","United Kingdom","2025-09-05"
3592,"CUS003592","Julie Cruz","Consumer","Rotterdam","Netherlands","2019-02-25"
3593,"CUS003593","Tina Ware","Consumer","Barcelona","Spain","2023-08-01"
3594,"CUS003594","Michelle Lawson","Corporate","New York","USA","2023-10-07"
3595,"CUS003595","Michelle Gonzales DVM","Consumer","Bristol","United Kingdom","2020-11-05"
3596,"CUS003596","Robert Clayton","Consumer","Birmingham","United Kingdom","2024-05-14"
3597,"CUS003597","Amanda Ross","Consumer","Leeds","United Kingdom","2025-08-08"
3598,"CUS003598","Lori Alexander","Consumer","Austin","USA","2025-03-19"
3599,"CUS003599","Ashley Boone","Corporate","Glasgow","United Kingdom","2023-02-18"
3600,"CUS003600","Lauren Moody","Consumer","Madrid","Spain","2020-05-20"
3601,"CUS003601","Holly Douglas","Consumer","Paris","France","2021-11-03"
3602,"CUS003602","David Olson","Online Reseller","Glasgow","United Kingdom","2022-01-04"
3603,"CUS003603","Gary Benson","Online Reseller","Bristol","United Kingdom","2021-11-08"
3604,"CUS003604","Michael Goodwin","Consumer","Manchester","United Kingdom","2024-03-28"
3605,"CUS003605","Grace Norris","Small Business","London","United Kingdom","2019-11-11"
3606,"CUS003606","Jerry Scott","Consumer","London","United Kingdom","2024-01-07"
3607,"CUS003607","Andrew Taylor","Corporate","Birmingham","United Kingdom","2024-07-05"
3608,"CUS003608","Allison Beard","Consumer","Paris","France","2023-06-19"
3609,"CUS003609","Michelle Parker","Corporate","New York","USA","2020-11-12"
3610,"CUS003610","Latoya Torres","Consumer","Dublin","Ireland","2025-03-23"
3611,"CUS003611","Megan Moore","Consumer","Hamburg","Germany","2019-10-26"
3612,"CUS003612","Betty Lawson","Corporate","Rotterdam","Netherlands","2025-02-01"
3613,"CUS003613","Dawn Perez","Consumer","Glasgow","United Kingdom","2023-05-05"
3614,"CUS003614","Lauren Hernandez","Consumer","Madrid","Spain","2021-03-07"
3615,"CUS003615","Jackson Romero","Online Reseller","Birmingham","United Kingdom","2021-07-29"
3616,"CUS003616","Kellie Woods","Consumer","Birmingham","United Kingdom","2020-08-16"
3617,"CUS003617","Valerie Schneider","Consumer","London","United Kingdom","2021-07-29"
3618,"CUS003618","Kathryn Mills","Consumer","Amsterdam","Netherlands","2020-03-01"
3619,"CUS003619","Timothy Wong","Consumer","Cork","Ireland","2024-08-31"
3620,"CUS003620","Karen Webb","Small Business","Nottingham","United Kingdom","2022-11-15"
3621,"CUS003621","Michael Brown","Consumer","Barcelona","Spain","2023-01-12"
3622,"CUS003622","Daniel Hernandez","Consumer","Leeds","United Kingdom","2024-12-17"
3623,"CUS003623","Monica Wilson","Small Business","Birmingham","United Kingdom","2019-09-28"
3624,"CUS003624","Jonathan Hudson","Consumer","Dublin","Ireland","2025-03-12"
3625,"CUS003625","Alexandria Francis","Corporate","Bristol","United Kingdom","2022-08-05"
3626,"CUS003626","Rachel Villanueva","Consumer","Birmingham","United Kingdom","2025-01-07"
3627,"CUS003627","Heidi Johnson","Small Business","Cork","Ireland","2023-05-01"
3628,"CUS003628","Tiffany Romero","Corporate","Austin","USA","2025-07-29"
3629,"CUS003629","Tyrone Bradford","Small Business","Dublin","Ireland","2025-09-18"
3630,"CUS003630","Angela Yates","Consumer","Manchester","United Kingdom","2020-06-28"
3631,"CUS003631","Joseph Sanchez","Consumer","Amsterdam","Netherlands","2024-01-15"
3632,"CUS003632","Catherine Mayer","Consumer","Lyon","France","2019-05-30"
3633,"CUS003633","Crystal Love","Online Reseller","Austin","USA","2025-01-22"
3634,"CUS003634","William Baker","Corporate","Chicago","USA","2020-12-17"
3635,"CUS003635","Patrick Quinn","Small Business","London","United Kingdom","2021-07-16"
3636,"CUS003636","Susan Anderson","Consumer","Berlin","Germany","2021-09-02"
3637,"CUS003637","Daniel Sanchez","Consumer","Berlin","Germany","2020-04-06"
3638,"CUS003638","Karen Garcia","Consumer","Barcelona","Spain","2020-10-05"
3639,"CUS003639","Amber Tyler","Online Reseller","Madrid","Spain","2024-10-18"
3640,"CUS003640","John Ramos","Corporate","Amsterdam","Netherlands","2025-03-31"
3641,"CUS003641","Brett Lawrence","Consumer","Madrid","Spain","2019-07-03"
3642,"CUS003642","Elizabeth Smith","Consumer","New York","USA","2020-12-20"
3643,"CUS003643","Taylor Cortez","Consumer","Amsterdam","Netherlands","2024-11-08"
3644,"CUS003644","Marvin Chapman","Consumer","Leeds","United Kingdom","2019-07-05"
3645,"CUS003645","Nicole Gay","Corporate","Barcelona","Spain","2020-05-13"
3646,"CUS003646","Jason Nelson","Small Business","Nottingham","United Kingdom","2021-02-14"
3647,"CUS003647","Erin Webb","Consumer","Glasgow","United Kingdom","2019-09-10"
3648,"CUS003648","Matthew Baker","Small Business","Madrid","Spain","2022-03-31"
3649,"CUS003649","Glenda Byrd","Corporate","Madrid","Spain","2019-12-15"
3650,"CUS003650","Lori Rodriguez","Small Business","Berlin","Germany","2022-02-05"
3651,"CUS003651","Catherine Smith","Small Business","Glasgow","United Kingdom","2025-03-04"
3652,"CUS003652","Katrina Simpson","Consumer","Paris","France","2023-08-01"
3653,"CUS003653","Philip Chambers","Small Business","Rotterdam","Netherlands","2020-02-05"
3654,"CUS003654","Scott Peterson","Corporate","London","United Kingdom","2019-03-11"
3655,"CUS003655","Samantha Lee","Small Business","Cork","Ireland","2019-01-15"
3656,"CUS003656","David Parker","Consumer","Glasgow","United Kingdom","2022-09-11"
3657,"CUS003657","Randall Kennedy","Consumer","Barcelona","Spain","2019-11-02"
3658,"CUS003658","Tanya Clark","Consumer","Bristol","United Kingdom","2023-11-08"
3659,"CUS003659","Erica Lee","Consumer","Barcelona","Spain","2020-01-12"
3660,"CUS003660","Christopher Moore","Consumer","Bristol","United Kingdom","2023-02-28"
3661,"CUS003661","Erika Black","Corporate","Nottingham","United Kingdom","2021-07-09"
3662,"CUS003662","Kurt Butler","Small Business","Madrid","Spain","2025-01-27"
3663,"CUS003663","Crystal Baker","Corporate","Leeds","United Kingdom","2025-08-19"
3664,"CUS003664","Sandra Wood","Consumer","Birmingham","United Kingdom","2024-11-11"
3665,"CUS003665","Nicholas Calderon","Small Business","Munich","Germany","2021-03-08"
3666,"CUS003666","Eric Elliott","Consumer","Birmingham","United Kingdom","2025-03-19"
3667,"CUS003667","Abigail Case","Corporate","Birmingham","United Kingdom","2025-05-01"
3668,"CUS003668","Jason Brewer","Consumer","Berlin","Germany","2024-02-24"
3669,"CUS003669","Jesus Hill","Consumer","Austin","USA","2023-11-11"
3670,"CUS003670","Christina Bates","Small Business","Hamburg","Germany","2025-05-06"
3671,"CUS003671","Ronnie Johnson","Online Reseller","Birmingham","United Kingdom","2024-06-10"
3672,"CUS003672","James Grant","Consumer","New York","USA","2023-02-28"
3673,"CUS003673","Rebecca Williamson","Consumer","Chicago","USA","2024-02-01"
3674,"CUS003674","Donald Jones","Small Business","Rotterdam","Netherlands","2019-04-06"
3675,"CUS003675","Nathan David","Consumer","Paris","France","2019-12-23"
3676,"CUS003676","Tiffany Arroyo","Small Business","Bristol","United Kingdom","2023-01-08"
3677,"CUS003677","Jeanette Moyer","Consumer","Dublin","Ireland","2022-05-24"
3678,"CUS003678","Danielle Benitez","Small Business","Madrid","Spain","2025-05-30"
3679,"CUS003679","Amy Brown","Online Reseller","London","United Kingdom","2024-03-03"
3680,"CUS003680","Joshua Kim","Consumer","Birmingham","United Kingdom","2020-04-27"
3681,"CUS003681","John Gilmore","Consumer","Cork","Ireland","2020-01-05"
3682,"CUS003682","William Oconnor","Consumer","Paris","France","2023-04-27"
3683,"CUS003683","Shelly Lawrence","Consumer","Berlin","Germany","2025-03-08"
3684,"CUS003684","Kristina Gonzales","Corporate","Nottingham","United Kingdom","2025-08-22"
3685,"CUS003685","Joshua Guerrero","Consumer","London","United Kingdom","2020-12-26"
3686,"CUS003686","Ruth Norris","Online Reseller","Birmingham","United Kingdom","2022-10-01"
3687,"CUS003687","Randy Harrell","Consumer","Dublin","Ireland","2021-12-18"
3688,"CUS003688","Nancy Krueger","Consumer","Chicago","USA","2020-06-24"
3689,"CUS003689","Raymond Burgess","Consumer","Birmingham","United Kingdom","2022-04-17"
3690,"CUS003690","Frank Perez","Small Business","Glasgow","United Kingdom","2022-07-30"
3691,"CUS003691","Cristian Mata","Consumer","Birmingham","United Kingdom","2025-06-25"
3692,"CUS003692","Larry Cantu","Small Business","Glasgow","United Kingdom","2024-07-28"
3693,"CUS003693","Martin Simmons","Online Reseller","Amsterdam","Netherlands","2019-07-23"
3694,"CUS003694","Rebecca Decker","Consumer","Leeds","United Kingdom","2022-11-02"
3695,"CUS003695","William Brooks","Consumer","Nottingham","United Kingdom","2021-05-15"
3696,"CUS003696","Whitney Moyer","Small Business","Chicago","USA","2024-04-09"
3697,"CUS003697","Erin Ryan","Small Business","Madrid","Spain","2025-11-07"
3698,"CUS003698","Gene Jones","Small Business","Bristol","United Kingdom","2022-02-20"
3699,"CUS003699","Brandon Grant","Consumer","Nottingham","United Kingdom","2024-10-17"
3700,"CUS003700","Christopher Palmer","Consumer","Bristol","United Kingdom","2024-01-28"
3701,"CUS003701","Laura Mcdonald","Online Reseller","London","United Kingdom","2019-10-24"
3702,"CUS003702","Cheryl Jones","Small Business","Birmingham","United Kingdom","2023-03-09"
3703,"CUS003703","Sabrina Owens","Consumer","Nottingham","United Kingdom","2022-12-10"
3704,"CUS003704","Wendy Hernandez","Consumer","Madrid","Spain","2025-06-10"
3705,"CUS003705","Christopher Johnston","Corporate","Nottingham","United Kingdom","2024-03-14"
3706,"CUS003706","Richard Stevenson","Online Reseller","Amsterdam","Netherlands","2019-12-19"
3707,"CUS003707","Stacy Morales","Consumer","Leeds","United Kingdom","2019-06-28"
3708,"CUS003708","Marcus Price","Online Reseller","New York","USA","2023-12-10"
3709,"CUS003709","Frank Hernandez","Consumer","Birmingham","United Kingdom","2019-06-29"
3710,"CUS003710","Lauren Saunders","Small Business","Nottingham","United Kingdom","2025-08-28"
3711,"CUS003711","Martha Gonzalez","Consumer","Nottingham","United Kingdom","2024-06-04"
3712,"CUS003712","Tammy Barry","Small Business","Bristol","United Kingdom","2019-12-21"
3713,"CUS003713","Laura Lopez","Corporate","Rotterdam","Netherlands","2022-09-02"
3714,"CUS003714","Eric Garcia","Small Business","Paris","France","2020-07-30"
3715,"CUS003715","Terry Williams","Consumer","Austin","USA","2025-08-26"
3716,"CUS003716","Gregory Jones","Small Business","Berlin","Germany","2023-08-16"
3717,"CUS003717","Tanya Barrett","Consumer","Birmingham","United Kingdom","2024-04-18"
3718,"CUS003718","Christopher Ritter","Small Business","Chicago","USA","2019-12-27"
3719,"CUS003719","Thomas Barton","Online Reseller","Madrid","Spain","2021-04-08"
3720,"CUS003720","Shawn Blackburn","Consumer","Austin","USA","2019-10-17"
3721,"CUS003721","Travis Johnson","Consumer","Manchester","United Kingdom","2022-12-11"
3722,"CUS003722","Sarah Clark","Corporate","Austin","USA","2021-06-27"
3723,"CUS003723","Jeffrey Gonzalez","Consumer","Paris","France","2022-04-30"
3724,"CUS003724","Leslie Martinez","Small Business","Glasgow","United Kingdom","2023-01-14"
3725,"CUS003725","Katie Lane","Small Business","Birmingham","United Kingdom","2021-09-18"
3726,"CUS003726","Carla Clark","Consumer","London","United Kingdom","2019-09-05"
3727,"CUS003727","Natalie Howard","Online Reseller","Manchester","United Kingdom","2023-11-19"
3728,"CUS003728","Jennifer Clark MD","Consumer","Leeds","United Kingdom","2025-08-06"
3729,"CUS003729","Karen Hicks","Online Reseller","Hamburg","Germany","2022-05-12"
3730,"CUS003730","Alexis James","Consumer","Madrid","Spain","2020-12-25"
3731,"CUS003731","Tyrone Garcia","Consumer","London","United Kingdom","2022-05-05"
3732,"CUS003732","Eric Brown","Consumer","London","United Kingdom","2022-09-17"
3733,"CUS003733","Marissa Perez","Small Business","Leeds","United Kingdom","2022-02-07"
3734,"CUS003734","Marie Patrick","Consumer","Lyon","France","2022-10-06"
3735,"CUS003735","Alexis Brandt","Online Reseller","Manchester","United Kingdom","2020-10-15"
3736,"CUS003736","Stephanie Williams","Corporate","London","United Kingdom","2019-02-09"
3737,"CUS003737","Cassandra Smith","Online Reseller","Hamburg","Germany","2022-08-22"
3738,"CUS003738","Brenda Harrison","Corporate","Leeds","United Kingdom","2022-06-21"
3739,"CUS003739","Kyle Clark","Online Reseller","Austin","USA","2020-02-21"
3740,"CUS003740","Eileen Williamson","Online Reseller","Amsterdam","Netherlands","2020-02-15"
3741,"CUS003741","Jennifer Thompson","Consumer","Cork","Ireland","2019-03-20"
3742,"CUS003742","Brittany Pacheco","Consumer","Glasgow","United Kingdom","2023-12-29"
3743,"CUS003743","Holly Buckley","Corporate","Paris","France","2020-12-26"
3744,"CUS003744","Amanda Harris","Consumer","Nottingham","United Kingdom","2023-02-28"
3745,"CUS003745","Jake Skinner","Small Business","Barcelona","Spain","2022-01-02"
3746,"CUS003746","Alyssa Johnson","Corporate","Paris","France","2019-01-03"
3747,"CUS003747","John Moss","Consumer","Amsterdam","Netherlands","2022-07-09"
3748,"CUS003748","Jason Ryan","Consumer","Austin","USA","2019-09-01"
3749,"CUS003749","Miranda Jackson","Consumer","Glasgow","United Kingdom","2019-07-27"
3750,"CUS003750","Gregory Walker","Consumer","Nottingham","United Kingdom","2021-01-19"
3751,"CUS003751","Austin Novak","Online Reseller","Barcelona","Spain","2025-08-06"
3752,"CUS003752","Jason Villanueva","Small Business","Bristol","United Kingdom","2022-10-23"
3753,"CUS003753","Scott Pacheco","Consumer","Manchester","United Kingdom","2024-07-09"
3754,"CUS003754","John Lam","Corporate","Leeds","United Kingdom","2020-06-12"
3755,"CUS003755","Frank Fernandez","Online Reseller","Dublin","Ireland","2025-08-13"
3756,"CUS003756","Mary Davis","Small Business","Paris","France","2019-09-27"
3757,"CUS003757","Ronald Duncan Jr.","Consumer","Leeds","United Kingdom","2021-06-04"
3758,"CUS003758","Renee Thomas","Consumer","Madrid","Spain","2025-06-29"
3759,"CUS003759","Natalie Love","Consumer","Manchester","United Kingdom","2019-05-09"
3760,"CUS003760","Lucas Wright","Consumer","Rotterdam","Netherlands","2025-11-10"
3761,"CUS003761","Nicholas Turner","Consumer","Lyon","France","2025-02-01"
3762,"CUS003762","Julia Garza","Small Business","Birmingham","United Kingdom","2021-06-25"
3763,"CUS003763","Victoria Adams","Small Business","Barcelona","Spain","2025-11-30"
3764,"CUS003764","Erin Brooks","Consumer","Rotterdam","Netherlands","2021-09-24"
3765,"CUS003765","Noah Rosales","Consumer","Barcelona","Spain","2023-01-20"
3766,"CUS003766","Rebecca Welch","Consumer","Nottingham","United Kingdom","2024-06-17"
3767,"CUS003767","Veronica Smith","Consumer","Hamburg","Germany","2019-03-20"
3768,"CUS003768","Sara Young","Online Reseller","Leeds","United Kingdom","2025-02-20"
3769,"CUS003769","Adam Castillo","Consumer","Birmingham","United Kingdom","2023-12-05"
3770,"CUS003770","Chelsea Kane","Small Business","Dublin","Ireland","2021-09-16"
3771,"CUS003771","Jennifer Haney","Corporate","Barcelona","Spain","2020-05-28"
3772,"CUS003772","Dennis Gonzales","Corporate","New York","USA","2025-05-24"
3773,"CUS003773","Mary Robertson","Corporate","Rotterdam","Netherlands","2023-03-16"
3774,"CUS003774","Zachary Lopez","Consumer","Amsterdam","Netherlands","2024-07-03"
3775,"CUS003775","Shane Ingram","Consumer","Dublin","Ireland","2019-02-02"
3776,"CUS003776","Brent Chase","Consumer","Bristol","United Kingdom","2019-02-15"
3777,"CUS003777","Deborah Casey","Online Reseller","London","United Kingdom","2022-07-06"
3778,"CUS003778","Alexander Daniels","Consumer","Leeds","United Kingdom","2020-03-09"
3779,"CUS003779","William Greer","Consumer","Cork","Ireland","2019-09-08"
3780,"CUS003780","Micheal Martinez","Online Reseller","Hamburg","Germany","2020-09-04"
3781,"CUS003781","Jesse Tran","Consumer","London","United Kingdom","2020-01-26"
3782,"CUS003782","Tracy Bonilla","Small Business","Bristol","United Kingdom","2025-05-29"
3783,"CUS003783","Robert Blackwell","Small Business","Leeds","United Kingdom","2019-07-10"
3784,"CUS003784","Brenda Becker","Corporate","Nottingham","United Kingdom","2025-01-24"
3785,"CUS003785","Christina Garner","Consumer","Munich","Germany","2021-09-22"
3786,"CUS003786","Penny Hart","Consumer","Nottingham","United Kingdom","2023-05-28"
3787,"CUS003787","Amber Patel","Consumer","Glasgow","United Kingdom","2019-01-27"
3788,"CUS003788","Melissa Osborn","Consumer","Bristol","United Kingdom","2024-02-13"
3789,"CUS003789","Christopher Becker","Corporate","Birmingham","United Kingdom","2025-02-02"
3790,"CUS003790","Shannon Perez","Consumer","Dublin","Ireland","2025-08-27"
3791,"CUS003791","Michelle Fernandez","Consumer","Chicago","USA","2023-06-07"
3792,"CUS003792","Jessica Harris","Consumer","Glasgow","United Kingdom","2021-01-03"
3793,"CUS003793","Wayne Morales","Consumer","Austin","USA","2023-02-24"
3794,"CUS003794","Joseph Fisher","Consumer","London","United Kingdom","2024-03-07"
3795,"CUS003795","Frank Griffith","Corporate","Madrid","Spain","2020-05-31"
3796,"CUS003796","Benjamin Erickson","Consumer","Leeds","United Kingdom","2022-11-11"
3797,"CUS003797","Christine Quinn","Corporate","Amsterdam","Netherlands","2025-03-05"
3798,"CUS003798","Andrea Fischer","Consumer","London","United Kingdom","2020-11-20"
3799,"CUS003799","John Martin","Corporate","Glasgow","United Kingdom","2020-12-01"
3800,"CUS003800","Vanessa Good","Small Business","Birmingham","United Kingdom","2024-11-09"
3801,"CUS003801","Christopher Barnes","Corporate","Munich","Germany","2023-02-08"
3802,"CUS003802","Danielle Bell","Consumer","Munich","Germany","2020-04-04"
3803,"CUS003803","Travis Taylor","Consumer","Dublin","Ireland","2022-09-23"
3804,"CUS003804","Nicholas Willis","Corporate","Berlin","Germany","2022-07-05"
3805,"CUS003805","Christine Thomas","Corporate","Munich","Germany","2024-04-10"
3806,"CUS003806","Garrett Walsh","Consumer","Bristol","United Kingdom","2025-03-27"
3807,"CUS003807","Kelly Ingram","Small Business","Dublin","Ireland","2022-10-23"
3808,"CUS003808","Crystal Gonzales","Consumer","Barcelona","Spain","2025-10-09"
3809,"CUS003809","Kimberly Bishop","Consumer","Amsterdam","Netherlands","2023-03-18"
3810,"CUS003810","Spencer Webster","Consumer","Berlin","Germany","2025-07-11"
3811,"CUS003811","Sheri Herring","Small Business","Dublin","Ireland","2022-02-04"
3812,"CUS003812","Ryan Scott","Small Business","Manchester","United Kingdom","2020-01-29"
3813,"CUS003813","Jessica Jackson","Consumer","Madrid","Spain","2024-05-06"
3814,"CUS003814","Sharon Freeman","Consumer","Nottingham","United Kingdom","2021-05-25"
3815,"CUS003815","Joseph Davis","Consumer","Hamburg","Germany","2021-07-25"
3816,"CUS003816","Tina Grimes","Consumer","London","United Kingdom","2019-12-30"
3817,"CUS003817","Samuel Simpson","Online Reseller","Leeds","United Kingdom","2021-05-15"
3818,"CUS003818","Jessica Brown","Small Business","Austin","USA","2020-03-25"
3819,"CUS003819","Randy Kirby","Corporate","Manchester","United Kingdom","2021-03-14"
3820,"CUS003820","Summer Bowman","Corporate","Paris","France","2019-02-23"
3821,"CUS003821","Michael King","Consumer","Bristol","United Kingdom","2019-07-27"
3822,"CUS003822","Adam Marquez","Corporate","Bristol","United Kingdom","2021-06-16"
3823,"CUS003823","Mr. Daniel Hamilton","Corporate","Amsterdam","Netherlands","2024-08-01"
3824,"CUS003824","Zachary Mckenzie","Corporate","London","United Kingdom","2020-02-27"
3825,"CUS003825","Lawrence Cunningham DDS","Consumer","Bristol","United Kingdom","2020-06-19"
3826,"CUS003826","Mary Williams","Consumer","Cork","Ireland","2019-07-12"
3827,"CUS003827","Ryan Day","Consumer","Leeds","United Kingdom","2019-08-24"
3828,"CUS003828","Brandon Levy","Corporate","Glasgow","United Kingdom","2023-12-08"
3829,"CUS003829","Kevin Fletcher","Consumer","Cork","Ireland","2025-07-22"
3830,"CUS003830","Robin Higgins","Consumer","Birmingham","United Kingdom","2019-10-18"
3831,"CUS003831","Matthew Alexander","Online Reseller","Paris","France","2020-01-03"
3832,"CUS003832","Scott Johnson","Corporate","Glasgow","United Kingdom","2019-10-31"
3833,"CUS003833","Robert Garner","Small Business","Cork","Ireland","2019-06-17"
3834,"CUS003834","Terry Robinson","Corporate","Amsterdam","Netherlands","2024-12-14"
3835,"CUS003835","Mark Murphy","Consumer","Glasgow","United Kingdom","2021-10-12"
3836,"CUS003836","Jason Johnson","Consumer","Rotterdam","Netherlands","2023-05-05"
3837,"CUS003837","Steven Howard","Corporate","London","United Kingdom","2021-04-11"
3838,"CUS003838","Heather Sheppard","Consumer","Barcelona","Spain","2024-08-14"
3839,"CUS003839","Richard Nguyen","Corporate","Leeds","United Kingdom","2023-02-18"
3840,"CUS003840","Madison Mack","Small Business","Barcelona","Spain","2023-05-30"
3841,"CUS003841","Justin Boyer","Consumer","Dublin","Ireland","2023-06-02"
3842,"CUS003842","Natalie Mullins","Corporate","Madrid","Spain","2023-06-01"
3843,"CUS003843","Carolyn Porter","Consumer","Nottingham","United Kingdom","2022-03-21"
3844,"CUS003844","Guy Medina","Consumer","Chicago","USA","2019-05-29"
3845,"CUS003845","Tracy Stewart","Consumer","Leeds","United Kingdom","2021-03-15"
3846,"CUS003846","Thomas Davis","Corporate","Paris","France","2025-05-13"
3847,"CUS003847","Marc Fowler","Consumer","Nottingham","United Kingdom","2025-10-12"
3848,"CUS003848","Christina Chase","Consumer","Leeds","United Kingdom","2020-11-22"
3849,"CUS003849","Mr. Jeffrey Ward","Small Business","Leeds","United Kingdom","2020-04-26"
3850,"CUS003850","Christopher Smith","Consumer","London","United Kingdom","2023-08-11"
3851,"CUS003851","Eric Hunter","Online Reseller","Lyon","France","2025-03-22"
3852,"CUS003852","Elizabeth Castro","Corporate","Lyon","France","2020-02-20"
3853,"CUS003853","Luke Jones","Consumer","Paris","France","2024-07-12"
3854,"CUS003854","Michael Melendez","Corporate","Madrid","Spain","2023-07-28"
3855,"CUS003855","Sarah Thomas","Corporate","London","United Kingdom","2019-12-13"
3856,"CUS003856","Hector Anderson","Consumer","Lyon","France","2021-04-03"
3857,"CUS003857","Ryan Doyle","Small Business","Berlin","Germany","2022-02-27"
3858,"CUS003858","Rebecca Austin","Small Business","Madrid","Spain","2019-08-24"
3859,"CUS003859","Erica Walker","Consumer","London","United Kingdom","2021-12-03"
3860,"CUS003860","Danielle Moore","Small Business","Madrid","Spain","2021-09-13"
3861,"CUS003861","Allison Walker DDS","Small Business","Bristol","United Kingdom","2024-12-06"
3862,"CUS003862","Shaun Alexander","Consumer","Dublin","Ireland","2021-12-29"
3863,"CUS003863","Brianna Phillips","Small Business","Leeds","United Kingdom","2023-05-19"
3864,"CUS003864","Shannon Webb","Consumer","Barcelona","Spain","2024-02-01"
3865,"CUS003865","Justin Murillo","Small Business","Bristol","United Kingdom","2022-01-03"
3866,"CUS003866","Cody Stone","Consumer","Austin","USA","2021-03-27"
3867,"CUS003867","Kenneth Barrera","Consumer","London","United Kingdom","2025-04-30"
3868,"CUS003868","Dean Robles","Consumer","Cork","Ireland","2025-09-01"
3869,"CUS003869","Robert Reynolds","Online Reseller","Chicago","USA","2019-09-18"
3870,"CUS003870","Timothy Young","Consumer","Manchester","United Kingdom","2020-12-26"
3871,"CUS003871","Angela Steele","Consumer","Manchester","United Kingdom","2019-02-02"
3872,"CUS003872","Ronald Park","Small Business","Hamburg","Germany","2022-06-08"
3873,"CUS003873","Lauren Davis","Consumer","Cork","Ireland","2023-06-23"
3874,"CUS003874","Victoria Erickson","Small Business","Munich","Germany","2023-03-01"
3875,"CUS003875","Ashley Mckenzie","Consumer","Munich","Germany","2024-01-04"
3876,"CUS003876","Gregory Park","Small Business","Glasgow","United Kingdom","2019-02-25"
3877,"CUS003877","Samantha Walker","Consumer","Cork","Ireland","2023-02-16"
3878,"CUS003878","Russell Stevens","Online Reseller","Austin","USA","2021-12-24"
3879,"CUS003879","Kevin Brown","Online Reseller","Nottingham","United Kingdom","2022-03-17"
3880,"CUS003880","Alison West DDS","Online Reseller","Bristol","United Kingdom","2025-02-08"
3881,"CUS003881","Karen Mccarthy","Small Business","Berlin","Germany","2020-10-06"
3882,"CUS003882","Hector Blevins","Consumer","Madrid","Spain","2022-07-21"
3883,"CUS003883","David Mosley","Corporate","Amsterdam","Netherlands","2019-08-17"
3884,"CUS003884","Kyle Jordan","Consumer","Cork","Ireland","2024-02-19"
3885,"CUS003885","Brandi Foster","Small Business","Bristol","United Kingdom","2019-05-03"
3886,"CUS003886","Emily Terry","Corporate","Hamburg","Germany","2024-07-23"
3887,"CUS003887","David Lindsey","Small Business","Barcelona","Spain","2020-08-04"
3888,"CUS003888","Jennifer Miranda","Consumer","Madrid","Spain","2025-02-26"
3889,"CUS003889","Laurie Huffman","Consumer","Birmingham","United Kingdom","2020-10-02"
3890,"CUS003890","Amy Webster","Online Reseller","Glasgow","United Kingdom","2022-02-18"
3891,"CUS003891","Patricia Jones","Consumer","New York","USA","2024-09-01"
3892,"CUS003892","Jason Martin","Consumer","Chicago","USA","2024-08-02"
3893,"CUS003893","William Ayala","Consumer","Leeds","United Kingdom","2020-11-01"
3894,"CUS003894","Sara Johnson DVM","Corporate","Amsterdam","Netherlands","2023-08-11"
3895,"CUS003895","Evelyn Davis","Small Business","Austin","USA","2021-06-30"
3896,"CUS003896","Michael Jennings","Consumer","Barcelona","Spain","2025-06-22"
3897,"CUS003897","Jane Wells","Consumer","Bristol","United Kingdom","2021-02-10"
3898,"CUS003898","Catherine Collins","Consumer","Nottingham","United Kingdom","2019-09-11"
3899,"CUS003899","Jeffrey King","Small Business","Paris","France","2023-01-02"
3900,"CUS003900","David Gonzalez","Online Reseller","Chicago","USA","2019-09-15"
3901,"CUS003901","Matthew Miller","Consumer","Manchester","United Kingdom","2024-10-27"
3902,"CUS003902","Brandon Scott","Consumer","Paris","France","2020-09-14"
3903,"CUS003903","Amy Hawkins","Corporate","Dublin","Ireland","2019-09-27"
3904,"CUS003904","Anna Smith","Consumer","Manchester","United Kingdom","2021-03-09"
3905,"CUS003905","Mrs. Erin Torres","Corporate","Nottingham","United Kingdom","2021-07-17"
3906,"CUS003906","Laura Brooks","Small Business","Madrid","Spain","2021-06-10"
3907,"CUS003907","Christopher Fields","Small Business","Austin","USA","2019-12-22"
3908,"CUS003908","Mr. William Davis DDS","Small Business","Dublin","Ireland","2021-03-23"
3909,"CUS003909","James Thompson","Corporate","Leeds","United Kingdom","2022-12-08"
3910,"CUS003910","Ryan Ingram","Consumer","Lyon","France","2019-04-20"
3911,"CUS003911","Robin Wallace","Corporate","Berlin","Germany","2024-06-08"
3912,"CUS003912","Taylor Beasley","Consumer","Chicago","USA","2023-03-10"
3913,"CUS003913","Barbara Villa","Small Business","Barcelona","Spain","2021-05-23"
3914,"CUS003914","Ashley Vega","Consumer","Madrid","Spain","2023-12-19"
3915,"CUS003915","Carol Garcia","Consumer","Birmingham","United Kingdom","2024-11-08"
3916,"CUS003916","Christopher Austin","Consumer","Berlin","Germany","2023-01-29"
3917,"CUS003917","Jesse Barrett","Small Business","Amsterdam","Netherlands","2021-07-12"
3918,"CUS003918","Rachel Raymond","Consumer","Leeds","United Kingdom","2024-09-08"
3919,"CUS003919","Ana Sanchez","Consumer","Nottingham","United Kingdom","2020-01-11"
3920,"CUS003920","Tyler Henry","Consumer","Barcelona","Spain","2021-02-06"
3921,"CUS003921","Amanda Brown","Small Business","Leeds","United Kingdom","2020-05-09"
3922,"CUS003922","Mrs. Sarah Keller","Small Business","New York","USA","2021-03-29"
3923,"CUS003923","Leslie Abbott","Consumer","Nottingham","United Kingdom","2020-05-25"
3924,"CUS003924","Matthew Buck","Consumer","Nottingham","United Kingdom","2025-03-17"
3925,"CUS003925","Michaela Boyd","Corporate","Birmingham","United Kingdom","2021-01-19"
3926,"CUS003926","Maria Campbell","Corporate","Lyon","France","2023-11-16"
3927,"CUS003927","Phillip Carter","Consumer","Barcelona","Spain","2021-11-23"
3928,"CUS003928","Jennifer Bennett","Consumer","Chicago","USA","2023-12-18"
3929,"CUS003929","John Morris MD","Consumer","New York","USA","2021-06-06"
3930,"CUS003930","Jonathan Hartman","Consumer","Madrid","Spain","2020-10-23"
3931,"CUS003931","Michael Brown","Corporate","Madrid","Spain","2025-10-24"
3932,"CUS003932","Chelsea Davis","Consumer","London","United Kingdom","2025-05-07"
3933,"CUS003933","Nicole Duncan","Corporate","Glasgow","United Kingdom","2021-01-24"
3934,"CUS003934","Erik Williams","Consumer","Manchester","United Kingdom","2023-03-25"
3935,"CUS003935","Walter Cruz","Online Reseller","Birmingham","United Kingdom","2022-10-14"
3936,"CUS003936","Joshua Colon","Consumer","Bristol","United Kingdom","2023-05-15"
3937,"CUS003937","Jessica Romero","Small Business","Bristol","United Kingdom","2024-05-15"
3938,"CUS003938","Katie Maldonado","Consumer","Amsterdam","Netherlands","2020-04-14"
3939,"CUS003939","Daniel Bryant","Consumer","Munich","Germany","2024-07-07"
3940,"CUS003940","Daniel Flores","Consumer","Glasgow","United Kingdom","2024-06-11"
3941,"CUS003941","Kathleen Duncan","Small Business","Paris","France","2022-06-02"
3942,"CUS003942","Amber James","Corporate","Austin","USA","2020-08-31"
3943,"CUS003943","Audrey Roberts","Consumer","Bristol","United Kingdom","2023-04-28"
3944,"CUS003944","Mary Herman","Consumer","Bristol","United Kingdom","2022-03-20"
3945,"CUS003945","Christopher Price","Corporate","Paris","France","2024-04-23"
3946,"CUS003946","Thomas Morales","Consumer","Lyon","France","2022-02-07"
3947,"CUS003947","Kyle Howell","Consumer","New York","USA","2021-10-26"
3948,"CUS003948","Thomas Becker","Online Reseller","Berlin","Germany","2019-10-03"
3949,"CUS003949","Stephanie Collins","Online Reseller","Leeds","United Kingdom","2022-01-01"
3950,"CUS003950","Martha Mcintyre","Small Business","Birmingham","United Kingdom","2022-11-02"
3951,"CUS003951","Adam Colon","Consumer","Manchester","United Kingdom","2020-01-10"
3952,"CUS003952","Ryan Lopez","Corporate","Munich","Germany","2021-05-16"
3953,"CUS003953","Dawn Smith","Consumer","Munich","Germany","2023-01-05"
3954,"CUS003954","Amanda Wang","Consumer","New York","USA","2019-01-03"
3955,"CUS003955","Michael Jones","Consumer","New York","USA","2023-11-16"
3956,"CUS003956","Christopher Moody","Consumer","Madrid","Spain","2024-07-25"
3957,"CUS003957","Joshua Jackson","Corporate","Bristol","United Kingdom","2020-09-05"
3958,"CUS003958","Tina Espinoza","Corporate","London","United Kingdom","2023-10-28"
3959,"CUS003959","Dominique Mitchell","Consumer","Barcelona","Spain","2025-05-09"
3960,"CUS003960","Deborah Juarez","Consumer","Lyon","France","2024-11-13"
3961,"CUS003961","Stephen Harris","Consumer","Dublin","Ireland","2024-07-02"
3962,"CUS003962","Ryan Gonzalez","Consumer","Amsterdam","Netherlands","2025-10-01"
3963,"CUS003963","Amanda Mendoza","Consumer","Madrid","Spain","2023-05-14"
3964,"CUS003964","Andrew Hughes","Consumer","Paris","France","2022-10-21"
3965,"CUS003965","Michael Jones","Corporate","Lyon","France","2023-09-18"
3966,"CUS003966","Jacob Rodgers","Corporate","Glasgow","United Kingdom","2021-05-01"
3967,"CUS003967","Randy Bates","Consumer","Barcelona","Spain","2025-10-04"
3968,"CUS003968","Vanessa Mack","Consumer","Glasgow","United Kingdom","2022-06-18"
3969,"CUS003969","Amanda Smith","Corporate","Birmingham","United Kingdom","2025-06-26"
3970,"CUS003970","Scott King","Consumer","Paris","France","2020-08-15"
3971,"CUS003971","Joel Valenzuela","Corporate","Nottingham","United Kingdom","2022-12-12"
3972,"CUS003972","James Arroyo","Consumer","Rotterdam","Netherlands","2023-03-29"
3973,"CUS003973","Courtney Burton","Corporate","Manchester","United Kingdom","2024-02-12"
3974,"CUS003974","Nathan Johnson","Consumer","Chicago","USA","2019-07-24"
3975,"CUS003975","Ryan Guzman","Online Reseller","Leeds","United Kingdom","2024-03-16"
3976,"CUS003976","Christopher Payne","Consumer","Manchester","United Kingdom","2023-11-18"
3977,"CUS003977","Brian Brown","Corporate","Cork","Ireland","2025-08-26"
3978,"CUS003978","Alicia Le","Small Business","Cork","Ireland","2019-12-31"
3979,"CUS003979","Erica Johnson","Consumer","London","United Kingdom","2022-11-24"
3980,"CUS003980","Melinda Smith","Consumer","Nottingham","United Kingdom","2022-09-16"
3981,"CUS003981","Anthony Hughes","Consumer","Leeds","United Kingdom","2022-07-13"
3982,"CUS003982","Shannon Gill","Consumer","Lyon","France","2025-08-08"
3983,"CUS003983","Joshua Smith","Corporate","Chicago","USA","2025-11-30"
3984,"CUS003984","Karen Duncan","Consumer","Leeds","United Kingdom","2020-03-26"
3985,"CUS003985","Michael Hughes","Consumer","Rotterdam","Netherlands","2023-04-07"
3986,"CUS003986","Cynthia Henry","Consumer","London","United Kingdom","2023-02-28"
3987,"CUS003987","William Fields","Consumer","Hamburg","Germany","2023-02-16"
3988,"CUS003988","Steven Gibson","Consumer","London","United Kingdom","2024-03-10"
3989,"CUS003989","Courtney Mitchell","Consumer","London","United Kingdom","2021-08-19"
3990,"CUS003990","Tonya Price","Corporate","Barcelona","Spain","2024-11-18"
3991,"CUS003991","Christopher Singh","Small Business","Hamburg","Germany","2022-10-05"
3992,"CUS003992","Elijah Williams","Small Business","Munich","Germany","2023-08-23"
3993,"CUS003993","Shawn Christian","Consumer","Paris","France","2022-09-15"
3994,"CUS003994","Mrs. Lori Clark","Corporate","Chicago","USA","2022-06-13"
3995,"CUS003995","Stephen Murray","Small Business","Paris","France","2022-06-04"
3996,"CUS003996","Tristan Ford","Corporate","Munich","Germany","2025-10-07"
3997,"CUS003997","Maurice Anderson","Consumer","Hamburg","Germany","2021-11-24"
3998,"CUS003998","Danielle Marquez","Consumer","Leeds","United Kingdom","2025-06-12"
3999,"CUS003999","Tiffany Daniel","Consumer","Rotterdam","Netherlands","2024-11-23"
4000,"CUS004000","Heidi Ford","Corporate","Austin","USA","2020-12-02"
4001,"CUS004001","Rebecca Brooks","Corporate","Nottingham","United Kingdom","2024-08-12"
4002,"CUS004002","James Harrison","Corporate","Birmingham","United Kingdom","2021-06-14"
4003,"CUS004003","Jodi Conway","Consumer","Barcelona","Spain","2020-10-07"
4004,"CUS004004","Sheila Jenkins","Online Reseller","Nottingham","United Kingdom","2025-05-27"
4005,"CUS004005","George Wu","Corporate","Nottingham","United Kingdom","2020-04-16"
4006,"CUS004006","Teresa Reynolds","Consumer","Amsterdam","Netherlands","2022-05-19"
4007,"CUS004007","Allison Clark","Consumer","Rotterdam","Netherlands","2023-08-18"
4008,"CUS004008","Carrie Terrell","Small Business","Leeds","United Kingdom","2020-06-24"
4009,"CUS004009","Patricia Davidson","Consumer","Amsterdam","Netherlands","2019-02-11"
4010,"CUS004010","Rebecca Hernandez","Corporate","Manchester","United Kingdom","2022-05-31"
4011,"CUS004011","David Rodgers","Consumer","Nottingham","United Kingdom","2025-11-07"
4012,"CUS004012","Katelyn Bishop","Small Business","Nottingham","United Kingdom","2020-08-02"
4013,"CUS004013","Kerry Fuller","Consumer","Rotterdam","Netherlands","2020-04-15"
4014,"CUS004014","Brent Jones","Consumer","Glasgow","United Kingdom","2023-05-31"
4015,"CUS004015","Thomas Booth","Consumer","Rotterdam","Netherlands","2025-07-13"
4016,"CUS004016","Brandon Huynh","Small Business","Bristol","United Kingdom","2019-01-10"
4017,"CUS004017","Patrick Rubio","Online Reseller","Munich","Germany","2019-11-20"
4018,"CUS004018","Austin Hanson","Online Reseller","Madrid","Spain","2021-12-05"
4019,"CUS004019","Tanner Griffin","Consumer","Lyon","France","2022-09-02"
4020,"CUS004020","Christopher Turner","Consumer","London","United Kingdom","2021-07-01"
4021,"CUS004021","Caitlin Gilmore","Consumer","Barcelona","Spain","2021-04-18"
4022,"CUS004022","Bryan Kent","Consumer","London","United Kingdom","2023-07-27"
4023,"CUS004023","Justin Fuller","Corporate","Bristol","United Kingdom","2019-05-18"
4024,"CUS004024","Diana Charles","Consumer","Amsterdam","Netherlands","2022-04-14"
4025,"CUS004025","Brian Dougherty","Consumer","Leeds","United Kingdom","2020-03-17"
4026,"CUS004026","Anne Williams","Corporate","London","United Kingdom","2025-07-01"
4027,"CUS004027","Kaitlyn Woods","Corporate","Bristol","United Kingdom","2023-06-12"
4028,"CUS004028","Laurie Huerta","Small Business","Austin","USA","2019-05-14"
4029,"CUS004029","Jeremy Armstrong","Consumer","Hamburg","Germany","2020-07-30"
4030,"CUS004030","Alejandro Vasquez","Consumer","Munich","Germany","2025-07-14"
4031,"CUS004031","Hailey Morgan","Small Business","Madrid","Spain","2020-01-03"
4032,"CUS004032","Jacob Thompson","Consumer","Lyon","France","2022-03-17"
4033,"CUS004033","Megan Rangel","Consumer","Manchester","United Kingdom","2019-06-03"
4034,"CUS004034","Timothy Horne","Consumer","Glasgow","United Kingdom","2020-09-27"
4035,"CUS004035","Mark Carter","Small Business","Glasgow","United Kingdom","2023-02-10"
4036,"CUS004036","Rachel Gomez","Consumer","Madrid","Spain","2025-04-09"
4037,"CUS004037","Mrs. Lisa Garza","Consumer","Munich","Germany","2022-10-17"
4038,"CUS004038","Holly King DDS","Consumer","Glasgow","United Kingdom","2020-10-15"
4039,"CUS004039","Dr. Allison Flores","Consumer","London","United Kingdom","2020-09-19"
4040,"CUS004040","Matthew Graves","Consumer","Berlin","Germany","2019-03-08"
4041,"CUS004041","Zachary Morgan","Corporate","Leeds","United Kingdom","2020-03-17"
4042,"CUS004042","Zachary Douglas","Consumer","Nottingham","United Kingdom","2021-06-17"
4043,"CUS004043","Faith Johnson","Consumer","Leeds","United Kingdom","2019-10-05"
4044,"CUS004044","Tammy Smith","Corporate","New York","USA","2023-10-19"
4045,"CUS004045","Elizabeth Gonzalez","Online Reseller","Chicago","USA","2019-02-13"
4046,"CUS004046","James Dominguez","Consumer","Leeds","United Kingdom","2024-05-13"
4047,"CUS004047","James Richardson","Small Business","Munich","Germany","2022-07-15"
4048,"CUS004048","Wendy Coleman","Consumer","Bristol","United Kingdom","2022-02-12"
4049,"CUS004049","Brandi Reed","Consumer","Paris","France","2020-12-09"
4050,"CUS004050","Corey Campbell","Small Business","Barcelona","Spain","2020-11-29"
4051,"CUS004051","Jerry Powers","Consumer","London","United Kingdom","2020-06-23"
4052,"CUS004052","Susan Hensley","Consumer","Birmingham","United Kingdom","2019-10-06"
4053,"CUS004053","Allison Anderson","Consumer","Madrid","Spain","2020-10-29"
4054,"CUS004054","Dana Thompson","Consumer","Madrid","Spain","2023-03-10"
4055,"CUS004055","Kenneth Young","Small Business","Glasgow","United Kingdom","2023-08-22"
4056,"CUS004056","Bernard Sharp","Corporate","Barcelona","Spain","2025-02-16"
4057,"CUS004057","Glenda Stout","Small Business","Dublin","Ireland","2024-05-04"
4058,"CUS004058","Kevin Sheppard","Consumer","Lyon","France","2021-12-02"
4059,"CUS004059","Lynn Rivera","Small Business","Birmingham","United Kingdom","2025-09-26"
4060,"CUS004060","Lisa Brown","Small Business","Madrid","Spain","2019-07-24"
4061,"CUS004061","Thomas House","Consumer","Bristol","United Kingdom","2025-01-07"
4062,"CUS004062","Nathan Davis","Consumer","Rotterdam","Netherlands","2024-04-05"
4063,"CUS004063","Michael Clark","Consumer","Munich","Germany","2019-09-20"
4064,"CUS004064","Jasmine Garrett","Corporate","Manchester","United Kingdom","2025-07-23"
4065,"CUS004065","Robert Erickson","Consumer","Chicago","USA","2024-12-26"
4066,"CUS004066","Michael Harrison DDS","Small Business","Manchester","United Kingdom","2020-08-26"
4067,"CUS004067","Shannon Ramos","Consumer","Barcelona","Spain","2021-02-07"
4068,"CUS004068","Angela Mccann","Small Business","Dublin","Ireland","2020-02-13"
4069,"CUS004069","Shawn Johnston","Online Reseller","Nottingham","United Kingdom","2020-05-03"
4070,"CUS004070","Caleb Gill","Consumer","Hamburg","Germany","2022-11-20"
4071,"CUS004071","Samuel Avila","Small Business","Barcelona","Spain","2025-11-20"
4072,"CUS004072","James Huff","Consumer","Nottingham","United Kingdom","2019-07-22"
4073,"CUS004073","Jason Davidson","Consumer","Rotterdam","Netherlands","2019-05-28"
4074,"CUS004074","David Cooper","Corporate","New York","USA","2022-12-14"
4075,"CUS004075","Adam Zamora","Corporate","Birmingham","United Kingdom","2022-12-24"
4076,"CUS004076","Diana Martin","Corporate","Manchester","United Kingdom","2020-03-24"
4077,"CUS004077","Johnny Orr","Consumer","Dublin","Ireland","2024-07-09"
4078,"CUS004078","Perry Jordan","Consumer","Barcelona","Spain","2025-04-02"
4079,"CUS004079","Stephanie Griffin","Consumer","Dublin","Ireland","2022-03-30"
4080,"CUS004080","Megan Flores","Consumer","Nottingham","United Kingdom","2023-03-24"
4081,"CUS004081","Suzanne Wolfe","Corporate","Lyon","France","2023-04-16"
4082,"CUS004082","Tina Carroll","Small Business","Amsterdam","Netherlands","2019-01-07"
4083,"CUS004083","Emma Howard","Consumer","Paris","France","2022-04-02"
4084,"CUS004084","Jacqueline Evans","Small Business","Leeds","United Kingdom","2019-03-17"
4085,"CUS004085","Joshua Mcgee II","Consumer","Glasgow","United Kingdom","2024-09-14"
4086,"CUS004086","Michael Ortiz","Consumer","Munich","Germany","2024-03-18"
4087,"CUS004087","Erika Hogan","Consumer","London","United Kingdom","2023-03-13"
4088,"CUS004088","Jennifer Melton","Small Business","Munich","Germany","2022-12-01"
4089,"CUS004089","Christian Rojas","Small Business","Glasgow","United Kingdom","2021-02-15"
4090,"CUS004090","Travis Marks","Consumer","Chicago","USA","2021-01-14"
4091,"CUS004091","Jane Berg","Corporate","Bristol","United Kingdom","2020-10-17"
4092,"CUS004092","Jacob Hamilton","Consumer","Barcelona","Spain","2022-01-02"
4093,"CUS004093","Susan Hernandez","Consumer","Leeds","United Kingdom","2020-11-29"
4094,"CUS004094","Claire Smith","Corporate","Manchester","United Kingdom","2019-03-13"
4095,"CUS004095","Devin Gonzalez","Consumer","Leeds","United Kingdom","2019-12-09"
4096,"CUS004096","Christopher Gallegos PhD","Consumer","Birmingham","United Kingdom","2023-02-19"
4097,"CUS004097","Colton Lawson","Consumer","Berlin","Germany","2022-03-16"
4098,"CUS004098","Mr. Samuel Freeman DDS","Small Business","Manchester","United Kingdom","2023-08-09"
4099,"CUS004099","Brian Benton","Corporate","London","United Kingdom","2022-07-17"
4100,"CUS004100","Lisa Thomas","Corporate","Austin","USA","2021-08-10"
4101,"CUS004101","Kathleen Robinson","Corporate","Leeds","United Kingdom","2020-09-23"
4102,"CUS004102","Tyler Welch MD","Small Business","Paris","France","2022-04-30"
4103,"CUS004103","Luke Carr","Consumer","Paris","France","2023-03-25"
4104,"CUS004104","Kendra Peterson","Consumer","Bristol","United Kingdom","2024-10-07"
4105,"CUS004105","Michael Anderson","Corporate","Bristol","United Kingdom","2020-02-02"
4106,"CUS004106","Kara Smith","Consumer","Bristol","United Kingdom","2025-01-13"
4107,"CUS004107","David Blackburn","Consumer","New York","USA","2025-06-08"
4108,"CUS004108","Susan Orr","Corporate","Berlin","Germany","2020-10-05"
4109,"CUS004109","Stephanie Alvarez","Consumer","Bristol","United Kingdom","2020-09-13"
4110,"CUS004110","Glen Leon","Consumer","Glasgow","United Kingdom","2019-11-09"
4111,"CUS004111","Stephanie Sheppard","Consumer","Manchester","United Kingdom","2020-04-06"
4112,"CUS004112","Laura Pruitt","Consumer","Austin","USA","2023-11-19"
4113,"CUS004113","Lisa Li","Consumer","Hamburg","Germany","2023-07-03"
4114,"CUS004114","Justin Zamora","Consumer","Nottingham","United Kingdom","2025-07-15"
4115,"CUS004115","Spencer Cruz","Consumer","Manchester","United Kingdom","2025-01-09"
4116,"CUS004116","Frank Moreno","Online Reseller","Manchester","United Kingdom","2020-07-01"
4117,"CUS004117","Steven Valentine","Consumer","Amsterdam","Netherlands","2023-05-10"
4118,"CUS004118","Andrea Price","Small Business","Birmingham","United Kingdom","2024-08-01"
4119,"CUS004119","Randy Joseph","Consumer","Birmingham","United Kingdom","2022-07-08"
4120,"CUS004120","Richard Wells","Corporate","Cork","Ireland","2022-02-28"
4121,"CUS004121","Aaron Kelly","Corporate","Barcelona","Spain","2020-05-01"
4122,"CUS004122","Kristina Bowers","Consumer","Hamburg","Germany","2022-04-28"
4123,"CUS004123","Kari Edwards","Corporate","Paris","France","2023-11-22"
4124,"CUS004124","Christina Cochran","Consumer","New York","USA","2021-01-19"
4125,"CUS004125","Thomas Jacobs","Consumer","Bristol","United Kingdom","2022-03-10"
4126,"CUS004126","Antonio Dyer","Consumer","Manchester","United Kingdom","2020-04-06"
4127,"CUS004127","Kathy Wright","Online Reseller","Leeds","United Kingdom","2025-05-16"
4128,"CUS004128","Michael Farrell","Small Business","Austin","USA","2020-01-04"
4129,"CUS004129","Dan Phillips","Consumer","Cork","Ireland","2023-07-23"
4130,"CUS004130","Mathew Fisher","Online Reseller","Hamburg","Germany","2022-02-11"
4131,"CUS004131","Ricardo Kaiser","Consumer","Hamburg","Germany","2020-10-20"
4132,"CUS004132","James Moore","Consumer","Dublin","Ireland","2025-02-28"
4133,"CUS004133","Ernest Giles","Small Business","London","United Kingdom","2023-09-26"
4134,"CUS004134","Craig Obrien","Corporate","Bristol","United Kingdom","2020-11-19"
4135,"CUS004135","Kevin Morris","Consumer","Paris","France","2021-03-16"
4136,"CUS004136","Anthony Nguyen","Consumer","Austin","USA","2025-02-06"
4137,"CUS004137","Charles Decker","Consumer","Glasgow","United Kingdom","2022-08-10"
4138,"CUS004138","Alexander Hamilton","Small Business","Lyon","France","2022-01-11"
4139,"CUS004139","Christopher Austin","Small Business","Birmingham","United Kingdom","2025-03-02"
4140,"CUS004140","Maria Nguyen","Corporate","Lyon","France","2020-10-24"
4141,"CUS004141","Amanda Hunt","Corporate","Madrid","Spain","2025-05-01"
4142,"CUS004142","Michelle Crawford","Consumer","New York","USA","2023-06-19"
4143,"CUS004143","Brenda Garcia","Consumer","Munich","Germany","2024-02-17"
4144,"CUS004144","Miguel Davis","Small Business","New York","USA","2020-12-27"
4145,"CUS004145","Howard Miller","Small Business","Amsterdam","Netherlands","2024-08-16"
4146,"CUS004146","Benjamin Morales","Corporate","Munich","Germany","2021-04-14"
4147,"CUS004147","Jason Clarke","Consumer","Leeds","United Kingdom","2019-12-08"
4148,"CUS004148","Kimberly Davis","Small Business","Dublin","Ireland","2025-01-30"
4149,"CUS004149","Christopher Farmer","Consumer","Barcelona","Spain","2024-02-07"
4150,"CUS004150","Crystal Brown","Corporate","Leeds","United Kingdom","2020-03-21"
4151,"CUS004151","Allison Day","Consumer","Nottingham","United Kingdom","2024-09-02"
4152,"CUS004152","Karen Williams","Small Business","New York","USA","2025-10-29"
4153,"CUS004153","Tiffany Best","Consumer","Bristol","United Kingdom","2024-09-12"
4154,"CUS004154","Francisco Hughes","Consumer","New York","USA","2021-02-04"
4155,"CUS004155","Jennifer Dixon","Consumer","Dublin","Ireland","2022-08-25"
4156,"CUS004156","Alexander Espinoza","Consumer","Paris","France","2024-05-29"
4157,"CUS004157","Barry Gonzalez","Corporate","Dublin","Ireland","2023-09-27"
4158,"CUS004158","Dave Henry","Consumer","Austin","USA","2025-07-11"
4159,"CUS004159","Bobby Keith","Small Business","Bristol","United Kingdom","2025-01-13"
4160,"CUS004160","Sandra Sanders","Consumer","Cork","Ireland","2019-11-04"
4161,"CUS004161","Adam Burton","Corporate","Munich","Germany","2023-08-06"
4162,"CUS004162","Deborah Brooks","Corporate","Birmingham","United Kingdom","2022-12-14"
4163,"CUS004163","Ruben Webster","Corporate","Barcelona","Spain","2024-12-24"
4164,"CUS004164","Craig Hurst","Consumer","Lyon","France","2024-07-30"
4165,"CUS004165","Matthew Hayes","Consumer","Bristol","United Kingdom","2020-09-09"
4166,"CUS004166","Walter Powers","Consumer","Lyon","France","2023-06-24"
4167,"CUS004167","Christine Rodriguez","Corporate","Berlin","Germany","2022-12-20"
4168,"CUS004168","Brian Fitzpatrick","Consumer","Berlin","Germany","2024-01-10"
4169,"CUS004169","Peter Fitzgerald","Consumer","Birmingham","United Kingdom","2025-05-05"
4170,"CUS004170","Michael Lewis","Consumer","Amsterdam","Netherlands","2021-07-04"
4171,"CUS004171","Elizabeth Ford","Consumer","Hamburg","Germany","2019-02-06"
4172,"CUS004172","Crystal Zamora","Consumer","Austin","USA","2020-07-13"
4173,"CUS004173","Claire Johnson","Consumer","Hamburg","Germany","2022-01-03"
4174,"CUS004174","Ronald Dalton","Small Business","Berlin","Germany","2023-08-15"
4175,"CUS004175","Travis Price","Consumer","Manchester","United Kingdom","2023-11-29"
4176,"CUS004176","William Guzman","Consumer","Munich","Germany","2025-04-22"
4177,"CUS004177","John Hoffman","Corporate","Glasgow","United Kingdom","2022-06-11"
4178,"CUS004178","William Mathews","Consumer","Lyon","France","2022-12-12"
4179,"CUS004179","Luis Wilkerson","Consumer","Lyon","France","2019-11-05"
4180,"CUS004180","Lisa Vincent","Small Business","Madrid","Spain","2024-08-26"
4181,"CUS004181","Tara Turner","Consumer","Amsterdam","Netherlands","2021-09-20"
4182,"CUS004182","Keith Moore","Consumer","Leeds","United Kingdom","2022-11-07"
4183,"CUS004183","Daniel Lee","Corporate","Bristol","United Kingdom","2024-12-24"
4184,"CUS004184","Shawn Jones","Consumer","Leeds","United Kingdom","2025-07-21"
4185,"CUS004185","Alex Townsend","Consumer","Munich","Germany","2019-02-10"
4186,"CUS004186","Elizabeth Baker","Corporate","New York","USA","2024-10-09"
4187,"CUS004187","Stacy Mcbride","Consumer","New York","USA","2020-12-01"
4188,"CUS004188","Thomas Garner","Consumer","Nottingham","United Kingdom","2020-07-25"
4189,"CUS004189","Amanda Galvan","Consumer","Madrid","Spain","2022-04-02"
4190,"CUS004190","Adrian Miller","Consumer","Berlin","Germany","2025-02-07"
4191,"CUS004191","Sergio Riley","Small Business","Birmingham","United Kingdom","2023-01-08"
4192,"CUS004192","Debra Warner","Consumer","Dublin","Ireland","2025-01-19"
4193,"CUS004193","Nicholas Hernandez","Small Business","Berlin","Germany","2019-06-18"
4194,"CUS004194","Michael Johnson","Corporate","Manchester","United Kingdom","2025-01-24"
4195,"CUS004195","Ronald Gutierrez DVM","Corporate","Hamburg","Germany","2024-04-24"
4196,"CUS004196","Amanda Brown","Corporate","Glasgow","United Kingdom","2020-03-10"
4197,"CUS004197","Diana Campbell","Online Reseller","Munich","Germany","2021-08-26"
4198,"CUS004198","Robert Johnson","Small Business","Leeds","United Kingdom","2019-02-22"
4199,"CUS004199","Shane Young","Consumer","London","United Kingdom","2022-11-13"
4200,"CUS004200","Aaron Santos","Consumer","Austin","USA","2025-08-22"
4201,"CUS004201","Sara Graham","Corporate","Rotterdam","Netherlands","2019-03-12"
4202,"CUS004202","Katherine Hall","Consumer","Barcelona","Spain","2020-02-02"
4203,"CUS004203","Amber Cox","Consumer","Hamburg","Germany","2023-12-01"
4204,"CUS004204","Joy Kennedy","Consumer","Barcelona","Spain","2025-05-21"
4205,"CUS004205","Matthew Watson","Consumer","Glasgow","United Kingdom","2019-03-21"
4206,"CUS004206","Brianna Moss","Consumer","Lyon","France","2019-05-24"
4207,"CUS004207","Christopher Morales","Small Business","Bristol","United Kingdom","2023-10-18"
4208,"CUS004208","Gregory Carter","Consumer","Bristol","United Kingdom","2021-08-03"
4209,"CUS004209","Nicole Simpson","Consumer","Manchester","United Kingdom","2021-10-29"
4210,"CUS004210","Heather Reynolds","Online Reseller","Birmingham","United Kingdom","2023-05-31"
4211,"CUS004211","Stacey Cook","Online Reseller","Cork","Ireland","2025-04-07"
4212,"CUS004212","John Molina","Small Business","Barcelona","Spain","2023-03-13"
4213,"CUS004213","Carly Williams","Consumer","Nottingham","United Kingdom","2020-05-31"
4214,"CUS004214","Shannon Weber","Corporate","Manchester","United Kingdom","2023-11-22"
4215,"CUS004215","Kimberly Collier","Consumer","Amsterdam","Netherlands","2023-10-09"
4216,"CUS004216","Robert Taylor","Online Reseller","New York","USA","2021-01-10"
4217,"CUS004217","Christine Steele","Consumer","Nottingham","United Kingdom","2021-06-01"
4218,"CUS004218","Jason Rodriguez","Consumer","Barcelona","Spain","2019-05-01"
4219,"CUS004219","Amanda Garcia","Consumer","Manchester","United Kingdom","2023-05-12"
4220,"CUS004220","Timothy Ortega","Corporate","Manchester","United Kingdom","2022-08-26"
4221,"CUS004221","Darrell Mckinney","Corporate","London","United Kingdom","2022-08-29"
4222,"CUS004222","Bruce Dennis","Small Business","Glasgow","United Kingdom","2021-08-07"
4223,"CUS004223","Kimberly Foster","Consumer","Munich","Germany","2019-12-02"
4224,"CUS004224","Jenna Ray","Consumer","Barcelona","Spain","2022-11-25"
4225,"CUS004225","Melissa Travis","Corporate","London","United Kingdom","2025-09-06"
4226,"CUS004226","Mathew Moore","Consumer","Bristol","United Kingdom","2020-06-07"
4227,"CUS004227","Nicole Moran","Online Reseller","Paris","France","2019-10-06"
4228,"CUS004228","Tracy Marsh","Consumer","Barcelona","Spain","2020-08-09"
4229,"CUS004229","Thomas Neal MD","Consumer","Lyon","France","2023-10-10"
4230,"CUS004230","Elizabeth Clark","Corporate","Austin","USA","2021-10-06"
4231,"CUS004231","Tiffany Lee","Consumer","Hamburg","Germany","2022-08-08"
4232,"CUS004232","Edward Clark","Consumer","Berlin","Germany","2022-06-04"
4233,"CUS004233","Melanie Jones","Consumer","Glasgow","United Kingdom","2022-07-04"
4234,"CUS004234","Bryan Duffy","Online Reseller","Nottingham","United Kingdom","2022-09-04"
4235,"CUS004235","Alexandra Harper","Consumer","Dublin","Ireland","2019-08-13"
4236,"CUS004236","James Torres","Consumer","Nottingham","United Kingdom","2019-07-13"
4237,"CUS004237","Tamara Reid","Consumer","Birmingham","United Kingdom","2024-01-10"
4238,"CUS004238","Meghan Rowland","Consumer","Cork","Ireland","2023-02-08"
4239,"CUS004239","Mr. David Wells DDS","Small Business","Lyon","France","2022-05-03"
4240,"CUS004240","Patricia Henderson","Corporate","Birmingham","United Kingdom","2022-04-26"
4241,"CUS004241","Shirley Avery","Small Business","Glasgow","United Kingdom","2020-05-02"
4242,"CUS004242","Wendy James","Corporate","Manchester","United Kingdom","2025-05-28"
4243,"CUS004243","Olivia Miller","Consumer","Cork","Ireland","2025-10-06"
4244,"CUS004244","Brandon Sanchez","Consumer","Manchester","United Kingdom","2024-09-22"
4245,"CUS004245","Lynn Davis","Consumer","Berlin","Germany","2024-12-10"
4246,"CUS004246","George Munoz","Small Business","Nottingham","United Kingdom","2019-10-09"
4247,"CUS004247","Frank Tran","Small Business","Paris","France","2024-11-04"
4248,"CUS004248","Joanne Austin","Consumer","Madrid","Spain","2019-06-03"
4249,"CUS004249","Michael Watkins","Small Business","Dublin","Ireland","2025-03-30"
4250,"CUS004250","Alyssa Hunter","Consumer","Glasgow","United Kingdom","2025-02-03"
4251,"CUS004251","Christopher Hill","Consumer","Dublin","Ireland","2025-03-22"
4252,"CUS004252","Rebecca Nichols","Corporate","Manchester","United Kingdom","2022-07-07"
4253,"CUS004253","Dawn Wilson","Corporate","Leeds","United Kingdom","2023-08-01"
4254,"CUS004254","Carrie Hayes","Consumer","Bristol","United Kingdom","2022-09-03"
4255,"CUS004255","Amanda Burke","Small Business","Chicago","USA","2024-09-27"
4256,"CUS004256","Michael Schmitt","Corporate","Birmingham","United Kingdom","2020-03-15"
4257,"CUS004257","John Wright","Consumer","Bristol","United Kingdom","2022-04-13"
4258,"CUS004258","Patrick Valdez","Consumer","Leeds","United Kingdom","2024-05-16"
4259,"CUS004259","James Turner","Online Reseller","Leeds","United Kingdom","2025-08-23"
4260,"CUS004260","Sean Silva","Online Reseller","Austin","USA","2022-06-25"
4261,"CUS004261","Miguel Stokes DVM","Consumer","Glasgow","United Kingdom","2025-08-04"
4262,"CUS004262","Christopher Anderson","Small Business","Munich","Germany","2023-10-28"
4263,"CUS004263","Lisa Johnson","Consumer","Manchester","United Kingdom","2025-08-03"
4264,"CUS004264","Robert Jordan DDS","Corporate","Berlin","Germany","2020-04-04"
4265,"CUS004265","Isabella Stephens","Corporate","Birmingham","United Kingdom","2024-05-18"
4266,"CUS004266","Andrew Graham","Consumer","Nottingham","United Kingdom","2021-08-16"
4267,"CUS004267","Andrea Miller","Consumer","Rotterdam","Netherlands","2019-12-15"
4268,"CUS004268","Mary Wells","Corporate","Munich","Germany","2022-04-04"
4269,"CUS004269","Dana Reilly","Corporate","Madrid","Spain","2023-05-16"
4270,"CUS004270","Alexander Miller","Small Business","Birmingham","United Kingdom","2022-05-03"
4271,"CUS004271","Craig Keller","Corporate","Hamburg","Germany","2024-02-19"
4272,"CUS004272","Kristin Woods","Consumer","Munich","Germany","2023-02-28"
4273,"CUS004273","Mary Perkins","Consumer","Chicago","USA","2025-05-27"
4274,"CUS004274","Andrew Harris","Consumer","Birmingham","United Kingdom","2024-10-24"
4275,"CUS004275","Paul Myers","Consumer","Austin","USA","2020-08-10"
4276,"CUS004276","Jordan Smith","Corporate","Bristol","United Kingdom","2025-01-15"
4277,"CUS004277","Deborah Moreno","Small Business","Hamburg","Germany","2019-10-31"
4278,"CUS004278","Robert Flores","Consumer","Chicago","USA","2021-02-07"
4279,"CUS004279","John Lewis","Small Business","Lyon","France","2024-03-07"
4280,"CUS004280","Karen Lewis","Small Business","Manchester","United Kingdom","2024-12-07"
4281,"CUS004281","Juan Sims","Small Business","Manchester","United Kingdom","2020-02-10"
4282,"CUS004282","Andrea Estrada","Consumer","New York","USA","2020-10-16"
4283,"CUS004283","Brianna Hodges","Online Reseller","Cork","Ireland","2020-03-05"
4284,"CUS004284","William Jones","Consumer","Bristol","United Kingdom","2019-05-02"
4285,"CUS004285","Mark Gutierrez","Consumer","Birmingham","United Kingdom","2023-11-15"
4286,"CUS004286","Teresa Clayton","Small Business","Amsterdam","Netherlands","2025-06-25"
4287,"CUS004287","Paul Williams","Small Business","Leeds","United Kingdom","2019-11-23"
4288,"CUS004288","James Lee","Corporate","Manchester","United Kingdom","2019-04-03"
4289,"CUS004289","Jacqueline Cole","Corporate","Austin","USA","2025-06-04"
4290,"CUS004290","Courtney Solomon","Small Business","Paris","France","2023-12-29"
4291,"CUS004291","Travis Hicks","Consumer","Dublin","Ireland","2020-08-28"
4292,"CUS004292","Shane Reid","Small Business","Munich","Germany","2025-07-24"
4293,"CUS004293","Joseph Crawford","Small Business","Glasgow","United Kingdom","2020-01-02"
4294,"CUS004294","Kyle Butler","Consumer","Hamburg","Germany","2024-08-28"
4295,"CUS004295","Michele Waters","Small Business","Berlin","Germany","2024-03-18"
4296,"CUS004296","Amanda Ramirez","Small Business","Madrid","Spain","2022-07-28"
4297,"CUS004297","Matthew Hatfield","Consumer","Bristol","United Kingdom","2020-05-12"
4298,"CUS004298","Russell Jacobs","Small Business","London","United Kingdom","2019-11-23"
4299,"CUS004299","Savannah Harrison","Consumer","Glasgow","United Kingdom","2025-06-07"
4300,"CUS004300","Peter Franco MD","Consumer","Barcelona","Spain","2022-07-14"
4301,"CUS004301","Melanie Greene","Corporate","London","United Kingdom","2019-06-23"
4302,"CUS004302","Breanna Rogers","Consumer","Hamburg","Germany","2024-12-31"
4303,"CUS004303","Vanessa Patel","Corporate","Austin","USA","2019-06-24"
4304,"CUS004304","Amy Soto","Small Business","Nottingham","United Kingdom","2022-05-11"
4305,"CUS004305","Shelly Wheeler","Consumer","Leeds","United Kingdom","2019-10-13"
4306,"CUS004306","Timothy Nguyen","Consumer","Barcelona","Spain","2023-07-05"
4307,"CUS004307","Corey Compton","Consumer","Leeds","United Kingdom","2022-11-29"
4308,"CUS004308","George Lowe","Corporate","Cork","Ireland","2021-05-06"
4309,"CUS004309","Kyle Santiago","Corporate","Glasgow","United Kingdom","2019-01-30"
4310,"CUS004310","Louis Buchanan","Consumer","Hamburg","Germany","2023-10-29"
4311,"CUS004311","Melissa Lee","Online Reseller","Bristol","United Kingdom","2024-01-19"
4312,"CUS004312","Michelle Tran","Corporate","Paris","France","2023-04-30"
4313,"CUS004313","Joel Meyer","Corporate","New York","USA","2025-05-15"
4314,"CUS004314","Nathan Carter","Small Business","Manchester","United Kingdom","2020-04-18"
4315,"CUS004315","Kyle Schultz","Consumer","Manchester","United Kingdom","2025-11-17"
4316,"CUS004316","Stephen Pacheco","Small Business","London","United Kingdom","2021-09-09"
4317,"CUS004317","James Love","Consumer","Dublin","Ireland","2020-10-10"
4318,"CUS004318","Judy Peterson","Online Reseller","Munich","Germany","2023-03-30"
4319,"CUS004319","Benjamin Martinez","Small Business","Manchester","United Kingdom","2022-04-23"
4320,"CUS004320","Juan Long","Consumer","Nottingham","United Kingdom","2021-11-10"
4321,"CUS004321","Robert Scott","Corporate","Glasgow","United Kingdom","2023-08-16"
4322,"CUS004322","Timothy Pierce PhD","Corporate","Nottingham","United Kingdom","2024-03-06"
4323,"CUS004323","Jennifer Baker","Corporate","Barcelona","Spain","2021-04-18"
4324,"CUS004324","Miss Katherine Rodriguez","Small Business","Glasgow","United Kingdom","2022-05-12"
4325,"CUS004325","Erik Taylor","Consumer","Manchester","United Kingdom","2023-03-10"
4326,"CUS004326","Philip Gamble","Consumer","Madrid","Spain","2025-04-13"
4327,"CUS004327","Benjamin Rodriguez","Consumer","Berlin","Germany","2021-05-26"
4328,"CUS004328","Bethany Davis","Consumer","London","United Kingdom","2021-05-04"
4329,"CUS004329","Jenny Williams","Consumer","Glasgow","United Kingdom","2020-02-24"
4330,"CUS004330","Amy Rodriguez","Corporate","Manchester","United Kingdom","2024-01-31"
4331,"CUS004331","Michelle Mitchell","Corporate","Glasgow","United Kingdom","2025-08-21"
4332,"CUS004332","Daniel Munoz","Small Business","London","United Kingdom","2025-06-14"
4333,"CUS004333","Tanya Gomez","Consumer","Glasgow","United Kingdom","2024-07-21"
4334,"CUS004334","Alexander Silva","Small Business","Bristol","United Kingdom","2025-10-21"
4335,"CUS004335","Carolyn Burch","Small Business","Hamburg","Germany","2025-05-22"
4336,"CUS004336","Joshua Smith","Consumer","Birmingham","United Kingdom","2022-02-13"
4337,"CUS004337","Kenneth Mendez","Small Business","Barcelona","Spain","2022-08-03"
4338,"CUS004338","Rhonda Martinez","Consumer","Chicago","USA","2021-08-29"
4339,"CUS004339","Jason Allen","Consumer","Rotterdam","Netherlands","2024-02-02"
4340,"CUS004340","Stephanie Lowery","Consumer","Leeds","United Kingdom","2021-12-25"
4341,"CUS004341","Aaron Lambert","Corporate","Amsterdam","Netherlands","2023-10-07"
4342,"CUS004342","Scott Atkinson","Online Reseller","Austin","USA","2020-03-08"
4343,"CUS004343","David Boone","Small Business","Chicago","USA","2019-05-24"
4344,"CUS004344","Jeremy Hernandez","Corporate","London","United Kingdom","2024-11-11"
4345,"CUS004345","Sarah Christensen","Consumer","Barcelona","Spain","2024-04-08"
4346,"CUS004346","Phillip Harris","Consumer","Bristol","United Kingdom","2024-09-28"
4347,"CUS004347","Jessica Golden","Consumer","London","United Kingdom","2022-03-09"
4348,"CUS004348","Alex Romero","Consumer","Chicago","USA","2021-10-25"
4349,"CUS004349","Jeremy Harris","Consumer","Bristol","United Kingdom","2019-02-21"
4350,"CUS004350","Billy Hood","Online Reseller","Berlin","Germany","2022-11-30"
4351,"CUS004351","Caroline Powell","Corporate","Glasgow","United Kingdom","2023-09-13"
4352,"CUS004352","Harry Hill","Consumer","Madrid","Spain","2023-06-10"
4353,"CUS004353","Stephanie Gray","Small Business","Manchester","United Kingdom","2019-06-11"
4354,"CUS004354","Toni Parks","Corporate","Madrid","Spain","2020-11-28"
4355,"CUS004355","Maria Brown","Small Business","Amsterdam","Netherlands","2025-11-08"
4356,"CUS004356","Alison Armstrong","Consumer","Bristol","United Kingdom","2024-03-06"
4357,"CUS004357","Alex Graham","Small Business","Manchester","United Kingdom","2019-09-29"
4358,"CUS004358","Jeff Kim","Corporate","Bristol","United Kingdom","2025-08-20"
4359,"CUS004359","Derrick Buck","Consumer","Rotterdam","Netherlands","2021-05-31"
4360,"CUS004360","Christopher Robinson","Online Reseller","Manchester","United Kingdom","2021-09-10"
4361,"CUS004361","Kelly Schmidt","Consumer","Amsterdam","Netherlands","2024-05-31"
4362,"CUS004362","Andrew James","Consumer","Chicago","USA","2020-08-14"
4363,"CUS004363","Darryl Mann","Consumer","Manchester","United Kingdom","2024-03-22"
4364,"CUS004364","Luis Tran","Corporate","Bristol","United Kingdom","2024-04-28"
4365,"CUS004365","Joseph Scott","Online Reseller","Leeds","United Kingdom","2025-06-10"
4366,"CUS004366","Charles Graham","Consumer","London","United Kingdom","2019-11-17"
4367,"CUS004367","Charlotte Ortiz","Small Business","Barcelona","Spain","2021-01-29"
4368,"CUS004368","Austin Wiggins","Small Business","Manchester","United Kingdom","2021-05-26"
4369,"CUS004369","Laura Logan","Consumer","Nottingham","United Kingdom","2019-07-31"
4370,"CUS004370","Sharon Figueroa","Consumer","Manchester","United Kingdom","2023-11-03"
4371,"CUS004371","John Henderson","Consumer","Leeds","United Kingdom","2024-04-29"
4372,"CUS004372","Alan Ali","Consumer","Birmingham","United Kingdom","2020-11-26"
4373,"CUS004373","Angela Mejia","Small Business","London","United Kingdom","2019-05-11"
4374,"CUS004374","Richard Ferguson","Consumer","Berlin","Germany","2023-08-24"
4375,"CUS004375","Kristen Wood","Corporate","New York","USA","2021-03-16"
4376,"CUS004376","Joseph Lopez","Corporate","Birmingham","United Kingdom","2019-02-10"
4377,"CUS004377","Erika Jackson","Corporate","Leeds","United Kingdom","2019-05-03"
4378,"CUS004378","Robert Mason","Consumer","Leeds","United Kingdom","2022-09-28"
4379,"CUS004379","Jennifer Jackson","Consumer","Madrid","Spain","2024-03-04"
4380,"CUS004380","Ryan Allen","Consumer","Leeds","United Kingdom","2019-05-22"
4381,"CUS004381","Holly Logan","Consumer","Paris","France","2020-03-23"
4382,"CUS004382","Jesse Mckinney","Consumer","Glasgow","United Kingdom","2019-06-18"
4383,"CUS004383","Carla Obrien","Small Business","Chicago","USA","2023-05-16"
4384,"CUS004384","William Taylor","Consumer","Dublin","Ireland","2021-11-05"
4385,"CUS004385","Joseph Burns","Small Business","Bristol","United Kingdom","2023-07-28"
4386,"CUS004386","Krista Barber","Consumer","Chicago","USA","2020-11-15"
4387,"CUS004387","Julie Holland","Consumer","Berlin","Germany","2019-01-26"
4388,"CUS004388","Rachel Ray","Consumer","Cork","Ireland","2019-08-09"
4389,"CUS004389","Jennifer King","Small Business","Madrid","Spain","2022-05-20"
4390,"CUS004390","Carol Hodge","Online Reseller","Glasgow","United Kingdom","2020-06-23"
4391,"CUS004391","Andrew Jones","Consumer","London","United Kingdom","2023-06-16"
4392,"CUS004392","Sarah Wilson DVM","Consumer","Manchester","United Kingdom","2025-08-04"
4393,"CUS004393","Elijah Johnson","Consumer","Nottingham","United Kingdom","2019-03-11"
4394,"CUS004394","Dr. Daniel Hampton","Corporate","Munich","Germany","2024-01-02"
4395,"CUS004395","Joanna Garza","Small Business","Chicago","USA","2023-03-20"
4396,"CUS004396","Brenda Leon","Corporate","Berlin","Germany","2023-09-20"
4397,"CUS004397","Charles Lester","Consumer","Lyon","France","2021-07-09"
4398,"CUS004398","Dawn Ross","Consumer","Barcelona","Spain","2024-03-22"
4399,"CUS004399","Jacqueline Harris","Corporate","Munich","Germany","2019-04-09"
4400,"CUS004400","Tyler Sanchez","Consumer","Madrid","Spain","2022-11-13"
4401,"CUS004401","Mark Garcia","Corporate","Chicago","USA","2022-12-07"
4402,"CUS004402","Gregory Blankenship","Consumer","Nottingham","United Kingdom","2020-03-11"
4403,"CUS004403","Shelby Miller","Consumer","Berlin","Germany","2025-01-08"
4404,"CUS004404","Roberto Arnold","Consumer","Berlin","Germany","2023-10-27"
4405,"CUS004405","William Boone","Online Reseller","Munich","Germany","2022-03-15"
4406,"CUS004406","Gary Collins","Small Business","Austin","USA","2021-11-11"
4407,"CUS004407","Alexandra Garcia","Small Business","Cork","Ireland","2024-10-05"
4408,"CUS004408","Kristina Brown","Consumer","Paris","France","2023-04-03"
4409,"CUS004409","Lydia Watson","Consumer","Madrid","Spain","2022-01-07"
4410,"CUS004410","Geoffrey Austin","Consumer","Manchester","United Kingdom","2021-08-03"
4411,"CUS004411","Gabriel Richardson","Corporate","Bristol","United Kingdom","2019-12-29"
4412,"CUS004412","Laurie Stephenson","Corporate","Madrid","Spain","2024-07-02"
4413,"CUS004413","Jessica Palmer","Corporate","Glasgow","United Kingdom","2019-12-18"
4414,"CUS004414","Kimberly Curry","Consumer","Nottingham","United Kingdom","2025-05-28"
4415,"CUS004415","Yvonne Hernandez","Online Reseller","Austin","USA","2021-04-05"
4416,"CUS004416","Erin Klein","Corporate","Bristol","United Kingdom","2021-03-19"
4417,"CUS004417","Madison Thomas","Consumer","New York","USA","2022-01-06"
4418,"CUS004418","Christina Jensen","Consumer","Cork","Ireland","2019-06-10"
4419,"CUS004419","Daniel Williams","Consumer","Dublin","Ireland","2024-12-01"
4420,"CUS004420","Casey Barnes","Consumer","Manchester","United Kingdom","2020-08-29"
4421,"CUS004421","Robert Ware","Consumer","New York","USA","2020-11-12"
4422,"CUS004422","Keith Mooney","Consumer","Bristol","United Kingdom","2020-08-30"
4423,"CUS004423","William Martin","Small Business","Rotterdam","Netherlands","2019-01-07"
4424,"CUS004424","Nicholas Buchanan","Consumer","Amsterdam","Netherlands","2019-03-26"
4425,"CUS004425","Thomas Martin","Consumer","Birmingham","United Kingdom","2022-04-09"
4426,"CUS004426","Ashley Caldwell","Consumer","Chicago","USA","2025-08-28"
4427,"CUS004427","Grace Luna","Consumer","Nottingham","United Kingdom","2024-11-04"
4428,"CUS004428","John Huber","Online Reseller","Hamburg","Germany","2020-05-11"
4429,"CUS004429","Kimberly Valenzuela","Small Business","Leeds","United Kingdom","2019-04-05"
4430,"CUS004430","Lynn Nguyen","Consumer","Berlin","Germany","2020-09-15"
4431,"CUS004431","Michael Moran","Corporate","New York","USA","2021-04-05"
4432,"CUS004432","Diana Wheeler","Corporate","Barcelona","Spain","2019-07-03"
4433,"CUS004433","Courtney Johnson","Small Business","Birmingham","United Kingdom","2022-10-11"
4434,"CUS004434","Mr. Jordan Porter","Online Reseller","Glasgow","United Kingdom","2025-02-21"
4435,"CUS004435","Jennifer Crane","Consumer","Manchester","United Kingdom","2019-06-16"
4436,"CUS004436","Scott Rodriguez","Small Business","Birmingham","United Kingdom","2025-08-11"
4437,"CUS004437","Danny Logan","Consumer","Dublin","Ireland","2020-05-01"
4438,"CUS004438","Danielle Stein","Online Reseller","Amsterdam","Netherlands","2019-12-04"
4439,"CUS004439","Melissa Wagner","Consumer","Madrid","Spain","2025-10-10"
4440,"CUS004440","James Knight","Corporate","Munich","Germany","2022-09-12"
4441,"CUS004441","David Dean","Consumer","Cork","Ireland","2019-03-16"
4442,"CUS004442","Mary Hampton","Small Business","Manchester","United Kingdom","2019-02-19"
4443,"CUS004443","Amy Sullivan","Consumer","London","United Kingdom","2021-09-06"
4444,"CUS004444","Jason Good","Consumer","Leeds","United Kingdom","2022-08-10"
4445,"CUS004445","Jacob Parker","Corporate","Birmingham","United Kingdom","2021-10-22"
4446,"CUS004446","Dr. Timothy Sanders","Consumer","Bristol","United Kingdom","2023-07-15"
4447,"CUS004447","Jeffrey Young","Corporate","London","United Kingdom","2020-01-27"
4448,"CUS004448","Robert Rogers","Consumer","London","United Kingdom","2019-03-07"
4449,"CUS004449","Linda Castaneda","Small Business","Austin","USA","2020-01-11"
4450,"CUS004450","Bradley Mclaughlin","Small Business","Paris","France","2021-06-30"
4451,"CUS004451","Jeffrey Mosley","Online Reseller","Cork","Ireland","2020-09-03"
4452,"CUS004452","Rebecca Terry","Consumer","Barcelona","Spain","2024-12-14"
4453,"CUS004453","Anthony Ruiz","Consumer","Nottingham","United Kingdom","2022-08-23"
4454,"CUS004454","Eddie Bridges","Consumer","Barcelona","Spain","2023-01-08"
4455,"CUS004455","Tamara Graves","Consumer","Paris","France","2020-10-16"
4456,"CUS004456","Anita Martin","Consumer","Madrid","Spain","2024-02-05"
4457,"CUS004457","Brett Davies","Consumer","Manchester","United Kingdom","2020-01-23"
4458,"CUS004458","Andrew Smith","Corporate","Madrid","Spain","2022-09-21"
4459,"CUS004459","Rachel Prince","Corporate","Nottingham","United Kingdom","2019-10-12"
4460,"CUS004460","Katherine Adams","Online Reseller","Hamburg","Germany","2022-11-18"
4461,"CUS004461","Russell Jones","Corporate","Munich","Germany","2023-06-17"
4462,"CUS004462","Brenda Ford","Consumer","Nottingham","United Kingdom","2025-09-30"
4463,"CUS004463","Brooke Parsons","Consumer","Nottingham","United Kingdom","2023-07-31"
4464,"CUS004464","Kathleen Walker","Consumer","Nottingham","United Kingdom","2021-09-19"
4465,"CUS004465","James Morgan","Consumer","Cork","Ireland","2020-01-03"
4466,"CUS004466","John Chavez","Small Business","Austin","USA","2021-04-01"
4467,"CUS004467","Elizabeth Valdez","Corporate","Madrid","Spain","2023-10-16"
4468,"CUS004468","Jennifer Arias","Consumer","Nottingham","United Kingdom","2021-12-19"
4469,"CUS004469","Sarah Wade","Consumer","Barcelona","Spain","2023-10-25"
4470,"CUS004470","Joel Warner","Consumer","Manchester","United Kingdom","2021-11-25"
4471,"CUS004471","Anthony Golden","Consumer","Bristol","United Kingdom","2022-06-05"
4472,"CUS004472","Zachary Martinez","Online Reseller","Paris","France","2023-09-13"
4473,"CUS004473","Diane Cook","Consumer","Barcelona","Spain","2019-04-14"
4474,"CUS004474","David Olson","Consumer","Nottingham","United Kingdom","2019-01-29"
4475,"CUS004475","Timothy Barnett","Corporate","Bristol","United Kingdom","2021-04-19"
4476,"CUS004476","Monica Turner","Consumer","Barcelona","Spain","2020-09-01"
4477,"CUS004477","Stephanie Douglas","Corporate","Manchester","United Kingdom","2023-09-24"
4478,"CUS004478","James Reed","Consumer","Leeds","United Kingdom","2020-10-30"
4479,"CUS004479","Ryan Lara","Corporate","Madrid","Spain","2020-05-31"
4480,"CUS004480","Robert Ford","Online Reseller","Austin","USA","2023-06-03"
4481,"CUS004481","Rachel Huffman","Consumer","Dublin","Ireland","2023-09-10"
4482,"CUS004482","Robert Mcgee","Online Reseller","Lyon","France","2023-06-28"
4483,"CUS004483","Mary Rubio","Consumer","Madrid","Spain","2019-11-10"
4484,"CUS004484","Shawna White","Small Business","Barcelona","Spain","2023-08-02"
4485,"CUS004485","Carly King","Consumer","Rotterdam","Netherlands","2022-01-09"
4486,"CUS004486","Shawn Cook","Consumer","Chicago","USA","2019-11-26"
4487,"CUS004487","Charles Hunt","Corporate","Paris","France","2023-01-21"
4488,"CUS004488","Donald Harris Jr.","Online Reseller","Leeds","United Kingdom","2020-03-21"
4489,"CUS004489","Adam Ward","Consumer","Chicago","USA","2024-06-02"
4490,"CUS004490","Lucas Rogers","Consumer","Madrid","Spain","2022-07-06"
4491,"CUS004491","Raymond Costa","Consumer","Amsterdam","Netherlands","2022-06-12"
4492,"CUS004492","Charles Becker","Small Business","Austin","USA","2025-02-21"
4493,"CUS004493","Natasha Hill","Consumer","Nottingham","United Kingdom","2022-10-09"
4494,"CUS004494","Joseph Garza","Small Business","Chicago","USA","2025-10-12"
4495,"CUS004495","Christina Carrillo","Consumer","Chicago","USA","2021-11-17"
4496,"CUS004496","Amanda Maynard","Consumer","Berlin","Germany","2023-06-26"
4497,"CUS004497","Donna Shea","Small Business","Lyon","France","2019-12-27"
4498,"CUS004498","Duane Smith","Corporate","New York","USA","2025-11-13"
4499,"CUS004499","Traci Brown","Consumer","Dublin","Ireland","2019-11-25"
4500,"CUS004500","Jennifer Ford","Consumer","Munich","Germany","2023-10-24"
4501,"CUS004501","Laura Leblanc","Consumer","London","United Kingdom","2025-07-31"
4502,"CUS004502","Courtney Baker","Small Business","Austin","USA","2024-08-21"
4503,"CUS004503","Sarah Montoya","Consumer","Austin","USA","2024-10-17"
4504,"CUS004504","Lauren Foster","Consumer","Glasgow","United Kingdom","2019-04-06"
4505,"CUS004505","Daryl Walker","Consumer","Barcelona","Spain","2019-03-16"
4506,"CUS004506","Cynthia Smith","Small Business","Nottingham","United Kingdom","2019-06-29"
4507,"CUS004507","Billy Pratt","Small Business","London","United Kingdom","2023-02-28"
4508,"CUS004508","Stephanie Case","Corporate","Bristol","United Kingdom","2019-12-03"
4509,"CUS004509","Sean Oconnor","Consumer","New York","USA","2019-05-01"
4510,"CUS004510","Rachel Mack","Consumer","Leeds","United Kingdom","2025-11-08"
4511,"CUS004511","Kathleen Carpenter","Consumer","Austin","USA","2021-09-08"
4512,"CUS004512","Kristen Chan","Corporate","Dublin","Ireland","2024-08-31"
4513,"CUS004513","Tammy Price","Consumer","Nottingham","United Kingdom","2019-09-13"
4514,"CUS004514","Cassandra Douglas","Consumer","Madrid","Spain","2024-01-04"
4515,"CUS004515","Jeffrey Murphy","Corporate","Hamburg","Germany","2019-07-22"
4516,"CUS004516","John Garcia","Consumer","Glasgow","United Kingdom","2019-02-24"
4517,"CUS004517","Monique Jackson","Small Business","Leeds","United Kingdom","2021-09-12"
4518,"CUS004518","David Martin","Consumer","Bristol","United Kingdom","2020-02-10"
4519,"CUS004519","Nicholas Ward","Small Business","Munich","Germany","2025-03-22"
4520,"CUS004520","Donna Cuevas","Corporate","Glasgow","United Kingdom","2023-05-09"
4521,"CUS004521","Margaret Jones","Small Business","Amsterdam","Netherlands","2022-12-24"
4522,"CUS004522","Bryan Giles","Corporate","Paris","France","2021-11-24"
4523,"CUS004523","Andrea Townsend","Consumer","Bristol","United Kingdom","2024-03-26"
4524,"CUS004524","Debra White","Small Business","Chicago","USA","2019-02-08"
4525,"CUS004525","Gail Mason","Consumer","Berlin","Germany","2023-11-28"
4526,"CUS004526","Kimberly Dixon","Consumer","Manchester","United Kingdom","2020-05-03"
4527,"CUS004527","Mr. Richard Kelly","Corporate","London","United Kingdom","2023-12-23"
4528,"CUS004528","Christopher Drake","Consumer","Dublin","Ireland","2024-03-31"
4529,"CUS004529","Danielle Smith","Corporate","Berlin","Germany","2024-03-31"
4530,"CUS004530","Regina Mcguire","Consumer","Leeds","United Kingdom","2019-04-23"
4531,"CUS004531","Arthur Thomas","Consumer","Hamburg","Germany","2025-11-26"
4532,"CUS004532","Robert Nichols","Consumer","Dublin","Ireland","2021-04-10"
4533,"CUS004533","Tim Welch","Consumer","Lyon","France","2024-07-01"
4534,"CUS004534","Scott Sparks","Consumer","Austin","USA","2022-10-19"
4535,"CUS004535","Robert Parsons","Consumer","Amsterdam","Netherlands","2023-09-14"
4536,"CUS004536","Christopher Oliver","Small Business","Berlin","Germany","2019-01-29"
4537,"CUS004537","Mr. Michael Cherry","Consumer","Manchester","United Kingdom","2025-02-26"
4538,"CUS004538","Sandra Peck","Consumer","Manchester","United Kingdom","2024-08-12"
4539,"CUS004539","Kristin Ellis","Corporate","London","United Kingdom","2022-04-15"
4540,"CUS004540","Jacob Yoder","Consumer","Glasgow","United Kingdom","2023-06-07"
4541,"CUS004541","Cole Duncan","Online Reseller","Madrid","Spain","2020-05-12"
4542,"CUS004542","Matthew Watson","Small Business","Nottingham","United Kingdom","2023-04-24"
4543,"CUS004543","Paul Smith","Corporate","Munich","Germany","2024-02-11"
4544,"CUS004544","John Anderson","Consumer","Bristol","United Kingdom","2023-05-13"
4545,"CUS004545","Joseph Miranda","Corporate","Austin","USA","2019-09-29"
4546,"CUS004546","Kara Spencer","Consumer","Bristol","United Kingdom","2025-06-25"
4547,"CUS004547","Pam Wilson","Corporate","Rotterdam","Netherlands","2020-08-04"
4548,"CUS004548","Rachel Little","Corporate","Nottingham","United Kingdom","2023-07-24"
4549,"CUS004549","Joshua Coleman","Consumer","Amsterdam","Netherlands","2019-01-19"
4550,"CUS004550","Brian Crosby","Consumer","Dublin","Ireland","2023-01-30"
4551,"CUS004551","Yvette Dominguez","Corporate","Glasgow","United Kingdom","2021-11-22"
4552,"CUS004552","Yvonne Ramirez","Consumer","Amsterdam","Netherlands","2021-05-17"
4553,"CUS004553","Vicki Hester","Corporate","Paris","France","2021-06-28"
4554,"CUS004554","Jonathan Rodgers","Consumer","Munich","Germany","2022-04-14"
4555,"CUS004555","Alexander Mitchell","Consumer","Dublin","Ireland","2022-05-19"
4556,"CUS004556","Brandon Taylor","Corporate","Barcelona","Spain","2019-11-02"
4557,"CUS004557","Linda Garcia","Small Business","Chicago","USA","2019-07-11"
4558,"CUS004558","William Tate","Small Business","Manchester","United Kingdom","2023-03-25"
4559,"CUS004559","Caleb Ray","Small Business","Cork","Ireland","2025-03-03"
4560,"CUS004560","Angela Williams","Consumer","Barcelona","Spain","2021-09-30"
4561,"CUS004561","Philip Fischer","Online Reseller","Glasgow","United Kingdom","2022-09-13"
4562,"CUS004562","Angela Marquez","Consumer","Birmingham","United Kingdom","2019-01-13"
4563,"CUS004563","Sheila Payne","Consumer","Glasgow","United Kingdom","2022-02-05"
4564,"CUS004564","Mary Garcia","Consumer","Barcelona","Spain","2020-09-28"
4565,"CUS004565","Timothy Collins","Small Business","Cork","Ireland","2020-05-15"
4566,"CUS004566","Anna Cook","Corporate","London","United Kingdom","2022-08-07"
4567,"CUS004567","Breanna Davis","Consumer","New York","USA","2019-11-09"
4568,"CUS004568","April Vance","Consumer","Barcelona","Spain","2020-02-08"
4569,"CUS004569","Robert Sullivan","Consumer","Birmingham","United Kingdom","2025-04-24"
4570,"CUS004570","Christopher Ayers","Consumer","Dublin","Ireland","2021-11-29"
4571,"CUS004571","Danielle Cook","Online Reseller","Glasgow","United Kingdom","2019-07-06"
4572,"CUS004572","Thomas Haynes","Consumer","Austin","USA","2021-07-19"
4573,"CUS004573","Robert Ruiz","Consumer","New York","USA","2022-04-13"
4574,"CUS004574","Beth Rojas","Small Business","Bristol","United Kingdom","2023-02-23"
4575,"CUS004575","Melanie Allen","Small Business","Chicago","USA","2024-04-03"
4576,"CUS004576","Michael Golden","Consumer","Manchester","United Kingdom","2020-02-21"
4577,"CUS004577","Monica Wilkinson","Consumer","London","United Kingdom","2024-08-10"
4578,"CUS004578","David Jordan DDS","Consumer","Cork","Ireland","2021-12-15"
4579,"CUS004579","Roger Carter","Consumer","Chicago","USA","2021-07-30"
4580,"CUS004580","William Jenkins","Consumer","Dublin","Ireland","2024-06-16"
4581,"CUS004581","Debra Jensen","Consumer","London","United Kingdom","2021-01-30"
4582,"CUS004582","Michelle Scott","Small Business","Rotterdam","Netherlands","2022-05-20"
4583,"CUS004583","April Wilson","Corporate","Cork","Ireland","2021-01-11"
4584,"CUS004584","Nicole Vazquez","Corporate","London","United Kingdom","2022-09-23"
4585,"CUS004585","Robin Carpenter","Consumer","Glasgow","United Kingdom","2024-12-03"
4586,"CUS004586","Danielle Dawson","Small Business","London","United Kingdom","2021-01-31"
4587,"CUS004587","David Williams","Online Reseller","Munich","Germany","2024-01-12"
4588,"CUS004588","James Sanford","Consumer","Manchester","United Kingdom","2023-12-30"
4589,"CUS004589","Brian Smith","Corporate","Lyon","France","2020-08-12"
4590,"CUS004590","Brian Horton","Small Business","Dublin","Ireland","2021-04-25"
4591,"CUS004591","Glenn West","Corporate","Madrid","Spain","2023-07-01"
4592,"CUS004592","Matthew Martinez","Consumer","Dublin","Ireland","2020-05-28"
4593,"CUS004593","William Gray","Consumer","Birmingham","United Kingdom","2024-08-26"
4594,"CUS004594","Denise Alvarado","Consumer","Amsterdam","Netherlands","2019-05-04"
4595,"CUS004595","Brianna Price","Small Business","Austin","USA","2024-11-13"
4596,"CUS004596","Maxwell Arroyo","Consumer","Madrid","Spain","2022-10-02"
4597,"CUS004597","John Hill","Consumer","New York","USA","2022-11-21"
4598,"CUS004598","Aaron Ford","Consumer","Austin","USA","2025-10-09"
4599,"CUS004599","Stephen Brown","Consumer","Chicago","USA","2023-09-09"
4600,"CUS004600","Dylan Gutierrez","Corporate","Chicago","USA","2024-01-15"
4601,"CUS004601","Brenda Ramirez","Small Business","Manchester","United Kingdom","2022-07-11"
4602,"CUS004602","Adam Floyd","Corporate","Bristol","United Kingdom","2023-08-13"
4603,"CUS004603","Laurie Bailey","Consumer","Cork","Ireland","2024-03-12"
4604,"CUS004604","Joann Barker","Consumer","Cork","Ireland","2020-10-12"
4605,"CUS004605","John Myers","Corporate","Nottingham","United Kingdom","2019-04-24"
4606,"CUS004606","Daniel Conway","Consumer","Glasgow","United Kingdom","2020-08-25"
4607,"CUS004607","David Tucker","Consumer","Rotterdam","Netherlands","2023-07-07"
4608,"CUS004608","Travis Hicks","Consumer","New York","USA","2021-04-24"
4609,"CUS004609","Ashley Griffith","Consumer","Bristol","United Kingdom","2020-08-26"
4610,"CUS004610","Melissa Nelson","Small Business","Dublin","Ireland","2024-03-18"
4611,"CUS004611","Rebecca Francis","Consumer","Rotterdam","Netherlands","2020-05-09"
4612,"CUS004612","Keith Dyer","Consumer","Madrid","Spain","2019-08-23"
4613,"CUS004613","Douglas Pacheco","Corporate","New York","USA","2025-02-02"
4614,"CUS004614","Mary Hawkins","Consumer","Manchester","United Kingdom","2025-03-12"
4615,"CUS004615","Rebecca Moreno","Consumer","Birmingham","United Kingdom","2023-03-16"
4616,"CUS004616","Jonathan Rice","Small Business","Nottingham","United Kingdom","2025-06-27"
4617,"CUS004617","Alejandro Mack","Small Business","Birmingham","United Kingdom","2021-01-03"
4618,"CUS004618","Jennifer Peterson","Corporate","London","United Kingdom","2025-05-18"
4619,"CUS004619","Mr. Nicholas Le","Consumer","New York","USA","2021-12-26"
4620,"CUS004620","Michael Nelson","Consumer","Leeds","United Kingdom","2019-11-14"
4621,"CUS004621","James Wilkinson","Consumer","Birmingham","United Kingdom","2019-10-20"
4622,"CUS004622","Kristy Davis","Small Business","Dublin","Ireland","2019-11-26"
4623,"CUS004623","Craig Sanchez","Consumer","London","United Kingdom","2019-06-11"
4624,"CUS004624","George Ruiz","Online Reseller","Amsterdam","Netherlands","2022-04-07"
4625,"CUS004625","Gavin Perez","Consumer","Berlin","Germany","2024-02-23"
4626,"CUS004626","Alexis Jones","Consumer","Manchester","United Kingdom","2021-07-05"
4627,"CUS004627","Breanna Jenkins","Consumer","Rotterdam","Netherlands","2022-02-15"
4628,"CUS004628","John Nichols","Online Reseller","Chicago","USA","2025-03-24"
4629,"CUS004629","Ashley Fritz","Online Reseller","London","United Kingdom","2019-05-14"
4630,"CUS004630","Michelle Walker","Consumer","Chicago","USA","2020-10-02"
4631,"CUS004631","Jacob Johnson","Consumer","Rotterdam","Netherlands","2025-10-08"
4632,"CUS004632","Kevin Martinez","Consumer","Birmingham","United Kingdom","2024-03-07"
4633,"CUS004633","Kevin Cole","Consumer","Lyon","France","2019-12-23"
4634,"CUS004634","Glen Young","Consumer","Birmingham","United Kingdom","2023-05-07"
4635,"CUS004635","Robert Moody","Consumer","Bristol","United Kingdom","2025-04-25"
4636,"CUS004636","Lori Hodges","Consumer","New York","USA","2023-10-30"
4637,"CUS004637","Michael Weaver","Consumer","Chicago","USA","2022-09-18"
4638,"CUS004638","Melissa Smith","Small Business","Chicago","USA","2025-03-14"
4639,"CUS004639","Ruth Robinson","Online Reseller","Lyon","France","2025-08-05"
4640,"CUS004640","Gary Davis","Consumer","Cork","Ireland","2019-01-03"
4641,"CUS004641","Tammy Ramirez","Consumer","Cork","Ireland","2019-01-12"
4642,"CUS004642","Gregory Kelly","Online Reseller","Leeds","United Kingdom","2023-08-18"
4643,"CUS004643","Michael Johnson","Consumer","Amsterdam","Netherlands","2025-02-12"
4644,"CUS004644","Mark Smith","Small Business","Bristol","United Kingdom","2025-05-03"
4645,"CUS004645","Christopher Moore","Corporate","Madrid","Spain","2020-11-10"
4646,"CUS004646","Morgan Gonzalez","Small Business","Nottingham","United Kingdom","2022-05-10"
4647,"CUS004647","Casey Murray","Corporate","Amsterdam","Netherlands","2022-02-18"
4648,"CUS004648","Courtney Taylor","Small Business","Birmingham","United Kingdom","2025-07-23"
4649,"CUS004649","Thomas Harris","Consumer","London","United Kingdom","2021-02-27"
4650,"CUS004650","Shirley Evans","Consumer","London","United Kingdom","2020-11-18"
4651,"CUS004651","Brittany Brown","Consumer","Nottingham","United Kingdom","2023-03-13"
4652,"CUS004652","Kara Smith","Consumer","Barcelona","Spain","2019-09-01"
4653,"CUS004653","Joseph Cohen","Consumer","Bristol","United Kingdom","2022-10-14"
4654,"CUS004654","Ashley Duran","Corporate","Glasgow","United Kingdom","2019-05-17"
4655,"CUS004655","Christian Rodriguez","Corporate","Leeds","United Kingdom","2025-03-20"
4656,"CUS004656","Robert Adams","Corporate","Chicago","USA","2021-05-02"
4657,"CUS004657","Kristen Byrd","Consumer","Berlin","Germany","2020-10-26"
4658,"CUS004658","Tara Nolan","Consumer","London","United Kingdom","2020-10-30"
4659,"CUS004659","Victoria Mercado","Consumer","Berlin","Germany","2025-01-10"
4660,"CUS004660","Zachary Patel","Corporate","Birmingham","United Kingdom","2025-01-14"
4661,"CUS004661","Tiffany Coleman","Consumer","Madrid","Spain","2022-01-08"
4662,"CUS004662","Rebecca Ramirez","Consumer","New York","USA","2025-07-02"
4663,"CUS004663","Daniel Quinn","Consumer","Glasgow","United Kingdom","2025-09-17"
4664,"CUS004664","Alicia Sullivan","Corporate","Glasgow","United Kingdom","2025-11-23"
4665,"CUS004665","Joseph Ho","Consumer","Nottingham","United Kingdom","2021-09-21"
4666,"CUS004666","Ashley Neal","Consumer","Barcelona","Spain","2024-05-24"
4667,"CUS004667","Crystal Graves","Consumer","Cork","Ireland","2019-09-26"
4668,"CUS004668","Ashley Mendoza","Consumer","Barcelona","Spain","2022-01-03"
4669,"CUS004669","Lauren Rojas","Small Business","Paris","France","2022-11-01"
4670,"CUS004670","Joseph Ryan","Corporate","Berlin","Germany","2021-01-10"
4671,"CUS004671","Cameron Odonnell","Corporate","Nottingham","United Kingdom","2020-02-14"
4672,"CUS004672","Lisa Wilkerson","Corporate","Dublin","Ireland","2020-06-08"
4673,"CUS004673","Juan Morgan","Consumer","Barcelona","Spain","2020-09-11"
4674,"CUS004674","Debbie Rivera","Consumer","Lyon","France","2020-02-26"
4675,"CUS004675","Christopher Patterson","Corporate","Amsterdam","Netherlands","2023-10-10"
4676,"CUS004676","Christine Pratt","Small Business","Glasgow","United Kingdom","2019-04-19"
4677,"CUS004677","Mark Holmes","Consumer","Birmingham","United Kingdom","2024-12-23"
4678,"CUS004678","Andrea Le","Small Business","Barcelona","Spain","2022-01-12"
4679,"CUS004679","Nancy Morris","Corporate","London","United Kingdom","2019-09-15"
4680,"CUS004680","Donald Boone","Small Business","London","United Kingdom","2022-12-23"
4681,"CUS004681","Ralph Deleon","Consumer","Nottingham","United Kingdom","2020-07-25"
4682,"CUS004682","Melissa Roy","Consumer","Bristol","United Kingdom","2021-08-31"
4683,"CUS004683","Angela Martin","Consumer","Paris","France","2023-12-14"
4684,"CUS004684","Mandy Miller","Corporate","Cork","Ireland","2021-12-04"
4685,"CUS004685","Karen Trujillo","Consumer","Dublin","Ireland","2021-10-26"
4686,"CUS004686","Steven Holland","Online Reseller","Amsterdam","Netherlands","2024-08-17"
4687,"CUS004687","Mark Schmitt","Small Business","Hamburg","Germany","2022-08-09"
4688,"CUS004688","Chase Gomez","Corporate","Paris","France","2019-01-31"
4689,"CUS004689","Brian Rocha","Consumer","Birmingham","United Kingdom","2019-06-19"
4690,"CUS004690","Nicole Green","Consumer","Bristol","United Kingdom","2025-06-11"
4691,"CUS004691","Robert Burke","Small Business","London","United Kingdom","2020-11-27"
4692,"CUS004692","Karen Henry","Consumer","Hamburg","Germany","2020-01-26"
4693,"CUS004693","Angela Thompson","Online Reseller","Birmingham","United Kingdom","2020-11-10"
4694,"CUS004694","Kathryn Kramer","Consumer","Bristol","United Kingdom","2022-04-02"
4695,"CUS004695","John Hunter","Consumer","Barcelona","Spain","2024-10-29"
4696,"CUS004696","Andrew Williams","Small Business","Birmingham","United Kingdom","2023-01-11"
4697,"CUS004697","Stacey Gray","Consumer","Austin","USA","2025-01-26"
4698,"CUS004698","Ann Ramsey","Consumer","Glasgow","United Kingdom","2023-11-26"
4699,"CUS004699","Chris Gray","Consumer","Chicago","USA","2020-12-05"
4700,"CUS004700","Jason Salinas","Consumer","Birmingham","United Kingdom","2024-05-29"
4701,"CUS004701","Wanda Wood","Small Business","Birmingham","United Kingdom","2023-01-24"
4702,"CUS004702","Eric Jackson","Small Business","London","United Kingdom","2022-07-30"
4703,"CUS004703","Monica Tran","Small Business","New York","USA","2023-05-24"
4704,"CUS004704","John Russell","Consumer","London","United Kingdom","2022-12-06"
4705,"CUS004705","Lance Mendez","Consumer","Nottingham","United Kingdom","2022-12-15"
4706,"CUS004706","Henry Lutz","Online Reseller","Austin","USA","2023-07-20"
4707,"CUS004707","Paula Benton","Consumer","Manchester","United Kingdom","2025-03-12"
4708,"CUS004708","Kelly Martinez","Small Business","Birmingham","United Kingdom","2021-01-08"
4709,"CUS004709","Robert Hebert","Small Business","Paris","France","2020-11-25"
4710,"CUS004710","Dawn Rice","Small Business","New York","USA","2019-12-24"
4711,"CUS004711","Suzanne Rodgers","Consumer","Birmingham","United Kingdom","2019-02-16"
4712,"CUS004712","Nicholas Hayden","Corporate","Austin","USA","2023-09-07"
4713,"CUS004713","Kimberly Wells","Corporate","Glasgow","United Kingdom","2019-06-12"
4714,"CUS004714","Danielle Lee","Consumer","Leeds","United Kingdom","2022-11-04"
4715,"CUS004715","Chelsea Holland","Online Reseller","New York","USA","2023-01-19"
4716,"CUS004716","David Nunez","Consumer","London","United Kingdom","2022-03-13"
4717,"CUS004717","James Gregory","Corporate","Paris","France","2025-11-22"
4718,"CUS004718","Kelly Brewer","Small Business","Bristol","United Kingdom","2025-06-12"
4719,"CUS004719","Elizabeth Evans","Small Business","Manchester","United Kingdom","2025-01-15"
4720,"CUS004720","Shawn Avila","Consumer","Berlin","Germany","2024-03-14"
4721,"CUS004721","Nathan Kirk","Consumer","Birmingham","United Kingdom","2019-01-24"
4722,"CUS004722","Brian Yu","Online Reseller","Lyon","France","2024-12-06"
4723,"CUS004723","Joel Williams","Corporate","Leeds","United Kingdom","2022-08-05"
4724,"CUS004724","Tony Welch","Consumer","Leeds","United Kingdom","2023-09-09"
4725,"CUS004725","Tracy Brooks","Consumer","Amsterdam","Netherlands","2023-11-21"
4726,"CUS004726","Shane Lopez","Consumer","Rotterdam","Netherlands","2024-11-23"
4727,"CUS004727","Michelle Wood","Consumer","Chicago","USA","2025-06-02"
4728,"CUS004728","Chelsea Lee","Consumer","Leeds","United Kingdom","2022-01-16"
4729,"CUS004729","Monica Barnett","Small Business","Leeds","United Kingdom","2020-08-23"
4730,"CUS004730","Eric Conner","Consumer","Amsterdam","Netherlands","2021-03-22"
4731,"CUS004731","Kayla Choi","Consumer","New York","USA","2021-11-26"
4732,"CUS004732","Sydney Johnson","Online Reseller","Nottingham","United Kingdom","2022-05-12"
4733,"CUS004733","Brian Allen","Corporate","London","United Kingdom","2023-05-13"
4734,"CUS004734","Kelly Greer","Consumer","Glasgow","United Kingdom","2021-03-16"
4735,"CUS004735","Nicholas Anderson","Consumer","Cork","Ireland","2023-05-10"
4736,"CUS004736","Melissa Nunez","Online Reseller","Cork","Ireland","2019-05-10"
4737,"CUS004737","Dylan Fowler","Consumer","Bristol","United Kingdom","2021-10-25"
4738,"CUS004738","Doris Harris MD","Corporate","Berlin","Germany","2019-07-04"
4739,"CUS004739","Samantha Lee","Small Business","Chicago","USA","2024-04-22"
4740,"CUS004740","Laurie Stephenson","Consumer","Manchester","United Kingdom","2025-03-04"
4741,"CUS004741","Nicholas Roman","Small Business","Nottingham","United Kingdom","2024-07-18"
4742,"CUS004742","Ann Dawson","Consumer","Hamburg","Germany","2022-05-12"
4743,"CUS004743","John Johns","Small Business","Paris","France","2022-03-21"
4744,"CUS004744","Anthony Cantrell","Consumer","Munich","Germany","2021-12-30"
4745,"CUS004745","Brandon Shelton","Consumer","Leeds","United Kingdom","2022-01-05"
4746,"CUS004746","Chad Schneider DVM","Consumer","Glasgow","United Kingdom","2021-03-15"
4747,"CUS004747","Jason Johnson","Corporate","Cork","Ireland","2024-01-12"
4748,"CUS004748","Bradley Brady","Consumer","Berlin","Germany","2022-04-16"
4749,"CUS004749","Kathleen Nixon","Corporate","Chicago","USA","2023-03-31"
4750,"CUS004750","Anna Yu DVM","Consumer","Amsterdam","Netherlands","2025-05-14"
4751,"CUS004751","Michelle Warren","Consumer","Bristol","United Kingdom","2021-03-21"
4752,"CUS004752","Thomas Clark","Consumer","Cork","Ireland","2019-02-19"
4753,"CUS004753","Robert Willis","Corporate","Madrid","Spain","2021-07-19"
4754,"CUS004754","Jason Dunn","Corporate","Cork","Ireland","2022-07-05"
4755,"CUS004755","Kelly Smith","Consumer","Cork","Ireland","2023-05-20"
4756,"CUS004756","Felicia Walsh","Consumer","New York","USA","2025-08-13"
4757,"CUS004757","Nicholas Morrow MD","Corporate","Berlin","Germany","2021-06-21"
4758,"CUS004758","Susan Rangel","Consumer","Dublin","Ireland","2023-10-17"
4759,"CUS004759","Melanie Myers","Small Business","Leeds","United Kingdom","2023-08-09"
4760,"CUS004760","Haley Blackwell","Consumer","Chicago","USA","2024-08-31"
4761,"CUS004761","Larry Stokes","Consumer","Barcelona","Spain","2024-02-16"
4762,"CUS004762","Margaret Andrews","Consumer","Bristol","United Kingdom","2025-01-29"
4763,"CUS004763","Eduardo Hall","Online Reseller","Austin","USA","2022-12-10"
4764,"CUS004764","Grace Johnson","Small Business","Rotterdam","Netherlands","2024-03-29"
4765,"CUS004765","Zachary Lee","Small Business","Leeds","United Kingdom","2023-07-14"
4766,"CUS004766","Brooke Lewis","Consumer","Berlin","Germany","2022-05-01"
4767,"CUS004767","Brittany Allen","Consumer","Amsterdam","Netherlands","2024-10-20"
4768,"CUS004768","George Jones","Consumer","Austin","USA","2019-09-02"
4769,"CUS004769","Andrew Reese","Small Business","Leeds","United Kingdom","2020-11-14"
4770,"CUS004770","Beverly Herrera","Consumer","Berlin","Germany","2024-10-18"
4771,"CUS004771","Amanda Richardson","Corporate","Nottingham","United Kingdom","2025-04-21"
4772,"CUS004772","Ricky Young","Online Reseller","Manchester","United Kingdom","2023-01-28"
4773,"CUS004773","Jessica Burch","Consumer","Leeds","United Kingdom","2019-05-30"
4774,"CUS004774","Kelly Davis","Consumer","London","United Kingdom","2023-10-07"
4775,"CUS004775","Jessica Bradford","Consumer","Berlin","Germany","2023-06-12"
4776,"CUS004776","Terri Golden","Corporate","Cork","Ireland","2019-04-02"
4777,"CUS004777","Stephen Ward","Corporate","Chicago","USA","2020-05-07"
4778,"CUS004778","Lawrence Meyers","Consumer","Berlin","Germany","2021-01-21"
4779,"CUS004779","Jasmine Cohen","Consumer","Glasgow","United Kingdom","2025-06-11"
4780,"CUS004780","Todd Lewis","Corporate","Paris","France","2024-09-27"
4781,"CUS004781","Patricia King","Consumer","Cork","Ireland","2024-08-19"
4782,"CUS004782","Anthony Jordan","Corporate","Austin","USA","2019-07-11"
4783,"CUS004783","Jessica Rodriguez","Consumer","Glasgow","United Kingdom","2023-08-26"
4784,"CUS004784","Karina Hines","Small Business","Bristol","United Kingdom","2024-10-10"
4785,"CUS004785","Brenda Clark","Online Reseller","Lyon","France","2019-04-09"
4786,"CUS004786","Deborah Brady","Small Business","Chicago","USA","2022-08-14"
4787,"CUS004787","David Kemp","Corporate","Rotterdam","Netherlands","2020-07-23"
4788,"CUS004788","Joseph West","Consumer","Austin","USA","2021-12-10"
4789,"CUS004789","Edwin Woods","Small Business","Lyon","France","2019-11-15"
4790,"CUS004790","Krista English","Corporate","Munich","Germany","2023-12-19"
4791,"CUS004791","Angel Hall","Consumer","Leeds","United Kingdom","2019-09-08"
4792,"CUS004792","Nathaniel Brown","Small Business","Chicago","USA","2025-06-24"
4793,"CUS004793","Jocelyn Benson","Consumer","Madrid","Spain","2025-07-04"
4794,"CUS004794","Amber Richardson","Small Business","Hamburg","Germany","2019-11-25"
4795,"CUS004795","Michelle Pratt","Consumer","Paris","France","2025-04-20"
4796,"CUS004796","Christopher Smith","Consumer","Bristol","United Kingdom","2021-04-15"
4797,"CUS004797","Wendy Aguilar MD","Consumer","New York","USA","2024-02-18"
4798,"CUS004798","Michelle Hanson","Consumer","New York","USA","2022-06-15"
4799,"CUS004799","Pamela Armstrong","Consumer","Berlin","Germany","2022-04-10"
4800,"CUS004800","Richard Phillips","Corporate","London","United Kingdom","2025-08-19"
4801,"CUS004801","Lindsey Burke","Consumer","Hamburg","Germany","2019-12-23"
4802,"CUS004802","Megan Zavala","Online Reseller","Paris","France","2022-05-23"
4803,"CUS004803","Stephen Phillips","Consumer","Paris","France","2023-01-09"
4804,"CUS004804","Holly Cruz","Online Reseller","Austin","USA","2024-01-16"
4805,"CUS004805","Danielle Rivera","Corporate","Leeds","United Kingdom","2019-09-18"
4806,"CUS004806","Alex Mason","Consumer","Hamburg","Germany","2019-01-09"
4807,"CUS004807","Malik Proctor","Consumer","Birmingham","United Kingdom","2022-01-17"
4808,"CUS004808","Christopher Lee","Corporate","Birmingham","United Kingdom","2022-02-12"
4809,"CUS004809","Richard Weiss","Small Business","Paris","France","2020-08-23"
4810,"CUS004810","Charles Costa","Corporate","Austin","USA","2019-11-05"
4811,"CUS004811","Justin Pineda","Consumer","Dublin","Ireland","2024-08-18"
4812,"CUS004812","Michael Branch","Consumer","Amsterdam","Netherlands","2023-03-24"
4813,"CUS004813","James Wilson","Corporate","Barcelona","Spain","2020-04-11"
4814,"CUS004814","Valerie Johnson","Consumer","Bristol","United Kingdom","2019-08-01"
4815,"CUS004815","Paul Collins","Small Business","Bristol","United Kingdom","2025-07-07"
4816,"CUS004816","Misty Meyer","Small Business","Madrid","Spain","2024-09-24"
4817,"CUS004817","Michael Morrison","Consumer","Nottingham","United Kingdom","2024-01-13"
4818,"CUS004818","David Dodson","Consumer","New York","USA","2025-09-19"
4819,"CUS004819","Steven Sherman","Corporate","Barcelona","Spain","2019-06-24"
4820,"CUS004820","Veronica Clayton","Consumer","Nottingham","United Kingdom","2024-10-02"
4821,"CUS004821","Toni Clay","Consumer","Berlin","Germany","2019-09-26"
4822,"CUS004822","Charles Neal","Consumer","Cork","Ireland","2020-11-09"
4823,"CUS004823","Gloria Dunn","Corporate","Munich","Germany","2022-04-27"
4824,"CUS004824","Bridget Garza","Small Business","Rotterdam","Netherlands","2019-05-04"
4825,"CUS004825","Michael Hamilton","Consumer","Paris","France","2024-10-15"
4826,"CUS004826","Richard Reyes","Online Reseller","Cork","Ireland","2021-01-23"
4827,"CUS004827","Jason Jones","Corporate","Lyon","France","2019-12-30"
4828,"CUS004828","Alexis Olson","Consumer","Birmingham","United Kingdom","2025-08-23"
4829,"CUS004829","Michael Jennings","Small Business","Lyon","France","2020-12-03"
4830,"CUS004830","Connor Rice","Consumer","Chicago","USA","2019-03-05"
4831,"CUS004831","Veronica Christensen","Consumer","Hamburg","Germany","2019-03-10"
4832,"CUS004832","Corey Adams","Consumer","Nottingham","United Kingdom","2020-12-18"
4833,"CUS004833","Cynthia Hogan","Consumer","Barcelona","Spain","2021-12-19"
4834,"CUS004834","Jordan Garrett","Consumer","London","United Kingdom","2025-09-02"
4835,"CUS004835","Allen Chung","Consumer","Bristol","United Kingdom","2021-11-02"
4836,"CUS004836","Danny Smith","Corporate","Birmingham","United Kingdom","2024-06-07"
4837,"CUS004837","Jessica Myers","Consumer","Amsterdam","Netherlands","2022-04-24"
4838,"CUS004838","Amy Brown","Consumer","Austin","USA","2020-10-26"
4839,"CUS004839","Pamela Gordon","Consumer","Lyon","France","2025-09-09"
4840,"CUS004840","Michael Olsen","Online Reseller","Nottingham","United Kingdom","2020-10-01"
4841,"CUS004841","Wayne Dickerson","Consumer","Barcelona","Spain","2019-02-06"
4842,"CUS004842","Austin Rose","Corporate","Manchester","United Kingdom","2023-07-18"
4843,"CUS004843","Diana Carter","Consumer","Austin","USA","2025-11-03"
4844,"CUS004844","Shannon Morris","Consumer","Glasgow","United Kingdom","2020-06-24"
4845,"CUS004845","Raymond Roy","Consumer","Barcelona","Spain","2022-07-27"
4846,"CUS004846","Shelby Avery","Small Business","Glasgow","United Kingdom","2022-06-16"
4847,"CUS004847","Lori Williams","Consumer","Manchester","United Kingdom","2023-10-07"
4848,"CUS004848","Mark Nelson","Consumer","Glasgow","United Kingdom","2024-12-22"
4849,"CUS004849","Jessica George","Small Business","Chicago","USA","2022-02-14"
4850,"CUS004850","Anthony Hahn","Small Business","Paris","France","2022-01-19"
4851,"CUS004851","Molly Hines","Consumer","Amsterdam","Netherlands","2025-05-23"
4852,"CUS004852","Carlos Taylor","Consumer","Cork","Ireland","2023-02-22"
4853,"CUS004853","Robert Reese","Consumer","Bristol","United Kingdom","2020-09-15"
4854,"CUS004854","Mario Wells MD","Consumer","Madrid","Spain","2019-06-07"
4855,"CUS004855","Christopher Lyons","Consumer","Glasgow","United Kingdom","2024-12-06"
4856,"CUS004856","Patricia Baker","Consumer","Birmingham","United Kingdom","2023-03-08"
4857,"CUS004857","Joseph Ferguson","Small Business","Hamburg","Germany","2020-12-14"
4858,"CUS004858","Cory Harris","Online Reseller","Nottingham","United Kingdom","2021-01-31"
4859,"CUS004859","Timothy Best","Consumer","Munich","Germany","2023-08-10"
4860,"CUS004860","Miguel Jackson","Consumer","Berlin","Germany","2023-09-04"
4861,"CUS004861","Tyler Rodriguez","Online Reseller","Leeds","United Kingdom","2025-05-20"
4862,"CUS004862","Angela Smith","Consumer","Berlin","Germany","2022-11-13"
4863,"CUS004863","Stephanie Martin","Small Business","Birmingham","United Kingdom","2025-09-26"
4864,"CUS004864","Larry Smith","Corporate","Paris","France","2025-10-06"
4865,"CUS004865","Paul Young","Consumer","Austin","USA","2021-06-01"
4866,"CUS004866","Mckenzie Anderson","Corporate","Birmingham","United Kingdom","2023-06-26"
4867,"CUS004867","Kenneth Cooper Jr.","Corporate","Munich","Germany","2024-01-22"
4868,"CUS004868","Benjamin Contreras","Small Business","Munich","Germany","2023-11-12"
4869,"CUS004869","Dennis Williams","Consumer","Nottingham","United Kingdom","2024-11-21"
4870,"CUS004870","Sharon Morris","Online Reseller","Birmingham","United Kingdom","2021-10-27"
4871,"CUS004871","James Dixon","Consumer","Amsterdam","Netherlands","2021-03-30"
4872,"CUS004872","Anna Hill","Consumer","Hamburg","Germany","2025-09-21"
4873,"CUS004873","Cynthia Harris MD","Consumer","London","United Kingdom","2019-05-01"
4874,"CUS004874","John Rodriguez","Consumer","Nottingham","United Kingdom","2019-07-23"
4875,"CUS004875","Joel Gibbs","Small Business","Lyon","France","2020-08-24"
4876,"CUS004876","Carolyn Lopez","Online Reseller","Amsterdam","Netherlands","2022-06-03"
4877,"CUS004877","Christopher Davis","Consumer","Austin","USA","2019-05-19"
4878,"CUS004878","Robert Herrera Jr.","Consumer","Amsterdam","Netherlands","2020-04-29"
4879,"CUS004879","Debbie Arias","Small Business","Birmingham","United Kingdom","2024-07-23"
4880,"CUS004880","Kenneth Peterson","Small Business","Bristol","United Kingdom","2024-04-09"
4881,"CUS004881","Rachel Mcdaniel","Corporate","Birmingham","United Kingdom","2023-11-16"
4882,"CUS004882","Peter Delacruz","Consumer","Lyon","France","2020-07-08"
4883,"CUS004883","Rodney Sanchez","Consumer","Nottingham","United Kingdom","2020-09-11"
4884,"CUS004884","Jose Stephens","Consumer","London","United Kingdom","2021-08-08"
4885,"CUS004885","Jennifer Morgan DDS","Online Reseller","Leeds","United Kingdom","2023-10-20"
4886,"CUS004886","Parker Vasquez","Corporate","Berlin","Germany","2021-12-05"
4887,"CUS004887","Kimberly Fields","Consumer","Hamburg","Germany","2025-05-17"
4888,"CUS004888","Timothy Wilson","Corporate","Madrid","Spain","2023-02-24"
4889,"CUS004889","Antonio Valencia","Small Business","London","United Kingdom","2019-12-15"
4890,"CUS004890","Steven Holmes PhD","Consumer","Cork","Ireland","2019-01-12"
4891,"CUS004891","Alexis Duran","Consumer","Leeds","United Kingdom","2024-11-25"
4892,"CUS004892","Charles Hopkins","Online Reseller","Manchester","United Kingdom","2020-09-18"
4893,"CUS004893","Danny Bailey","Small Business","Austin","USA","2022-04-04"
4894,"CUS004894","Angelica Long","Consumer","Amsterdam","Netherlands","2022-06-12"
4895,"CUS004895","Holly Waters","Corporate","Dublin","Ireland","2022-07-26"
4896,"CUS004896","Jillian Garcia","Corporate","Nottingham","United Kingdom","2024-05-28"
4897,"CUS004897","Keith Oconnor","Small Business","Lyon","France","2020-02-02"
4898,"CUS004898","Patricia Thompson","Consumer","Leeds","United Kingdom","2021-03-15"
4899,"CUS004899","Mrs. Laura Novak","Consumer","Paris","France","2022-12-03"
4900,"CUS004900","Tina Grant","Consumer","Leeds","United Kingdom","2025-06-15"
4901,"CUS004901","Melanie Young","Online Reseller","New York","USA","2020-08-23"
4902,"CUS004902","Kimberly Logan","Corporate","Paris","France","2024-10-13"
4903,"CUS004903","Tiffany Martinez","Consumer","Dublin","Ireland","2021-02-16"
4904,"CUS004904","Sarah Yates","Small Business","London","United Kingdom","2022-06-25"
4905,"CUS004905","Melissa Hall","Consumer","Leeds","United Kingdom","2025-10-30"
4906,"CUS004906","Jessica Ball","Consumer","Manchester","United Kingdom","2019-04-16"
4907,"CUS004907","Danielle Costa","Consumer","Birmingham","United Kingdom","2020-06-11"
4908,"CUS004908","Elizabeth Jacobs","Online Reseller","Chicago","USA","2019-01-22"
4909,"CUS004909","Lisa Spencer","Consumer","Lyon","France","2019-11-09"
4910,"CUS004910","Bradley Reed","Consumer","Austin","USA","2024-04-14"
4911,"CUS004911","Katie Rivers","Corporate","Hamburg","Germany","2023-01-03"
4912,"CUS004912","Amanda Pena","Consumer","Bristol","United Kingdom","2020-11-12"
4913,"CUS004913","Thomas Young","Consumer","Rotterdam","Netherlands","2022-12-11"
4914,"CUS004914","Jillian Woods","Consumer","Manchester","United Kingdom","2019-10-28"
4915,"CUS004915","Valerie Lopez","Consumer","Munich","Germany","2022-11-11"
4916,"CUS004916","Jodi James","Consumer","Bristol","United Kingdom","2020-01-26"
4917,"CUS004917","Lucas Ball","Consumer","Glasgow","United Kingdom","2022-01-16"
4918,"CUS004918","Julia Bishop","Consumer","Austin","USA","2023-02-07"
4919,"CUS004919","Joshua Vincent MD","Consumer","Bristol","United Kingdom","2023-06-20"
4920,"CUS004920","Jonathan Bruce","Small Business","Leeds","United Kingdom","2019-01-12"
4921,"CUS004921","Beverly Black","Corporate","Nottingham","United Kingdom","2019-02-21"
4922,"CUS004922","Zachary Johnson","Small Business","Chicago","USA","2020-04-25"
4923,"CUS004923","Emily Warren","Online Reseller","Berlin","Germany","2021-10-15"
4924,"CUS004924","Cody Garrett","Consumer","Hamburg","Germany","2020-12-30"
4925,"CUS004925","Anthony Adams","Consumer","Birmingham","United Kingdom","2021-05-06"
4926,"CUS004926","Steven Ward","Small Business","Munich","Germany","2019-06-13"
4927,"CUS004927","Jane Harvey DDS","Small Business","Manchester","United Kingdom","2025-02-06"
4928,"CUS004928","Amanda Martinez","Online Reseller","Hamburg","Germany","2019-03-28"
4929,"CUS004929","Joshua Osborne","Consumer","Paris","France","2022-08-10"
4930,"CUS004930","James King","Consumer","Bristol","United Kingdom","2023-04-15"
4931,"CUS004931","Jennifer Watkins","Corporate","Leeds","United Kingdom","2021-04-26"
4932,"CUS004932","Harry Ochoa","Consumer","Amsterdam","Netherlands","2023-09-07"
4933,"CUS004933","Mark Walters","Online Reseller","Nottingham","United Kingdom","2025-10-13"
4934,"CUS004934","Joseph Johnston","Consumer","Barcelona","Spain","2019-03-26"
4935,"CUS004935","James Delacruz","Small Business","Dublin","Ireland","2023-11-05"
4936,"CUS004936","Cheyenne Horne","Online Reseller","Cork","Ireland","2019-06-24"
4937,"CUS004937","Taylor Peterson","Online Reseller","Berlin","Germany","2020-04-26"
4938,"CUS004938","Bobby Becker","Consumer","Hamburg","Germany","2022-03-01"
4939,"CUS004939","Joseph Morgan","Consumer","Amsterdam","Netherlands","2020-08-17"
4940,"CUS004940","Karen Sloan MD","Consumer","Chicago","USA","2022-10-05"
4941,"CUS004941","Kenneth Powell","Consumer","Hamburg","Germany","2019-07-12"
4942,"CUS004942","Sheena Walker","Consumer","Glasgow","United Kingdom","2021-02-02"
4943,"CUS004943","Rachael Wood","Corporate","Paris","France","2023-07-10"
4944,"CUS004944","William Wagner","Small Business","Leeds","United Kingdom","2020-10-12"
4945,"CUS004945","Jeanne Diaz","Consumer","Manchester","United Kingdom","2024-04-10"
4946,"CUS004946","Katherine Baker","Consumer","Lyon","France","2022-01-21"
4947,"CUS004947","Samuel Nguyen","Consumer","Manchester","United Kingdom","2019-08-21"
4948,"CUS004948","Nicole Mejia","Small Business","Amsterdam","Netherlands","2021-03-16"
4949,"CUS004949","Dennis Smith","Consumer","Glasgow","United Kingdom","2023-05-19"
4950,"CUS004950","Marcus Rich","Corporate","Austin","USA","2021-09-25"
4951,"CUS004951","Samantha Jones","Small Business","Munich","Germany","2024-06-13"
4952,"CUS004952","Suzanne George","Consumer","Chicago","USA","2023-07-27"
4953,"CUS004953","Curtis Whitaker","Corporate","Manchester","United Kingdom","2025-06-18"
4954,"CUS004954","David Leon","Consumer","Nottingham","United Kingdom","2019-02-25"
4955,"CUS004955","Jackson Foster","Consumer","Leeds","United Kingdom","2024-12-29"
4956,"CUS004956","Edward Rodriguez","Consumer","London","United Kingdom","2025-03-25"
4957,"CUS004957","Christina Robinson","Consumer","Madrid","Spain","2023-05-10"
4958,"CUS004958","Manuel Lewis","Consumer","Dublin","Ireland","2019-08-01"
4959,"CUS004959","Nicholas Sampson","Consumer","Nottingham","United Kingdom","2021-09-04"
4960,"CUS004960","Robert West","Consumer","Nottingham","United Kingdom","2020-06-13"
4961,"CUS004961","Alan Oliver","Consumer","Austin","USA","2023-10-23"
4962,"CUS004962","Brittany Lin","Corporate","Nottingham","United Kingdom","2025-08-04"
4963,"CUS004963","Diane Carrillo","Consumer","Glasgow","United Kingdom","2019-06-29"
4964,"CUS004964","Ricardo Thompson","Consumer","Berlin","Germany","2021-08-29"
4965,"CUS004965","Joseph Bright","Consumer","Paris","France","2019-04-06"
4966,"CUS004966","Kelly Hoffman","Consumer","Munich","Germany","2021-03-30"
4967,"CUS004967","Sandy Todd","Small Business","Chicago","USA","2025-05-17"
4968,"CUS004968","Isaac Young","Consumer","Cork","Ireland","2020-04-04"
4969,"CUS004969","Kristin Wang","Online Reseller","Berlin","Germany","2019-06-20"
4970,"CUS004970","Steve Mcconnell","Consumer","Bristol","United Kingdom","2019-06-26"
4971,"CUS004971","Susan Parsons","Consumer","Leeds","United Kingdom","2024-07-12"
4972,"CUS004972","Tyler Shields","Consumer","Barcelona","Spain","2022-01-24"
4973,"CUS004973","Jennifer Webster","Consumer","Madrid","Spain","2022-03-16"
4974,"CUS004974","Diana Huffman","Consumer","Austin","USA","2022-03-14"
4975,"CUS004975","Michael Dixon","Consumer","Madrid","Spain","2020-05-24"
4976,"CUS004976","Dr. Diana Chen","Corporate","Hamburg","Germany","2025-02-22"
4977,"CUS004977","Jennifer Cox","Corporate","Munich","Germany","2024-12-08"
4978,"CUS004978","Rachel Skinner","Small Business","Glasgow","United Kingdom","2022-09-14"
4979,"CUS004979","Jonathan Torres","Consumer","Leeds","United Kingdom","2020-11-18"
4980,"CUS004980","Barbara Miller","Consumer","Hamburg","Germany","2020-05-20"
4981,"CUS004981","Victoria Johnson","Consumer","Cork","Ireland","2023-07-27"
4982,"CUS004982","Abigail Williams","Online Reseller","London","United Kingdom","2023-07-31"
4983,"CUS004983","Eric Fowler","Small Business","Leeds","United Kingdom","2022-06-22"
4984,"CUS004984","Sherry Jones","Consumer","Berlin","Germany","2022-04-28"
4985,"CUS004985","Marvin Petersen","Consumer","Bristol","United Kingdom","2023-09-23"
4986,"CUS004986","Ashley Nguyen MD","Consumer","Barcelona","Spain","2021-03-16"
4987,"CUS004987","Fred Castillo","Consumer","Nottingham","United Kingdom","2023-02-04"
4988,"CUS004988","Madeline Simmons","Online Reseller","Manchester","United Kingdom","2019-01-18"
4989,"CUS004989","Melanie Campbell","Corporate","London","United Kingdom","2020-01-05"
4990,"CUS004990","Joseph Jensen","Consumer","Glasgow","United Kingdom","2023-09-30"
4991,"CUS004991","Manuel Moran","Consumer","Birmingham","United Kingdom","2019-09-11"
4992,"CUS004992","Victor Vaughn","Consumer","London","United Kingdom","2019-11-04"
4993,"CUS004993","Jenny Nolan","Consumer","Birmingham","United Kingdom","2023-12-17"
4994,"CUS004994","Michelle Carter","Corporate","Berlin","Germany","2021-12-18"
4995,"CUS004995","Paul Anderson","Consumer","Chicago","USA","2022-08-03"
4996,"CUS004996","Victoria Padilla","Corporate","Lyon","France","2022-07-31"
4997,"CUS004997","Donna Herring","Corporate","New York","USA","2019-11-24"
4998,"CUS004998","Daniel Cervantes","Corporate","Austin","USA","2024-12-17"
4999,"CUS004999","Rhonda Rodriguez","Online Reseller","Bristol","United Kingdom","2023-07-16"
5000,"CUS005000","Russell Martinez","Consumer","Munich","Germany","2020-05-19"
5001,"CUS005001","Sherry Brewer","Small Business","Berlin","Germany","2025-10-23"
5002,"CUS005002","Lori Brown","Consumer","Cork","Ireland","2019-01-29"
5003,"CUS005003","Stacey Stone","Consumer","Leeds","United Kingdom","2021-01-30"
5004,"CUS005004","John Harris","Small Business","Barcelona","Spain","2019-12-30"
5005,"CUS005005","Haley Patel","Small Business","Berlin","Germany","2020-02-15"
5006,"CUS005006","Jennifer Mccarthy","Consumer","Berlin","Germany","2023-01-14"
5007,"CUS005007","Cassandra White","Consumer","London","United Kingdom","2020-08-11"
5008,"CUS005008","John Green","Consumer","Lyon","France","2020-06-29"
5009,"CUS005009","Kristina Baker","Consumer","Glasgow","United Kingdom","2021-11-27"
5010,"CUS005010","Christopher Duncan","Corporate","Glasgow","United Kingdom","2020-06-30"
5011,"CUS005011","Charles Davis","Consumer","Glasgow","United Kingdom","2023-06-06"
5012,"CUS005012","Sarah Harmon","Consumer","Barcelona","Spain","2025-08-28"
5013,"CUS005013","Matthew Allen","Consumer","Lyon","France","2024-04-23"
5014,"CUS005014","Anthony Melton","Consumer","Madrid","Spain","2024-12-31"
5015,"CUS005015","Toni Brewer","Consumer","Amsterdam","Netherlands","2021-09-03"
5016,"CUS005016","Jim Lewis","Corporate","Paris","France","2021-10-26"
5017,"CUS005017","Mitchell Robinson","Consumer","Paris","France","2025-12-01"
5018,"CUS005018","Lauren Lopez","Small Business","Glasgow","United Kingdom","2024-10-15"
5019,"CUS005019","Alyssa White","Consumer","London","United Kingdom","2022-05-01"
5020,"CUS005020","Tyler Browning","Corporate","Dublin","Ireland","2024-11-21"
5021,"CUS005021","Jason Jackson","Consumer","Birmingham","United Kingdom","2024-06-02"
5022,"CUS005022","Jeffery Murphy","Small Business","Manchester","United Kingdom","2022-09-06"
5023,"CUS005023","Angela Turner","Consumer","Rotterdam","Netherlands","2023-05-13"
5024,"CUS005024","Briana Mosley","Consumer","Leeds","United Kingdom","2025-05-17"
5025,"CUS005025","Jack Brandt","Consumer","Paris","France","2021-06-24"
5026,"CUS005026","Savannah Fernandez","Corporate","Nottingham","United Kingdom","2023-05-31"
5027,"CUS005027","Todd Adams","Consumer","New York","USA","2020-09-25"
5028,"CUS005028","Nathaniel Ford","Consumer","Glasgow","United Kingdom","2020-09-08"
5029,"CUS005029","Katherine Martin","Consumer","Barcelona","Spain","2024-03-27"
5030,"CUS005030","David Smith","Consumer","Nottingham","United Kingdom","2024-09-04"
5031,"CUS005031","Sean Lane","Online Reseller","Paris","France","2023-07-04"
5032,"CUS005032","Kathleen Baldwin","Consumer","Barcelona","Spain","2023-12-20"
5033,"CUS005033","Steven Munoz","Consumer","Birmingham","United Kingdom","2021-09-02"
5034,"CUS005034","Lauren Smith","Consumer","Nottingham","United Kingdom","2022-07-06"
5035,"CUS005035","Jessica Martin","Small Business","Birmingham","United Kingdom","2020-07-08"
5036,"CUS005036","Melvin Carlson","Corporate","Paris","France","2019-06-03"
5037,"CUS005037","Susan Higgins","Corporate","Lyon","France","2020-06-25"
5038,"CUS005038","Michael Roth","Consumer","Rotterdam","Netherlands","2023-11-15"
5039,"CUS005039","Trevor Bautista","Consumer","Cork","Ireland","2023-10-20"
5040,"CUS005040","Bianca Johnson","Consumer","Dublin","Ireland","2019-01-10"
5041,"CUS005041","Valerie Taylor","Small Business","Rotterdam","Netherlands","2019-02-26"
5042,"CUS005042","Nicholas Barber","Corporate","Amsterdam","Netherlands","2021-02-20"
5043,"CUS005043","Colin Johnson","Online Reseller","Austin","USA","2023-07-11"
5044,"CUS005044","Philip Burns","Online Reseller","Rotterdam","Netherlands","2019-10-18"
5045,"CUS005045","Melissa Owens","Consumer","Leeds","United Kingdom","2025-09-03"
5046,"CUS005046","Sharon Gonzales","Consumer","Dublin","Ireland","2021-06-10"
5047,"CUS005047","Melissa Bowen","Corporate","Barcelona","Spain","2025-01-27"
5048,"CUS005048","Mary Howard","Consumer","Paris","France","2024-09-03"
5049,"CUS005049","Joseph Glass","Corporate","Birmingham","United Kingdom","2022-07-14"
5050,"CUS005050","Tammy Tyler","Small Business","New York","USA","2025-09-12"
5051,"CUS005051","Amanda Smith","Consumer","Paris","France","2023-09-04"
5052,"CUS005052","Cynthia Hughes","Consumer","Chicago","USA","2020-06-06"
5053,"CUS005053","Kenneth Bauer","Online Reseller","London","United Kingdom","2021-11-19"
5054,"CUS005054","Joe Reed","Consumer","Amsterdam","Netherlands","2020-10-04"
5055,"CUS005055","Tiffany Wiggins","Corporate","Austin","USA","2024-12-25"
5056,"CUS005056","Tanya Davis","Corporate","New York","USA","2020-03-03"
5057,"CUS005057","Maria Jackson","Corporate","Manchester","United Kingdom","2022-10-22"
5058,"CUS005058","Teresa Curry","Consumer","Nottingham","United Kingdom","2019-10-27"
5059,"CUS005059","Anna Gonzalez","Consumer","Leeds","United Kingdom","2020-10-31"
5060,"CUS005060","Sean Dixon","Small Business","London","United Kingdom","2024-12-15"
5061,"CUS005061","Rodney Buck","Online Reseller","Lyon","France","2022-05-14"
5062,"CUS005062","Wendy Miller","Consumer","Bristol","United Kingdom","2023-06-17"
5063,"CUS005063","Kathryn Franklin","Consumer","Austin","USA","2024-07-06"
5064,"CUS005064","James Schultz","Small Business","Birmingham","United Kingdom","2024-11-25"
5065,"CUS005065","Ashley Moore","Consumer","London","United Kingdom","2024-11-23"
5066,"CUS005066","Tammy Choi","Consumer","Lyon","France","2025-02-17"
5067,"CUS005067","Paul Taylor","Consumer","Barcelona","Spain","2024-11-08"
5068,"CUS005068","Raymond Nunez","Consumer","Bristol","United Kingdom","2021-03-29"
5069,"CUS005069","James Garcia","Corporate","Lyon","France","2023-02-24"
5070,"CUS005070","Amanda Williamson","Corporate","Leeds","United Kingdom","2025-06-13"
5071,"CUS005071","Chad Cooper","Consumer","Munich","Germany","2022-08-22"
5072,"CUS005072","Kendra Kim","Corporate","Cork","Ireland","2025-05-12"
5073,"CUS005073","Timothy Francis","Consumer","Chicago","USA","2025-01-27"
5074,"CUS005074","Edward Lee","Small Business","Nottingham","United Kingdom","2023-12-27"
5075,"CUS005075","Daniel Smith","Small Business","Leeds","United Kingdom","2019-07-27"
5076,"CUS005076","Matthew Ortega","Corporate","Amsterdam","Netherlands","2020-07-30"
5077,"CUS005077","Joseph Hernandez","Consumer","Leeds","United Kingdom","2019-01-31"
5078,"CUS005078","Casey Davis","Consumer","Manchester","United Kingdom","2022-07-29"
5079,"CUS005079","Justin Foster","Consumer","Austin","USA","2022-02-11"
5080,"CUS005080","Tammy Heath","Small Business","Bristol","United Kingdom","2023-06-21"
5081,"CUS005081","Erin Taylor","Small Business","Glasgow","United Kingdom","2024-07-14"
5082,"CUS005082","Jaime Smith","Consumer","London","United Kingdom","2023-11-01"
5083,"CUS005083","Cheryl Bradford","Consumer","Nottingham","United Kingdom","2024-11-15"
5084,"CUS005084","Hannah James PhD","Small Business","Birmingham","United Kingdom","2023-08-27"
5085,"CUS005085","Nancy Smith","Consumer","New York","USA","2019-08-24"
5086,"CUS005086","Michelle Carroll","Consumer","Leeds","United Kingdom","2021-11-11"
5087,"CUS005087","Richard Silva","Consumer","London","United Kingdom","2021-11-17"
5088,"CUS005088","Paula Perez","Consumer","Rotterdam","Netherlands","2024-09-29"
5089,"CUS005089","Charles Lee","Online Reseller","Munich","Germany","2019-01-21"
5090,"CUS005090","Krista Fernandez","Small Business","Glasgow","United Kingdom","2021-04-05"
5091,"CUS005091","Phillip Anderson","Consumer","Cork","Ireland","2021-08-13"
5092,"CUS005092","Deanna Jones","Small Business","Rotterdam","Netherlands","2019-09-18"
5093,"CUS005093","Brooke Thomas","Consumer","Dublin","Ireland","2019-07-06"
5094,"CUS005094","Mr. Bryce Mendez","Small Business","Rotterdam","Netherlands","2022-01-01"
5095,"CUS005095","Justin Ramirez","Consumer","London","United Kingdom","2023-08-12"
5096,"CUS005096","Manuel Ramos","Small Business","Nottingham","United Kingdom","2022-09-25"
5097,"CUS005097","Angela Simmons","Corporate","Austin","USA","2024-12-30"
5098,"CUS005098","Jennifer Anderson","Small Business","Birmingham","United Kingdom","2022-02-12"
5099,"CUS005099","Kiara Landry","Consumer","New York","USA","2025-06-27"
5100,"CUS005100","Francisco Benton","Consumer","Glasgow","United Kingdom","2019-09-29"
5101,"CUS005101","Shawn Welch","Corporate","Chicago","USA","2025-06-16"
5102,"CUS005102","Michael Delacruz","Small Business","Amsterdam","Netherlands","2022-10-10"
5103,"CUS005103","Anthony Smith","Consumer","Barcelona","Spain","2023-01-25"
5104,"CUS005104","Taylor Frye","Consumer","Manchester","United Kingdom","2022-05-08"
5105,"CUS005105","Patricia Hayes","Consumer","Nottingham","United Kingdom","2022-12-20"
5106,"CUS005106","Richard Dean","Small Business","Chicago","USA","2024-07-08"
5107,"CUS005107","Kevin Osborne","Online Reseller","Birmingham","United Kingdom","2019-02-28"
5108,"CUS005108","Dustin Bridges","Corporate","Munich","Germany","2021-07-01"
5109,"CUS005109","Danielle Skinner","Consumer","Hamburg","Germany","2022-10-11"
5110,"CUS005110","Robert Murray","Small Business","Hamburg","Germany","2019-07-04"
5111,"CUS005111","Andrew Brown","Consumer","Leeds","United Kingdom","2021-10-24"
5112,"CUS005112","Richard Martinez","Small Business","Bristol","United Kingdom","2019-07-01"
5113,"CUS005113","Robert Doyle","Consumer","New York","USA","2024-12-12"
5114,"CUS005114","David Cole","Consumer","Berlin","Germany","2022-02-22"
5115,"CUS005115","Tony Burns","Consumer","Berlin","Germany","2022-07-02"
5116,"CUS005116","Andrew Smith","Consumer","London","United Kingdom","2023-12-08"
5117,"CUS005117","Nicholas Diaz","Consumer","Lyon","France","2023-11-25"
5118,"CUS005118","Kevin Oneill","Online Reseller","Cork","Ireland","2020-04-10"
5119,"CUS005119","Grant Brown","Consumer","Paris","France","2023-10-09"
5120,"CUS005120","Jordan Ortiz","Consumer","Austin","USA","2020-10-13"
5121,"CUS005121","Anthony Marquez","Consumer","Birmingham","United Kingdom","2020-06-12"
5122,"CUS005122","Wayne Hess","Small Business","Rotterdam","Netherlands","2024-10-30"
5123,"CUS005123","Wayne Finley","Consumer","Rotterdam","Netherlands","2023-09-18"
5124,"CUS005124","Curtis Morales Jr.","Small Business","Bristol","United Kingdom","2020-11-20"
5125,"CUS005125","Alan Graham","Consumer","Barcelona","Spain","2023-01-16"
5126,"CUS005126","Scott Rhodes","Corporate","Chicago","USA","2022-02-20"
5127,"CUS005127","Michael Carlson","Small Business","Leeds","United Kingdom","2022-04-13"
5128,"CUS005128","Daniel Hoffman MD","Consumer","Madrid","Spain","2023-12-22"
5129,"CUS005129","Dr. Paula Lawson MD","Consumer","Nottingham","United Kingdom","2021-01-14"
5130,"CUS005130","Teresa Weeks","Corporate","Amsterdam","Netherlands","2019-12-21"
5131,"CUS005131","Stacy Kim","Consumer","Glasgow","United Kingdom","2020-01-05"
5132,"CUS005132","Harry Brown","Consumer","Dublin","Ireland","2020-08-23"
5133,"CUS005133","Charles Nash","Small Business","Rotterdam","Netherlands","2025-04-25"
5134,"CUS005134","Anthony Adams","Consumer","Birmingham","United Kingdom","2019-04-06"
5135,"CUS005135","Brett Hanna","Consumer","Madrid","Spain","2024-02-28"
5136,"CUS005136","Allison Jones","Corporate","New York","USA","2020-05-02"
5137,"CUS005137","Jeremy Tucker","Online Reseller","Dublin","Ireland","2020-12-02"
5138,"CUS005138","Thomas Johnson","Small Business","Bristol","United Kingdom","2019-08-20"
5139,"CUS005139","Deborah Young","Small Business","Glasgow","United Kingdom","2023-10-21"
5140,"CUS005140","Kristen Hoover","Small Business","Manchester","United Kingdom","2025-01-29"
5141,"CUS005141","Melissa Zimmerman","Consumer","Munich","Germany","2025-03-11"
5142,"CUS005142","Laura Edwards","Online Reseller","Leeds","United Kingdom","2025-07-07"
5143,"CUS005143","Michelle Stewart","Consumer","Manchester","United Kingdom","2023-12-29"
5144,"CUS005144","David Lynch","Consumer","Manchester","United Kingdom","2025-08-27"
5145,"CUS005145","Kevin Lucas","Small Business","Dublin","Ireland","2021-05-10"
5146,"CUS005146","Kathleen Gaines","Consumer","Dublin","Ireland","2019-09-23"
5147,"CUS005147","Kendra Vasquez","Consumer","Birmingham","United Kingdom","2025-07-07"
5148,"CUS005148","Austin Ford","Online Reseller","Birmingham","United Kingdom","2023-05-19"
5149,"CUS005149","Bryan Perry","Consumer","Glasgow","United Kingdom","2024-09-01"
5150,"CUS005150","Nicole Garcia","Consumer","Birmingham","United Kingdom","2021-04-21"
5151,"CUS005151","Tina Hernandez","Online Reseller","Dublin","Ireland","2024-05-15"
5152,"CUS005152","Dr. John Duncan","Consumer","London","United Kingdom","2023-06-23"
5153,"CUS005153","Ronald Gill","Consumer","Paris","France","2025-10-04"
5154,"CUS005154","Daniel Barker","Consumer","Glasgow","United Kingdom","2019-12-28"
5155,"CUS005155","Leslie Roberts","Consumer","Hamburg","Germany","2025-05-11"
5156,"CUS005156","Ashley Bishop","Small Business","Lyon","France","2020-02-07"
5157,"CUS005157","Andrea Carson","Small Business","Dublin","Ireland","2019-04-19"
5158,"CUS005158","Stephen Charles","Consumer","Lyon","France","2023-07-04"
5159,"CUS005159","Brenda Lewis","Small Business","Glasgow","United Kingdom","2025-09-07"
5160,"CUS005160","Joe Strong","Consumer","Nottingham","United Kingdom","2025-07-28"
5161,"CUS005161","Ashley Jenkins","Small Business","Leeds","United Kingdom","2025-08-11"
5162,"CUS005162","Mary Hopkins","Corporate","Munich","Germany","2021-08-04"
5163,"CUS005163","Mary Green","Consumer","Bristol","United Kingdom","2023-11-24"
5164,"CUS005164","Stephanie Gardner","Small Business","Lyon","France","2021-09-20"
5165,"CUS005165","Angela Wood","Consumer","New York","USA","2022-09-05"
5166,"CUS005166","Lisa Palmer","Small Business","Cork","Ireland","2021-07-11"
5167,"CUS005167","Wendy Richards","Consumer","Madrid","Spain","2024-01-02"
5168,"CUS005168","Stephanie Miller","Consumer","Leeds","United Kingdom","2020-02-20"
5169,"CUS005169","Alex Huff","Small Business","Austin","USA","2021-06-12"
5170,"CUS005170","Laurie Roberts","Consumer","Manchester","United Kingdom","2019-06-24"
5171,"CUS005171","Amanda Hoover","Consumer","Lyon","France","2019-05-15"
5172,"CUS005172","Joshua Ross","Consumer","Bristol","United Kingdom","2024-05-13"
5173,"CUS005173","Joseph Martin","Small Business","Hamburg","Germany","2021-06-30"
5174,"CUS005174","Travis Stephenson","Consumer","Cork","Ireland","2022-06-28"
5175,"CUS005175","Nancy Hall","Consumer","Birmingham","United Kingdom","2020-03-04"
5176,"CUS005176","Dr. Jacqueline Randolph","Consumer","Barcelona","Spain","2024-06-02"
5177,"CUS005177","Amy Johnson","Small Business","Madrid","Spain","2021-07-18"
5178,"CUS005178","Jennifer Flores","Small Business","Barcelona","Spain","2021-03-23"
5179,"CUS005179","Sandra White","Consumer","Leeds","United Kingdom","2023-05-31"
5180,"CUS005180","Justin Evans","Corporate","Austin","USA","2019-06-03"
5181,"CUS005181","Phillip Contreras","Small Business","Munich","Germany","2024-01-19"
5182,"CUS005182","Kayla Porter","Consumer","Hamburg","Germany","2020-08-05"
5183,"CUS005183","Debra Martin","Small Business","Manchester","United Kingdom","2021-12-29"
5184,"CUS005184","Kristin Wagner","Consumer","Birmingham","United Kingdom","2023-08-15"
5185,"CUS005185","Paul Lane","Consumer","Barcelona","Spain","2021-08-07"
5186,"CUS005186","Dr. Karen Reid MD","Corporate","Chicago","USA","2023-10-17"
5187,"CUS005187","Crystal Wilson","Consumer","Madrid","Spain","2021-06-11"
5188,"CUS005188","Ann Carpenter","Consumer","Barcelona","Spain","2024-08-04"
5189,"CUS005189","Jeffery Snyder","Small Business","Dublin","Ireland","2022-12-25"
5190,"CUS005190","Danielle Freeman","Consumer","Munich","Germany","2020-10-18"
5191,"CUS005191","Rhonda Tran","Corporate","Hamburg","Germany","2023-12-04"
5192,"CUS005192","Nathan Gomez","Consumer","Birmingham","United Kingdom","2025-04-10"
5193,"CUS005193","Julia Yates","Corporate","New York","USA","2020-07-13"
5194,"CUS005194","Meagan Sanders","Consumer","Berlin","Germany","2023-02-17"
5195,"CUS005195","Andrew Jacobs","Corporate","Barcelona","Spain","2021-07-17"
5196,"CUS005196","Mark Conley","Consumer","Manchester","United Kingdom","2023-03-08"
5197,"CUS005197","Joshua Le","Corporate","Manchester","United Kingdom","2021-11-07"
5198,"CUS005198","Jessica Baker","Consumer","Hamburg","Germany","2023-05-13"
5199,"CUS005199","Brittany Wallace","Small Business","Leeds","United Kingdom","2022-05-13"
5200,"CUS005200","George Cruz","Small Business","Leeds","United Kingdom","2021-11-08"
5201,"CUS005201","Timothy Carpenter","Consumer","Bristol","United Kingdom","2025-06-02"
5202,"CUS005202","Mark Hill","Corporate","Manchester","United Kingdom","2024-06-17"
5203,"CUS005203","April Ponce","Consumer","Birmingham","United Kingdom","2019-09-18"
5204,"CUS005204","Peggy Adams","Consumer","Manchester","United Kingdom","2020-10-23"
5205,"CUS005205","Michael Perez","Consumer","Amsterdam","Netherlands","2020-01-21"
5206,"CUS005206","Jeffrey Mercer","Consumer","Birmingham","United Kingdom","2022-03-20"
5207,"CUS005207","Christian Archer","Consumer","Amsterdam","Netherlands","2022-05-13"
5208,"CUS005208","Lindsay Jones","Consumer","Rotterdam","Netherlands","2019-08-28"
5209,"CUS005209","Roy Davis","Small Business","Lyon","France","2021-04-13"
5210,"CUS005210","Zachary Rodriguez","Consumer","Lyon","France","2020-06-10"
5211,"CUS005211","Wendy Wright","Small Business","Hamburg","Germany","2025-01-04"
5212,"CUS005212","Victoria Bowman","Corporate","Bristol","United Kingdom","2021-09-15"
5213,"CUS005213","Robert Harris","Small Business","Madrid","Spain","2023-10-06"
5214,"CUS005214","David Alvarez","Online Reseller","Barcelona","Spain","2019-05-02"
5215,"CUS005215","Aaron Lopez","Corporate","Hamburg","Germany","2021-02-05"
5216,"CUS005216","Thomas Morris","Consumer","London","United Kingdom","2024-01-28"
5217,"CUS005217","Jennifer Chan","Online Reseller","Cork","Ireland","2023-08-23"
5218,"CUS005218","Susan Ward","Consumer","Nottingham","United Kingdom","2022-07-07"
5219,"CUS005219","Nicole Simpson","Consumer","New York","USA","2019-05-12"
5220,"CUS005220","Luis Patterson","Small Business","Glasgow","United Kingdom","2020-07-01"
5221,"CUS005221","Shelley Terry","Consumer","Paris","France","2025-08-07"
5222,"CUS005222","Richard Butler","Small Business","Berlin","Germany","2021-05-05"
5223,"CUS005223","Julie Yang","Corporate","Chicago","USA","2023-09-21"
5224,"CUS005224","Tara Jones","Consumer","Dublin","Ireland","2024-01-27"
5225,"CUS005225","Melody Wheeler","Consumer","Munich","Germany","2022-05-31"
5226,"CUS005226","Kimberly Williams","Consumer","Leeds","United Kingdom","2022-04-18"
5227,"CUS005227","Susan Smith","Consumer","London","United Kingdom","2022-12-06"
5228,"CUS005228","Roy Thomas","Small Business","Manchester","United Kingdom","2023-01-16"
5229,"CUS005229","Jeremy Gutierrez","Consumer","Manchester","United Kingdom","2023-03-24"
5230,"CUS005230","Ashley Perez","Consumer","New York","USA","2021-10-05"
5231,"CUS005231","Cody Foster","Consumer","Dublin","Ireland","2019-09-30"
5232,"CUS005232","Derek Henderson","Corporate","Munich","Germany","2023-04-12"
5233,"CUS005233","Lisa Herman","Consumer","Rotterdam","Netherlands","2020-10-08"
5234,"CUS005234","Lauren Horton","Corporate","Lyon","France","2023-03-19"
5235,"CUS005235","Emily Hunter","Small Business","Rotterdam","Netherlands","2022-05-08"
5236,"CUS005236","Melissa Delacruz","Consumer","Berlin","Germany","2025-02-20"
5237,"CUS005237","Kevin Werner","Corporate","London","United Kingdom","2022-10-02"
5238,"CUS005238","Amber Martinez","Corporate","Bristol","United Kingdom","2021-05-03"
5239,"CUS005239","Kyle White","Small Business","Rotterdam","Netherlands","2021-11-13"
5240,"CUS005240","Priscilla Vang","Consumer","Rotterdam","Netherlands","2021-01-09"
5241,"CUS005241","Timothy Small","Consumer","Hamburg","Germany","2019-01-04"
5242,"CUS005242","Brian Wells","Consumer","Glasgow","United Kingdom","2021-08-14"
5243,"CUS005243","Nicholas Perez","Consumer","Manchester","United Kingdom","2019-12-09"
5244,"CUS005244","Nicole Peters","Consumer","Leeds","United Kingdom","2021-03-21"
5245,"CUS005245","Jason Wright","Consumer","Nottingham","United Kingdom","2025-08-06"
5246,"CUS005246","Maria Garcia","Corporate","Cork","Ireland","2022-07-21"
5247,"CUS005247","Erin Greene","Small Business","London","United Kingdom","2019-02-03"
5248,"CUS005248","Adam Johnson","Consumer","Birmingham","United Kingdom","2021-09-25"
5249,"CUS005249","Laura Roman","Consumer","Bristol","United Kingdom","2020-01-24"
5250,"CUS005250","Wesley Wright","Corporate","Dublin","Ireland","2023-03-12"
5251,"CUS005251","Thomas Lutz","Consumer","Dublin","Ireland","2025-01-04"
5252,"CUS005252","Denise Leach","Consumer","Dublin","Ireland","2021-04-24"
5253,"CUS005253","Lisa Reynolds","Consumer","Munich","Germany","2019-09-23"
5254,"CUS005254","Gabriel Graham","Consumer","Leeds","United Kingdom","2023-08-17"
5255,"CUS005255","Robert Velazquez","Online Reseller","Nottingham","United Kingdom","2019-03-02"
5256,"CUS005256","Sean Burns","Consumer","Dublin","Ireland","2020-02-03"
5257,"CUS005257","Joshua Johnson","Consumer","Bristol","United Kingdom","2024-11-18"
5258,"CUS005258","Troy Tate","Consumer","Manchester","United Kingdom","2024-02-04"
5259,"CUS005259","Cheryl Hunter","Corporate","Rotterdam","Netherlands","2019-01-10"
5260,"CUS005260","Jessica Sanchez","Small Business","Leeds","United Kingdom","2021-03-21"
5261,"CUS005261","Deanna Sullivan","Corporate","Glasgow","United Kingdom","2023-03-05"
5262,"CUS005262","Carlos Schultz","Corporate","Madrid","Spain","2021-03-14"
5263,"CUS005263","Gabrielle Roberts","Consumer","Nottingham","United Kingdom","2021-03-10"
5264,"CUS005264","Mark Munoz","Consumer","Birmingham","United Kingdom","2022-10-05"
5265,"CUS005265","Timothy Smith","Small Business","Barcelona","Spain","2019-03-19"
5266,"CUS005266","Jessica Foley","Consumer","Paris","France","2020-01-27"
5267,"CUS005267","Christian White","Consumer","Glasgow","United Kingdom","2023-07-12"
5268,"CUS005268","Jodi Brandt","Consumer","Nottingham","United Kingdom","2019-11-05"
5269,"CUS005269","Matthew Collins","Corporate","Bristol","United Kingdom","2020-08-03"
5270,"CUS005270","Eugene Jones","Consumer","Glasgow","United Kingdom","2021-10-20"
5271,"CUS005271","Bob Campbell","Consumer","Bristol","United Kingdom","2020-06-11"
5272,"CUS005272","Mrs. Susan Christian","Consumer","London","United Kingdom","2019-05-10"
5273,"CUS005273","Danielle Robles","Small Business","Madrid","Spain","2025-08-01"
5274,"CUS005274","Wendy Smith","Consumer","Bristol","United Kingdom","2023-03-06"
5275,"CUS005275","Kimberly Rodriguez","Consumer","Bristol","United Kingdom","2025-11-19"
5276,"CUS005276","Vicki Olson","Consumer","New York","USA","2021-04-30"
5277,"CUS005277","Justin Gonzalez Jr.","Consumer","Manchester","United Kingdom","2025-06-16"
5278,"CUS005278","Sonya Howard","Corporate","London","United Kingdom","2023-01-29"
5279,"CUS005279","Stephanie Galvan","Online Reseller","Leeds","United Kingdom","2020-04-23"
5280,"CUS005280","Chad Higgins","Consumer","New York","USA","2025-09-14"
5281,"CUS005281","Sarah Little","Small Business","Glasgow","United Kingdom","2022-03-06"
5282,"CUS005282","Charles Rodriguez","Consumer","London","United Kingdom","2024-08-12"
5283,"CUS005283","Damon King","Small Business","Glasgow","United Kingdom","2025-11-01"
5284,"CUS005284","Stacey Peterson","Consumer","Glasgow","United Kingdom","2021-12-16"
5285,"CUS005285","Michael Blair","Consumer","Munich","Germany","2022-01-01"
5286,"CUS005286","Kim Murray","Corporate","Nottingham","United Kingdom","2025-07-17"
5287,"CUS005287","Robert Jackson","Consumer","Madrid","Spain","2024-02-02"
5288,"CUS005288","Dr. Carrie Anderson","Corporate","Lyon","France","2021-09-20"
5289,"CUS005289","Melissa Hall","Corporate","Birmingham","United Kingdom","2023-01-16"
5290,"CUS005290","David Robles","Small Business","Leeds","United Kingdom","2022-12-30"
5291,"CUS005291","Debra Johnson","Consumer","Glasgow","United Kingdom","2020-12-28"
5292,"CUS005292","Dawn Delgado","Consumer","Barcelona","Spain","2022-09-23"
5293,"CUS005293","John Singh","Consumer","Berlin","Germany","2023-05-17"
5294,"CUS005294","Sarah Jones","Small Business","Barcelona","Spain","2024-09-23"
5295,"CUS005295","Cory Michael","Consumer","Leeds","United Kingdom","2020-03-07"
5296,"CUS005296","Mrs. Kimberly Cannon","Online Reseller","Glasgow","United Kingdom","2021-06-16"
5297,"CUS005297","Katherine Bentley","Corporate","Glasgow","United Kingdom","2023-02-28"
5298,"CUS005298","Victoria Hayes","Small Business","Leeds","United Kingdom","2022-01-14"
5299,"CUS005299","Jennifer Clark","Consumer","Barcelona","Spain","2022-07-25"
5300,"CUS005300","Maria Gregory","Consumer","Lyon","France","2025-07-05"
5301,"CUS005301","Christopher Lee","Consumer","Lyon","France","2025-06-19"
5302,"CUS005302","Kimberly Cohen","Corporate","Munich","Germany","2020-09-23"
5303,"CUS005303","Stephanie Gomez","Small Business","Bristol","United Kingdom","2023-05-10"
5304,"CUS005304","Joshua Solis","Consumer","Dublin","Ireland","2022-10-19"
5305,"CUS005305","Richard Rivers","Corporate","Dublin","Ireland","2023-09-10"
5306,"CUS005306","Dawn Espinoza","Consumer","Madrid","Spain","2021-05-20"
5307,"CUS005307","James Gamble","Consumer","Barcelona","Spain","2022-09-07"
5308,"CUS005308","Erika Gardner","Consumer","Cork","Ireland","2025-06-24"
5309,"CUS005309","Debra English","Consumer","Glasgow","United Kingdom","2025-01-14"
5310,"CUS005310","David Torres","Consumer","Birmingham","United Kingdom","2021-08-26"
5311,"CUS005311","Thomas Graves","Small Business","Hamburg","Germany","2019-11-13"
5312,"CUS005312","Ashley Jones","Small Business","Manchester","United Kingdom","2024-08-10"
5313,"CUS005313","Jessica Wagner","Small Business","Leeds","United Kingdom","2024-10-11"
5314,"CUS005314","Andrea Coleman","Consumer","Lyon","France","2021-09-29"
5315,"CUS005315","Diana King DDS","Consumer","Glasgow","United Kingdom","2020-06-19"
5316,"CUS005316","Dennis Brown","Corporate","Leeds","United Kingdom","2019-01-17"
5317,"CUS005317","Sabrina Koch","Consumer","Barcelona","Spain","2023-10-02"
5318,"CUS005318","Karen Harvey","Small Business","Austin","USA","2019-03-20"
5319,"CUS005319","Richard Rodriguez","Consumer","Berlin","Germany","2022-01-31"
5320,"CUS005320","Marilyn Lozano","Consumer","Berlin","Germany","2020-05-16"
5321,"CUS005321","Erica Schneider","Small Business","Barcelona","Spain","2025-08-22"
5322,"CUS005322","Joshua Horne","Consumer","Chicago","USA","2022-08-17"
5323,"CUS005323","Dawn Ryan","Corporate","Paris","France","2020-11-04"
5324,"CUS005324","Marcus Riley","Consumer","Bristol","United Kingdom","2023-07-19"
5325,"CUS005325","Kelsey Frank DVM","Consumer","Glasgow","United Kingdom","2020-03-21"
5326,"CUS005326","Linda Torres","Consumer","Cork","Ireland","2023-06-08"
5327,"CUS005327","Mrs. Michele Monroe","Consumer","Chicago","USA","2019-11-24"
5328,"CUS005328","Ryan Becker","Consumer","Madrid","Spain","2023-08-22"
5329,"CUS005329","David Patrick","Corporate","Lyon","France","2025-05-12"
5330,"CUS005330","Victoria Fernandez","Consumer","Cork","Ireland","2019-04-15"
5331,"CUS005331","Michelle Thompson","Consumer","Birmingham","United Kingdom","2022-09-08"
5332,"CUS005332","Dalton Hawkins","Consumer","Nottingham","United Kingdom","2023-05-15"
5333,"CUS005333","Jerry Boyd","Small Business","Manchester","United Kingdom","2025-05-28"
5334,"CUS005334","Ricky Hernandez","Small Business","Leeds","United Kingdom","2021-10-08"
5335,"CUS005335","Matthew Dunn","Corporate","Munich","Germany","2019-05-19"
5336,"CUS005336","Thomas Moore","Consumer","New York","USA","2021-08-06"
5337,"CUS005337","Christine Jackson","Consumer","Manchester","United Kingdom","2023-09-14"
5338,"CUS005338","Tammy Joseph","Online Reseller","Amsterdam","Netherlands","2022-01-25"
5339,"CUS005339","Christy Thomas","Consumer","Berlin","Germany","2025-04-26"
5340,"CUS005340","Bruce Lopez","Consumer","Hamburg","Germany","2019-09-12"
5341,"CUS005341","Aaron Brown","Consumer","Barcelona","Spain","2021-06-05"
5342,"CUS005342","Julia Gray","Small Business","Manchester","United Kingdom","2020-01-09"
5343,"CUS005343","Allen Skinner","Online Reseller","Nottingham","United Kingdom","2025-06-26"
5344,"CUS005344","Shawna Gillespie","Small Business","Paris","France","2019-07-14"
5345,"CUS005345","Michelle Martinez","Small Business","Amsterdam","Netherlands","2019-06-08"
5346,"CUS005346","Sabrina Lopez","Small Business","Birmingham","United Kingdom","2023-09-05"
5347,"CUS005347","Brandon Brown","Consumer","Amsterdam","Netherlands","2025-02-07"
5348,"CUS005348","Stephanie Roberts","Small Business","Madrid","Spain","2025-10-02"
5349,"CUS005349","David Harding","Consumer","Manchester","United Kingdom","2021-04-01"
5350,"CUS005350","Nicole Hartman","Online Reseller","Bristol","United Kingdom","2022-05-23"
5351,"CUS005351","Richard Miranda","Online Reseller","Berlin","Germany","2021-05-08"
5352,"CUS005352","Brenda Edwards","Consumer","Nottingham","United Kingdom","2024-05-12"
5353,"CUS005353","William Stewart","Consumer","Hamburg","Germany","2025-08-20"
5354,"CUS005354","Anne Smith","Consumer","Birmingham","United Kingdom","2019-11-24"
5355,"CUS005355","Wendy Bryant","Consumer","Leeds","United Kingdom","2019-12-20"
5356,"CUS005356","Sydney Smith","Consumer","New York","USA","2020-07-07"
5357,"CUS005357","Diana Rivera","Corporate","New York","USA","2022-06-21"
5358,"CUS005358","Jamie Flowers","Online Reseller","Madrid","Spain","2022-05-27"
5359,"CUS005359","Steven Williams","Consumer","Madrid","Spain","2024-11-03"
5360,"CUS005360","Steven Price","Consumer","Hamburg","Germany","2020-01-12"
5361,"CUS005361","Benjamin Stein","Consumer","Glasgow","United Kingdom","2022-05-10"
5362,"CUS005362","Jacob Dillon","Online Reseller","Leeds","United Kingdom","2019-11-04"
5363,"CUS005363","Michele Snow","Consumer","Austin","USA","2023-11-22"
5364,"CUS005364","Victoria Smith","Consumer","Cork","Ireland","2022-04-21"
5365,"CUS005365","Fred Ross","Corporate","Amsterdam","Netherlands","2021-09-05"
5366,"CUS005366","Sydney Adams","Consumer","Berlin","Germany","2024-08-07"
5367,"CUS005367","Amanda Gilbert","Corporate","Nottingham","United Kingdom","2023-04-02"
5368,"CUS005368","Justin Lee","Online Reseller","Birmingham","United Kingdom","2020-11-24"
5369,"CUS005369","Dale Spencer","Consumer","London","United Kingdom","2022-03-09"
5370,"CUS005370","Nicholas Cunningham","Corporate","Amsterdam","Netherlands","2019-12-04"
5371,"CUS005371","James Stevens","Consumer","Madrid","Spain","2023-08-11"
5372,"CUS005372","David Hamilton","Online Reseller","Munich","Germany","2021-01-29"
5373,"CUS005373","Stephanie Knight","Consumer","Leeds","United Kingdom","2022-11-11"
5374,"CUS005374","Zachary Guerrero","Consumer","Manchester","United Kingdom","2024-07-28"
5375,"CUS005375","Mr. Jackson Watson","Consumer","New York","USA","2023-01-28"
5376,"CUS005376","Catherine Chavez","Small Business","Bristol","United Kingdom","2024-03-25"
5377,"CUS005377","Jesse Bennett","Corporate","Hamburg","Germany","2022-02-04"
5378,"CUS005378","Cynthia Johnson","Consumer","Cork","Ireland","2025-10-12"
5379,"CUS005379","Jeffrey Miles","Online Reseller","Birmingham","United Kingdom","2025-09-14"
5380,"CUS005380","Jordan Richmond DDS","Consumer","Nottingham","United Kingdom","2020-03-10"
5381,"CUS005381","Shelley James","Corporate","Hamburg","Germany","2022-10-27"
5382,"CUS005382","Blake Bond","Online Reseller","Manchester","United Kingdom","2023-07-05"
5383,"CUS005383","Veronica Duncan","Small Business","Manchester","United Kingdom","2022-04-28"
5384,"CUS005384","Teresa Bowers","Consumer","Amsterdam","Netherlands","2019-12-20"
5385,"CUS005385","Jordan Mata","Consumer","Cork","Ireland","2023-01-21"
5386,"CUS005386","John Carter","Consumer","Nottingham","United Kingdom","2019-02-02"
5387,"CUS005387","Paul Freeman","Consumer","Dublin","Ireland","2022-01-29"
5388,"CUS005388","Cody Jones","Consumer","London","United Kingdom","2023-03-29"
5389,"CUS005389","Rebecca Newman","Small Business","Cork","Ireland","2021-12-03"
5390,"CUS005390","Brandon Marquez","Consumer","Bristol","United Kingdom","2020-02-25"
5391,"CUS005391","Chad Adams","Online Reseller","Amsterdam","Netherlands","2023-08-14"
5392,"CUS005392","Larry Woods","Consumer","Birmingham","United Kingdom","2022-01-18"
5393,"CUS005393","Angela Brown","Consumer","Madrid","Spain","2025-01-05"
5394,"CUS005394","Whitney Henson","Consumer","Leeds","United Kingdom","2021-02-26"
5395,"CUS005395","Holly Hendricks","Consumer","Dublin","Ireland","2020-10-22"
5396,"CUS005396","Juan Becker","Corporate","London","United Kingdom","2021-01-11"
5397,"CUS005397","Roy Williams","Consumer","London","United Kingdom","2025-01-04"
5398,"CUS005398","Jonathan Smith","Small Business","Manchester","United Kingdom","2024-11-24"
5399,"CUS005399","Beth Kane","Corporate","Birmingham","United Kingdom","2022-05-02"
5400,"CUS005400","Aaron Andrews DVM","Consumer","Manchester","United Kingdom","2025-03-20"
5401,"CUS005401","Mark Robinson","Small Business","Birmingham","United Kingdom","2021-07-23"
5402,"CUS005402","Gloria Hill","Consumer","Glasgow","United Kingdom","2020-04-17"
5403,"CUS005403","Christopher Wilcox","Corporate","Barcelona","Spain","2022-07-11"
5404,"CUS005404","Sean Braun","Online Reseller","Glasgow","United Kingdom","2020-08-19"
5405,"CUS005405","Tamara Carr","Consumer","Bristol","United Kingdom","2020-06-21"
5406,"CUS005406","Stacey Ramirez","Small Business","Madrid","Spain","2023-11-24"
5407,"CUS005407","John Pearson","Corporate","Bristol","United Kingdom","2023-01-12"
5408,"CUS005408","Kellie Martin","Corporate","Madrid","Spain","2024-03-17"
5409,"CUS005409","Jesse Davis","Consumer","Dublin","Ireland","2025-01-22"
5410,"CUS005410","Andrea David DDS","Consumer","Nottingham","United Kingdom","2022-05-14"
5411,"CUS005411","Patricia Smith","Small Business","Manchester","United Kingdom","2022-09-11"
5412,"CUS005412","Richard Hahn","Corporate","Nottingham","United Kingdom","2020-06-01"
5413,"CUS005413","Nicole Brown","Small Business","Austin","USA","2020-01-27"
5414,"CUS005414","Jacob Smith","Consumer","Barcelona","Spain","2025-03-26"
5415,"CUS005415","John Aguirre","Consumer","Leeds","United Kingdom","2020-06-11"
5416,"CUS005416","Miss Emily Simmons","Consumer","Berlin","Germany","2024-09-19"
5417,"CUS005417","Amanda Cox","Consumer","Paris","France","2021-06-28"
5418,"CUS005418","Shannon Alexander","Online Reseller","Chicago","USA","2025-04-09"
5419,"CUS005419","Brandy Williams","Corporate","Paris","France","2021-07-20"
5420,"CUS005420","Robert Wheeler","Corporate","Dublin","Ireland","2020-02-03"
5421,"CUS005421","Abigail Webb","Corporate","Bristol","United Kingdom","2023-12-27"
5422,"CUS005422","Sandra Valdez","Small Business","London","United Kingdom","2023-07-07"
5423,"CUS005423","Laura Collins","Consumer","Berlin","Germany","2022-09-21"
5424,"CUS005424","Melissa Perez","Small Business","Munich","Germany","2023-03-05"
5425,"CUS005425","Rebecca Boyd","Corporate","Munich","Germany","2019-03-27"
5426,"CUS005426","Justin Lewis","Consumer","Munich","Germany","2019-01-03"
5427,"CUS005427","Haley Larson","Corporate","Rotterdam","Netherlands","2019-07-20"
5428,"CUS005428","John Wilson","Small Business","Lyon","France","2024-10-30"
5429,"CUS005429","Anita Weber","Consumer","Hamburg","Germany","2023-03-26"
5430,"CUS005430","Tammy Madden","Consumer","Nottingham","United Kingdom","2023-09-18"
5431,"CUS005431","Eric Ryan","Consumer","Dublin","Ireland","2022-01-24"
5432,"CUS005432","Randy Ayala","Consumer","Nottingham","United Kingdom","2022-07-27"
5433,"CUS005433","Gary Hernandez","Consumer","Leeds","United Kingdom","2021-07-01"
5434,"CUS005434","Mary Powell","Consumer","Birmingham","United Kingdom","2025-08-04"
5435,"CUS005435","Andrea Stafford","Consumer","Amsterdam","Netherlands","2021-06-19"
5436,"CUS005436","Stephen Gibbs","Consumer","Lyon","France","2023-06-21"
5437,"CUS005437","David Gallagher","Corporate","Berlin","Germany","2023-06-18"
5438,"CUS005438","Gail Hull","Consumer","Manchester","United Kingdom","2024-08-05"
5439,"CUS005439","Antonio Atkins","Consumer","Amsterdam","Netherlands","2019-02-07"
5440,"CUS005440","Jessica Mcgee","Consumer","Hamburg","Germany","2020-07-30"
5441,"CUS005441","Kevin Robinson","Consumer","Madrid","Spain","2024-09-29"
5442,"CUS005442","Danielle Evans","Consumer","Nottingham","United Kingdom","2024-02-05"
5443,"CUS005443","Christie Torres","Consumer","Lyon","France","2022-09-17"
5444,"CUS005444","Robert Reyes","Consumer","Glasgow","United Kingdom","2020-03-18"
5445,"CUS005445","Dr. Tracy Evans","Consumer","Manchester","United Kingdom","2022-02-28"
5446,"CUS005446","Kimberly Rivera","Consumer","Amsterdam","Netherlands","2024-08-05"
5447,"CUS005447","Robert Mcintosh","Consumer","Munich","Germany","2022-02-10"
5448,"CUS005448","Jennifer Cole","Consumer","Leeds","United Kingdom","2021-05-22"
5449,"CUS005449","Bobby Woodward","Corporate","London","United Kingdom","2022-10-16"
5450,"CUS005450","Justin Daniel","Consumer","Lyon","France","2021-06-29"
5451,"CUS005451","Andrew Giles","Corporate","Rotterdam","Netherlands","2020-07-24"
5452,"CUS005452","Erika Williams","Consumer","Dublin","Ireland","2019-03-24"
5453,"CUS005453","Emily Johnson","Corporate","Madrid","Spain","2023-05-26"
5454,"CUS005454","Ashley Hall DVM","Corporate","Bristol","United Kingdom","2020-01-07"
5455,"CUS005455","Julie Romero MD","Consumer","Nottingham","United Kingdom","2020-10-04"
5456,"CUS005456","Melissa Thomas","Consumer","Berlin","Germany","2019-12-23"
5457,"CUS005457","Michele Wallace","Small Business","Birmingham","United Kingdom","2020-12-25"
5458,"CUS005458","Michael Thompson","Corporate","Barcelona","Spain","2025-08-15"
5459,"CUS005459","Jennifer Oliver","Consumer","Leeds","United Kingdom","2021-05-09"
5460,"CUS005460","Emily Gillespie","Consumer","Dublin","Ireland","2020-05-31"
5461,"CUS005461","Todd Fleming","Online Reseller","New York","USA","2020-05-11"
5462,"CUS005462","Dr. Mary White DVM","Consumer","Amsterdam","Netherlands","2022-05-22"
5463,"CUS005463","Stephanie Howard","Consumer","Munich","Germany","2020-09-11"
5464,"CUS005464","Alexandra Heath","Corporate","Nottingham","United Kingdom","2019-07-19"
5465,"CUS005465","Melissa Williams","Corporate","London","United Kingdom","2021-05-16"
5466,"CUS005466","George Roy","Consumer","London","United Kingdom","2024-06-18"
5467,"CUS005467","Susan Reed","Consumer","Nottingham","United Kingdom","2019-03-30"
5468,"CUS005468","Melissa Chapman","Corporate","Birmingham","United Kingdom","2023-10-29"
5469,"CUS005469","Steven Morgan","Consumer","London","United Kingdom","2022-10-26"
5470,"CUS005470","Andrew Davenport","Corporate","Bristol","United Kingdom","2024-07-09"
5471,"CUS005471","Jeremy Lee","Consumer","Bristol","United Kingdom","2025-09-22"
5472,"CUS005472","Kurt Williams","Consumer","Bristol","United Kingdom","2020-08-07"
5473,"CUS005473","Patrick Craig","Small Business","Manchester","United Kingdom","2022-11-10"
5474,"CUS005474","Susan Estrada","Consumer","New York","USA","2021-08-17"
5475,"CUS005475","Amber Haas","Corporate","Leeds","United Kingdom","2024-04-03"
5476,"CUS005476","Michael Robinson","Consumer","Dublin","Ireland","2023-03-24"
5477,"CUS005477","Nathan Harris","Consumer","Bristol","United Kingdom","2021-09-30"
5478,"CUS005478","Bailey Ramirez","Corporate","Glasgow","United Kingdom","2025-11-23"
5479,"CUS005479","Andre Lewis","Consumer","Glasgow","United Kingdom","2025-11-21"
5480,"CUS005480","Logan Compton","Small Business","Paris","France","2024-01-23"
5481,"CUS005481","Benjamin Evans","Online Reseller","Barcelona","Spain","2023-10-20"
5482,"CUS005482","Anna Walker","Consumer","Manchester","United Kingdom","2024-04-12"
5483,"CUS005483","Shirley Jensen","Consumer","Lyon","France","2019-04-19"
5484,"CUS005484","Joshua Reed","Corporate","New York","USA","2022-08-08"
5485,"CUS005485","Susan Parks","Consumer","Dublin","Ireland","2019-10-31"
5486,"CUS005486","Angel Hughes","Consumer","Austin","USA","2020-06-24"
5487,"CUS005487","Jason Tucker","Consumer","Bristol","United Kingdom","2024-05-13"
5488,"CUS005488","Alexis Smith","Small Business","Hamburg","Germany","2019-04-09"
5489,"CUS005489","Terri Stout","Consumer","Glasgow","United Kingdom","2023-10-18"
5490,"CUS005490","Angela Hughes","Consumer","London","United Kingdom","2021-03-23"
5491,"CUS005491","Dennis Osborne","Consumer","Paris","France","2025-07-27"
5492,"CUS005492","Whitney Mason","Consumer","Glasgow","United Kingdom","2024-10-17"
5493,"CUS005493","Beth Preston","Consumer","Austin","USA","2023-08-24"
5494,"CUS005494","Cory Charles","Consumer","Leeds","United Kingdom","2022-03-17"
5495,"CUS005495","Michael Downs","Consumer","Rotterdam","Netherlands","2019-06-14"
5496,"CUS005496","Alicia Long","Consumer","Bristol","United Kingdom","2022-10-10"
5497,"CUS005497","Peter Bradford","Corporate","New York","USA","2025-01-12"
5498,"CUS005498","Adam Martin","Consumer","Hamburg","Germany","2021-09-23"
5499,"CUS005499","Adam Snyder","Consumer","Paris","France","2021-11-29"
5500,"CUS005500","Mrs. Beverly Myers","Corporate","Birmingham","United Kingdom","2024-08-19"
5501,"CUS005501","Joe Scott","Corporate","Rotterdam","Netherlands","2020-06-03"
5502,"CUS005502","Lori Stanley","Consumer","Barcelona","Spain","2025-03-18"
5503,"CUS005503","Peggy Robinson","Consumer","Bristol","United Kingdom","2022-11-03"
5504,"CUS005504","Gary Davis","Small Business","Munich","Germany","2024-11-15"
5505,"CUS005505","Richard Duncan","Consumer","Nottingham","United Kingdom","2022-01-30"
5506,"CUS005506","Stephanie Combs","Small Business","Paris","France","2022-12-17"
5507,"CUS005507","David Walsh","Consumer","Leeds","United Kingdom","2021-01-23"
5508,"CUS005508","Kristi Gutierrez","Small Business","Glasgow","United Kingdom","2021-06-21"
5509,"CUS005509","Adrian Tanner","Consumer","Rotterdam","Netherlands","2020-08-14"
5510,"CUS005510","James Wallace","Consumer","Cork","Ireland","2022-11-15"
5511,"CUS005511","Lisa Smith","Small Business","Glasgow","United Kingdom","2024-06-25"
5512,"CUS005512","Felicia Hester","Corporate","Barcelona","Spain","2022-07-10"
5513,"CUS005513","Felicia Walter","Corporate","Barcelona","Spain","2023-08-10"
5514,"CUS005514","Rachel Daniels","Consumer","Leeds","United Kingdom","2025-08-08"
5515,"CUS005515","Keith Lopez","Consumer","London","United Kingdom","2025-06-24"
5516,"CUS005516","Norman Wise","Small Business","Manchester","United Kingdom","2019-03-30"
5517,"CUS005517","James Hall","Consumer","Bristol","United Kingdom","2019-01-24"
5518,"CUS005518","Jennifer Brock","Online Reseller","Madrid","Spain","2023-09-12"
5519,"CUS005519","Adam Benson","Small Business","Birmingham","United Kingdom","2020-03-25"
5520,"CUS005520","Hector Lopez","Consumer","Bristol","United Kingdom","2023-09-24"
5521,"CUS005521","William Wu","Small Business","Chicago","USA","2024-07-09"
5522,"CUS005522","Beth Solomon","Corporate","London","United Kingdom","2019-03-31"
5523,"CUS005523","Robert Wilkinson","Small Business","Hamburg","Germany","2021-11-20"
5524,"CUS005524","Paul Smith","Small Business","Lyon","France","2019-10-26"
5525,"CUS005525","Michael Jackson","Consumer","Nottingham","United Kingdom","2023-03-01"
5526,"CUS005526","Lisa Keller","Consumer","Madrid","Spain","2021-03-13"
5527,"CUS005527","Terry Warren","Consumer","Leeds","United Kingdom","2019-01-26"
5528,"CUS005528","Kenneth Burns","Online Reseller","Manchester","United Kingdom","2025-05-12"
5529,"CUS005529","Jacob Davis","Consumer","Dublin","Ireland","2024-10-29"
5530,"CUS005530","Brian Kim","Consumer","Bristol","United Kingdom","2019-04-10"
5531,"CUS005531","Evelyn Pierce","Corporate","Bristol","United Kingdom","2020-07-02"
5532,"CUS005532","Shirley Carroll","Corporate","Leeds","United Kingdom","2020-08-12"
5533,"CUS005533","William Jackson","Consumer","New York","USA","2020-10-01"
5534,"CUS005534","Jane Black","Consumer","Lyon","France","2023-06-05"
5535,"CUS005535","Nicole Mejia","Consumer","Cork","Ireland","2021-03-18"
5536,"CUS005536","Karen Cannon","Corporate","London","United Kingdom","2024-10-31"
5537,"CUS005537","Shannon Jones","Consumer","Nottingham","United Kingdom","2020-07-20"
5538,"CUS005538","Lisa Moore","Consumer","Amsterdam","Netherlands","2019-07-20"
5539,"CUS005539","Karen Jackson","Consumer","Rotterdam","Netherlands","2022-01-04"
5540,"CUS005540","Erin Macias","Consumer","Glasgow","United Kingdom","2025-02-02"
5541,"CUS005541","Mary Cowan","Consumer","Glasgow","United Kingdom","2024-01-23"
5542,"CUS005542","Nathan Woods","Consumer","Lyon","France","2024-09-17"
5543,"CUS005543","Christopher Lewis","Consumer","Bristol","United Kingdom","2023-07-19"
5544,"CUS005544","Cameron House","Corporate","Dublin","Ireland","2023-04-11"
5545,"CUS005545","Brandy Dougherty","Corporate","Manchester","United Kingdom","2021-11-03"
5546,"CUS005546","Brandon Ramirez","Small Business","Munich","Germany","2025-09-21"
5547,"CUS005547","Miss Monique Middleton","Online Reseller","Birmingham","United Kingdom","2023-09-14"
5548,"CUS005548","Nicole Jones","Small Business","Bristol","United Kingdom","2020-04-10"
5549,"CUS005549","Tina Ray","Consumer","Amsterdam","Netherlands","2023-02-22"
5550,"CUS005550","Meredith Nunez","Small Business","New York","USA","2021-05-31"
5551,"CUS005551","Morgan Anderson","Corporate","Glasgow","United Kingdom","2019-01-04"
5552,"CUS005552","Veronica Hill","Consumer","Manchester","United Kingdom","2020-03-25"
5553,"CUS005553","Brittany Phelps","Consumer","Dublin","Ireland","2019-07-19"
5554,"CUS005554","Jeffrey Howard","Corporate","Birmingham","United Kingdom","2025-06-21"
5555,"CUS005555","Melissa Garcia","Consumer","Paris","France","2019-10-07"
5556,"CUS005556","Cory Roach","Consumer","Nottingham","United Kingdom","2019-09-19"
5557,"CUS005557","Kathy Butler","Small Business","Leeds","United Kingdom","2022-10-24"
5558,"CUS005558","Jennifer Foster","Small Business","London","United Kingdom","2021-02-21"
5559,"CUS005559","William Brown","Consumer","Dublin","Ireland","2021-06-08"
5560,"CUS005560","Linda Donovan","Consumer","Cork","Ireland","2024-09-02"
5561,"CUS005561","Joe Sanders","Corporate","Nottingham","United Kingdom","2019-02-19"
5562,"CUS005562","Lisa Walker","Consumer","Leeds","United Kingdom","2022-07-25"
5563,"CUS005563","Melinda Pearson","Consumer","Leeds","United Kingdom","2024-01-21"
5564,"CUS005564","Ann Fleming PhD","Consumer","Berlin","Germany","2025-10-27"
5565,"CUS005565","Angela Evans","Small Business","Leeds","United Kingdom","2020-02-25"
5566,"CUS005566","Amanda Duffy","Consumer","Birmingham","United Kingdom","2025-04-07"
5567,"CUS005567","Tina Robinson","Consumer","Paris","France","2020-02-26"
5568,"CUS005568","Alyssa Wright","Consumer","Nottingham","United Kingdom","2023-05-14"
5569,"CUS005569","Kimberly Hill","Consumer","Glasgow","United Kingdom","2023-09-27"
5570,"CUS005570","Jenna Hernandez","Corporate","Birmingham","United Kingdom","2023-04-28"
5571,"CUS005571","Sean Mcmillan","Corporate","Birmingham","United Kingdom","2024-11-05"
5572,"CUS005572","Adrian Brown","Consumer","London","United Kingdom","2019-09-26"
5573,"CUS005573","Stephen Novak","Corporate","Dublin","Ireland","2019-04-26"
5574,"CUS005574","Wayne Long","Consumer","Birmingham","United Kingdom","2021-02-15"
5575,"CUS005575","Sherri Williams","Consumer","Bristol","United Kingdom","2025-08-05"
5576,"CUS005576","James Hernandez","Consumer","Manchester","United Kingdom","2020-09-06"
5577,"CUS005577","Regina Cox","Consumer","Berlin","Germany","2021-09-07"
5578,"CUS005578","Kevin Maxwell","Consumer","Madrid","Spain","2023-05-08"
5579,"CUS005579","Elizabeth Johnson","Consumer","London","United Kingdom","2024-05-28"
5580,"CUS005580","Jenna Gonzalez","Consumer","Nottingham","United Kingdom","2022-09-14"
5581,"CUS005581","Randy Love","Small Business","Munich","Germany","2023-10-19"
5582,"CUS005582","Hailey Turner","Small Business","Hamburg","Germany","2019-01-18"
5583,"CUS005583","Carol Lopez","Consumer","New York","USA","2024-10-12"
5584,"CUS005584","Janice Hamilton","Small Business","London","United Kingdom","2024-03-07"
5585,"CUS005585","Ann Schmitt","Consumer","Glasgow","United Kingdom","2025-08-23"
5586,"CUS005586","Richard Wade","Consumer","Hamburg","Germany","2022-07-21"
5587,"CUS005587","Nancy Everett","Small Business","Manchester","United Kingdom","2019-09-08"
5588,"CUS005588","Erica Nunez","Small Business","London","United Kingdom","2023-02-27"
5589,"CUS005589","Jose Palmer","Consumer","Barcelona","Spain","2021-09-04"
5590,"CUS005590","Amanda Moss","Consumer","Birmingham","United Kingdom","2021-02-19"
5591,"CUS005591","Linda Mcdaniel","Consumer","Madrid","Spain","2025-04-30"
5592,"CUS005592","Marcus Russell","Small Business","Madrid","Spain","2019-02-02"
5593,"CUS005593","Misty Solomon","Corporate","Paris","France","2020-11-14"
5594,"CUS005594","Mary Duncan","Consumer","Barcelona","Spain","2020-04-19"
5595,"CUS005595","Daniel Castro","Consumer","Glasgow","United Kingdom","2020-07-28"
5596,"CUS005596","Stacy Cortez","Corporate","Bristol","United Kingdom","2024-08-26"
5597,"CUS005597","Diane Murray","Consumer","Madrid","Spain","2025-10-04"
5598,"CUS005598","Stacy Estrada","Small Business","Leeds","United Kingdom","2020-08-22"
5599,"CUS005599","David Sanchez","Consumer","Glasgow","United Kingdom","2022-02-15"
5600,"CUS005600","Tiffany Johnson","Corporate","Manchester","United Kingdom","2024-06-25"
5601,"CUS005601","Angela Mccarthy","Online Reseller","Bristol","United Kingdom","2022-11-29"
5602,"CUS005602","Michael Porter","Small Business","Chicago","USA","2024-01-06"
5603,"CUS005603","William Adams","Small Business","Madrid","Spain","2023-10-16"
5604,"CUS005604","Paula Myers","Consumer","Barcelona","Spain","2023-02-03"
5605,"CUS005605","Megan Porter","Consumer","Lyon","France","2023-06-22"
5606,"CUS005606","Jennifer Joseph","Consumer","Leeds","United Kingdom","2019-06-16"
5607,"CUS005607","Wanda Griffith","Corporate","Hamburg","Germany","2024-11-16"
5608,"CUS005608","Sydney Rogers","Consumer","Amsterdam","Netherlands","2021-12-25"
5609,"CUS005609","Walter Kim","Corporate","Birmingham","United Kingdom","2020-09-15"
5610,"CUS005610","Wendy Nelson","Small Business","Glasgow","United Kingdom","2020-07-20"
5611,"CUS005611","Nicholas Frank","Corporate","Barcelona","Spain","2023-02-02"
5612,"CUS005612","Robert Jordan","Corporate","Leeds","United Kingdom","2021-01-16"
5613,"CUS005613","Beth Thompson","Corporate","Nottingham","United Kingdom","2021-11-24"
5614,"CUS005614","Alex Wolfe","Corporate","Birmingham","United Kingdom","2024-02-22"
5615,"CUS005615","Gary Roberson","Consumer","Bristol","United Kingdom","2021-09-23"
5616,"CUS005616","Teresa Romero","Consumer","Glasgow","United Kingdom","2024-07-11"
5617,"CUS005617","Cathy Ross","Consumer","Austin","USA","2022-09-08"
5618,"CUS005618","Richard Watson","Consumer","Bristol","United Kingdom","2019-10-11"
5619,"CUS005619","Eric Griffin","Small Business","Glasgow","United Kingdom","2023-09-13"
5620,"CUS005620","Thomas Smith","Consumer","Birmingham","United Kingdom","2023-07-02"
5621,"CUS005621","Desiree Allen","Corporate","Birmingham","United Kingdom","2021-12-07"
5622,"CUS005622","Leah Wilson","Corporate","Rotterdam","Netherlands","2025-03-28"
5623,"CUS005623","Bryan Cervantes","Consumer","Madrid","Spain","2022-03-29"
5624,"CUS005624","Michael Baker","Consumer","Dublin","Ireland","2020-01-01"
5625,"CUS005625","Christie Sparks","Consumer","Berlin","Germany","2023-07-09"
5626,"CUS005626","Jason Wilson","Small Business","Dublin","Ireland","2023-04-24"
5627,"CUS005627","Stacey Lewis","Consumer","Bristol","United Kingdom","2023-08-20"
5628,"CUS005628","Jodi Gutierrez","Small Business","Barcelona","Spain","2021-09-10"
5629,"CUS005629","Judith Garcia","Small Business","New York","USA","2020-01-11"
5630,"CUS005630","Stephanie Johnson","Corporate","Barcelona","Spain","2023-07-28"
5631,"CUS005631","Monica Simpson","Small Business","London","United Kingdom","2020-08-04"
5632,"CUS005632","Heather Jackson","Consumer","Birmingham","United Kingdom","2025-08-22"
5633,"CUS005633","Angela Blair","Corporate","Barcelona","Spain","2022-04-03"
5634,"CUS005634","Thomas Hawkins","Consumer","Glasgow","United Kingdom","2020-08-01"
5635,"CUS005635","Daniel Ochoa","Corporate","Leeds","United Kingdom","2019-12-20"
5636,"CUS005636","Nancy Thompson","Consumer","Bristol","United Kingdom","2019-03-13"
5637,"CUS005637","Kathy Murray","Consumer","Birmingham","United Kingdom","2022-10-16"
5638,"CUS005638","Michael Zamora","Consumer","Glasgow","United Kingdom","2020-04-14"
5639,"CUS005639","Mr. Cory Hanna PhD","Consumer","Bristol","United Kingdom","2019-08-22"
5640,"CUS005640","Megan Holt","Online Reseller","Amsterdam","Netherlands","2022-08-04"
5641,"CUS005641","Glenn Harmon","Consumer","Amsterdam","Netherlands","2021-04-02"
5642,"CUS005642","Taylor Ford","Small Business","New York","USA","2019-08-21"
5643,"CUS005643","Jeffrey Fleming","Consumer","Austin","USA","2025-09-03"
5644,"CUS005644","Cory Smith","Corporate","Berlin","Germany","2024-11-04"
5645,"CUS005645","Antonio Wilcox","Small Business","Nottingham","United Kingdom","2022-06-22"
5646,"CUS005646","Lori Howard","Consumer","Amsterdam","Netherlands","2021-08-02"
5647,"CUS005647","Jeffrey Herrera","Consumer","Manchester","United Kingdom","2025-02-05"
5648,"CUS005648","Timothy Nguyen","Corporate","Amsterdam","Netherlands","2019-07-27"
5649,"CUS005649","Victoria Johnson","Consumer","Berlin","Germany","2021-12-11"
5650,"CUS005650","Karen Fleming","Consumer","Lyon","France","2019-12-29"
5651,"CUS005651","Ana Lopez","Consumer","Leeds","United Kingdom","2024-12-26"
5652,"CUS005652","Ryan Lee","Consumer","Madrid","Spain","2019-12-04"
5653,"CUS005653","Larry Perez","Corporate","London","United Kingdom","2023-10-24"
5654,"CUS005654","Rebecca Hammond","Small Business","Cork","Ireland","2025-06-01"
5655,"CUS005655","James Drake","Small Business","Leeds","United Kingdom","2021-11-16"
5656,"CUS005656","Kathleen Martin","Small Business","New York","USA","2021-06-21"
5657,"CUS005657","Bryan Gray","Small Business","Glasgow","United Kingdom","2019-12-28"
5658,"CUS005658","Michael Holmes","Corporate","Manchester","United Kingdom","2021-05-18"
5659,"CUS005659","Terrence Johnson","Consumer","Paris","France","2025-11-15"
5660,"CUS005660","Laura Welch","Corporate","London","United Kingdom","2024-08-25"
5661,"CUS005661","Mr. Carl Brooks","Consumer","London","United Kingdom","2025-07-22"
5662,"CUS005662","Samantha Heath","Consumer","Barcelona","Spain","2023-09-26"
5663,"CUS005663","Susan Hernandez","Online Reseller","Munich","Germany","2022-12-29"
5664,"CUS005664","Michael Briggs","Consumer","Paris","France","2024-06-12"
5665,"CUS005665","Luis English","Small Business","Bristol","United Kingdom","2024-09-16"
5666,"CUS005666","Carrie Mitchell","Small Business","Cork","Ireland","2020-05-28"
5667,"CUS005667","Melissa Clayton","Consumer","Paris","France","2021-08-25"
5668,"CUS005668","Courtney Gomez","Small Business","Birmingham","United Kingdom","2023-01-04"
5669,"CUS005669","Jay Miller","Corporate","Bristol","United Kingdom","2020-10-23"
5670,"CUS005670","Andrew Sanders","Consumer","Cork","Ireland","2020-10-12"
5671,"CUS005671","Kristen Stevens","Consumer","Leeds","United Kingdom","2024-10-09"
5672,"CUS005672","Jasmine Jimenez","Corporate","Amsterdam","Netherlands","2021-03-08"
5673,"CUS005673","Pamela Roman","Consumer","Leeds","United Kingdom","2023-06-07"
5674,"CUS005674","Christina Johnson","Consumer","Barcelona","Spain","2025-03-04"
5675,"CUS005675","Caleb Sanders","Consumer","Madrid","Spain","2025-07-06"
5676,"CUS005676","Ryan Colon","Corporate","Munich","Germany","2020-03-10"
5677,"CUS005677","Stephanie Grant","Corporate","Manchester","United Kingdom","2024-05-21"
5678,"CUS005678","Tonya Mccarthy","Consumer","Cork","Ireland","2025-10-06"
5679,"CUS005679","Katherine Leon","Consumer","Rotterdam","Netherlands","2025-02-26"
5680,"CUS005680","Tammy Gill","Online Reseller","Rotterdam","Netherlands","2024-12-19"
5681,"CUS005681","Deanna Powell","Small Business","Nottingham","United Kingdom","2022-04-06"
5682,"CUS005682","Jeremy Baker","Consumer","Leeds","United Kingdom","2023-05-07"
5683,"CUS005683","William Brandt","Corporate","Birmingham","United Kingdom","2025-05-30"
5684,"CUS005684","Dr. Brenda Martin","Consumer","Glasgow","United Kingdom","2022-12-14"
5685,"CUS005685","Alice Rodriguez","Small Business","Rotterdam","Netherlands","2024-12-28"
5686,"CUS005686","Dawn Moore","Corporate","Berlin","Germany","2022-06-17"
5687,"CUS005687","Meagan Yang","Consumer","Dublin","Ireland","2023-01-18"
5688,"CUS005688","Robert Ewing","Corporate","New York","USA","2021-01-22"
5689,"CUS005689","Cathy Navarro","Corporate","Birmingham","United Kingdom","2021-01-11"
5690,"CUS005690","Anthony White","Corporate","Cork","Ireland","2024-07-05"
5691,"CUS005691","Wendy Morgan","Online Reseller","Leeds","United Kingdom","2021-08-12"
5692,"CUS005692","Anthony Price","Corporate","Paris","France","2019-03-15"
5693,"CUS005693","Madison Bowen","Small Business","Bristol","United Kingdom","2022-10-24"
5694,"CUS005694","Dana Wyatt","Corporate","Paris","France","2023-05-23"
5695,"CUS005695","Anthony Sanders","Consumer","Amsterdam","Netherlands","2020-12-01"
5696,"CUS005696","Desiree Carey","Consumer","Berlin","Germany","2025-09-26"
5697,"CUS005697","Michael Perez","Consumer","London","United Kingdom","2021-02-13"
5698,"CUS005698","Elizabeth Martinez","Small Business","London","United Kingdom","2025-04-16"
5699,"CUS005699","Brittany Beasley","Small Business","London","United Kingdom","2019-02-25"
5700,"CUS005700","Raymond Thompson","Corporate","Chicago","USA","2019-03-23"
5701,"CUS005701","Katie Mitchell","Small Business","Barcelona","Spain","2023-04-26"
5702,"CUS005702","Kenneth Cortez","Consumer","Lyon","France","2025-06-09"
5703,"CUS005703","Jasmin Edwards","Consumer","Dublin","Ireland","2022-03-26"
5704,"CUS005704","John Ward","Consumer","Barcelona","Spain","2020-01-12"
5705,"CUS005705","Benjamin Thompson","Consumer","Chicago","USA","2025-09-13"
5706,"CUS005706","Andrea Miller","Corporate","Leeds","United Kingdom","2024-07-24"
5707,"CUS005707","Debra Jones","Consumer","Bristol","United Kingdom","2024-07-12"
5708,"CUS005708","Megan Rivera","Corporate","Chicago","USA","2021-11-02"
5709,"CUS005709","Keith Lambert","Consumer","Madrid","Spain","2019-09-26"
5710,"CUS005710","Jamie Mercer","Consumer","Bristol","United Kingdom","2025-02-26"
5711,"CUS005711","Joanne Crawford","Consumer","Barcelona","Spain","2024-10-06"
5712,"CUS005712","Amy Lara","Small Business","Bristol","United Kingdom","2024-09-06"
5713,"CUS005713","Alicia Jackson","Corporate","Manchester","United Kingdom","2021-07-25"
5714,"CUS005714","Mary Jones","Corporate","Lyon","France","2023-10-24"
5715,"CUS005715","Kathleen Taylor","Small Business","Munich","Germany","2021-06-03"
5716,"CUS005716","Brittany Jones","Small Business","Leeds","United Kingdom","2024-10-21"
5717,"CUS005717","David Moran","Consumer","London","United Kingdom","2024-03-02"
5718,"CUS005718","Lisa Ford","Consumer","Cork","Ireland","2024-09-11"
5719,"CUS005719","Jordan Johnson","Consumer","Barcelona","Spain","2023-08-01"
5720,"CUS005720","Karen Jones","Corporate","Austin","USA","2021-10-28"
5721,"CUS005721","Steven Hall","Online Reseller","Glasgow","United Kingdom","2023-10-30"
5722,"CUS005722","Victoria Lopez","Small Business","Barcelona","Spain","2019-05-10"
5723,"CUS005723","James Duran","Corporate","Glasgow","United Kingdom","2022-06-05"
5724,"CUS005724","Gerald Ray","Consumer","Nottingham","United Kingdom","2019-05-11"
5725,"CUS005725","Lisa Wong","Consumer","Hamburg","Germany","2024-03-13"
5726,"CUS005726","David Walsh","Consumer","Glasgow","United Kingdom","2024-02-19"
5727,"CUS005727","Mark Armstrong","Small Business","London","United Kingdom","2025-10-07"
5728,"CUS005728","Melissa Harris","Consumer","Austin","USA","2024-03-29"
5729,"CUS005729","Lorraine Reyes","Consumer","Bristol","United Kingdom","2020-08-04"
5730,"CUS005730","Andre Hunt","Consumer","Rotterdam","Netherlands","2022-11-15"
5731,"CUS005731","Laura Rogers","Consumer","Paris","France","2019-04-28"
5732,"CUS005732","Charles Moore","Consumer","London","United Kingdom","2022-12-09"
5733,"CUS005733","Heather Johnson","Corporate","Nottingham","United Kingdom","2019-01-20"
5734,"CUS005734","Robert Nelson","Consumer","Manchester","United Kingdom","2021-01-27"
5735,"CUS005735","Mark Marsh","Consumer","Madrid","Spain","2022-11-07"
5736,"CUS005736","Adam Williams","Consumer","Nottingham","United Kingdom","2024-03-15"
5737,"CUS005737","Walter Marshall","Corporate","Hamburg","Germany","2021-08-10"
5738,"CUS005738","Joshua Farmer","Corporate","Chicago","USA","2022-09-16"
5739,"CUS005739","Edward West MD","Corporate","Glasgow","United Kingdom","2020-02-16"
5740,"CUS005740","Todd Barnes","Corporate","London","United Kingdom","2025-06-17"
5741,"CUS005741","Steve Simmons","Consumer","Glasgow","United Kingdom","2023-01-06"
5742,"CUS005742","Dawn Rivera MD","Small Business","Leeds","United Kingdom","2020-09-02"
5743,"CUS005743","Ernest Walker","Consumer","Hamburg","Germany","2021-01-20"
5744,"CUS005744","Kevin Hughes","Consumer","Chicago","USA","2019-07-29"
5745,"CUS005745","Jeffery Lopez","Consumer","Cork","Ireland","2021-02-27"
5746,"CUS005746","Bob Andrade","Consumer","Hamburg","Germany","2022-04-13"
5747,"CUS005747","Heather Hudson","Consumer","Nottingham","United Kingdom","2023-11-02"
5748,"CUS005748","Frank Williams","Corporate","Madrid","Spain","2022-08-20"
5749,"CUS005749","John Smith","Corporate","Leeds","United Kingdom","2022-05-31"
5750,"CUS005750","Brian Rice","Consumer","Manchester","United Kingdom","2021-06-19"
5751,"CUS005751","Michael Simmons","Small Business","Paris","France","2023-09-08"
5752,"CUS005752","Blake Edwards","Consumer","London","United Kingdom","2020-03-16"
5753,"CUS005753","Joseph Horn","Consumer","London","United Kingdom","2021-10-21"
5754,"CUS005754","Pamela Carr","Consumer","Glasgow","United Kingdom","2019-12-22"
5755,"CUS005755","Douglas Sandoval","Consumer","Lyon","France","2023-09-30"
5756,"CUS005756","William Molina","Consumer","Austin","USA","2023-10-09"
5757,"CUS005757","Terri Carter","Consumer","Nottingham","United Kingdom","2023-10-04"
5758,"CUS005758","Michael Floyd","Consumer","Manchester","United Kingdom","2024-09-24"
5759,"CUS005759","Elizabeth Martinez","Consumer","Barcelona","Spain","2019-02-27"
5760,"CUS005760","Lindsey Sanchez","Consumer","Berlin","Germany","2021-08-16"
5761,"CUS005761","Sandra Duffy","Consumer","Glasgow","United Kingdom","2019-03-24"
5762,"CUS005762","Kenneth Mitchell","Small Business","New York","USA","2025-09-14"
5763,"CUS005763","Debra Ortiz","Consumer","Nottingham","United Kingdom","2024-07-16"
5764,"CUS005764","Peter Copeland","Consumer","Barcelona","Spain","2022-09-13"
5765,"CUS005765","Carolyn Walker","Consumer","Austin","USA","2020-05-27"
5766,"CUS005766","Kathryn Anderson","Consumer","Barcelona","Spain","2020-02-14"
5767,"CUS005767","Misty Robinson","Consumer","Madrid","Spain","2021-07-27"
5768,"CUS005768","Ruth Day","Small Business","Austin","USA","2024-12-13"
5769,"CUS005769","Lauren Peck","Consumer","Barcelona","Spain","2020-01-06"
5770,"CUS005770","Christopher Coffey","Consumer","Paris","France","2023-02-21"
5771,"CUS005771","Dr. Jill Brown MD","Consumer","Berlin","Germany","2023-02-09"
5772,"CUS005772","Pamela Mendoza","Consumer","Bristol","United Kingdom","2020-12-20"
5773,"CUS005773","Samuel Bailey","Consumer","New York","USA","2021-11-11"
5774,"CUS005774","Michael Gutierrez","Small Business","Manchester","United Kingdom","2023-12-14"
5775,"CUS005775","Robert Anderson","Corporate","London","United Kingdom","2019-09-19"
5776,"CUS005776","Amanda Smith","Consumer","Manchester","United Kingdom","2019-04-10"
5777,"CUS005777","Keith Charles","Consumer","Austin","USA","2019-12-15"
5778,"CUS005778","Austin Cummings","Corporate","Dublin","Ireland","2021-10-15"
5779,"CUS005779","Anthony Johnson","Consumer","Birmingham","United Kingdom","2019-12-13"
5780,"CUS005780","Shelly Rodriguez","Corporate","Amsterdam","Netherlands","2025-07-25"
5781,"CUS005781","Christina Shields","Corporate","Dublin","Ireland","2020-03-15"
5782,"CUS005782","James Kelly","Consumer","Leeds","United Kingdom","2025-07-22"
5783,"CUS005783","Jenna Rivera","Online Reseller","Bristol","United Kingdom","2025-10-13"
5784,"CUS005784","Michael Ruiz","Online Reseller","Glasgow","United Kingdom","2019-09-21"
5785,"CUS005785","Todd Arellano","Small Business","Madrid","Spain","2024-09-16"
5786,"CUS005786","Kenneth Robinson","Consumer","Leeds","United Kingdom","2025-11-21"
5787,"CUS005787","Michael Tran","Corporate","Nottingham","United Kingdom","2024-06-26"
5788,"CUS005788","Michael Sanders","Consumer","Birmingham","United Kingdom","2020-02-06"
5789,"CUS005789","Benjamin Michael","Consumer","Berlin","Germany","2019-11-06"
5790,"CUS005790","Amber Harris","Consumer","Chicago","USA","2024-03-01"
5791,"CUS005791","Cheryl Russell","Consumer","Leeds","United Kingdom","2019-04-21"
5792,"CUS005792","Natalie Johnson","Consumer","Birmingham","United Kingdom","2024-01-23"
5793,"CUS005793","Eric Carter","Corporate","Cork","Ireland","2022-11-19"
5794,"CUS005794","Daniel Rodriguez","Consumer","Amsterdam","Netherlands","2021-03-15"
5795,"CUS005795","Matthew Klein","Consumer","Manchester","United Kingdom","2019-02-12"
5796,"CUS005796","Patrick Leonard","Consumer","New York","USA","2023-03-26"
5797,"CUS005797","Rachael Fernandez","Consumer","Austin","USA","2024-07-17"
5798,"CUS005798","Juan Valenzuela","Small Business","Berlin","Germany","2022-06-22"
5799,"CUS005799","Emily Zimmerman","Consumer","Paris","France","2022-07-19"
5800,"CUS005800","Scott James","Small Business","Cork","Ireland","2019-07-13"
5801,"CUS005801","Amber Mercado","Consumer","Glasgow","United Kingdom","2019-02-04"
5802,"CUS005802","Maria Compton","Small Business","Hamburg","Germany","2022-01-23"
5803,"CUS005803","Dustin Owens","Consumer","Bristol","United Kingdom","2022-11-26"
5804,"CUS005804","Andrew Clark","Consumer","Nottingham","United Kingdom","2020-08-21"
5805,"CUS005805","Christopher Herrera","Consumer","Leeds","United Kingdom","2020-01-30"
5806,"CUS005806","Holly Williams","Small Business","London","United Kingdom","2020-06-25"
5807,"CUS005807","Justin Blackburn","Consumer","Nottingham","United Kingdom","2022-07-08"
5808,"CUS005808","George West","Consumer","London","United Kingdom","2019-09-04"
5809,"CUS005809","Shane Nielsen","Consumer","Manchester","United Kingdom","2019-01-12"
5810,"CUS005810","Curtis Meyer","Corporate","Birmingham","United Kingdom","2020-11-23"
5811,"CUS005811","Ricky Smith","Consumer","London","United Kingdom","2025-03-03"
5812,"CUS005812","Gary Berry","Corporate","Austin","USA","2023-05-04"
5813,"CUS005813","Dan Smith","Consumer","Cork","Ireland","2019-02-07"
5814,"CUS005814","Craig Ortiz","Corporate","Birmingham","United Kingdom","2019-12-19"
5815,"CUS005815","Nicholas Martinez","Online Reseller","Lyon","France","2023-04-08"
5816,"CUS005816","Rachel Diaz","Corporate","Munich","Germany","2025-08-23"
5817,"CUS005817","Jessica Simmons","Consumer","Lyon","France","2021-01-24"
5818,"CUS005818","Lisa Reed","Consumer","Nottingham","United Kingdom","2019-11-27"
5819,"CUS005819","Danielle Goodman","Consumer","Bristol","United Kingdom","2019-07-26"
5820,"CUS005820","Martin Clark","Consumer","Madrid","Spain","2023-11-12"
5821,"CUS005821","Steven Kent","Consumer","Birmingham","United Kingdom","2019-04-23"
5822,"CUS005822","Kristi Green","Consumer","Austin","USA","2025-10-20"
5823,"CUS005823","David Robinson DDS","Consumer","London","United Kingdom","2019-01-27"
5824,"CUS005824","Bonnie Martinez","Small Business","Dublin","Ireland","2025-07-20"
5825,"CUS005825","Barry Stanton","Consumer","Austin","USA","2022-05-29"
5826,"CUS005826","Natalie Kidd","Consumer","Manchester","United Kingdom","2024-04-19"
5827,"CUS005827","Ann Robbins","Consumer","Leeds","United Kingdom","2023-05-15"
5828,"CUS005828","Mary Anderson","Consumer","Austin","USA","2023-10-19"
5829,"CUS005829","James Gonzales","Consumer","Dublin","Ireland","2020-04-21"
5830,"CUS005830","Jennifer Guerra","Small Business","Lyon","France","2023-10-10"
5831,"CUS005831","Kimberly Blair","Consumer","Manchester","United Kingdom","2020-07-04"
5832,"CUS005832","Sandra Alvarez","Small Business","Chicago","USA","2023-12-10"
5833,"CUS005833","Kathleen Summers","Consumer","Berlin","Germany","2024-07-18"
5834,"CUS005834","Marcus Collier","Consumer","Nottingham","United Kingdom","2024-11-19"
5835,"CUS005835","Catherine Baker","Small Business","Cork","Ireland","2019-07-10"
5836,"CUS005836","Mark Perez","Consumer","London","United Kingdom","2022-03-28"
5837,"CUS005837","Jessica Kramer","Consumer","Paris","France","2023-05-21"
5838,"CUS005838","Charles Wagner","Consumer","Amsterdam","Netherlands","2021-04-18"
5839,"CUS005839","Catherine Stewart","Consumer","New York","USA","2020-03-28"
5840,"CUS005840","Tyler Casey","Consumer","Leeds","United Kingdom","2020-02-01"
5841,"CUS005841","James Ferguson","Corporate","Paris","France","2020-02-23"
5842,"CUS005842","Suzanne Hardy","Consumer","Manchester","United Kingdom","2020-04-06"
5843,"CUS005843","David Wright","Corporate","Hamburg","Germany","2021-04-28"
5844,"CUS005844","Kenneth Shepard","Consumer","Rotterdam","Netherlands","2019-04-22"
5845,"CUS005845","Ariel Miller","Consumer","Rotterdam","Netherlands","2025-01-15"
5846,"CUS005846","Barbara Ellis","Corporate","Barcelona","Spain","2024-06-01"
5847,"CUS005847","Cynthia Reed","Consumer","Madrid","Spain","2025-04-07"
5848,"CUS005848","Jennifer Hull","Consumer","New York","USA","2022-02-13"
5849,"CUS005849","Mckenzie Macdonald","Corporate","Munich","Germany","2021-07-22"
5850,"CUS005850","Jordan Williams","Corporate","London","United Kingdom","2019-11-19"
5851,"CUS005851","Doris Johnson","Online Reseller","Austin","USA","2020-08-16"
5852,"CUS005852","Courtney Hernandez","Online Reseller","Austin","USA","2025-08-29"
5853,"CUS005853","Wesley Williamson","Consumer","Bristol","United Kingdom","2019-08-25"
5854,"CUS005854","Cassandra Flores","Consumer","Birmingham","United Kingdom","2019-09-21"
5855,"CUS005855","Pamela Snyder","Consumer","Manchester","United Kingdom","2020-08-17"
5856,"CUS005856","Charles Vasquez","Consumer","Berlin","Germany","2020-11-28"
5857,"CUS005857","David Robinson","Consumer","London","United Kingdom","2020-05-23"
5858,"CUS005858","Christopher Ward","Consumer","Dublin","Ireland","2020-04-12"
5859,"CUS005859","Charles Bennett","Small Business","Birmingham","United Kingdom","2023-06-29"
5860,"CUS005860","Frank Cochran","Consumer","Lyon","France","2024-01-10"
5861,"CUS005861","Maria Horn","Small Business","Cork","Ireland","2024-05-08"
5862,"CUS005862","Cory Fitzgerald","Corporate","Rotterdam","Netherlands","2019-08-21"
5863,"CUS005863","Rose Harris","Consumer","Glasgow","United Kingdom","2024-07-01"
5864,"CUS005864","Eric Wiley","Consumer","Manchester","United Kingdom","2023-08-04"
5865,"CUS005865","Elizabeth Pittman","Consumer","Chicago","USA","2020-01-24"
5866,"CUS005866","Mr. Thomas Smith MD","Corporate","Hamburg","Germany","2019-02-08"
5867,"CUS005867","Alexandra Brooks","Consumer","Leeds","United Kingdom","2022-07-07"
5868,"CUS005868","Pamela Cohen","Consumer","London","United Kingdom","2023-07-29"
5869,"CUS005869","Ralph Edwards","Consumer","Nottingham","United Kingdom","2024-03-03"
5870,"CUS005870","Joan Scott","Small Business","Barcelona","Spain","2024-01-12"
5871,"CUS005871","Catherine Simmons","Small Business","Austin","USA","2023-08-25"
5872,"CUS005872","Caitlin Rich","Consumer","Birmingham","United Kingdom","2023-08-09"
5873,"CUS005873","Jennifer Adams","Consumer","Birmingham","United Kingdom","2019-12-30"
5874,"CUS005874","Jonathan Flores","Consumer","Berlin","Germany","2025-08-13"
5875,"CUS005875","Thomas Bradley","Consumer","Paris","France","2020-11-13"
5876,"CUS005876","Bobby Ross","Small Business","Paris","France","2019-02-23"
5877,"CUS005877","Brenda Jacobs","Online Reseller","Cork","Ireland","2022-11-26"
5878,"CUS005878","Jacob Hardy","Corporate","Bristol","United Kingdom","2020-04-15"
5879,"CUS005879","Kevin Wilson","Online Reseller","Glasgow","United Kingdom","2021-03-07"
5880,"CUS005880","Sean Hickman","Small Business","Nottingham","United Kingdom","2021-09-18"
5881,"CUS005881","Andrew Vargas","Small Business","Birmingham","United Kingdom","2022-09-11"
5882,"CUS005882","Maurice Perkins","Small Business","Nottingham","United Kingdom","2019-07-05"
5883,"CUS005883","David Barnett","Small Business","Birmingham","United Kingdom","2021-09-20"
5884,"CUS005884","Maria Jackson","Corporate","Dublin","Ireland","2022-04-26"
5885,"CUS005885","Elizabeth Gallagher","Consumer","Glasgow","United Kingdom","2021-07-10"
5886,"CUS005886","Jeffrey Jones","Small Business","Leeds","United Kingdom","2021-08-18"
5887,"CUS005887","Loretta Johnson","Consumer","Paris","France","2022-02-14"
5888,"CUS005888","Gina Lee","Corporate","Madrid","Spain","2020-09-23"
5889,"CUS005889","Courtney Medina","Small Business","Manchester","United Kingdom","2022-11-01"
5890,"CUS005890","Amanda Berry","Consumer","Glasgow","United Kingdom","2025-09-24"
5891,"CUS005891","Courtney Foley","Consumer","Paris","France","2019-10-01"
5892,"CUS005892","Martin Thompson","Small Business","Munich","Germany","2023-09-21"
5893,"CUS005893","Travis Thompson","Small Business","Amsterdam","Netherlands","2021-01-16"
5894,"CUS005894","Paul Dixon","Small Business","Lyon","France","2020-05-12"
5895,"CUS005895","Ashley Watson","Consumer","Lyon","France","2025-09-16"
5896,"CUS005896","Jeffrey Butler","Consumer","Manchester","United Kingdom","2021-05-01"
5897,"CUS005897","Mr. Steven Garcia MD","Consumer","Austin","USA","2021-08-15"
5898,"CUS005898","Deborah Medina","Consumer","Leeds","United Kingdom","2019-08-04"
5899,"CUS005899","William Brady","Small Business","Berlin","Germany","2024-04-10"
5900,"CUS005900","Megan Williams","Corporate","Hamburg","Germany","2022-10-15"
5901,"CUS005901","Kelly Shaw","Consumer","Austin","USA","2025-08-01"
5902,"CUS005902","Jessica Warren","Consumer","Bristol","United Kingdom","2025-06-30"
5903,"CUS005903","Erik Murphy","Corporate","Berlin","Germany","2019-05-12"
5904,"CUS005904","Jasmine Morales","Corporate","Hamburg","Germany","2020-12-21"
5905,"CUS005905","Jennifer Collins","Consumer","Lyon","France","2021-02-09"
5906,"CUS005906","Linda Ramsey","Small Business","Glasgow","United Kingdom","2023-09-11"
5907,"CUS005907","Matthew Rodriguez","Consumer","Nottingham","United Kingdom","2021-04-24"
5908,"CUS005908","Timothy Stokes","Consumer","Birmingham","United Kingdom","2023-10-23"
5909,"CUS005909","Corey Smith","Corporate","Cork","Ireland","2020-05-10"
5910,"CUS005910","Amber Martin","Corporate","Dublin","Ireland","2019-02-15"
5911,"CUS005911","Daniel Kaufman","Consumer","Paris","France","2020-12-04"
5912,"CUS005912","John Dixon","Consumer","Lyon","France","2025-12-01"
5913,"CUS005913","Patricia Graves","Small Business","Dublin","Ireland","2019-09-09"
5914,"CUS005914","John Gilbert","Consumer","London","United Kingdom","2021-08-19"
5915,"CUS005915","Philip Chapman","Small Business","Manchester","United Kingdom","2020-01-21"
5916,"CUS005916","Lisa Johnston","Corporate","Amsterdam","Netherlands","2022-06-23"
5917,"CUS005917","Marissa Palmer","Consumer","London","United Kingdom","2025-03-14"
5918,"CUS005918","Nicolas Smith","Consumer","Rotterdam","Netherlands","2019-05-07"
5919,"CUS005919","Jeffrey Ortiz","Consumer","Manchester","United Kingdom","2023-02-15"
5920,"CUS005920","Natasha Mccarthy","Consumer","Birmingham","United Kingdom","2023-08-12"
5921,"CUS005921","Gregory Gonzalez","Consumer","Nottingham","United Kingdom","2024-10-09"
5922,"CUS005922","George Stephens","Online Reseller","Nottingham","United Kingdom","2023-09-03"
5923,"CUS005923","Brent Morris","Corporate","Madrid","Spain","2025-06-17"
5924,"CUS005924","Robert Nelson","Consumer","Manchester","United Kingdom","2021-02-27"
5925,"CUS005925","Stephanie Pierce","Corporate","Hamburg","Germany","2021-02-27"
5926,"CUS005926","Henry Norris","Consumer","Cork","Ireland","2020-07-03"
5927,"CUS005927","Sarah Gilbert","Online Reseller","Manchester","United Kingdom","2019-08-17"
5928,"CUS005928","Kristy Carr","Consumer","Dublin","Ireland","2019-11-08"
5929,"CUS005929","James Terry","Consumer","Paris","France","2021-03-28"
5930,"CUS005930","Jim Graham","Corporate","Manchester","United Kingdom","2021-01-12"
5931,"CUS005931","Darren Anthony","Online Reseller","Austin","USA","2019-05-25"
5932,"CUS005932","Christine Wiggins DDS","Consumer","Paris","France","2023-04-15"
5933,"CUS005933","Richard Moyer","Corporate","Chicago","USA","2023-10-01"
5934,"CUS005934","John Mccullough","Corporate","Berlin","Germany","2021-08-15"
5935,"CUS005935","George Wilson","Consumer","Leeds","United Kingdom","2021-10-21"
5936,"CUS005936","Kimberly Shepherd","Corporate","Nottingham","United Kingdom","2025-01-28"
5937,"CUS005937","Jennifer Sanders","Corporate","New York","USA","2019-03-08"
5938,"CUS005938","Jeffrey Torres","Small Business","Amsterdam","Netherlands","2022-06-05"
5939,"CUS005939","April Jones","Corporate","Bristol","United Kingdom","2020-09-01"
5940,"CUS005940","Jonathan Moore","Consumer","Leeds","United Kingdom","2020-12-28"
5941,"CUS005941","Michelle Hernandez","Consumer","Dublin","Ireland","2021-02-22"
5942,"CUS005942","Sarah Simon","Corporate","Manchester","United Kingdom","2025-01-15"
5943,"CUS005943","Steven Murray","Consumer","Berlin","Germany","2024-04-19"
5944,"CUS005944","Savannah Rice","Consumer","Bristol","United Kingdom","2023-11-22"
5945,"CUS005945","Todd Doyle","Corporate","Barcelona","Spain","2024-09-10"
5946,"CUS005946","Jennifer Huang","Consumer","Glasgow","United Kingdom","2022-03-25"
5947,"CUS005947","Brandon Williams DDS","Corporate","London","United Kingdom","2020-12-24"
5948,"CUS005948","Samantha Jackson","Online Reseller","Birmingham","United Kingdom","2025-03-21"
5949,"CUS005949","Taylor Mills","Consumer","Nottingham","United Kingdom","2021-04-16"
5950,"CUS005950","Robin Wright","Consumer","Glasgow","United Kingdom","2022-11-23"
5951,"CUS005951","Cameron Lawson","Small Business","Glasgow","United Kingdom","2024-11-12"
5952,"CUS005952","Audrey Hull","Corporate","Chicago","USA","2024-05-18"
5953,"CUS005953","Heather Watkins","Consumer","Amsterdam","Netherlands","2023-10-15"
5954,"CUS005954","Kim Wright","Small Business","Austin","USA","2023-09-25"
5955,"CUS005955","Hannah Jimenez","Consumer","London","United Kingdom","2020-01-29"
5956,"CUS005956","Alice Moran","Consumer","Rotterdam","Netherlands","2019-07-03"
5957,"CUS005957","Meredith Bennett","Small Business","Nottingham","United Kingdom","2024-11-12"
5958,"CUS005958","Samantha Ferguson","Small Business","Nottingham","United Kingdom","2025-08-08"
5959,"CUS005959","Lisa Gomez","Corporate","London","United Kingdom","2024-02-09"
5960,"CUS005960","Brenda West","Online Reseller","Manchester","United Kingdom","2025-11-05"
5961,"CUS005961","Jordan Cunningham","Consumer","Lyon","France","2023-11-12"
5962,"CUS005962","Gwendolyn Walker","Consumer","Birmingham","United Kingdom","2025-07-01"
5963,"CUS005963","Jeffrey Fields","Consumer","Nottingham","United Kingdom","2020-03-12"
5964,"CUS005964","Nancy Tanner","Small Business","Dublin","Ireland","2023-11-10"
5965,"CUS005965","Lisa Wallace","Small Business","Berlin","Germany","2023-12-09"
5966,"CUS005966","Brenda Williamson","Consumer","Madrid","Spain","2021-05-30"
5967,"CUS005967","William Torres","Small Business","Chicago","USA","2024-01-10"
5968,"CUS005968","Laura Sanders","Consumer","Leeds","United Kingdom","2023-01-08"
5969,"CUS005969","Aaron Casey","Consumer","Bristol","United Kingdom","2022-10-19"
5970,"CUS005970","Michael Jimenez","Consumer","Bristol","United Kingdom","2019-03-23"
5971,"CUS005971","Melissa Jefferson","Consumer","Lyon","France","2022-04-13"
5972,"CUS005972","Donald Mckay","Corporate","Bristol","United Kingdom","2021-04-17"
5973,"CUS005973","Lee Gordon","Online Reseller","London","United Kingdom","2023-02-16"
5974,"CUS005974","Jason Sanchez","Online Reseller","Hamburg","Germany","2025-06-15"
5975,"CUS005975","Kelly Soto","Small Business","Dublin","Ireland","2022-02-13"
5976,"CUS005976","Nicholas Herrera","Corporate","Nottingham","United Kingdom","2023-08-03"
5977,"CUS005977","Yolanda Carter","Corporate","Bristol","United Kingdom","2021-07-28"
5978,"CUS005978","Alyssa Roberts","Consumer","Cork","Ireland","2021-12-18"
5979,"CUS005979","Larry Bates","Consumer","Barcelona","Spain","2025-01-08"
5980,"CUS005980","Jennifer Smith","Small Business","Munich","Germany","2020-05-24"
5981,"CUS005981","Bailey Clay","Small Business","Nottingham","United Kingdom","2022-09-15"
5982,"CUS005982","James Woodward","Corporate","Glasgow","United Kingdom","2021-09-12"
5983,"CUS005983","James Tran","Online Reseller","Hamburg","Germany","2023-10-19"
5984,"CUS005984","Alicia Stephens","Small Business","Chicago","USA","2022-05-17"
5985,"CUS005985","Roy Howard","Corporate","Dublin","Ireland","2021-10-18"
5986,"CUS005986","Daniel Hawkins","Corporate","Cork","Ireland","2023-07-26"
5987,"CUS005987","Kristi Golden","Corporate","Amsterdam","Netherlands","2021-03-13"
5988,"CUS005988","Erin Torres","Consumer","Manchester","United Kingdom","2019-12-13"
5989,"CUS005989","Kristen Montgomery","Small Business","Nottingham","United Kingdom","2020-08-01"
5990,"CUS005990","Deborah Bond","Consumer","Birmingham","United Kingdom","2022-09-27"
5991,"CUS005991","Kristen Perry DVM","Corporate","Glasgow","United Kingdom","2021-05-03"
5992,"CUS005992","Timothy West","Corporate","Manchester","United Kingdom","2024-08-25"
5993,"CUS005993","Adam Smith","Small Business","Amsterdam","Netherlands","2024-06-28"
5994,"CUS005994","Gregory Myers","Small Business","Cork","Ireland","2019-07-19"
5995,"CUS005995","Ashley Oneal","Consumer","Rotterdam","Netherlands","2020-08-23"
5996,"CUS005996","Heather Harris","Corporate","London","United Kingdom","2021-06-02"
5997,"CUS005997","Tiffany Hughes","Consumer","Bristol","United Kingdom","2025-09-03"
5998,"CUS005998","Dean Cunningham","Small Business","Birmingham","United Kingdom","2023-03-27"
5999,"CUS005999","Veronica Ortega","Consumer","Austin","USA","2020-03-05"
6000,"CUS006000","Elizabeth Cole","Online Reseller","Hamburg","Germany","2021-03-14"
6001,"CUS006001","Philip Sloan","Corporate","Leeds","United Kingdom","2019-12-30"
6002,"CUS006002","Martha Schmidt","Consumer","Dublin","Ireland","2021-06-19"
6003,"CUS006003","Shawn Lara","Consumer","Rotterdam","Netherlands","2023-01-03"
6004,"CUS006004","Mark Harris","Consumer","Cork","Ireland","2023-08-21"
6005,"CUS006005","Michael Williams","Consumer","Rotterdam","Netherlands","2023-05-27"
6006,"CUS006006","Edward Herring","Corporate","Manchester","United Kingdom","2024-09-17"
6007,"CUS006007","Kyle Hurley","Small Business","Hamburg","Germany","2025-10-15"
6008,"CUS006008","Donald Cooper","Consumer","Cork","Ireland","2024-07-23"
6009,"CUS006009","Steven Morales","Corporate","Barcelona","Spain","2022-03-20"
6010,"CUS006010","Carmen Case","Small Business","Lyon","France","2022-10-01"
6011,"CUS006011","Richard Martinez","Small Business","Manchester","United Kingdom","2024-01-02"
6012,"CUS006012","Gregory Harper","Small Business","Chicago","USA","2019-04-23"
6013,"CUS006013","Breanna Randolph","Consumer","Madrid","Spain","2024-03-22"
6014,"CUS006014","Cathy Wyatt","Consumer","Leeds","United Kingdom","2021-12-22"
6015,"CUS006015","Adam Young","Online Reseller","Amsterdam","Netherlands","2024-05-20"
6016,"CUS006016","Maria Phillips","Consumer","Manchester","United Kingdom","2025-09-10"
6017,"CUS006017","Deanna Parker","Consumer","London","United Kingdom","2019-11-08"
6018,"CUS006018","Elizabeth Roberts","Small Business","Leeds","United Kingdom","2021-05-01"
6019,"CUS006019","Jacqueline Walker","Consumer","Birmingham","United Kingdom","2019-05-13"
6020,"CUS006020","Christopher Charles","Corporate","Paris","France","2022-02-11"
6021,"CUS006021","Kimberly Edwards","Consumer","Chicago","USA","2023-01-02"
6022,"CUS006022","Brad Taylor MD","Consumer","New York","USA","2022-04-04"
6023,"CUS006023","Brian Miles","Consumer","Chicago","USA","2022-09-28"
6024,"CUS006024","Linda Smith","Consumer","Lyon","France","2022-11-01"
6025,"CUS006025","Carl Lopez","Small Business","Madrid","Spain","2020-06-17"
6026,"CUS006026","Sean Noble","Online Reseller","Barcelona","Spain","2019-02-25"
6027,"CUS006027","Cynthia Maxwell","Consumer","Amsterdam","Netherlands","2019-04-29"
6028,"CUS006028","Wayne Simpson","Consumer","Amsterdam","Netherlands","2021-10-02"
6029,"CUS006029","Devin Day","Online Reseller","Austin","USA","2023-01-21"
6030,"CUS006030","Lisa Peters","Consumer","New York","USA","2025-09-14"
6031,"CUS006031","Erica Nguyen","Small Business","Cork","Ireland","2019-11-26"
6032,"CUS006032","Michael Jackson","Corporate","Nottingham","United Kingdom","2022-07-27"
6033,"CUS006033","Brenda Villarreal","Small Business","Cork","Ireland","2022-02-07"
6034,"CUS006034","Brian Shaw","Consumer","Nottingham","United Kingdom","2022-06-09"
6035,"CUS006035","Lucas West Jr.","Small Business","Cork","Ireland","2024-09-22"
6036,"CUS006036","Kendra Walsh","Consumer","Lyon","France","2019-01-01"
6037,"CUS006037","Kyle Green","Corporate","Leeds","United Kingdom","2023-08-13"
6038,"CUS006038","Derrick Hall","Small Business","Bristol","United Kingdom","2023-04-20"
6039,"CUS006039","Daniel Barton","Corporate","Berlin","Germany","2019-03-06"
6040,"CUS006040","Shane Dennis","Consumer","Austin","USA","2023-07-14"
6041,"CUS006041","Elizabeth Whitaker","Corporate","Birmingham","United Kingdom","2019-03-10"
6042,"CUS006042","Barbara Carpenter","Consumer","Dublin","Ireland","2020-11-03"
6043,"CUS006043","Veronica Stevens","Consumer","Paris","France","2021-01-09"
6044,"CUS006044","Ryan Morrison","Consumer","Berlin","Germany","2022-03-16"
6045,"CUS006045","David Dixon","Consumer","Rotterdam","Netherlands","2024-05-24"
6046,"CUS006046","Cory Moreno","Consumer","Lyon","France","2020-09-29"
6047,"CUS006047","Shane Jones","Consumer","Nottingham","United Kingdom","2021-06-04"
6048,"CUS006048","Roger Boyd","Consumer","Rotterdam","Netherlands","2022-06-16"
6049,"CUS006049","Catherine Mayer","Small Business","Cork","Ireland","2021-05-23"
6050,"CUS006050","Katie Preston","Consumer","Berlin","Germany","2024-08-11"
6051,"CUS006051","Kristin Gomez","Consumer","Manchester","United Kingdom","2022-05-23"
6052,"CUS006052","Joshua Gonzalez","Consumer","New York","USA","2025-10-16"
6053,"CUS006053","Justin White","Consumer","Nottingham","United Kingdom","2020-11-12"
6054,"CUS006054","Emily Martinez","Small Business","Madrid","Spain","2024-05-23"
6055,"CUS006055","Jennifer Decker","Online Reseller","Lyon","France","2025-01-09"
6056,"CUS006056","Garrett Perez","Consumer","Barcelona","Spain","2024-07-28"
6057,"CUS006057","Rachel Williams","Consumer","Dublin","Ireland","2021-04-13"
6058,"CUS006058","Sharon Kelly","Consumer","Madrid","Spain","2021-02-08"
6059,"CUS006059","Chelsea Ramirez","Consumer","Manchester","United Kingdom","2021-03-12"
6060,"CUS006060","Brandon Mendoza","Small Business","Leeds","United Kingdom","2024-12-29"
6061,"CUS006061","Taylor Vargas","Consumer","Chicago","USA","2024-11-29"
6062,"CUS006062","Timothy Benitez","Corporate","Chicago","USA","2020-05-02"
6063,"CUS006063","Robert Taylor","Consumer","Cork","Ireland","2019-08-26"
6064,"CUS006064","Dawn Bennett","Consumer","Austin","USA","2019-11-08"
6065,"CUS006065","Deborah Escobar","Consumer","Barcelona","Spain","2024-10-26"
6066,"CUS006066","Kevin Willis","Consumer","Amsterdam","Netherlands","2022-11-14"
6067,"CUS006067","Andrew Williams","Consumer","New York","USA","2021-04-21"
6068,"CUS006068","Gina Perez","Corporate","Madrid","Spain","2022-06-28"
6069,"CUS006069","Taylor Wall","Consumer","Hamburg","Germany","2019-06-18"
6070,"CUS006070","Gina Davis","Online Reseller","New York","USA","2019-09-24"
6071,"CUS006071","Kristopher Alvarado","Consumer","Chicago","USA","2020-06-04"
6072,"CUS006072","Dustin Santos","Consumer","Paris","France","2020-10-05"
6073,"CUS006073","Noah Robertson","Small Business","Birmingham","United Kingdom","2025-06-10"
6074,"CUS006074","Lisa Crosby","Online Reseller","Dublin","Ireland","2019-08-02"
6075,"CUS006075","Lisa Ellis","Consumer","Amsterdam","Netherlands","2024-10-10"
6076,"CUS006076","Christopher Bartlett","Small Business","Leeds","United Kingdom","2022-04-24"
6077,"CUS006077","Reginald Henry","Consumer","Nottingham","United Kingdom","2023-07-03"
6078,"CUS006078","Laura Webster","Consumer","London","United Kingdom","2022-12-30"
6079,"CUS006079","Joseph Rodriguez","Consumer","Glasgow","United Kingdom","2019-09-15"
6080,"CUS006080","Cassidy Jones","Consumer","Nottingham","United Kingdom","2022-06-12"
6081,"CUS006081","Julie Ryan","Consumer","Leeds","United Kingdom","2019-12-27"
6082,"CUS006082","Mary Welch","Small Business","Paris","France","2025-11-30"
6083,"CUS006083","Chad Rice","Consumer","Barcelona","Spain","2025-02-26"
6084,"CUS006084","Lee Heath","Consumer","Glasgow","United Kingdom","2024-02-14"
6085,"CUS006085","Julia Howe","Corporate","Glasgow","United Kingdom","2021-08-30"
6086,"CUS006086","Kendra Moon","Consumer","Chicago","USA","2022-05-28"
6087,"CUS006087","Gary Garcia","Corporate","Birmingham","United Kingdom","2021-01-22"
6088,"CUS006088","Timothy Coleman","Consumer","Berlin","Germany","2025-11-19"
6089,"CUS006089","Caitlin Cooley","Consumer","Rotterdam","Netherlands","2019-08-14"
6090,"CUS006090","Mrs. Catherine Robinson","Consumer","Bristol","United Kingdom","2020-02-26"
6091,"CUS006091","Joseph Peterson","Small Business","Nottingham","United Kingdom","2023-04-16"
6092,"CUS006092","Joshua Rowe","Corporate","Barcelona","Spain","2020-01-18"
6093,"CUS006093","Lisa Odom","Small Business","Glasgow","United Kingdom","2024-11-26"
6094,"CUS006094","Angela Landry","Corporate","Paris","France","2020-07-02"
6095,"CUS006095","Adam Nicholson","Consumer","New York","USA","2020-08-02"
6096,"CUS006096","Lisa Stark","Small Business","Birmingham","United Kingdom","2020-09-14"
6097,"CUS006097","Michelle Mccoy","Consumer","Lyon","France","2023-07-06"
6098,"CUS006098","Brian Mcdonald","Consumer","Glasgow","United Kingdom","2025-05-17"
6099,"CUS006099","Ethan Castro","Consumer","New York","USA","2021-03-03"
6100,"CUS006100","Jay Clark","Corporate","Lyon","France","2019-12-20"
6101,"CUS006101","Jacqueline Burton","Consumer","New York","USA","2021-08-01"
6102,"CUS006102","Natasha Ryan","Corporate","Glasgow","United Kingdom","2022-12-11"
6103,"CUS006103","Nathan Woodward","Corporate","Dublin","Ireland","2024-02-11"
6104,"CUS006104","Russell Flores","Consumer","London","United Kingdom","2019-05-05"
6105,"CUS006105","James Reese","Corporate","Bristol","United Kingdom","2021-12-30"
6106,"CUS006106","Kenneth Cobb","Consumer","Hamburg","Germany","2020-06-11"
6107,"CUS006107","David Mathews","Corporate","London","United Kingdom","2020-05-15"
6108,"CUS006108","Kenneth Wells","Consumer","Manchester","United Kingdom","2022-10-02"
6109,"CUS006109","Sean Bailey","Small Business","Bristol","United Kingdom","2022-09-18"
6110,"CUS006110","Jeffery Berry","Corporate","Paris","France","2020-08-26"
6111,"CUS006111","Erin Nichols","Consumer","Barcelona","Spain","2023-04-06"
6112,"CUS006112","Jonathan Martinez","Consumer","Birmingham","United Kingdom","2021-01-15"
6113,"CUS006113","Antonio Taylor","Small Business","Leeds","United Kingdom","2022-05-15"
6114,"CUS006114","Joel Morales","Consumer","Rotterdam","Netherlands","2023-06-23"
6115,"CUS006115","Tasha Pope","Consumer","Lyon","France","2025-07-01"
6116,"CUS006116","Christine Todd","Consumer","Glasgow","United Kingdom","2024-08-20"
6117,"CUS006117","Jeremiah Robinson","Consumer","Barcelona","Spain","2021-11-29"
6118,"CUS006118","Nathan Morales","Small Business","Nottingham","United Kingdom","2022-09-10"
6119,"CUS006119","Harry Lindsey","Consumer","Munich","Germany","2020-07-05"
6120,"CUS006120","Adam Cook","Consumer","Birmingham","United Kingdom","2024-09-14"
6121,"CUS006121","Shane Potter","Corporate","Barcelona","Spain","2023-04-10"
6122,"CUS006122","Ann Chen","Online Reseller","Bristol","United Kingdom","2025-11-17"
6123,"CUS006123","Max Miller","Consumer","Berlin","Germany","2023-05-14"
6124,"CUS006124","James Bennett","Consumer","Paris","France","2020-06-08"
6125,"CUS006125","Laura Kelly","Small Business","Amsterdam","Netherlands","2019-04-05"
6126,"CUS006126","Ashley James","Small Business","Amsterdam","Netherlands","2021-03-03"
6127,"CUS006127","Tyler Austin","Small Business","Berlin","Germany","2024-05-28"
6128,"CUS006128","Sara Bartlett","Corporate","Rotterdam","Netherlands","2024-01-06"
6129,"CUS006129","Christopher Johnson","Small Business","Madrid","Spain","2025-11-25"
6130,"CUS006130","Kristopher Barajas","Consumer","Birmingham","United Kingdom","2022-09-10"
6131,"CUS006131","Jennifer Cooper","Corporate","Bristol","United Kingdom","2024-11-04"
6132,"CUS006132","Christopher Miller","Corporate","Munich","Germany","2025-04-13"
6133,"CUS006133","Dawn Montoya","Corporate","Bristol","United Kingdom","2022-06-15"
6134,"CUS006134","Angela Barry","Small Business","Bristol","United Kingdom","2021-11-29"
6135,"CUS006135","Melissa Haley","Online Reseller","Dublin","Ireland","2021-08-13"
6136,"CUS006136","Steven Cook","Corporate","London","United Kingdom","2025-08-07"
6137,"CUS006137","Madison Evans","Online Reseller","Nottingham","United Kingdom","2023-08-02"
6138,"CUS006138","Amanda Brooks","Small Business","Dublin","Ireland","2022-09-19"
6139,"CUS006139","Colin Castro","Corporate","New York","USA","2023-06-02"
6140,"CUS006140","John Lewis","Small Business","Cork","Ireland","2024-10-18"
6141,"CUS006141","John Clark","Consumer","Bristol","United Kingdom","2023-08-23"
6142,"CUS006142","Scott Brennan","Consumer","Rotterdam","Netherlands","2020-09-03"
6143,"CUS006143","David Nelson","Consumer","Berlin","Germany","2024-12-30"
6144,"CUS006144","Paul Hall","Consumer","Paris","France","2020-11-05"
6145,"CUS006145","Daniel Smith","Small Business","New York","USA","2020-03-29"
6146,"CUS006146","Robert Barnes","Consumer","Dublin","Ireland","2021-05-08"
6147,"CUS006147","Michael Valencia","Consumer","Birmingham","United Kingdom","2023-10-16"
6148,"CUS006148","Lisa Sanford","Corporate","Munich","Germany","2023-09-27"
6149,"CUS006149","Laura Thompson","Corporate","Cork","Ireland","2024-08-19"
6150,"CUS006150","Shannon Mays","Consumer","Leeds","United Kingdom","2025-03-09"
6151,"CUS006151","Pamela Pitts","Corporate","Manchester","United Kingdom","2025-06-11"
6152,"CUS006152","Heather Foley","Consumer","Birmingham","United Kingdom","2020-08-23"
6153,"CUS006153","Ronald Murphy","Corporate","Manchester","United Kingdom","2019-11-29"
6154,"CUS006154","Jody Singleton","Small Business","Barcelona","Spain","2022-09-12"
6155,"CUS006155","Derek Gonzalez","Small Business","Berlin","Germany","2024-06-24"
6156,"CUS006156","Jessica Tran","Consumer","Bristol","United Kingdom","2022-02-06"
6157,"CUS006157","Barbara Garcia","Consumer","Bristol","United Kingdom","2022-04-07"
6158,"CUS006158","Ronnie Nelson","Corporate","Barcelona","Spain","2020-10-02"
6159,"CUS006159","Sandra Harris","Small Business","Manchester","United Kingdom","2020-04-27"
6160,"CUS006160","Leslie Wolf","Consumer","Austin","USA","2021-11-19"
6161,"CUS006161","Katie Harris","Corporate","Manchester","United Kingdom","2022-12-27"
6162,"CUS006162","Matthew Howard","Small Business","New York","USA","2023-11-21"
6163,"CUS006163","Morgan Lewis","Corporate","Nottingham","United Kingdom","2023-12-10"
6164,"CUS006164","John Smith","Consumer","Cork","Ireland","2019-02-02"
6165,"CUS006165","David Smith","Corporate","Madrid","Spain","2021-04-26"
6166,"CUS006166","Thomas Mcmahon","Small Business","Birmingham","United Kingdom","2019-09-07"
6167,"CUS006167","Jose Walsh","Small Business","Rotterdam","Netherlands","2019-06-04"
6168,"CUS006168","Alexander Gardner","Consumer","Bristol","United Kingdom","2024-05-01"
6169,"CUS006169","Gregory Cobb","Consumer","Paris","France","2022-02-24"
6170,"CUS006170","Tammy Jones","Consumer","Birmingham","United Kingdom","2025-01-26"
6171,"CUS006171","Shannon Hall","Consumer","New York","USA","2025-09-24"
6172,"CUS006172","Andrew Pearson","Consumer","Leeds","United Kingdom","2019-07-19"
6173,"CUS006173","Cesar Adams","Small Business","Hamburg","Germany","2023-11-21"
6174,"CUS006174","Alejandro Zimmerman","Online Reseller","Paris","France","2024-09-04"
6175,"CUS006175","Kevin Padilla Jr.","Consumer","Barcelona","Spain","2021-04-15"
6176,"CUS006176","Devin Cuevas","Corporate","Manchester","United Kingdom","2019-10-22"
6177,"CUS006177","Juan Jones","Small Business","Rotterdam","Netherlands","2023-12-02"
6178,"CUS006178","Michelle Collins","Small Business","Chicago","USA","2024-11-28"
6179,"CUS006179","Tammy Thomas","Consumer","Bristol","United Kingdom","2022-11-17"
6180,"CUS006180","Tristan Johnson","Consumer","Manchester","United Kingdom","2019-03-06"
6181,"CUS006181","Kristin Hernandez","Consumer","Birmingham","United Kingdom","2023-05-29"
6182,"CUS006182","David Mahoney","Consumer","Leeds","United Kingdom","2021-12-30"
6183,"CUS006183","Clifford Brooks","Corporate","Barcelona","Spain","2020-07-18"
6184,"CUS006184","Sarah Leon MD","Corporate","Dublin","Ireland","2021-04-24"
6185,"CUS006185","Ronnie Benson","Small Business","Bristol","United Kingdom","2022-05-09"
6186,"CUS006186","Carrie Garcia","Consumer","Berlin","Germany","2020-09-19"
6187,"CUS006187","Lisa Johnson","Consumer","Chicago","USA","2020-09-20"
6188,"CUS006188","Joseph Garcia","Corporate","Chicago","USA","2020-11-30"
6189,"CUS006189","Anthony Smith","Online Reseller","Barcelona","Spain","2021-06-09"
6190,"CUS006190","Joan Delgado","Corporate","Berlin","Germany","2024-02-03"
6191,"CUS006191","Timothy Maxwell","Consumer","Manchester","United Kingdom","2020-01-01"
6192,"CUS006192","George Sparks","Consumer","Barcelona","Spain","2021-11-30"
6193,"CUS006193","Robert Griffith","Consumer","Birmingham","United Kingdom","2024-05-10"
6194,"CUS006194","Isaac Ortiz","Consumer","Lyon","France","2023-06-08"
6195,"CUS006195","Amanda Morgan","Corporate","Birmingham","United Kingdom","2019-04-02"
6196,"CUS006196","Erik Brown","Consumer","Rotterdam","Netherlands","2025-04-23"
6197,"CUS006197","Chad Moses MD","Corporate","Paris","France","2019-09-22"
6198,"CUS006198","Robert Robinson","Consumer","Cork","Ireland","2020-09-19"
6199,"CUS006199","Collin Osborne","Consumer","Hamburg","Germany","2020-01-29"
6200,"CUS006200","Carolyn Davis","Small Business","Austin","USA","2022-10-20"
6201,"CUS006201","Robert Knight","Consumer","Nottingham","United Kingdom","2022-02-02"
6202,"CUS006202","Kaitlyn Jones","Consumer","Berlin","Germany","2021-09-28"
6203,"CUS006203","Charles Wilson","Corporate","Cork","Ireland","2024-05-03"
6204,"CUS006204","Dawn Berg","Consumer","Leeds","United Kingdom","2023-04-03"
6205,"CUS006205","Diana Russell","Small Business","Austin","USA","2024-05-25"
6206,"CUS006206","Jon Hudson","Consumer","Manchester","United Kingdom","2025-11-14"
6207,"CUS006207","Wendy Jones","Corporate","Glasgow","United Kingdom","2022-06-07"
6208,"CUS006208","Jordan Torres","Consumer","Glasgow","United Kingdom","2024-04-12"
6209,"CUS006209","William Thomas","Consumer","Paris","France","2023-08-09"
6210,"CUS006210","Eric Vincent","Online Reseller","New York","USA","2019-01-11"
6211,"CUS006211","Bonnie Ward","Small Business","Rotterdam","Netherlands","2019-08-09"
6212,"CUS006212","James Thomas","Consumer","Dublin","Ireland","2020-04-06"
6213,"CUS006213","Thomas Nelson","Corporate","Manchester","United Kingdom","2024-03-26"
6214,"CUS006214","Troy Sloan","Corporate","Nottingham","United Kingdom","2020-03-25"
6215,"CUS006215","Alice Nelson","Corporate","Manchester","United Kingdom","2024-03-08"
6216,"CUS006216","Jill Kirby","Small Business","Dublin","Ireland","2025-11-22"
6217,"CUS006217","Jamie Johnson","Corporate","Madrid","Spain","2021-12-10"
6218,"CUS006218","Jennifer Garrett","Consumer","Lyon","France","2022-12-14"
6219,"CUS006219","Danny Anderson","Online Reseller","Barcelona","Spain","2022-10-11"
6220,"CUS006220","Matthew Morrison","Consumer","Nottingham","United Kingdom","2022-01-12"
6221,"CUS006221","Justin Waller","Consumer","Lyon","France","2023-05-31"
6222,"CUS006222","Debra Cooper","Consumer","Hamburg","Germany","2021-05-26"
6223,"CUS006223","Lauren Bell","Consumer","Munich","Germany","2020-08-15"
6224,"CUS006224","Carlos Rodriguez","Consumer","Munich","Germany","2019-03-14"
6225,"CUS006225","Emma Conrad","Consumer","Rotterdam","Netherlands","2025-09-14"
6226,"CUS006226","Sarah Jackson","Consumer","Leeds","United Kingdom","2024-08-16"
6227,"CUS006227","Stanley Holder","Consumer","Leeds","United Kingdom","2020-09-28"
6228,"CUS006228","Morgan Lang","Small Business","Austin","USA","2021-12-11"
6229,"CUS006229","Dawn Hawkins","Small Business","Berlin","Germany","2023-08-09"
6230,"CUS006230","Susan Palmer","Corporate","London","United Kingdom","2022-05-21"
6231,"CUS006231","Daniel Gray","Consumer","Manchester","United Kingdom","2020-02-21"
6232,"CUS006232","Adam Fox","Corporate","Glasgow","United Kingdom","2023-12-27"
6233,"CUS006233","David Dixon","Consumer","Paris","France","2024-07-11"
6234,"CUS006234","Robert Grant","Corporate","Lyon","France","2021-10-02"
6235,"CUS006235","Justin Armstrong","Corporate","Madrid","Spain","2022-08-01"
6236,"CUS006236","Manuel Bradley Jr.","Consumer","Berlin","Germany","2021-06-06"
6237,"CUS006237","Anthony Duncan","Consumer","Cork","Ireland","2023-07-07"
6238,"CUS006238","Kendra Colon","Consumer","Leeds","United Kingdom","2025-10-28"
6239,"CUS006239","Vanessa Long","Consumer","New York","USA","2024-02-28"
6240,"CUS006240","Lori Bass","Consumer","Bristol","United Kingdom","2019-06-11"
6241,"CUS006241","Veronica Ramirez","Corporate","Chicago","USA","2023-04-19"
6242,"CUS006242","Jeffrey Cole","Corporate","Cork","Ireland","2024-06-25"
6243,"CUS006243","Kathy Wilson","Corporate","Hamburg","Germany","2024-12-06"
6244,"CUS006244","Kelsey Flores","Consumer","Bristol","United Kingdom","2020-10-01"
6245,"CUS006245","Charles Foley","Consumer","Glasgow","United Kingdom","2021-08-26"
6246,"CUS006246","Zachary Gonzalez","Consumer","Lyon","France","2021-10-20"
6247,"CUS006247","Melissa Newton","Small Business","London","United Kingdom","2024-06-16"
6248,"CUS006248","Heather Murphy","Small Business","Barcelona","Spain","2022-12-29"
6249,"CUS006249","Pam Smith","Consumer","Lyon","France","2019-08-25"
6250,"CUS006250","Joshua Bennett","Consumer","Dublin","Ireland","2021-05-28"
6251,"CUS006251","Natasha Mcknight","Online Reseller","Nottingham","United Kingdom","2021-08-02"
6252,"CUS006252","Kirk Salazar","Small Business","New York","USA","2025-11-12"
6253,"CUS006253","Joseph Tate","Consumer","Manchester","United Kingdom","2025-10-08"
6254,"CUS006254","Ann King","Consumer","Cork","Ireland","2022-06-22"
6255,"CUS006255","Aaron Riley","Consumer","Madrid","Spain","2021-07-10"
6256,"CUS006256","Anna Bradley","Small Business","Bristol","United Kingdom","2025-05-14"
6257,"CUS006257","Brittany Young","Small Business","Glasgow","United Kingdom","2019-09-14"
6258,"CUS006258","Christina Bryant","Consumer","Barcelona","Spain","2019-04-02"
6259,"CUS006259","Megan Landry","Small Business","Glasgow","United Kingdom","2019-02-15"
6260,"CUS006260","Julia Moran","Corporate","Lyon","France","2021-07-24"
6261,"CUS006261","Adam Pope","Consumer","Austin","USA","2023-02-03"
6262,"CUS006262","Joshua Kirby","Consumer","Berlin","Germany","2019-04-14"
6263,"CUS006263","Scott Browning","Consumer","Cork","Ireland","2023-08-28"
6264,"CUS006264","Zachary Price","Consumer","Bristol","United Kingdom","2025-08-18"
6265,"CUS006265","Alexander Carlson","Consumer","Madrid","Spain","2024-09-05"
6266,"CUS006266","Leah Ramirez","Consumer","Rotterdam","Netherlands","2025-07-17"
6267,"CUS006267","Jeffrey Zamora","Consumer","Glasgow","United Kingdom","2020-06-10"
6268,"CUS006268","Dana Griffin","Consumer","Madrid","Spain","2020-11-12"
6269,"CUS006269","Kelly Miller","Small Business","London","United Kingdom","2019-12-05"
6270,"CUS006270","Larry Brewer","Small Business","Barcelona","Spain","2025-02-16"
6271,"CUS006271","Erin Thomas","Small Business","Berlin","Germany","2022-06-07"
6272,"CUS006272","Renee Hernandez","Small Business","Glasgow","United Kingdom","2024-01-24"
6273,"CUS006273","Mark Ballard","Consumer","Barcelona","Spain","2023-03-05"
6274,"CUS006274","Andrea Harris","Consumer","Paris","France","2022-07-22"
6275,"CUS006275","Diamond Jenkins","Consumer","Nottingham","United Kingdom","2020-02-04"
6276,"CUS006276","James Andrews","Consumer","Austin","USA","2022-11-04"
6277,"CUS006277","Diane Zamora","Small Business","Leeds","United Kingdom","2021-02-07"
6278,"CUS006278","Jared Alexander","Corporate","Dublin","Ireland","2020-08-14"
6279,"CUS006279","Anna Pierce","Small Business","Birmingham","United Kingdom","2025-01-20"
6280,"CUS006280","Mathew Smith","Consumer","Birmingham","United Kingdom","2023-10-23"
6281,"CUS006281","Randy Kent","Consumer","Dublin","Ireland","2022-02-18"
6282,"CUS006282","Brittany Taylor","Consumer","Amsterdam","Netherlands","2020-07-05"
6283,"CUS006283","Jeremy Nielsen","Consumer","Nottingham","United Kingdom","2024-11-09"
6284,"CUS006284","Aaron Woodward","Consumer","London","United Kingdom","2019-09-02"
6285,"CUS006285","Andrew Reed","Consumer","Amsterdam","Netherlands","2020-11-23"
6286,"CUS006286","Kathleen Barker","Consumer","Munich","Germany","2019-01-07"
6287,"CUS006287","Julie Clarke","Small Business","Cork","Ireland","2024-04-03"
6288,"CUS006288","Wesley Jenkins","Corporate","Madrid","Spain","2019-02-13"
6289,"CUS006289","Timothy Cooper","Consumer","Barcelona","Spain","2025-02-04"
6290,"CUS006290","Adam Miller","Consumer","Leeds","United Kingdom","2025-10-08"
6291,"CUS006291","Wendy Castro","Consumer","Leeds","United Kingdom","2024-05-31"
6292,"CUS006292","Michael Rodriguez","Corporate","Paris","France","2021-01-29"
6293,"CUS006293","Jason Jones","Consumer","Barcelona","Spain","2022-02-28"
6294,"CUS006294","Mark Murphy","Consumer","Hamburg","Germany","2019-07-22"
6295,"CUS006295","Donna Cline","Consumer","Paris","France","2025-06-10"
6296,"CUS006296","Stephen Brown","Small Business","London","United Kingdom","2020-10-24"
6297,"CUS006297","Colleen Baker","Corporate","Manchester","United Kingdom","2023-06-29"
6298,"CUS006298","Anthony Anderson","Consumer","Leeds","United Kingdom","2020-03-23"
6299,"CUS006299","Charles Miller","Consumer","Berlin","Germany","2022-08-15"
6300,"CUS006300","Shawn Solomon","Small Business","Austin","USA","2025-10-31"
6301,"CUS006301","Stuart Bradley","Small Business","Lyon","France","2021-10-21"
6302,"CUS006302","Lori Jones MD","Consumer","Austin","USA","2025-05-01"
6303,"CUS006303","Tanner Potts","Corporate","Chicago","USA","2021-07-28"
6304,"CUS006304","Alexandra Moss","Small Business","Manchester","United Kingdom","2020-04-13"
6305,"CUS006305","Frederick Sosa","Corporate","Lyon","France","2020-05-20"
6306,"CUS006306","Monica Beltran","Small Business","Hamburg","Germany","2025-04-07"
6307,"CUS006307","James Williams","Consumer","Berlin","Germany","2025-02-09"
6308,"CUS006308","Mary English","Consumer","Leeds","United Kingdom","2019-02-14"
6309,"CUS006309","Jennifer Robinson","Consumer","Dublin","Ireland","2022-09-22"
6310,"CUS006310","Janet Burch","Corporate","Madrid","Spain","2023-06-19"
6311,"CUS006311","Brandon Young","Online Reseller","Chicago","USA","2023-07-03"
6312,"CUS006312","Nathan Lindsey","Consumer","New York","USA","2023-10-01"
6313,"CUS006313","Dr. Ellen Bruce","Corporate","Berlin","Germany","2024-09-20"
6314,"CUS006314","Gregory Woodward","Consumer","Cork","Ireland","2020-08-02"
6315,"CUS006315","Zachary Nichols","Consumer","Amsterdam","Netherlands","2023-02-16"
6316,"CUS006316","Evan Garcia","Small Business","Hamburg","Germany","2021-02-25"
6317,"CUS006317","Samantha Barnett","Consumer","Paris","France","2023-01-23"
6318,"CUS006318","Jesse Smith","Consumer","Glasgow","United Kingdom","2019-12-12"
6319,"CUS006319","Jason Lamb","Small Business","Cork","Ireland","2023-03-26"
6320,"CUS006320","Tara Logan","Corporate","Hamburg","Germany","2020-05-15"
6321,"CUS006321","Savannah Hill","Corporate","London","United Kingdom","2022-05-31"
6322,"CUS006322","Timothy Suarez","Small Business","Glasgow","United Kingdom","2020-09-08"
6323,"CUS006323","Jennifer Gardner","Consumer","Madrid","Spain","2025-05-29"
6324,"CUS006324","Sarah Tyler","Online Reseller","Birmingham","United Kingdom","2025-07-15"
6325,"CUS006325","John Miller","Online Reseller","Paris","France","2022-10-20"
6326,"CUS006326","Anthony Clark","Consumer","Austin","USA","2024-07-11"
6327,"CUS006327","Jason Cantu","Small Business","Madrid","Spain","2019-04-20"
6328,"CUS006328","Elizabeth Cunningham","Consumer","Manchester","United Kingdom","2024-01-25"
6329,"CUS006329","Valerie Martinez MD","Consumer","Barcelona","Spain","2021-11-04"
6330,"CUS006330","Daniel Brown","Consumer","Barcelona","Spain","2020-01-17"
6331,"CUS006331","Sherry Molina","Consumer","Barcelona","Spain","2021-08-07"
6332,"CUS006332","Theresa Hernandez","Corporate","Austin","USA","2022-08-06"
6333,"CUS006333","Mark Bridges","Consumer","Leeds","United Kingdom","2021-11-26"
6334,"CUS006334","Nicole Martin","Consumer","Birmingham","United Kingdom","2023-07-12"
6335,"CUS006335","Richard Smith","Small Business","Cork","Ireland","2019-02-08"
6336,"CUS006336","Michael Owen","Consumer","London","United Kingdom","2025-08-01"
6337,"CUS006337","Anita Martinez","Corporate","Chicago","USA","2021-08-13"
6338,"CUS006338","Lisa Schroeder","Small Business","Rotterdam","Netherlands","2019-07-02"
6339,"CUS006339","Angela Thomas","Consumer","London","United Kingdom","2023-09-18"
6340,"CUS006340","Scott Patterson","Corporate","Austin","USA","2022-09-27"
6341,"CUS006341","George Willis","Small Business","Barcelona","Spain","2021-12-17"
6342,"CUS006342","Shannon Shaw","Consumer","Barcelona","Spain","2019-01-02"
6343,"CUS006343","Austin Black","Small Business","Manchester","United Kingdom","2019-06-26"
6344,"CUS006344","Jennifer Johnson","Small Business","Hamburg","Germany","2023-12-03"
6345,"CUS006345","David Schroeder","Small Business","New York","USA","2025-01-26"
6346,"CUS006346","Brett Garcia","Consumer","Manchester","United Kingdom","2022-10-28"
6347,"CUS006347","Brandon Ochoa","Consumer","Amsterdam","Netherlands","2024-02-07"
6348,"CUS006348","Craig Brady","Small Business","Hamburg","Germany","2023-01-14"
6349,"CUS006349","Nicholas Wright","Small Business","Austin","USA","2024-05-09"
6350,"CUS006350","Michael Williams","Consumer","Nottingham","United Kingdom","2019-07-29"
6351,"CUS006351","Tiffany Coleman","Consumer","Cork","Ireland","2024-01-16"
6352,"CUS006352","Cynthia Thomas","Corporate","Bristol","United Kingdom","2023-09-10"
6353,"CUS006353","Maria Wagner","Consumer","London","United Kingdom","2024-02-11"
6354,"CUS006354","Anthony Martin","Corporate","Leeds","United Kingdom","2021-05-10"
6355,"CUS006355","Mrs. Linda Pierce DDS","Consumer","Manchester","United Kingdom","2019-04-12"
6356,"CUS006356","Tina Miller","Consumer","Austin","USA","2024-09-09"
6357,"CUS006357","Amanda Smith","Consumer","Bristol","United Kingdom","2022-11-29"
6358,"CUS006358","Timothy Li","Small Business","New York","USA","2023-04-02"
6359,"CUS006359","Paul Crawford","Corporate","Austin","USA","2023-07-29"
6360,"CUS006360","Rodney Gill","Consumer","Birmingham","United Kingdom","2023-08-06"
6361,"CUS006361","Amber Curry","Consumer","Chicago","USA","2023-12-19"
6362,"CUS006362","Nina Henson","Consumer","Rotterdam","Netherlands","2023-03-15"
6363,"CUS006363","William Kelly","Corporate","Dublin","Ireland","2023-07-23"
6364,"CUS006364","Vanessa Ewing","Consumer","London","United Kingdom","2025-08-10"
6365,"CUS006365","Deanna Perkins","Small Business","Bristol","United Kingdom","2023-12-24"
6366,"CUS006366","William Owens","Consumer","Glasgow","United Kingdom","2023-11-29"
6367,"CUS006367","Sharon Morse","Consumer","Chicago","USA","2025-03-18"
6368,"CUS006368","Angela Mullen","Consumer","Berlin","Germany","2019-05-14"
6369,"CUS006369","George Martin","Small Business","Bristol","United Kingdom","2022-03-23"
6370,"CUS006370","John Jackson","Consumer","London","United Kingdom","2021-09-17"
6371,"CUS006371","Sharon Wallace","Consumer","London","United Kingdom","2025-08-11"
6372,"CUS006372","Kaitlyn Chan","Consumer","Barcelona","Spain","2019-04-03"
6373,"CUS006373","Amy Perez","Small Business","Austin","USA","2023-03-28"
6374,"CUS006374","Jason Simmons","Corporate","Munich","Germany","2019-01-10"
6375,"CUS006375","Kayla Maxwell","Corporate","Manchester","United Kingdom","2021-02-20"
6376,"CUS006376","Ruben Anderson","Small Business","Birmingham","United Kingdom","2022-08-16"
6377,"CUS006377","Kyle Chang","Consumer","Austin","USA","2020-07-13"
6378,"CUS006378","Janet Castillo","Consumer","Dublin","Ireland","2019-07-18"
6379,"CUS006379","Kimberly Washington","Small Business","Leeds","United Kingdom","2021-12-21"
6380,"CUS006380","Amanda Johns","Corporate","Glasgow","United Kingdom","2022-03-22"
6381,"CUS006381","Ashley Leach","Consumer","Munich","Germany","2020-04-21"
6382,"CUS006382","Dustin Smith","Consumer","Madrid","Spain","2023-01-23"
6383,"CUS006383","Kimberly Mueller","Small Business","Manchester","United Kingdom","2024-12-08"
6384,"CUS006384","Wesley Johnson","Consumer","Chicago","USA","2023-12-24"
6385,"CUS006385","David Parrish","Online Reseller","Manchester","United Kingdom","2023-02-04"
6386,"CUS006386","Randy Lewis","Consumer","Nottingham","United Kingdom","2023-10-04"
6387,"CUS006387","Cody Cordova","Online Reseller","Hamburg","Germany","2025-02-07"
6388,"CUS006388","Kevin Clarke","Consumer","Bristol","United Kingdom","2021-07-25"
6389,"CUS006389","Michael Reyes","Consumer","New York","USA","2021-10-17"
6390,"CUS006390","Jesus Ross","Consumer","Rotterdam","Netherlands","2020-01-17"
6391,"CUS006391","James Ramos","Small Business","Hamburg","Germany","2025-04-13"
6392,"CUS006392","Andrea Harvey","Small Business","Leeds","United Kingdom","2025-08-21"
6393,"CUS006393","Kenneth Haas","Consumer","Austin","USA","2024-04-17"
6394,"CUS006394","Melissa Ayers","Consumer","Munich","Germany","2024-10-28"
6395,"CUS006395","Ann Brown","Consumer","Dublin","Ireland","2020-10-07"
6396,"CUS006396","Jason Evans","Consumer","Austin","USA","2023-08-02"
6397,"CUS006397","Benjamin Castillo","Consumer","Glasgow","United Kingdom","2025-06-23"
6398,"CUS006398","Craig Williams","Consumer","Manchester","United Kingdom","2019-02-04"
6399,"CUS006399","Robin Mills","Consumer","Glasgow","United Kingdom","2025-03-30"
6400,"CUS006400","Richard Campbell","Consumer","Cork","Ireland","2022-08-20"
6401,"CUS006401","Paul Rodriguez","Consumer","Nottingham","United Kingdom","2024-06-20"
6402,"CUS006402","Courtney Taylor","Consumer","Bristol","United Kingdom","2019-03-28"
6403,"CUS006403","Eileen Jones","Corporate","London","United Kingdom","2019-01-15"
6404,"CUS006404","Eric Rodriguez","Consumer","Leeds","United Kingdom","2023-02-10"
6405,"CUS006405","Robert Jones","Consumer","Madrid","Spain","2024-12-10"
6406,"CUS006406","Scott Williams","Corporate","Dublin","Ireland","2019-10-07"
6407,"CUS006407","Thomas Bennett","Consumer","Manchester","United Kingdom","2020-06-23"
6408,"CUS006408","Pamela Klein","Corporate","Rotterdam","Netherlands","2019-03-15"
6409,"CUS006409","Melissa Powell PhD","Consumer","Chicago","USA","2025-05-28"
6410,"CUS006410","Sean Mendez","Consumer","Manchester","United Kingdom","2019-07-28"
6411,"CUS006411","Eric Davis","Consumer","Bristol","United Kingdom","2024-05-25"
6412,"CUS006412","Alan Wilson","Consumer","Munich","Germany","2025-02-01"
6413,"CUS006413","Susan Fisher","Consumer","Madrid","Spain","2025-06-04"
6414,"CUS006414","Brittney Wagner","Consumer","Barcelona","Spain","2021-09-01"
6415,"CUS006415","Rachel Foley","Consumer","Paris","France","2019-02-12"
6416,"CUS006416","John Arnold","Consumer","Glasgow","United Kingdom","2021-11-29"
6417,"CUS006417","Phillip Lin","Consumer","Birmingham","United Kingdom","2020-07-05"
6418,"CUS006418","Randy Bullock","Consumer","Nottingham","United Kingdom","2024-12-17"
6419,"CUS006419","Erin Garcia","Consumer","Bristol","United Kingdom","2024-02-29"
6420,"CUS006420","Jacob Hart","Consumer","Manchester","United Kingdom","2020-03-13"
6421,"CUS006421","Gloria Green","Corporate","Munich","Germany","2024-06-02"
6422,"CUS006422","Todd Williams","Corporate","Paris","France","2022-12-06"
6423,"CUS006423","Linda Martin","Consumer","London","United Kingdom","2025-04-22"
6424,"CUS006424","Alicia Phillips","Corporate","Bristol","United Kingdom","2020-06-01"
6425,"CUS006425","Peter Kirby","Consumer","Bristol","United Kingdom","2025-05-03"
6426,"CUS006426","Douglas Mejia","Small Business","Nottingham","United Kingdom","2025-06-14"
6427,"CUS006427","Andrew Brown","Small Business","Paris","France","2025-07-26"
6428,"CUS006428","Joe Brown","Corporate","London","United Kingdom","2020-02-27"
6429,"CUS006429","Barbara Cruz","Small Business","Bristol","United Kingdom","2022-08-14"
6430,"CUS006430","Matthew Schmidt","Consumer","New York","USA","2021-05-14"
6431,"CUS006431","Crystal Beck","Consumer","Austin","USA","2022-03-02"
6432,"CUS006432","Brent Stewart","Small Business","Berlin","Germany","2024-03-26"
6433,"CUS006433","Kerri Parsons","Consumer","Leeds","United Kingdom","2020-03-29"
6434,"CUS006434","Elizabeth Jones","Small Business","Barcelona","Spain","2022-05-09"
6435,"CUS006435","Ryan Thornton","Small Business","Munich","Germany","2025-07-15"
6436,"CUS006436","Janet Martin","Consumer","Leeds","United Kingdom","2025-09-28"
6437,"CUS006437","David Walton","Consumer","Birmingham","United Kingdom","2019-10-15"
6438,"CUS006438","Jennifer Hernandez","Corporate","Bristol","United Kingdom","2024-04-08"
6439,"CUS006439","Justin Bass","Small Business","New York","USA","2023-11-14"
6440,"CUS006440","Joan Patterson MD","Consumer","Lyon","France","2021-11-22"
6441,"CUS006441","Steven Vega","Consumer","Bristol","United Kingdom","2022-11-04"
6442,"CUS006442","Tracy Heath","Consumer","Rotterdam","Netherlands","2020-11-05"
6443,"CUS006443","Terri Clark","Consumer","Munich","Germany","2020-03-27"
6444,"CUS006444","Tammie Alvarez","Small Business","Leeds","United Kingdom","2022-06-13"
6445,"CUS006445","Heather Martinez","Small Business","Birmingham","United Kingdom","2019-06-26"
6446,"CUS006446","Jessica Gordon","Small Business","Amsterdam","Netherlands","2021-07-16"
6447,"CUS006447","Anthony Huang","Corporate","Birmingham","United Kingdom","2022-04-30"
6448,"CUS006448","Rebecca Holmes","Corporate","Leeds","United Kingdom","2023-09-12"
6449,"CUS006449","Wendy Garza","Corporate","Madrid","Spain","2025-05-13"
6450,"CUS006450","Anthony Cook","Consumer","Birmingham","United Kingdom","2022-12-22"
6451,"CUS006451","David Smith","Consumer","Cork","Ireland","2022-03-25"
6452,"CUS006452","Melissa Acevedo","Consumer","Rotterdam","Netherlands","2020-07-20"
6453,"CUS006453","Brianna Gonzalez","Corporate","Manchester","United Kingdom","2019-05-16"
6454,"CUS006454","Bradley Conway","Corporate","Glasgow","United Kingdom","2019-08-06"
6455,"CUS006455","Joanna Lynn","Corporate","Berlin","Germany","2022-01-04"
6456,"CUS006456","Emily Maldonado","Small Business","Madrid","Spain","2022-09-22"
6457,"CUS006457","Jennifer Brown","Consumer","London","United Kingdom","2020-04-10"
6458,"CUS006458","Kurt Ford","Small Business","New York","USA","2023-06-11"
6459,"CUS006459","Hailey Moore","Consumer","Nottingham","United Kingdom","2022-09-06"
6460,"CUS006460","Laurie Huffman","Consumer","Glasgow","United Kingdom","2019-02-17"
6461,"CUS006461","Richard Green","Consumer","Lyon","France","2025-11-05"
6462,"CUS006462","Karen Dalton","Online Reseller","New York","USA","2025-11-06"
6463,"CUS006463","Bianca Chandler","Consumer","Cork","Ireland","2022-06-08"
6464,"CUS006464","Michael Thompson","Consumer","Birmingham","United Kingdom","2021-09-19"
6465,"CUS006465","Karen Rodriguez","Corporate","Rotterdam","Netherlands","2023-08-29"
6466,"CUS006466","John Watson","Small Business","Barcelona","Spain","2019-12-04"
6467,"CUS006467","Jessica Martinez","Small Business","Madrid","Spain","2019-03-23"
6468,"CUS006468","Jay Brown IV","Consumer","New York","USA","2020-10-31"
6469,"CUS006469","Kimberly Wilson","Corporate","Chicago","USA","2021-08-25"
6470,"CUS006470","Juan Ray","Consumer","Nottingham","United Kingdom","2021-04-10"
6471,"CUS006471","James Case","Consumer","Birmingham","United Kingdom","2019-06-05"
6472,"CUS006472","Tina Smith","Consumer","Paris","France","2024-01-31"
6473,"CUS006473","Renee Lopez","Small Business","Glasgow","United Kingdom","2022-06-30"
6474,"CUS006474","Nicole Cooley","Consumer","Leeds","United Kingdom","2021-10-18"
6475,"CUS006475","Dr. Alexis Shea","Consumer","Rotterdam","Netherlands","2019-08-04"
6476,"CUS006476","Cathy Sanders","Consumer","Chicago","USA","2021-10-15"
6477,"CUS006477","Billy Henderson Jr.","Consumer","Birmingham","United Kingdom","2020-08-11"
6478,"CUS006478","John Eaton","Consumer","Austin","USA","2023-11-09"
6479,"CUS006479","Daniel Cuevas","Small Business","Manchester","United Kingdom","2022-01-01"
6480,"CUS006480","Cory Eaton","Corporate","Madrid","Spain","2022-06-06"
6481,"CUS006481","Grant Smith","Corporate","Barcelona","Spain","2022-02-09"
6482,"CUS006482","Kevin Clark","Corporate","London","United Kingdom","2025-08-13"
6483,"CUS006483","Jimmy King","Consumer","Rotterdam","Netherlands","2024-04-04"
6484,"CUS006484","Kenneth Farrell","Consumer","Berlin","Germany","2021-03-22"
6485,"CUS006485","Jessica Hart","Small Business","Glasgow","United Kingdom","2020-02-08"
6486,"CUS006486","Jessica Allen","Consumer","Amsterdam","Netherlands","2024-05-25"
6487,"CUS006487","Kimberly Rubio","Consumer","Manchester","United Kingdom","2021-05-02"
6488,"CUS006488","James Spears","Consumer","London","United Kingdom","2020-02-20"
6489,"CUS006489","Christopher Bailey","Consumer","Amsterdam","Netherlands","2024-05-02"
6490,"CUS006490","Sabrina Pierce","Corporate","Madrid","Spain","2025-01-15"
6491,"CUS006491","Larry Rojas","Small Business","Bristol","United Kingdom","2020-10-06"
6492,"CUS006492","Joel Moore","Consumer","London","United Kingdom","2022-08-20"
6493,"CUS006493","Catherine Callahan","Consumer","Barcelona","Spain","2021-10-15"
6494,"CUS006494","Kenneth Short","Consumer","Chicago","USA","2019-04-27"
6495,"CUS006495","Matthew Evans","Consumer","Dublin","Ireland","2022-12-31"
6496,"CUS006496","Ruth Brown","Consumer","Glasgow","United Kingdom","2025-08-04"
6497,"CUS006497","Michelle Chavez","Corporate","Barcelona","Spain","2019-08-03"
6498,"CUS006498","Samantha Chavez","Small Business","London","United Kingdom","2022-05-10"
6499,"CUS006499","Matthew Kelly","Consumer","Barcelona","Spain","2019-11-19"
6500,"CUS006500","John Hanson","Consumer","Berlin","Germany","2023-03-05"
6501,"CUS006501","Jacqueline Chavez","Consumer","Amsterdam","Netherlands","2024-09-22"
6502,"CUS006502","Scott Graham","Online Reseller","New York","USA","2024-10-18"
6503,"CUS006503","Jennifer Simpson","Small Business","Nottingham","United Kingdom","2022-11-15"
6504,"CUS006504","Jason Pitts","Corporate","Barcelona","Spain","2021-07-03"
6505,"CUS006505","Joshua Ortega","Corporate","Chicago","USA","2021-11-06"
6506,"CUS006506","Krystal Kirby","Corporate","Madrid","Spain","2024-04-10"
6507,"CUS006507","Anthony Lopez","Consumer","Bristol","United Kingdom","2022-07-10"
6508,"CUS006508","Jacob Bryan","Small Business","Nottingham","United Kingdom","2023-05-26"
6509,"CUS006509","Robert Harvey","Consumer","London","United Kingdom","2024-10-10"
6510,"CUS006510","Joshua Sloan","Online Reseller","Paris","France","2023-08-05"
6511,"CUS006511","Carrie Moore","Small Business","Glasgow","United Kingdom","2020-05-07"
6512,"CUS006512","Danielle Thompson","Small Business","New York","USA","2019-11-01"
6513,"CUS006513","Dana Jones","Small Business","Lyon","France","2023-11-07"
6514,"CUS006514","James Pearson","Consumer","London","United Kingdom","2019-01-04"
6515,"CUS006515","Scott Brown","Consumer","Dublin","Ireland","2022-03-30"
6516,"CUS006516","Monica Hays","Corporate","Manchester","United Kingdom","2023-04-28"
6517,"CUS006517","Robert Vega","Corporate","Cork","Ireland","2023-09-17"
6518,"CUS006518","Scott Carpenter","Small Business","Munich","Germany","2022-06-07"
6519,"CUS006519","Rhonda Mitchell","Corporate","London","United Kingdom","2023-09-27"
6520,"CUS006520","Loretta Fischer","Consumer","Birmingham","United Kingdom","2025-08-25"
6521,"CUS006521","Shaun Phillips","Consumer","Nottingham","United Kingdom","2022-03-11"
6522,"CUS006522","Thomas Vargas","Corporate","Chicago","USA","2019-07-25"
6523,"CUS006523","Robert Johnson","Consumer","Austin","USA","2024-10-04"
6524,"CUS006524","Natalie Cooke","Consumer","Dublin","Ireland","2021-04-28"
6525,"CUS006525","Cameron Church","Online Reseller","Glasgow","United Kingdom","2023-05-20"
6526,"CUS006526","Devin Martin","Online Reseller","Lyon","France","2025-03-22"
6527,"CUS006527","Jill Cook","Online Reseller","Cork","Ireland","2024-04-21"
6528,"CUS006528","Emily Baxter","Consumer","Lyon","France","2022-12-17"
6529,"CUS006529","Brandi Brown","Online Reseller","Madrid","Spain","2019-05-25"
6530,"CUS006530","Walter Morales","Consumer","Lyon","France","2023-06-28"
6531,"CUS006531","Joe Chapman","Small Business","Austin","USA","2023-04-07"
6532,"CUS006532","Austin Smith","Consumer","Dublin","Ireland","2020-10-01"
6533,"CUS006533","Reginald Adams","Small Business","New York","USA","2025-03-19"
6534,"CUS006534","Dale West","Online Reseller","Bristol","United Kingdom","2022-04-04"
6535,"CUS006535","Rebecca Willis","Consumer","Bristol","United Kingdom","2021-05-13"
6536,"CUS006536","Jeremy Warner","Consumer","Manchester","United Kingdom","2024-10-13"
6537,"CUS006537","Jaime Sharp","Corporate","Bristol","United Kingdom","2019-04-28"
6538,"CUS006538","Jeff Sampson","Consumer","Madrid","Spain","2023-06-28"
6539,"CUS006539","Chris Farrell","Small Business","Hamburg","Germany","2025-07-20"
6540,"CUS006540","Jennifer Reyes","Consumer","Hamburg","Germany","2021-11-11"
6541,"CUS006541","Brenda Johnson","Corporate","Manchester","United Kingdom","2021-04-17"
6542,"CUS006542","Barbara Stokes","Consumer","Nottingham","United Kingdom","2024-05-23"
6543,"CUS006543","Aaron Watkins","Online Reseller","Nottingham","United Kingdom","2023-04-02"
6544,"CUS006544","Sherry Barrera","Consumer","Cork","Ireland","2019-10-08"
6545,"CUS006545","Chad Brown","Small Business","Rotterdam","Netherlands","2020-02-18"
6546,"CUS006546","Brian Gomez","Consumer","Manchester","United Kingdom","2019-07-06"
6547,"CUS006547","Gary Smith","Small Business","Birmingham","United Kingdom","2023-07-06"
6548,"CUS006548","Daniel Ingram","Consumer","Manchester","United Kingdom","2020-01-02"
6549,"CUS006549","Mark Evans","Consumer","Cork","Ireland","2020-08-23"
6550,"CUS006550","Amber York","Consumer","Nottingham","United Kingdom","2024-12-07"
6551,"CUS006551","Mr. Mark Green","Consumer","Rotterdam","Netherlands","2021-05-26"
6552,"CUS006552","Beth Schwartz","Corporate","Leeds","United Kingdom","2024-05-28"
6553,"CUS006553","Carlos Arellano","Corporate","New York","USA","2020-02-12"
6554,"CUS006554","Cynthia Cardenas","Corporate","Bristol","United Kingdom","2020-03-19"
6555,"CUS006555","Megan Graves","Small Business","Berlin","Germany","2020-03-17"
6556,"CUS006556","Ashley White","Consumer","Birmingham","United Kingdom","2020-09-21"
6557,"CUS006557","Adrienne Ingram","Consumer","Nottingham","United Kingdom","2019-08-24"
6558,"CUS006558","Mr. Johnathan Reyes","Online Reseller","Manchester","United Kingdom","2022-04-03"
6559,"CUS006559","Tonya Gilmore","Corporate","Nottingham","United Kingdom","2022-11-02"
6560,"CUS006560","Leah Andersen","Consumer","Nottingham","United Kingdom","2019-05-30"
6561,"CUS006561","Brandon Salas","Corporate","Paris","France","2024-07-24"
6562,"CUS006562","Carol Mcdonald","Consumer","Leeds","United Kingdom","2024-09-19"
6563,"CUS006563","Donna Hamilton","Consumer","Cork","Ireland","2023-05-24"
6564,"CUS006564","Joseph Fields","Small Business","London","United Kingdom","2022-03-01"
6565,"CUS006565","Heather Rose","Small Business","London","United Kingdom","2019-09-01"
6566,"CUS006566","Patrick Jackson","Consumer","Birmingham","United Kingdom","2021-07-04"
6567,"CUS006567","Melissa Page","Consumer","Birmingham","United Kingdom","2021-07-14"
6568,"CUS006568","Jared Jackson","Corporate","Barcelona","Spain","2022-02-12"
6569,"CUS006569","Deborah Olson","Corporate","Birmingham","United Kingdom","2023-08-18"
6570,"CUS006570","Peggy Cox","Consumer","Manchester","United Kingdom","2023-05-07"
6571,"CUS006571","Shannon Walsh","Consumer","Birmingham","United Kingdom","2021-03-08"
6572,"CUS006572","James Floyd","Corporate","Birmingham","United Kingdom","2023-03-27"
6573,"CUS006573","Justin Thompson","Consumer","Manchester","United Kingdom","2022-09-02"
6574,"CUS006574","Alexa Rodriguez","Consumer","Paris","France","2020-06-05"
6575,"CUS006575","Nicholas Alvarado","Consumer","London","United Kingdom","2022-03-21"
6576,"CUS006576","Carol Andrade","Corporate","Leeds","United Kingdom","2024-01-24"
6577,"CUS006577","Christopher Jenkins","Consumer","Amsterdam","Netherlands","2019-11-19"
6578,"CUS006578","Darlene White","Small Business","Paris","France","2020-02-23"
6579,"CUS006579","Samuel Jackson","Small Business","Madrid","Spain","2024-09-07"
6580,"CUS006580","Thomas Miller","Consumer","Amsterdam","Netherlands","2023-08-18"
6581,"CUS006581","Carrie Smith","Corporate","Nottingham","United Kingdom","2020-04-15"
6582,"CUS006582","Michael Butler","Corporate","Amsterdam","Netherlands","2024-06-21"
6583,"CUS006583","Michael Williams","Small Business","Cork","Ireland","2024-06-13"
6584,"CUS006584","Aaron Sellers","Corporate","Paris","France","2023-04-13"
6585,"CUS006585","Samantha Williams","Consumer","Chicago","USA","2020-07-29"
6586,"CUS006586","Jessica Lopez","Small Business","Cork","Ireland","2022-02-28"
6587,"CUS006587","Dustin Williams","Consumer","London","United Kingdom","2020-10-17"
6588,"CUS006588","Lisa Williams","Corporate","Chicago","USA","2020-09-03"
6589,"CUS006589","Laura Sanchez","Small Business","Birmingham","United Kingdom","2021-02-22"
6590,"CUS006590","Kimberly Thompson","Small Business","New York","USA","2021-08-19"
6591,"CUS006591","Russell Davis","Consumer","Cork","Ireland","2021-07-16"
6592,"CUS006592","Courtney Phelps","Small Business","Madrid","Spain","2019-05-10"
6593,"CUS006593","Jennifer Smith","Corporate","Lyon","France","2025-08-02"
6594,"CUS006594","Julia Hopkins","Small Business","Chicago","USA","2025-10-11"
6595,"CUS006595","Douglas Rodriguez","Corporate","Austin","USA","2019-01-27"
6596,"CUS006596","Jennifer Pittman","Consumer","Nottingham","United Kingdom","2020-01-14"
6597,"CUS006597","Jeffrey Anderson","Small Business","Amsterdam","Netherlands","2025-07-04"
6598,"CUS006598","Michael Reeves","Consumer","Austin","USA","2022-07-15"
6599,"CUS006599","Adrian Nguyen","Online Reseller","Rotterdam","Netherlands","2025-09-20"
6600,"CUS006600","Curtis Henderson","Corporate","Manchester","United Kingdom","2023-08-04"
6601,"CUS006601","Jeffery Thomas","Small Business","Hamburg","Germany","2022-03-31"
6602,"CUS006602","Brian Bird","Consumer","Nottingham","United Kingdom","2019-11-18"
6603,"CUS006603","Rachel Wilson","Small Business","London","United Kingdom","2024-10-13"
6604,"CUS006604","Rebecca Green","Online Reseller","Glasgow","United Kingdom","2025-04-22"
6605,"CUS006605","Traci Evans","Consumer","Lyon","France","2022-11-01"
6606,"CUS006606","Michelle Price","Consumer","Madrid","Spain","2020-04-19"
6607,"CUS006607","Robert Wilson","Corporate","Birmingham","United Kingdom","2022-06-22"
6608,"CUS006608","Julia Marshall","Consumer","Nottingham","United Kingdom","2023-08-24"
6609,"CUS006609","Jasmine Cox","Consumer","Bristol","United Kingdom","2019-07-15"
6610,"CUS006610","Stephanie Goodwin","Consumer","Chicago","USA","2022-04-27"
6611,"CUS006611","Michael Tyler","Consumer","Lyon","France","2019-10-11"
6612,"CUS006612","Catherine Villegas","Consumer","Nottingham","United Kingdom","2022-12-19"
6613,"CUS006613","Sheryl Lamb","Consumer","Chicago","USA","2024-04-24"
6614,"CUS006614","Scott Garcia","Consumer","Glasgow","United Kingdom","2022-09-05"
6615,"CUS006615","Alicia Miller","Corporate","Lyon","France","2019-08-12"
6616,"CUS006616","Lisa Cunningham","Consumer","Cork","Ireland","2021-05-29"
6617,"CUS006617","Michael Williams","Consumer","Rotterdam","Netherlands","2025-07-06"
6618,"CUS006618","Justin Griffin","Consumer","Hamburg","Germany","2025-10-11"
6619,"CUS006619","Derek Mack","Corporate","Madrid","Spain","2021-07-25"
6620,"CUS006620","Derrick Patterson","Consumer","Birmingham","United Kingdom","2021-01-31"
6621,"CUS006621","Craig Holloway","Online Reseller","Chicago","USA","2019-10-18"
6622,"CUS006622","Joan Hodges","Consumer","Leeds","United Kingdom","2020-11-18"
6623,"CUS006623","Ian Carter","Consumer","Glasgow","United Kingdom","2021-08-15"
6624,"CUS006624","Nichole Gray","Consumer","Madrid","Spain","2023-06-13"
6625,"CUS006625","Jennifer Bradley","Small Business","Bristol","United Kingdom","2019-11-29"
6626,"CUS006626","John Gonzalez","Corporate","Birmingham","United Kingdom","2022-09-23"
6627,"CUS006627","Michael Brown","Consumer","Glasgow","United Kingdom","2022-08-12"
6628,"CUS006628","Tyler Larson","Consumer","Nottingham","United Kingdom","2022-03-28"
6629,"CUS006629","Shannon Garrett","Consumer","Manchester","United Kingdom","2024-11-04"
6630,"CUS006630","Patrick Adams","Consumer","Birmingham","United Kingdom","2025-04-18"
6631,"CUS006631","Nicholas Young","Corporate","Bristol","United Kingdom","2024-10-26"
6632,"CUS006632","Lindsey Conley","Consumer","Hamburg","Germany","2019-10-12"
6633,"CUS006633","Richard Woods","Consumer","Dublin","Ireland","2020-03-12"
6634,"CUS006634","Michael Williams","Small Business","Nottingham","United Kingdom","2024-02-11"
6635,"CUS006635","Matthew Jenkins Jr.","Small Business","New York","USA","2023-12-26"
6636,"CUS006636","Jonathan Knox","Corporate","Dublin","Ireland","2022-07-06"
6637,"CUS006637","Daniel Williams","Corporate","Munich","Germany","2021-04-07"
6638,"CUS006638","Angela Goodwin","Consumer","New York","USA","2020-02-27"
6639,"CUS006639","Tonya Bell","Consumer","Nottingham","United Kingdom","2025-06-08"
6640,"CUS006640","Steven Sweeney","Small Business","Lyon","France","2019-05-30"
6641,"CUS006641","Shawn Fischer","Consumer","Nottingham","United Kingdom","2020-01-16"
6642,"CUS006642","Tim Valenzuela","Consumer","Manchester","United Kingdom","2022-12-31"
6643,"CUS006643","Holly Phillips","Consumer","Birmingham","United Kingdom","2022-02-18"
6644,"CUS006644","Kelly Velasquez","Corporate","London","United Kingdom","2024-10-26"
6645,"CUS006645","Laura Mays","Corporate","Birmingham","United Kingdom","2022-11-03"
6646,"CUS006646","John Dominguez","Consumer","London","United Kingdom","2020-03-22"
6647,"CUS006647","Ashley Waters","Small Business","Dublin","Ireland","2021-08-17"
6648,"CUS006648","Andrew Gibson","Small Business","Nottingham","United Kingdom","2019-08-15"
6649,"CUS006649","Kristina Smith","Small Business","Bristol","United Kingdom","2025-07-18"
6650,"CUS006650","Heidi Mullins","Consumer","Bristol","United Kingdom","2022-11-26"
6651,"CUS006651","George Johnson","Corporate","Leeds","United Kingdom","2025-11-17"
6652,"CUS006652","Jill Melendez","Consumer","Cork","Ireland","2024-02-05"
6653,"CUS006653","Danielle Johnson","Small Business","Birmingham","United Kingdom","2023-10-18"
6654,"CUS006654","Mr. Daniel Roth","Consumer","Paris","France","2024-07-21"
6655,"CUS006655","Rick Conway","Small Business","New York","USA","2021-03-14"
6656,"CUS006656","Brandy Moss","Small Business","Austin","USA","2024-11-24"
6657,"CUS006657","Stephen Alvarez","Online Reseller","Manchester","United Kingdom","2021-09-24"
6658,"CUS006658","Diana Miller","Small Business","Amsterdam","Netherlands","2023-05-09"
6659,"CUS006659","Jose Romero","Consumer","Hamburg","Germany","2019-11-17"
6660,"CUS006660","Erin Shaw","Consumer","Madrid","Spain","2021-04-02"
6661,"CUS006661","Kyle Serrano","Small Business","Chicago","USA","2023-05-19"
6662,"CUS006662","Paul Armstrong","Consumer","Nottingham","United Kingdom","2023-02-05"
6663,"CUS006663","Michael Jackson","Consumer","Bristol","United Kingdom","2021-07-26"
6664,"CUS006664","Lisa Abbott","Corporate","Chicago","USA","2020-04-30"
6665,"CUS006665","Victoria Johnson","Consumer","Amsterdam","Netherlands","2022-10-20"
6666,"CUS006666","Rebecca Little","Small Business","Bristol","United Kingdom","2025-04-01"
6667,"CUS006667","Sarah Walsh","Small Business","Munich","Germany","2023-05-30"
6668,"CUS006668","Brenda Wilson","Small Business","London","United Kingdom","2024-12-31"
6669,"CUS006669","Dennis Gates","Consumer","Lyon","France","2022-04-27"
6670,"CUS006670","Michael Jones","Consumer","Lyon","France","2019-01-21"
6671,"CUS006671","Melanie Ramos","Corporate","Amsterdam","Netherlands","2021-08-30"
6672,"CUS006672","Daniel Combs","Consumer","London","United Kingdom","2020-02-10"
6673,"CUS006673","Jennifer Martin","Consumer","Chicago","USA","2025-07-16"
6674,"CUS006674","Megan Hobbs","Consumer","Barcelona","Spain","2025-10-11"
6675,"CUS006675","Tony Carpenter","Consumer","Amsterdam","Netherlands","2020-12-12"
6676,"CUS006676","Russell Combs","Consumer","Nottingham","United Kingdom","2019-11-25"
6677,"CUS006677","Zachary Velasquez","Corporate","New York","USA","2019-08-15"
6678,"CUS006678","Katherine Hoffman","Consumer","Manchester","United Kingdom","2023-08-28"
6679,"CUS006679","Frank Stephenson","Consumer","Birmingham","United Kingdom","2025-04-20"
6680,"CUS006680","Robert Ford","Online Reseller","Manchester","United Kingdom","2024-10-07"
6681,"CUS006681","Thomas Smith","Small Business","Nottingham","United Kingdom","2019-01-05"
6682,"CUS006682","Ronald Bishop","Corporate","Bristol","United Kingdom","2020-07-27"
6683,"CUS006683","Kevin Moore","Consumer","Paris","France","2022-05-25"
6684,"CUS006684","Michael Nichols","Small Business","Lyon","France","2019-07-29"
6685,"CUS006685","Cynthia Wilkerson","Online Reseller","Austin","USA","2025-04-15"
6686,"CUS006686","Cynthia Murphy","Consumer","Rotterdam","Netherlands","2021-06-12"
6687,"CUS006687","Margaret Schwartz","Corporate","Manchester","United Kingdom","2024-12-07"
6688,"CUS006688","Ian Cunningham","Small Business","Bristol","United Kingdom","2024-03-24"
6689,"CUS006689","Joanna Mcknight","Corporate","Madrid","Spain","2023-08-18"
6690,"CUS006690","Amy Morgan","Online Reseller","Rotterdam","Netherlands","2023-09-13"
6691,"CUS006691","Cheryl Richardson","Consumer","London","United Kingdom","2019-10-22"
6692,"CUS006692","Kerry Benjamin MD","Consumer","Austin","USA","2020-07-26"
6693,"CUS006693","Kayla Parsons","Small Business","London","United Kingdom","2024-11-25"
6694,"CUS006694","Danielle Brown","Small Business","Chicago","USA","2020-05-12"
6695,"CUS006695","Seth Gregory","Corporate","Dublin","Ireland","2021-07-03"
6696,"CUS006696","Julie Ryan","Consumer","New York","USA","2021-12-08"
6697,"CUS006697","Jonathan Pennington","Corporate","Austin","USA","2025-10-24"
6698,"CUS006698","James Davidson","Consumer","Birmingham","United Kingdom","2025-11-01"
6699,"CUS006699","Megan Cooper","Small Business","Munich","Germany","2023-11-15"
6700,"CUS006700","Lauren Campos","Consumer","Glasgow","United Kingdom","2021-07-11"
6701,"CUS006701","Amber Gray","Consumer","Austin","USA","2025-05-30"
6702,"CUS006702","Sonya Carpenter","Consumer","Austin","USA","2022-11-07"
6703,"CUS006703","Brenda Horn","Consumer","Birmingham","United Kingdom","2023-07-06"
6704,"CUS006704","Erin Gonzalez","Consumer","New York","USA","2025-10-03"
6705,"CUS006705","Anthony Alvarez","Consumer","Birmingham","United Kingdom","2025-05-14"
6706,"CUS006706","Vanessa Gutierrez","Consumer","Glasgow","United Kingdom","2021-02-02"
6707,"CUS006707","Jeremy Williams","Consumer","Birmingham","United Kingdom","2021-11-19"
6708,"CUS006708","Mark Johnson","Consumer","Bristol","United Kingdom","2021-10-14"
6709,"CUS006709","Sharon Trevino","Corporate","Austin","USA","2025-01-29"
6710,"CUS006710","James Rice","Small Business","Nottingham","United Kingdom","2020-04-20"
6711,"CUS006711","Jennifer Thompson","Online Reseller","Glasgow","United Kingdom","2021-06-23"
6712,"CUS006712","Elizabeth Evans","Consumer","Manchester","United Kingdom","2024-10-29"
6713,"CUS006713","Nicole Johnson","Consumer","Birmingham","United Kingdom","2019-12-15"
6714,"CUS006714","Judith Black","Corporate","Rotterdam","Netherlands","2025-08-29"
6715,"CUS006715","Tracy Bean","Small Business","Paris","France","2023-05-11"
6716,"CUS006716","Matthew Welch","Small Business","Paris","France","2024-12-13"
6717,"CUS006717","Jason Smith","Consumer","Dublin","Ireland","2022-12-30"
6718,"CUS006718","Melissa Ball","Consumer","Hamburg","Germany","2021-12-27"
6719,"CUS006719","Janice Rodriguez","Consumer","Madrid","Spain","2020-04-21"
6720,"CUS006720","Jennifer Anderson","Online Reseller","Bristol","United Kingdom","2023-06-08"
6721,"CUS006721","Kerry Pittman","Consumer","New York","USA","2022-08-20"
6722,"CUS006722","Bryan Brown","Consumer","Dublin","Ireland","2019-01-28"
6723,"CUS006723","Casey Livingston","Consumer","Manchester","United Kingdom","2025-08-11"
6724,"CUS006724","Steven Baker","Consumer","Munich","Germany","2021-07-20"
6725,"CUS006725","Gabriel Larson","Consumer","Austin","USA","2023-01-10"
6726,"CUS006726","Catherine King","Small Business","Barcelona","Spain","2019-10-04"
6727,"CUS006727","Miss Sheri Yoder MD","Small Business","Hamburg","Germany","2021-11-09"
6728,"CUS006728","Paul Cochran","Corporate","Chicago","USA","2019-10-29"
6729,"CUS006729","Brenda Martin","Consumer","Bristol","United Kingdom","2023-05-23"
6730,"CUS006730","Cindy Carlson","Consumer","Barcelona","Spain","2024-12-01"
6731,"CUS006731","Teresa Moore","Consumer","Manchester","United Kingdom","2024-03-11"
6732,"CUS006732","Jackson Smith","Consumer","Amsterdam","Netherlands","2023-02-03"
6733,"CUS006733","Deborah Hayes","Corporate","Barcelona","Spain","2020-10-18"
6734,"CUS006734","Tammy Brown","Small Business","Nottingham","United Kingdom","2025-02-02"
6735,"CUS006735","Mariah Cole","Online Reseller","Leeds","United Kingdom","2019-05-12"
6736,"CUS006736","Paul Allen","Corporate","Austin","USA","2025-06-25"
6737,"CUS006737","Ryan Vance","Online Reseller","Barcelona","Spain","2025-04-07"
6738,"CUS006738","Harold Walker","Consumer","Leeds","United Kingdom","2020-12-02"
6739,"CUS006739","Dawn Molina","Small Business","New York","USA","2024-11-06"
6740,"CUS006740","Robin Clarke","Consumer","Dublin","Ireland","2023-12-13"
6741,"CUS006741","Diana Smith","Online Reseller","Leeds","United Kingdom","2022-04-05"
6742,"CUS006742","James Miles","Consumer","Berlin","Germany","2024-04-17"
6743,"CUS006743","Stephanie Payne","Corporate","Nottingham","United Kingdom","2019-04-03"
6744,"CUS006744","Shannon Hudson","Consumer","Berlin","Germany","2021-11-03"
6745,"CUS006745","Mrs. Jaclyn Crosby MD","Consumer","New York","USA","2020-10-18"
6746,"CUS006746","Craig Martinez","Small Business","Cork","Ireland","2021-05-07"
6747,"CUS006747","James Roman","Consumer","Munich","Germany","2022-09-02"
6748,"CUS006748","Lori Rice","Corporate","Nottingham","United Kingdom","2019-03-21"
6749,"CUS006749","Benjamin Watson","Small Business","Manchester","United Kingdom","2019-05-13"
6750,"CUS006750","Robert Faulkner","Corporate","Cork","Ireland","2021-11-14"
6751,"CUS006751","Mary Thompson","Consumer","New York","USA","2020-12-09"
6752,"CUS006752","Tiffany Lopez","Consumer","Nottingham","United Kingdom","2023-09-10"
6753,"CUS006753","Cathy Ali","Consumer","Leeds","United Kingdom","2021-09-12"
6754,"CUS006754","Betty Reyes","Corporate","London","United Kingdom","2024-12-06"
6755,"CUS006755","Vincent Fry","Small Business","Bristol","United Kingdom","2022-01-17"
6756,"CUS006756","Jennifer Lopez","Consumer","Lyon","France","2024-02-15"
6757,"CUS006757","Leonard Lawrence","Corporate","London","United Kingdom","2023-11-16"
6758,"CUS006758","Lindsay Nicholson","Small Business","New York","USA","2025-04-13"
6759,"CUS006759","Nancy Moody","Consumer","Birmingham","United Kingdom","2023-08-30"
6760,"CUS006760","Danielle Flores","Consumer","Paris","France","2023-10-13"
6761,"CUS006761","Karen Kaufman","Consumer","Hamburg","Germany","2022-06-05"
6762,"CUS006762","Julie Simpson","Small Business","London","United Kingdom","2021-11-07"
6763,"CUS006763","Jacqueline Norman","Consumer","Manchester","United Kingdom","2019-03-19"
6764,"CUS006764","Bryan Scott","Consumer","Leeds","United Kingdom","2025-07-04"
6765,"CUS006765","Joseph Camacho","Corporate","Dublin","Ireland","2022-03-23"
6766,"CUS006766","Lawrence Wright","Consumer","Bristol","United Kingdom","2019-04-23"
6767,"CUS006767","Larry Reese","Corporate","Bristol","United Kingdom","2024-06-29"
6768,"CUS006768","Linda Moore","Corporate","London","United Kingdom","2023-08-19"
6769,"CUS006769","Adam Smith","Consumer","Amsterdam","Netherlands","2025-07-29"
6770,"CUS006770","Edward Pearson","Consumer","Nottingham","United Kingdom","2019-01-25"
6771,"CUS006771","Julie Ross","Corporate","Nottingham","United Kingdom","2023-07-29"
6772,"CUS006772","Misty Acevedo","Consumer","Hamburg","Germany","2021-03-10"
6773,"CUS006773","Elizabeth Pearson","Consumer","Glasgow","United Kingdom","2022-09-19"
6774,"CUS006774","Andrew Mitchell","Consumer","Bristol","United Kingdom","2020-10-28"
6775,"CUS006775","Andrea Turner","Online Reseller","Glasgow","United Kingdom","2019-07-16"
6776,"CUS006776","Jose Andrews","Consumer","Glasgow","United Kingdom","2024-02-11"
6777,"CUS006777","Steven Bridges","Consumer","Lyon","France","2022-01-15"
6778,"CUS006778","Andrew Salazar","Small Business","Austin","USA","2022-06-07"
6779,"CUS006779","Garrett Powers","Consumer","Cork","Ireland","2022-10-24"
6780,"CUS006780","Patrick Estrada","Consumer","Austin","USA","2023-01-31"
6781,"CUS006781","Elizabeth Smith","Consumer","Nottingham","United Kingdom","2022-09-12"
6782,"CUS006782","Michelle Hernandez","Consumer","Chicago","USA","2023-11-19"
6783,"CUS006783","Cynthia Decker","Consumer","Rotterdam","Netherlands","2025-02-03"
6784,"CUS006784","Timothy Holder","Consumer","Berlin","Germany","2021-06-24"
6785,"CUS006785","Tommy Garcia","Consumer","Leeds","United Kingdom","2025-08-03"
6786,"CUS006786","Kristin Oliver","Consumer","London","United Kingdom","2023-01-09"
6787,"CUS006787","Todd Bentley","Small Business","Austin","USA","2024-09-09"
6788,"CUS006788","Kimberly Kaufman","Corporate","Glasgow","United Kingdom","2020-04-27"
6789,"CUS006789","Mariah Mathews","Consumer","Rotterdam","Netherlands","2022-06-21"
6790,"CUS006790","Carlos Smith","Consumer","New York","USA","2021-06-20"
6791,"CUS006791","Jacob Burton","Consumer","Bristol","United Kingdom","2022-04-23"
6792,"CUS006792","Luis Ortiz","Corporate","Lyon","France","2021-01-11"
6793,"CUS006793","Jessica Cook","Small Business","Bristol","United Kingdom","2025-04-27"
6794,"CUS006794","Dr. Matthew Oconnor","Consumer","Manchester","United Kingdom","2025-09-21"
6795,"CUS006795","Donna Bradford","Consumer","Berlin","Germany","2021-02-10"
6796,"CUS006796","Robert Parker","Small Business","Austin","USA","2021-07-04"
6797,"CUS006797","Michael Stewart","Small Business","Manchester","United Kingdom","2024-03-30"
6798,"CUS006798","Mary Olson","Consumer","London","United Kingdom","2021-10-21"
6799,"CUS006799","Sarah Davis","Corporate","Glasgow","United Kingdom","2019-12-26"
6800,"CUS006800","John Gonzalez","Consumer","Madrid","Spain","2022-12-31"
6801,"CUS006801","Jon Arellano","Small Business","Barcelona","Spain","2019-06-09"
6802,"CUS006802","Jason Todd","Small Business","New York","USA","2020-11-18"
6803,"CUS006803","Cassie Williams","Consumer","Glasgow","United Kingdom","2023-04-02"
6804,"CUS006804","Sandra Garner","Consumer","Lyon","France","2024-10-06"
6805,"CUS006805","Miranda Garza","Consumer","Leeds","United Kingdom","2019-10-16"
6806,"CUS006806","Cheryl Stevens","Corporate","Birmingham","United Kingdom","2024-10-15"
6807,"CUS006807","Nicholas Patrick","Consumer","Hamburg","Germany","2024-07-23"
6808,"CUS006808","Emily Bradford","Corporate","Nottingham","United Kingdom","2021-10-06"
6809,"CUS006809","Lee Chan","Corporate","Austin","USA","2024-05-16"
6810,"CUS006810","Alexander Brady MD","Consumer","Hamburg","Germany","2020-03-06"
6811,"CUS006811","Patricia Edwards","Corporate","Lyon","France","2019-07-19"
6812,"CUS006812","Wayne Smith","Consumer","Madrid","Spain","2024-06-12"
6813,"CUS006813","Jennifer Jones","Corporate","Austin","USA","2020-08-19"
6814,"CUS006814","Andrea Ruiz","Consumer","Cork","Ireland","2020-03-05"
6815,"CUS006815","Thomas Grant","Small Business","Munich","Germany","2025-06-14"
6816,"CUS006816","Heather Webb","Consumer","Dublin","Ireland","2025-05-17"
6817,"CUS006817","Matthew Shields","Consumer","Nottingham","United Kingdom","2024-07-26"
6818,"CUS006818","Angela Bell","Corporate","Hamburg","Germany","2025-11-10"
6819,"CUS006819","David Jacobs","Small Business","Rotterdam","Netherlands","2022-07-04"
6820,"CUS006820","Robert Hicks","Small Business","Cork","Ireland","2022-06-22"
6821,"CUS006821","Joshua Miller","Online Reseller","Glasgow","United Kingdom","2024-01-25"
6822,"CUS006822","Anna Woodard","Consumer","Glasgow","United Kingdom","2023-10-12"
6823,"CUS006823","Devon Owen","Small Business","Bristol","United Kingdom","2022-11-07"
6824,"CUS006824","Jacob Guzman","Consumer","London","United Kingdom","2024-01-26"
6825,"CUS006825","James Lucas","Corporate","Amsterdam","Netherlands","2019-05-07"
6826,"CUS006826","April Mitchell","Consumer","Barcelona","Spain","2025-07-02"
6827,"CUS006827","Stephanie Owen","Small Business","Paris","France","2024-10-13"
6828,"CUS006828","Emma Collins","Corporate","Bristol","United Kingdom","2025-05-14"
6829,"CUS006829","Victoria Vang","Small Business","Chicago","USA","2025-06-02"
6830,"CUS006830","Thomas Joseph","Consumer","Barcelona","Spain","2022-07-11"
6831,"CUS006831","Brad Ryan","Small Business","Dublin","Ireland","2024-07-28"
6832,"CUS006832","Leah Long","Online Reseller","Bristol","United Kingdom","2025-03-11"
6833,"CUS006833","Todd Simon","Consumer","Leeds","United Kingdom","2021-06-12"
6834,"CUS006834","Jacob Hoover","Consumer","Madrid","Spain","2021-05-12"
6835,"CUS006835","Melinda Ramirez","Corporate","Leeds","United Kingdom","2020-02-05"
6836,"CUS006836","Natasha Keller","Consumer","Chicago","USA","2023-05-08"
6837,"CUS006837","Alexandria Myers","Corporate","Bristol","United Kingdom","2021-03-02"
6838,"CUS006838","Michael Davis","Corporate","Nottingham","United Kingdom","2019-01-11"
6839,"CUS006839","Diane Kim","Consumer","Dublin","Ireland","2020-10-03"
6840,"CUS006840","Sharon Bowen","Corporate","London","United Kingdom","2024-08-14"
6841,"CUS006841","Jason Gonzalez","Consumer","Nottingham","United Kingdom","2021-02-13"
6842,"CUS006842","Lisa Mcdonald","Corporate","Birmingham","United Kingdom","2020-06-16"
6843,"CUS006843","Alex Velez","Corporate","Barcelona","Spain","2019-06-27"
6844,"CUS006844","Pamela Pittman","Consumer","New York","USA","2020-07-20"
6845,"CUS006845","Mr. Vincent Hansen","Consumer","Barcelona","Spain","2020-10-11"
6846,"CUS006846","Amanda Jackson DVM","Corporate","Cork","Ireland","2022-09-17"
6847,"CUS006847","Linda Gilbert","Corporate","Chicago","USA","2020-09-30"
6848,"CUS006848","Miranda Schwartz","Consumer","Bristol","United Kingdom","2020-07-26"
6849,"CUS006849","Diane Walker","Consumer","Madrid","Spain","2024-06-18"
6850,"CUS006850","Michael Lozano","Small Business","Leeds","United Kingdom","2022-09-12"
6851,"CUS006851","Jamie Davis","Corporate","Amsterdam","Netherlands","2022-07-09"
6852,"CUS006852","Kristen Hoffman","Consumer","Bristol","United Kingdom","2019-06-21"
6853,"CUS006853","Robert Allen","Consumer","Madrid","Spain","2023-08-11"
6854,"CUS006854","Ashley Douglas","Consumer","Manchester","United Kingdom","2023-09-09"
6855,"CUS006855","Zachary Lindsey","Online Reseller","Barcelona","Spain","2023-01-16"
6856,"CUS006856","Caitlin Smith","Small Business","Munich","Germany","2020-03-31"
6857,"CUS006857","Taylor Gregory","Corporate","New York","USA","2021-10-18"
6858,"CUS006858","Trevor Cox","Online Reseller","Madrid","Spain","2020-08-27"
6859,"CUS006859","John Wolfe","Small Business","Dublin","Ireland","2022-08-23"
6860,"CUS006860","Sharon Shelton","Consumer","Bristol","United Kingdom","2020-09-22"
6861,"CUS006861","Brenda Davidson","Small Business","London","United Kingdom","2025-01-25"
6862,"CUS006862","Jeremy Brown","Consumer","Paris","France","2022-04-27"
6863,"CUS006863","Benjamin Williamson","Corporate","Birmingham","United Kingdom","2021-10-14"
6864,"CUS006864","David Nelson","Consumer","Lyon","France","2022-08-19"
6865,"CUS006865","Katelyn Hughes","Corporate","Chicago","USA","2019-07-29"
6866,"CUS006866","Shane White","Consumer","Leeds","United Kingdom","2022-09-25"
6867,"CUS006867","Peter Bennett","Consumer","Leeds","United Kingdom","2025-01-16"
6868,"CUS006868","David Smith","Consumer","Hamburg","Germany","2021-06-05"
6869,"CUS006869","Angela Nichols","Consumer","London","United Kingdom","2021-02-24"
6870,"CUS006870","James Hess","Consumer","Hamburg","Germany","2023-08-11"
6871,"CUS006871","Abigail Meadows","Consumer","Birmingham","United Kingdom","2021-09-27"
6872,"CUS006872","Amber Reilly","Corporate","Leeds","United Kingdom","2020-08-05"
6873,"CUS006873","David Foster","Small Business","Barcelona","Spain","2025-04-24"
6874,"CUS006874","Ronald Watson","Consumer","Bristol","United Kingdom","2019-09-12"
6875,"CUS006875","Joseph Davidson","Online Reseller","Munich","Germany","2019-04-06"
6876,"CUS006876","Jessica Monroe","Small Business","Leeds","United Kingdom","2019-06-02"
6877,"CUS006877","Laurie Smith","Consumer","Leeds","United Kingdom","2019-10-02"
6878,"CUS006878","Andrew Wilson","Consumer","Madrid","Spain","2019-08-17"
6879,"CUS006879","Robert Young","Consumer","Glasgow","United Kingdom","2022-06-21"
6880,"CUS006880","Jacob Johnson","Consumer","Munich","Germany","2024-05-02"
6881,"CUS006881","Christopher Gonzalez","Consumer","Amsterdam","Netherlands","2019-10-30"
6882,"CUS006882","Nicole Carroll","Corporate","Berlin","Germany","2021-08-05"
6883,"CUS006883","Holly Mathews","Small Business","Hamburg","Germany","2019-10-25"
6884,"CUS006884","Samantha Costa","Corporate","New York","USA","2023-03-28"
6885,"CUS006885","Marcus Ferguson","Consumer","Austin","USA","2019-01-11"
6886,"CUS006886","Scott Ford","Consumer","Amsterdam","Netherlands","2019-12-15"
6887,"CUS006887","Theresa Michael","Consumer","Leeds","United Kingdom","2019-08-16"
6888,"CUS006888","Deanna Nelson","Small Business","Amsterdam","Netherlands","2024-09-23"
6889,"CUS006889","Tiffany Williams","Consumer","Leeds","United Kingdom","2022-02-19"
6890,"CUS006890","Justin Jacobs","Consumer","Glasgow","United Kingdom","2022-03-17"
6891,"CUS006891","Tammy Perez","Consumer","Munich","Germany","2025-01-26"
6892,"CUS006892","Justin Mccoy","Small Business","Munich","Germany","2025-02-20"
6893,"CUS006893","Joshua Price","Consumer","Madrid","Spain","2020-09-09"
6894,"CUS006894","Kendra Campbell","Consumer","Bristol","United Kingdom","2019-04-16"
6895,"CUS006895","Diane Rivera","Consumer","Madrid","Spain","2025-06-21"
6896,"CUS006896","Mrs. Carol Bauer","Consumer","Munich","Germany","2023-09-13"
6897,"CUS006897","Caleb Jensen","Consumer","Birmingham","United Kingdom","2022-01-13"
6898,"CUS006898","Michael James","Small Business","Dublin","Ireland","2023-09-04"
6899,"CUS006899","Robert Garcia","Corporate","New York","USA","2021-12-22"
6900,"CUS006900","Charles Weaver","Corporate","Bristol","United Kingdom","2022-11-04"
6901,"CUS006901","Adam Cole","Consumer","Leeds","United Kingdom","2025-03-03"
6902,"CUS006902","Norma Winters","Consumer","Cork","Ireland","2025-02-20"
6903,"CUS006903","Carlos Gomez","Consumer","Barcelona","Spain","2019-01-15"
6904,"CUS006904","Holly Diaz MD","Corporate","Austin","USA","2023-09-03"
6905,"CUS006905","Melanie Jones","Consumer","Leeds","United Kingdom","2019-08-05"
6906,"CUS006906","Nicholas Tapia","Consumer","Madrid","Spain","2025-11-23"
6907,"CUS006907","Robert Stewart","Online Reseller","Cork","Ireland","2020-09-19"
6908,"CUS006908","Joseph Armstrong","Consumer","Berlin","Germany","2019-09-09"
6909,"CUS006909","Christopher Turner","Consumer","New York","USA","2020-08-23"
6910,"CUS006910","Kevin Parker","Corporate","Amsterdam","Netherlands","2023-03-27"
6911,"CUS006911","Amy Bennett","Consumer","Leeds","United Kingdom","2022-10-31"
6912,"CUS006912","Patrick Lewis","Consumer","Leeds","United Kingdom","2024-10-14"
6913,"CUS006913","Erica Mcmillan","Consumer","Madrid","Spain","2023-06-18"
6914,"CUS006914","Lauren Flores","Small Business","Berlin","Germany","2019-11-01"
6915,"CUS006915","Kenneth Moss","Consumer","Lyon","France","2024-04-17"
6916,"CUS006916","Tara Walsh","Corporate","Barcelona","Spain","2020-08-14"
6917,"CUS006917","Jessica Manning","Small Business","Dublin","Ireland","2020-12-14"
6918,"CUS006918","Nathan Carpenter","Consumer","Chicago","USA","2023-01-18"
6919,"CUS006919","James Martinez","Corporate","Manchester","United Kingdom","2022-01-11"
6920,"CUS006920","Stanley Reeves","Small Business","Leeds","United Kingdom","2019-12-14"
6921,"CUS006921","Mark Hansen MD","Online Reseller","Berlin","Germany","2025-03-28"
6922,"CUS006922","Jacqueline Harrison","Consumer","Paris","France","2019-01-12"
6923,"CUS006923","Tracy Chaney","Consumer","Madrid","Spain","2024-10-08"
6924,"CUS006924","Sarah Solis","Consumer","Austin","USA","2020-02-25"
6925,"CUS006925","Derek Foley","Consumer","Nottingham","United Kingdom","2020-02-28"
6926,"CUS006926","Ariel Lopez","Consumer","New York","USA","2022-03-14"
6927,"CUS006927","Ian Burns","Consumer","London","United Kingdom","2025-02-22"
6928,"CUS006928","Samuel Thomas","Consumer","Hamburg","Germany","2023-04-03"
6929,"CUS006929","Melissa Lewis","Corporate","Dublin","Ireland","2022-04-17"
6930,"CUS006930","Christine Murillo","Consumer","Bristol","United Kingdom","2019-10-03"
6931,"CUS006931","David Lopez","Corporate","Glasgow","United Kingdom","2019-01-03"
6932,"CUS006932","Brandi Allen","Consumer","Leeds","United Kingdom","2020-03-10"
6933,"CUS006933","James Lara","Consumer","Cork","Ireland","2020-12-24"
6934,"CUS006934","Jamie Villarreal","Consumer","Nottingham","United Kingdom","2022-03-29"
6935,"CUS006935","Deanna Gonzales","Corporate","Berlin","Germany","2021-07-29"
6936,"CUS006936","Lisa Fletcher","Consumer","Paris","France","2019-02-18"
6937,"CUS006937","Joseph Morgan","Corporate","Madrid","Spain","2024-04-11"
6938,"CUS006938","Chad Parks","Small Business","Birmingham","United Kingdom","2024-04-22"
6939,"CUS006939","Brandon Barker","Corporate","Leeds","United Kingdom","2022-09-29"
6940,"CUS006940","Jay Lopez","Consumer","Lyon","France","2024-01-23"
6941,"CUS006941","Casey Ramirez","Small Business","Chicago","USA","2020-11-15"
6942,"CUS006942","Tyrone Simpson","Corporate","Leeds","United Kingdom","2025-11-26"
6943,"CUS006943","Kevin Hernandez","Corporate","Chicago","USA","2020-11-09"
6944,"CUS006944","Rebecca Webb","Consumer","Nottingham","United Kingdom","2020-04-07"
6945,"CUS006945","Shannon Murphy","Consumer","Bristol","United Kingdom","2022-04-09"
6946,"CUS006946","Glenn Mosley","Small Business","Glasgow","United Kingdom","2023-02-09"
6947,"CUS006947","Timothy Morris","Consumer","London","United Kingdom","2025-11-14"
6948,"CUS006948","Lisa Jones","Small Business","Chicago","USA","2023-06-08"
6949,"CUS006949","Connie Johnson","Corporate","Austin","USA","2023-04-03"
6950,"CUS006950","Jennifer Mitchell","Corporate","Hamburg","Germany","2023-03-24"
6951,"CUS006951","Michael Lopez","Small Business","New York","USA","2022-08-04"
6952,"CUS006952","Wendy Hardy","Consumer","Glasgow","United Kingdom","2024-02-19"
6953,"CUS006953","Carl Cole","Consumer","Bristol","United Kingdom","2023-01-27"
6954,"CUS006954","Dalton Jones","Consumer","Cork","Ireland","2019-11-19"
6955,"CUS006955","Katie Choi","Corporate","Birmingham","United Kingdom","2024-10-12"
6956,"CUS006956","Jennifer Evans","Small Business","Glasgow","United Kingdom","2024-08-23"
6957,"CUS006957","Timothy Ramos","Corporate","Manchester","United Kingdom","2022-12-27"
6958,"CUS006958","Isaiah Young","Consumer","Manchester","United Kingdom","2025-05-02"
6959,"CUS006959","Frances Edwards","Consumer","Hamburg","Germany","2021-01-18"
6960,"CUS006960","Rebecca Taylor","Consumer","Glasgow","United Kingdom","2020-08-18"
6961,"CUS006961","Nicholas Johnson","Consumer","Madrid","Spain","2020-04-22"
6962,"CUS006962","Michael Luna","Small Business","Nottingham","United Kingdom","2024-10-23"
6963,"CUS006963","Jon Smith","Small Business","Bristol","United Kingdom","2024-12-28"
6964,"CUS006964","Jessica Harrington","Consumer","Bristol","United Kingdom","2024-09-26"
6965,"CUS006965","Christopher Chavez","Online Reseller","Hamburg","Germany","2022-08-09"
6966,"CUS006966","Keith Smith","Consumer","Berlin","Germany","2023-01-02"
6967,"CUS006967","Sandra Smith","Consumer","Chicago","USA","2021-05-08"
6968,"CUS006968","Michael Lee","Consumer","Bristol","United Kingdom","2021-03-24"
6969,"CUS006969","Vickie Walters","Small Business","Paris","France","2019-06-13"
6970,"CUS006970","Terri Ware","Corporate","Amsterdam","Netherlands","2023-09-11"
6971,"CUS006971","Theresa Daniel","Corporate","Manchester","United Kingdom","2024-07-21"
6972,"CUS006972","Jerome Edwards","Consumer","Paris","France","2022-09-21"
6973,"CUS006973","Mr. Brian Schaefer","Consumer","Glasgow","United Kingdom","2025-06-10"
6974,"CUS006974","Miss Laura Washington","Small Business","Cork","Ireland","2025-02-22"
6975,"CUS006975","Kimberly Ramirez","Online Reseller","Amsterdam","Netherlands","2022-02-28"
6976,"CUS006976","Rachel Scott DVM","Corporate","Cork","Ireland","2025-01-20"
6977,"CUS006977","Amanda Singh","Consumer","Manchester","United Kingdom","2022-04-22"
6978,"CUS006978","Robin Smith","Online Reseller","London","United Kingdom","2020-02-29"
6979,"CUS006979","Michael Stanley","Corporate","Cork","Ireland","2021-01-08"
6980,"CUS006980","Jason Brennan","Consumer","Leeds","United Kingdom","2021-01-20"
6981,"CUS006981","Cameron Mcgee","Small Business","Dublin","Ireland","2022-11-10"
6982,"CUS006982","Dawn James","Small Business","Austin","USA","2021-01-11"
6983,"CUS006983","Christopher Kelley","Online Reseller","Glasgow","United Kingdom","2023-10-19"
6984,"CUS006984","Shirley Shaffer","Consumer","Hamburg","Germany","2024-02-07"
6985,"CUS006985","Sean Garcia","Consumer","Hamburg","Germany","2024-04-11"
6986,"CUS006986","Kristina Morgan","Consumer","Manchester","United Kingdom","2021-11-22"
6987,"CUS006987","Aaron Jones","Online Reseller","Rotterdam","Netherlands","2021-08-23"
6988,"CUS006988","Jessica Hale","Small Business","Nottingham","United Kingdom","2020-07-11"
6989,"CUS006989","Carla Browning","Online Reseller","Austin","USA","2021-05-22"
6990,"CUS006990","Valerie Warner","Corporate","Nottingham","United Kingdom","2025-10-02"
6991,"CUS006991","Jonathan Thompson","Consumer","Bristol","United Kingdom","2019-09-20"
6992,"CUS006992","Mallory Peterson","Consumer","Madrid","Spain","2021-10-17"
6993,"CUS006993","Nicole Horton","Consumer","Dublin","Ireland","2022-02-15"
6994,"CUS006994","Jose Mason","Small Business","Rotterdam","Netherlands","2024-05-14"
6995,"CUS006995","Vincent Harris","Corporate","Munich","Germany","2022-12-02"
6996,"CUS006996","Kimberly Webb","Online Reseller","Nottingham","United Kingdom","2023-08-05"
6997,"CUS006997","Joshua Abbott","Consumer","Munich","Germany","2020-06-25"
6998,"CUS006998","Joseph Cruz","Small Business","Paris","France","2019-09-12"
6999,"CUS006999","Nicholas Wolfe","Consumer","Barcelona","Spain","2023-09-12"
7000,"CUS007000","Marvin Morales","Consumer","Manchester","United Kingdom","2022-07-18"
7001,"CUS007001","William Greene","Consumer","Madrid","Spain","2020-06-21"
7002,"CUS007002","Tracy Myers","Corporate","Lyon","France","2022-05-11"
7003,"CUS007003","Erika Patterson","Consumer","Nottingham","United Kingdom","2023-12-08"
7004,"CUS007004","Derrick Hampton","Small Business","Madrid","Spain","2024-07-08"
7005,"CUS007005","Stephen Weaver","Corporate","Leeds","United Kingdom","2020-10-25"
7006,"CUS007006","Selena Hodge","Small Business","Leeds","United Kingdom","2022-12-13"
7007,"CUS007007","Dakota Brock","Consumer","Glasgow","United Kingdom","2020-03-06"
7008,"CUS007008","Joshua Berry","Consumer","Nottingham","United Kingdom","2019-02-28"
7009,"CUS007009","Bradley Morales","Corporate","Dublin","Ireland","2024-06-22"
7010,"CUS007010","Jason Kelly","Small Business","Berlin","Germany","2023-09-01"
7011,"CUS007011","Jerry Hunter","Small Business","Bristol","United Kingdom","2022-11-21"
7012,"CUS007012","Erin Wade","Consumer","Hamburg","Germany","2023-07-02"
7013,"CUS007013","Jennifer Murphy","Consumer","Manchester","United Kingdom","2022-04-29"
7014,"CUS007014","Stacy Bell","Consumer","Nottingham","United Kingdom","2025-03-06"
7015,"CUS007015","Carolyn Harrison MD","Consumer","Paris","France","2019-11-08"
7016,"CUS007016","James Griffin","Consumer","Barcelona","Spain","2019-06-19"
7017,"CUS007017","Rhonda Stokes","Small Business","Barcelona","Spain","2025-11-17"
7018,"CUS007018","Doris Brown","Small Business","Birmingham","United Kingdom","2025-10-17"
7019,"CUS007019","James Scott","Consumer","Cork","Ireland","2024-08-16"
7020,"CUS007020","Christopher Scott","Consumer","Rotterdam","Netherlands","2019-05-28"
7021,"CUS007021","Barry Hunt","Consumer","Nottingham","United Kingdom","2021-06-21"
7022,"CUS007022","Tasha Smith","Small Business","Amsterdam","Netherlands","2025-01-22"
7023,"CUS007023","Sandra Harris","Consumer","Munich","Germany","2020-11-17"
7024,"CUS007024","Joseph Simmons","Small Business","London","United Kingdom","2021-05-01"
7025,"CUS007025","Cynthia Flores","Consumer","Rotterdam","Netherlands","2022-04-15"
7026,"CUS007026","Andrew Brown","Small Business","Leeds","United Kingdom","2024-05-22"
7027,"CUS007027","David Lee","Consumer","Berlin","Germany","2025-01-27"
7028,"CUS007028","Elizabeth Zuniga","Consumer","Lyon","France","2020-08-12"
7029,"CUS007029","Daniel Day","Online Reseller","Cork","Ireland","2021-09-23"
7030,"CUS007030","Andrew Steele","Online Reseller","Birmingham","United Kingdom","2024-06-01"
7031,"CUS007031","Kimberly Fitzgerald","Small Business","London","United Kingdom","2023-11-28"
7032,"CUS007032","William Frank","Consumer","Madrid","Spain","2025-01-08"
7033,"CUS007033","Benjamin Adams","Consumer","London","United Kingdom","2022-11-22"
7034,"CUS007034","Lauren Hamilton","Corporate","Austin","USA","2024-05-21"
7035,"CUS007035","Lawrence Carlson","Consumer","Leeds","United Kingdom","2020-06-12"
7036,"CUS007036","Tamara Woodard","Consumer","Rotterdam","Netherlands","2019-05-30"
7037,"CUS007037","Brandy Nelson","Consumer","Manchester","United Kingdom","2024-12-13"
7038,"CUS007038","Kristi Rodriguez MD","Consumer","Birmingham","United Kingdom","2019-09-07"
7039,"CUS007039","Kelsey Evans","Consumer","Barcelona","Spain","2020-06-02"
7040,"CUS007040","Julie Gomez","Small Business","Manchester","United Kingdom","2024-01-10"
7041,"CUS007041","Nicole Vasquez","Consumer","Madrid","Spain","2020-10-30"
7042,"CUS007042","Valerie Smith MD","Small Business","New York","USA","2020-09-16"
7043,"CUS007043","Tiffany Berry","Consumer","Manchester","United Kingdom","2023-08-09"
7044,"CUS007044","Stacy Silva","Online Reseller","Dublin","Ireland","2024-01-17"
7045,"CUS007045","Kimberly Taylor","Corporate","Rotterdam","Netherlands","2022-04-15"
7046,"CUS007046","Mrs. Michelle King","Consumer","Leeds","United Kingdom","2025-04-04"
7047,"CUS007047","Shane Gates","Consumer","Berlin","Germany","2025-07-19"
7048,"CUS007048","Tracy Gomez","Small Business","Glasgow","United Kingdom","2023-06-26"
7049,"CUS007049","Vanessa Taylor","Consumer","Rotterdam","Netherlands","2023-05-21"
7050,"CUS007050","Lisa Pitts","Consumer","Rotterdam","Netherlands","2019-02-11"
7051,"CUS007051","Ryan Hernandez","Consumer","Manchester","United Kingdom","2021-12-19"
7052,"CUS007052","Justin Alexander","Consumer","Chicago","USA","2021-07-23"
7053,"CUS007053","Dustin Kim","Consumer","Bristol","United Kingdom","2019-10-16"
7054,"CUS007054","Jacob Fry","Consumer","Madrid","Spain","2025-10-02"
7055,"CUS007055","Andrea Lam","Consumer","Birmingham","United Kingdom","2023-11-28"
7056,"CUS007056","Wendy Mcdaniel","Small Business","Bristol","United Kingdom","2020-10-24"
7057,"CUS007057","Christina Mason","Consumer","Birmingham","United Kingdom","2022-07-05"
7058,"CUS007058","Betty Obrien","Corporate","Hamburg","Germany","2022-02-16"
7059,"CUS007059","Kelly Sanders","Consumer","Barcelona","Spain","2024-06-22"
7060,"CUS007060","Teresa Rodriguez","Corporate","Bristol","United Kingdom","2022-08-16"
7061,"CUS007061","David Miranda","Consumer","Nottingham","United Kingdom","2019-07-13"
7062,"CUS007062","Steven Johnson","Corporate","London","United Kingdom","2019-04-29"
7063,"CUS007063","Miranda Bennett","Corporate","Paris","France","2024-08-28"
7064,"CUS007064","Diana Stevens","Consumer","Cork","Ireland","2021-07-05"
7065,"CUS007065","Ebony Black","Consumer","Leeds","United Kingdom","2019-08-07"
7066,"CUS007066","William Lee","Small Business","Birmingham","United Kingdom","2019-11-07"
7067,"CUS007067","Jamie Bridges","Consumer","Bristol","United Kingdom","2020-04-24"
7068,"CUS007068","Vincent Melendez","Consumer","London","United Kingdom","2022-02-21"
7069,"CUS007069","Brandon Cain","Consumer","Amsterdam","Netherlands","2024-02-21"
7070,"CUS007070","Rebecca Davis","Corporate","Bristol","United Kingdom","2024-07-04"
7071,"CUS007071","Brittany Maxwell","Consumer","Glasgow","United Kingdom","2022-07-29"
7072,"CUS007072","Samantha Underwood","Corporate","Barcelona","Spain","2023-02-16"
7073,"CUS007073","Jennifer Dunn","Consumer","Cork","Ireland","2024-07-19"
7074,"CUS007074","Taylor Reilly","Corporate","Manchester","United Kingdom","2023-02-28"
7075,"CUS007075","Joe Thomas","Small Business","Madrid","Spain","2022-08-20"
7076,"CUS007076","Barbara Weber","Corporate","Amsterdam","Netherlands","2023-05-04"
7077,"CUS007077","Alyssa Hernandez","Corporate","Bristol","United Kingdom","2023-12-20"
7078,"CUS007078","John Carey","Consumer","Birmingham","United Kingdom","2022-03-18"
7079,"CUS007079","Michael Hogan","Corporate","Amsterdam","Netherlands","2020-10-19"
7080,"CUS007080","Emily Nelson","Corporate","Paris","France","2023-02-12"
7081,"CUS007081","Kimberly Little","Online Reseller","Nottingham","United Kingdom","2024-12-09"
7082,"CUS007082","Stephen Ramirez","Small Business","Paris","France","2019-11-01"
7083,"CUS007083","Jeremy Morris","Consumer","Manchester","United Kingdom","2019-10-02"
7084,"CUS007084","Mark Wallace","Consumer","Hamburg","Germany","2022-05-11"
7085,"CUS007085","Erik Watkins Jr.","Consumer","Rotterdam","Netherlands","2022-04-26"
7086,"CUS007086","Sharon Fernandez","Small Business","Nottingham","United Kingdom","2019-06-15"
7087,"CUS007087","Sarah Curry","Consumer","Austin","USA","2023-04-29"
7088,"CUS007088","Austin Aguilar","Consumer","Chicago","USA","2019-04-16"
7089,"CUS007089","Lance Grant","Consumer","Dublin","Ireland","2019-08-21"
7090,"CUS007090","Jordan Franklin","Consumer","Bristol","United Kingdom","2021-09-18"
7091,"CUS007091","Jeanette Sullivan","Small Business","Nottingham","United Kingdom","2022-03-11"
7092,"CUS007092","Kathy Pierce","Consumer","Rotterdam","Netherlands","2020-12-09"
7093,"CUS007093","Daniel Johnson","Consumer","Munich","Germany","2019-04-01"
7094,"CUS007094","Alan Mendoza","Consumer","Berlin","Germany","2019-12-29"
7095,"CUS007095","David Ross","Consumer","New York","USA","2020-11-05"
7096,"CUS007096","Brian Welch","Consumer","Birmingham","United Kingdom","2025-05-16"
7097,"CUS007097","Alyssa Atkinson","Consumer","Nottingham","United Kingdom","2024-05-13"
7098,"CUS007098","Kimberly Aguirre","Consumer","Munich","Germany","2021-08-27"
7099,"CUS007099","Timothy Holland","Consumer","Barcelona","Spain","2019-02-03"
7100,"CUS007100","Maria Boone","Consumer","Birmingham","United Kingdom","2020-04-11"
7101,"CUS007101","Annette Wang","Corporate","Manchester","United Kingdom","2021-08-13"
7102,"CUS007102","Alyssa Carey","Corporate","Birmingham","United Kingdom","2024-04-21"
7103,"CUS007103","James Espinoza","Corporate","London","United Kingdom","2023-11-07"
7104,"CUS007104","Linda Marks","Consumer","Lyon","France","2023-08-31"
7105,"CUS007105","Kevin Robinson","Consumer","Leeds","United Kingdom","2020-06-10"
7106,"CUS007106","Leah Thomas","Consumer","Nottingham","United Kingdom","2020-11-08"
7107,"CUS007107","Stephanie Walker","Corporate","Hamburg","Germany","2024-08-20"
7108,"CUS007108","Kayla Spears","Consumer","London","United Kingdom","2022-04-02"
7109,"CUS007109","Eric Barrera","Corporate","Munich","Germany","2020-10-28"
7110,"CUS007110","Dana Stewart","Consumer","Hamburg","Germany","2025-02-10"
7111,"CUS007111","Garrett Dixon","Corporate","Paris","France","2023-08-16"
7112,"CUS007112","Joseph Blair","Consumer","Manchester","United Kingdom","2020-04-24"
7113,"CUS007113","William Morgan","Corporate","New York","USA","2025-08-14"
7114,"CUS007114","Alexis Tucker","Consumer","London","United Kingdom","2021-06-07"
7115,"CUS007115","Brian Jackson","Online Reseller","Leeds","United Kingdom","2021-04-27"
7116,"CUS007116","Stephanie Robinson","Consumer","London","United Kingdom","2023-11-01"
7117,"CUS007117","Gerald Williams","Consumer","Rotterdam","Netherlands","2022-05-15"
7118,"CUS007118","Emily Lowe","Small Business","Madrid","Spain","2019-12-15"
7119,"CUS007119","Cameron Davis","Consumer","Bristol","United Kingdom","2025-02-22"
7120,"CUS007120","Larry Wiley","Corporate","Madrid","Spain","2024-09-04"
7121,"CUS007121","Donald Short","Consumer","Chicago","USA","2022-08-08"
7122,"CUS007122","Eric Holden","Consumer","New York","USA","2021-04-23"
7123,"CUS007123","Ashley Jones","Small Business","New York","USA","2021-10-16"
7124,"CUS007124","Stephen Tapia","Consumer","Glasgow","United Kingdom","2023-02-15"
7125,"CUS007125","Meredith Goodwin","Consumer","Leeds","United Kingdom","2024-10-27"
7126,"CUS007126","Vanessa Mcguire","Consumer","Cork","Ireland","2024-07-24"
7127,"CUS007127","Christina Nichols","Consumer","Dublin","Ireland","2024-02-25"
7128,"CUS007128","Frederick Brady","Small Business","Nottingham","United Kingdom","2021-05-05"
7129,"CUS007129","Paula Guzman","Small Business","Nottingham","United Kingdom","2024-07-30"
7130,"CUS007130","Lauren Kim","Consumer","Madrid","Spain","2019-08-13"
7131,"CUS007131","Lisa Medina","Small Business","Bristol","United Kingdom","2019-05-07"
7132,"CUS007132","Brenda Fowler","Small Business","Barcelona","Spain","2021-04-22"
7133,"CUS007133","Richard Adams","Small Business","Leeds","United Kingdom","2019-04-04"
7134,"CUS007134","Edgar Jenkins","Corporate","Birmingham","United Kingdom","2023-07-08"
7135,"CUS007135","Robert Johnson","Consumer","Barcelona","Spain","2025-10-12"
7136,"CUS007136","Crystal Barton","Consumer","Bristol","United Kingdom","2021-10-12"
7137,"CUS007137","Jessica Evans","Consumer","Leeds","United Kingdom","2024-07-12"
7138,"CUS007138","Jeffrey Pace","Consumer","Bristol","United Kingdom","2019-02-06"
7139,"CUS007139","Karen Chang","Consumer","Austin","USA","2019-09-27"
7140,"CUS007140","Christine Wilson","Corporate","Nottingham","United Kingdom","2021-03-21"
7141,"CUS007141","Kathleen Chavez","Consumer","London","United Kingdom","2019-05-06"
7142,"CUS007142","Lindsay Warner","Consumer","Chicago","USA","2024-12-29"
7143,"CUS007143","Jeffrey Garcia","Consumer","Chicago","USA","2025-01-27"
7144,"CUS007144","Justin Paul","Corporate","Paris","France","2020-12-01"
7145,"CUS007145","Breanna Gallegos","Corporate","Manchester","United Kingdom","2019-01-22"
7146,"CUS007146","Jacob Thornton","Consumer","Rotterdam","Netherlands","2024-11-18"
7147,"CUS007147","Christopher Underwood","Small Business","Rotterdam","Netherlands","2020-08-02"
7148,"CUS007148","Eric Bennett","Corporate","Lyon","France","2022-12-29"
7149,"CUS007149","Jacqueline Pierce DDS","Consumer","Glasgow","United Kingdom","2020-04-13"
7150,"CUS007150","David Reynolds","Small Business","Rotterdam","Netherlands","2021-05-29"
7151,"CUS007151","Travis Lozano","Small Business","Madrid","Spain","2021-08-21"
7152,"CUS007152","Robert Bradford","Corporate","Birmingham","United Kingdom","2021-04-24"
7153,"CUS007153","Jasmine Acosta","Consumer","Munich","Germany","2025-04-23"
7154,"CUS007154","Mark Kelly","Consumer","Amsterdam","Netherlands","2021-09-12"
7155,"CUS007155","Bradley Burton","Consumer","Berlin","Germany","2021-08-22"
7156,"CUS007156","Timothy Hickman","Consumer","Leeds","United Kingdom","2022-06-28"
7157,"CUS007157","Arthur Smith","Consumer","Glasgow","United Kingdom","2023-10-31"
7158,"CUS007158","Christopher Martin","Consumer","Austin","USA","2023-05-29"
7159,"CUS007159","Anna Cunningham","Consumer","Glasgow","United Kingdom","2019-06-08"
7160,"CUS007160","Roy Mitchell","Consumer","Nottingham","United Kingdom","2022-11-14"
7161,"CUS007161","Mrs. Pamela Monroe DDS","Consumer","Rotterdam","Netherlands","2019-06-02"
7162,"CUS007162","Steve Thornton","Consumer","Manchester","United Kingdom","2019-01-20"
7163,"CUS007163","Justin Benson","Corporate","Dublin","Ireland","2022-01-08"
7164,"CUS007164","Donna Fitzgerald","Consumer","Nottingham","United Kingdom","2020-12-31"
7165,"CUS007165","Robert Villarreal","Consumer","Hamburg","Germany","2021-05-27"
7166,"CUS007166","Donna Walsh","Consumer","Paris","France","2025-01-16"
7167,"CUS007167","Dakota Villa","Consumer","Nottingham","United Kingdom","2019-05-08"
7168,"CUS007168","Jessica Farrell","Consumer","Rotterdam","Netherlands","2024-10-16"
7169,"CUS007169","Timothy Johnson","Corporate","Munich","Germany","2019-04-01"
7170,"CUS007170","Lauren Mann","Consumer","Chicago","USA","2022-01-09"
7171,"CUS007171","Justin Lopez","Small Business","Manchester","United Kingdom","2020-12-19"
7172,"CUS007172","Joe Greene","Online Reseller","Austin","USA","2023-04-05"
7173,"CUS007173","Jason Graham","Small Business","Cork","Ireland","2021-08-06"
7174,"CUS007174","Charles Edwards","Online Reseller","Dublin","Ireland","2019-04-22"
7175,"CUS007175","David Thompson","Corporate","Glasgow","United Kingdom","2022-07-13"
7176,"CUS007176","Amanda Leon","Small Business","Manchester","United Kingdom","2022-12-21"
7177,"CUS007177","Brandi Hale","Consumer","Lyon","France","2021-08-03"
7178,"CUS007178","Louis Stephens","Consumer","Madrid","Spain","2023-08-22"
7179,"CUS007179","William Hardy","Consumer","Paris","France","2020-09-05"
7180,"CUS007180","Kristen Vance","Small Business","Barcelona","Spain","2024-04-15"
7181,"CUS007181","Luis Smith MD","Corporate","Madrid","Spain","2023-12-28"
7182,"CUS007182","Benjamin Hernandez","Consumer","New York","USA","2024-12-12"
7183,"CUS007183","Robert Martinez","Corporate","Manchester","United Kingdom","2019-08-15"
7184,"CUS007184","Luis Lewis","Small Business","Barcelona","Spain","2024-01-22"
7185,"CUS007185","Hayley Ellis","Corporate","Glasgow","United Kingdom","2021-11-25"
7186,"CUS007186","Susan Hamilton","Corporate","Bristol","United Kingdom","2019-12-15"
7187,"CUS007187","Sean Bennett","Consumer","Manchester","United Kingdom","2020-04-09"
7188,"CUS007188","Joshua Sanchez","Small Business","Leeds","United Kingdom","2021-11-29"
7189,"CUS007189","Jamie Jones","Consumer","Amsterdam","Netherlands","2024-12-01"
7190,"CUS007190","Nicole Moss","Consumer","Hamburg","Germany","2024-04-24"
7191,"CUS007191","Stephanie Schultz","Consumer","New York","USA","2023-09-17"
7192,"CUS007192","Peter Fowler","Small Business","Leeds","United Kingdom","2022-09-16"
7193,"CUS007193","Mr. Samuel Baker","Consumer","Austin","USA","2020-05-23"
7194,"CUS007194","Lawrence Johnson","Corporate","London","United Kingdom","2022-12-26"
7195,"CUS007195","Tracy Calhoun","Corporate","Birmingham","United Kingdom","2023-10-19"
7196,"CUS007196","April White","Consumer","Munich","Germany","2019-12-13"
7197,"CUS007197","Gwendolyn Chandler","Small Business","Barcelona","Spain","2022-12-19"
7198,"CUS007198","Sandra Casey","Consumer","Amsterdam","Netherlands","2020-11-21"
7199,"CUS007199","Dylan Vega","Consumer","Dublin","Ireland","2019-10-01"
7200,"CUS007200","Jennifer Taylor","Consumer","Lyon","France","2022-06-07"
7201,"CUS007201","Kimberly Armstrong","Corporate","Cork","Ireland","2022-07-30"
7202,"CUS007202","Paul Frye","Consumer","Berlin","Germany","2020-04-26"
7203,"CUS007203","Timothy Hill","Consumer","Austin","USA","2021-07-22"
7204,"CUS007204","Melissa Brooks","Consumer","Chicago","USA","2024-10-07"
7205,"CUS007205","Mr. Craig Howard","Consumer","Hamburg","Germany","2019-07-09"
7206,"CUS007206","Michael Chapman","Consumer","Leeds","United Kingdom","2025-03-28"
7207,"CUS007207","Julie Holloway","Consumer","Madrid","Spain","2022-03-08"
7208,"CUS007208","Cesar Watts","Consumer","Lyon","France","2019-11-03"
7209,"CUS007209","Kevin Mitchell","Consumer","New York","USA","2022-01-13"
7210,"CUS007210","Matthew Coleman","Corporate","Rotterdam","Netherlands","2020-01-04"
7211,"CUS007211","Amber Rice","Consumer","Lyon","France","2021-10-01"
7212,"CUS007212","Anthony Garcia","Small Business","Manchester","United Kingdom","2025-01-28"
7213,"CUS007213","Karen Sanchez","Consumer","London","United Kingdom","2024-12-30"
7214,"CUS007214","Kevin Nguyen","Consumer","Austin","USA","2023-07-19"
7215,"CUS007215","Danielle Hamilton","Corporate","Paris","France","2019-07-17"
7216,"CUS007216","Carolyn Garcia","Small Business","Barcelona","Spain","2023-03-30"
7217,"CUS007217","Katelyn Dunn","Online Reseller","Leeds","United Kingdom","2024-04-18"
7218,"CUS007218","Anne Gilbert","Consumer","Nottingham","United Kingdom","2025-04-14"
7219,"CUS007219","Joseph Henderson","Corporate","Bristol","United Kingdom","2019-09-23"
7220,"CUS007220","Philip Combs","Online Reseller","Rotterdam","Netherlands","2024-11-07"
7221,"CUS007221","Joshua Monroe","Consumer","Chicago","USA","2019-01-09"
7222,"CUS007222","Jeffrey Lane","Consumer","Dublin","Ireland","2023-09-03"
7223,"CUS007223","Tim Griffith","Online Reseller","Manchester","United Kingdom","2021-11-21"
7224,"CUS007224","Dennis Mann","Corporate","Bristol","United Kingdom","2020-02-27"
7225,"CUS007225","Jared Brown","Consumer","Madrid","Spain","2025-06-19"
7226,"CUS007226","Cody Shaw","Consumer","Cork","Ireland","2022-05-21"
7227,"CUS007227","Vanessa Vazquez","Consumer","Rotterdam","Netherlands","2024-10-15"
7228,"CUS007228","Michael Leonard","Online Reseller","Barcelona","Spain","2021-01-26"
7229,"CUS007229","Brenda Roberts","Corporate","Bristol","United Kingdom","2022-04-12"
7230,"CUS007230","Dylan Hernandez","Consumer","Hamburg","Germany","2019-01-20"
7231,"CUS007231","John Garcia","Corporate","Birmingham","United Kingdom","2020-05-10"
7232,"CUS007232","Francisco Chapman","Consumer","Lyon","France","2022-10-01"
7233,"CUS007233","Brandon Heath","Consumer","Madrid","Spain","2025-03-22"
7234,"CUS007234","David Allison","Online Reseller","Austin","USA","2020-11-10"
7235,"CUS007235","Betty Farrell","Online Reseller","Birmingham","United Kingdom","2019-09-05"
7236,"CUS007236","Andre Flores","Consumer","Hamburg","Germany","2019-03-21"
7237,"CUS007237","Laurie Lopez","Consumer","Leeds","United Kingdom","2021-04-12"
7238,"CUS007238","Jaime Taylor","Small Business","Berlin","Germany","2023-01-18"
7239,"CUS007239","Tyler Stevenson","Consumer","Cork","Ireland","2024-12-09"
7240,"CUS007240","Sarah Wilson","Small Business","Nottingham","United Kingdom","2019-01-05"
7241,"CUS007241","Joseph Clark","Corporate","New York","USA","2024-04-18"
7242,"CUS007242","Cheryl May","Corporate","Glasgow","United Kingdom","2019-03-28"
7243,"CUS007243","Jose Moses","Consumer","Glasgow","United Kingdom","2024-10-31"
7244,"CUS007244","Daniel Sanchez","Corporate","Austin","USA","2023-09-04"
7245,"CUS007245","Gabriela Heath","Small Business","Barcelona","Spain","2025-07-03"
7246,"CUS007246","Felicia Robinson","Consumer","Nottingham","United Kingdom","2019-05-24"
7247,"CUS007247","James Barton","Consumer","Hamburg","Germany","2024-08-28"
7248,"CUS007248","Jeremy Mcguire","Corporate","London","United Kingdom","2023-11-18"
7249,"CUS007249","Kevin Jordan","Consumer","Cork","Ireland","2023-08-04"
7250,"CUS007250","Christopher Brown","Corporate","Madrid","Spain","2022-11-24"
7251,"CUS007251","Tiffany Wright","Small Business","Leeds","United Kingdom","2022-01-06"
7252,"CUS007252","Mallory Wells","Consumer","Chicago","USA","2020-06-29"
7253,"CUS007253","Samantha Hill","Consumer","Leeds","United Kingdom","2022-02-05"
7254,"CUS007254","Mallory Ward","Consumer","Birmingham","United Kingdom","2024-08-18"
7255,"CUS007255","Sandra Kelly","Consumer","Birmingham","United Kingdom","2024-05-06"
7256,"CUS007256","Anna Barker","Small Business","Berlin","Germany","2019-06-15"
7257,"CUS007257","Vicki Powell PhD","Small Business","Manchester","United Kingdom","2020-09-02"
7258,"CUS007258","Andrea Freeman","Online Reseller","Leeds","United Kingdom","2023-06-15"
7259,"CUS007259","Toni Wood","Consumer","Berlin","Germany","2020-05-27"
7260,"CUS007260","Mark Brown","Corporate","Rotterdam","Netherlands","2021-11-13"
7261,"CUS007261","Jennifer Garcia","Online Reseller","Manchester","United Kingdom","2021-07-01"
7262,"CUS007262","Willie Robinson","Small Business","Birmingham","United Kingdom","2019-05-16"
7263,"CUS007263","Kevin Wood","Small Business","Barcelona","Spain","2021-11-22"
7264,"CUS007264","Jeremy Riddle","Corporate","New York","USA","2021-07-19"
7265,"CUS007265","Phillip Hamilton","Consumer","Leeds","United Kingdom","2020-08-23"
7266,"CUS007266","David Clark","Consumer","Lyon","France","2024-05-14"
7267,"CUS007267","Melissa Howe","Consumer","London","United Kingdom","2025-04-04"
7268,"CUS007268","Mark Cannon","Corporate","Glasgow","United Kingdom","2025-08-28"
7269,"CUS007269","Gina Wright","Corporate","Madrid","Spain","2023-01-07"
7270,"CUS007270","Shawn Mann","Consumer","Amsterdam","Netherlands","2023-07-30"
7271,"CUS007271","Katherine Vargas MD","Consumer","Berlin","Germany","2024-07-10"
7272,"CUS007272","Brad Davidson","Online Reseller","London","United Kingdom","2020-06-14"
7273,"CUS007273","Melissa Barnes","Corporate","Manchester","United Kingdom","2020-10-14"
7274,"CUS007274","Mario Velazquez","Consumer","Austin","USA","2020-07-26"
7275,"CUS007275","Daniel Hopkins","Consumer","Amsterdam","Netherlands","2020-12-24"
7276,"CUS007276","Gary Curry","Corporate","Glasgow","United Kingdom","2020-02-22"
7277,"CUS007277","Kenneth Gutierrez","Consumer","Glasgow","United Kingdom","2024-04-15"
7278,"CUS007278","Nicholas Thomas","Corporate","Austin","USA","2019-08-06"
7279,"CUS007279","Leslie Young","Corporate","Bristol","United Kingdom","2020-08-06"
7280,"CUS007280","Stacy Payne","Online Reseller","Lyon","France","2019-05-20"
7281,"CUS007281","Jennifer Gomez","Consumer","Leeds","United Kingdom","2021-03-20"
7282,"CUS007282","Travis Miller","Consumer","Glasgow","United Kingdom","2020-05-22"
7283,"CUS007283","Richard Rios","Consumer","Paris","France","2023-02-12"
7284,"CUS007284","Anita Sanchez","Online Reseller","Glasgow","United Kingdom","2020-06-07"
7285,"CUS007285","Daniel Anderson Jr.","Small Business","Leeds","United Kingdom","2019-02-21"
7286,"CUS007286","Patricia Mejia","Consumer","London","United Kingdom","2025-08-23"
7287,"CUS007287","Denise Austin","Small Business","Cork","Ireland","2020-04-10"
7288,"CUS007288","Tina Mckee","Corporate","Cork","Ireland","2023-04-29"
7289,"CUS007289","Steven Hughes","Corporate","Hamburg","Germany","2022-04-26"
7290,"CUS007290","Daniel Anderson","Consumer","Bristol","United Kingdom","2022-05-23"
7291,"CUS007291","Dustin Bowers","Consumer","Austin","USA","2023-02-14"
7292,"CUS007292","Elizabeth Mejia","Consumer","Dublin","Ireland","2020-10-06"
7293,"CUS007293","Frank Ramirez","Consumer","Nottingham","United Kingdom","2020-08-18"
7294,"CUS007294","Kenneth Guerra","Consumer","Munich","Germany","2025-10-03"
7295,"CUS007295","Ryan Phillips","Consumer","Birmingham","United Kingdom","2021-04-16"
7296,"CUS007296","Christine Cabrera","Consumer","London","United Kingdom","2025-03-27"
7297,"CUS007297","Julia Adkins","Corporate","Glasgow","United Kingdom","2021-06-24"
7298,"CUS007298","Renee Mccoy","Small Business","Hamburg","Germany","2024-04-03"
7299,"CUS007299","Daniel Hoover","Corporate","Madrid","Spain","2019-11-25"
7300,"CUS007300","Ryan Miller","Consumer","Paris","France","2020-01-23"
7301,"CUS007301","Catherine Gutierrez","Small Business","Munich","Germany","2023-09-19"
7302,"CUS007302","Michelle Bradley","Small Business","Barcelona","Spain","2019-05-03"
7303,"CUS007303","Jason Mayo","Consumer","Nottingham","United Kingdom","2023-11-15"
7304,"CUS007304","Michael Pierce","Corporate","Rotterdam","Netherlands","2019-05-31"
7305,"CUS007305","Daniel Rodriguez","Consumer","Leeds","United Kingdom","2022-05-04"
7306,"CUS007306","James Jackson","Consumer","Cork","Ireland","2022-05-04"
7307,"CUS007307","Laura Wilson","Corporate","Austin","USA","2023-10-22"
7308,"CUS007308","Danielle Guzman","Corporate","Birmingham","United Kingdom","2025-11-26"
7309,"CUS007309","Amanda Webster","Consumer","Bristol","United Kingdom","2024-12-01"
7310,"CUS007310","David Stanton","Consumer","Manchester","United Kingdom","2024-04-07"
7311,"CUS007311","Thomas Barnes","Consumer","London","United Kingdom","2022-12-14"
7312,"CUS007312","Dr. Tyler Hill","Consumer","Munich","Germany","2023-12-15"
7313,"CUS007313","Diana Petersen","Corporate","Birmingham","United Kingdom","2023-08-26"
7314,"CUS007314","Melissa Davis","Consumer","Birmingham","United Kingdom","2022-10-11"
7315,"CUS007315","Benjamin Hamilton","Consumer","Barcelona","Spain","2025-03-28"
7316,"CUS007316","Amanda Mcknight","Small Business","Munich","Germany","2022-03-17"
7317,"CUS007317","Anna Morales","Small Business","Leeds","United Kingdom","2023-02-16"
7318,"CUS007318","Laura Page","Consumer","Leeds","United Kingdom","2024-07-02"
7319,"CUS007319","Angela Johnson","Consumer","Nottingham","United Kingdom","2020-01-08"
7320,"CUS007320","Mary Livingston","Corporate","London","United Kingdom","2024-03-30"
7321,"CUS007321","Amanda Moreno","Corporate","Barcelona","Spain","2021-06-26"
7322,"CUS007322","Jennifer Butler","Consumer","Paris","France","2023-05-19"
7323,"CUS007323","Thomas Kidd","Consumer","Lyon","France","2021-01-31"
7324,"CUS007324","Andrea Oliver","Consumer","Bristol","United Kingdom","2024-08-30"
7325,"CUS007325","Edgar Martinez","Corporate","Dublin","Ireland","2019-09-25"
7326,"CUS007326","Christina Shaw","Consumer","Leeds","United Kingdom","2020-01-29"
7327,"CUS007327","Erin Spencer","Corporate","Berlin","Germany","2022-05-23"
7328,"CUS007328","Whitney Clark","Consumer","Munich","Germany","2019-04-04"
7329,"CUS007329","Jeffery Dominguez","Online Reseller","New York","USA","2020-09-23"
7330,"CUS007330","Megan Tucker","Small Business","Manchester","United Kingdom","2024-01-07"
7331,"CUS007331","Leslie Harris","Small Business","Austin","USA","2021-03-20"
7332,"CUS007332","Amy Nguyen","Corporate","Lyon","France","2022-02-18"
7333,"CUS007333","Dr. Stephen Gibbs","Small Business","Leeds","United Kingdom","2025-11-29"
7334,"CUS007334","Shawn Patton","Consumer","Paris","France","2023-08-27"
7335,"CUS007335","Michael Howe","Corporate","Glasgow","United Kingdom","2023-02-07"
7336,"CUS007336","Whitney Turner","Consumer","Paris","France","2022-12-04"
7337,"CUS007337","Sean Martin","Corporate","New York","USA","2023-09-11"
7338,"CUS007338","Kristi Rios","Small Business","Birmingham","United Kingdom","2021-11-10"
7339,"CUS007339","Bryan Pittman","Corporate","Madrid","Spain","2021-08-15"
7340,"CUS007340","Mark Stewart","Small Business","Hamburg","Germany","2022-08-26"
7341,"CUS007341","Taylor Jones","Consumer","Birmingham","United Kingdom","2022-09-20"
7342,"CUS007342","Christy Graham","Small Business","Manchester","United Kingdom","2019-12-26"
7343,"CUS007343","Isabella James","Consumer","Munich","Germany","2022-05-25"
7344,"CUS007344","Chelsea Jones","Consumer","Chicago","USA","2024-12-05"
7345,"CUS007345","Tracey Johnson","Online Reseller","Madrid","Spain","2022-01-25"
7346,"CUS007346","Elizabeth Arellano","Consumer","Manchester","United Kingdom","2025-10-19"
7347,"CUS007347","Jamie Patton","Consumer","Austin","USA","2021-05-27"
7348,"CUS007348","Mrs. Margaret Wilson MD","Consumer","Cork","Ireland","2022-08-17"
7349,"CUS007349","Michael Miller","Consumer","London","United Kingdom","2025-05-26"
7350,"CUS007350","Gary Jenkins","Consumer","Lyon","France","2025-10-27"
7351,"CUS007351","Tracy Lopez","Consumer","Madrid","Spain","2021-06-29"
7352,"CUS007352","Joshua Olsen","Consumer","Glasgow","United Kingdom","2021-10-25"
7353,"CUS007353","Zachary Thompson","Consumer","Cork","Ireland","2020-04-04"
7354,"CUS007354","Nancy Barry","Corporate","Nottingham","United Kingdom","2023-05-12"
7355,"CUS007355","Mark Campbell","Consumer","London","United Kingdom","2019-09-18"
7356,"CUS007356","Ana Zimmerman","Consumer","Birmingham","United Kingdom","2022-09-14"
7357,"CUS007357","Linda Austin","Corporate","Rotterdam","Netherlands","2023-04-13"
7358,"CUS007358","Suzanne Howard","Corporate","Manchester","United Kingdom","2019-08-29"
7359,"CUS007359","Douglas Hudson","Consumer","Leeds","United Kingdom","2022-02-05"
7360,"CUS007360","Connie Brown","Corporate","Dublin","Ireland","2019-12-02"
7361,"CUS007361","Kevin Fuller","Consumer","London","United Kingdom","2022-10-16"
7362,"CUS007362","Jessica Bailey","Consumer","Glasgow","United Kingdom","2025-06-11"
7363,"CUS007363","Jennifer Diaz","Corporate","Chicago","USA","2022-12-09"
7364,"CUS007364","Elizabeth Thomas","Corporate","Munich","Germany","2019-10-15"
7365,"CUS007365","Joan Ramsey DDS","Consumer","Paris","France","2022-05-24"
7366,"CUS007366","Casey Valdez","Corporate","Birmingham","United Kingdom","2021-05-30"
7367,"CUS007367","Alexander Reyes","Small Business","London","United Kingdom","2023-08-31"
7368,"CUS007368","Alexander Williams","Consumer","Austin","USA","2020-02-16"
7369,"CUS007369","Zachary Mccall","Consumer","Austin","USA","2019-01-02"
7370,"CUS007370","Daniel Hatfield","Consumer","New York","USA","2022-10-19"
7371,"CUS007371","Matthew Woodward","Consumer","Chicago","USA","2024-10-25"
7372,"CUS007372","Debbie Cobb","Consumer","Nottingham","United Kingdom","2022-04-20"
7373,"CUS007373","Paula Garcia","Consumer","Chicago","USA","2025-01-28"
7374,"CUS007374","Warren Hooper","Corporate","Manchester","United Kingdom","2023-04-26"
7375,"CUS007375","Joshua Brown","Small Business","Austin","USA","2025-09-14"
7376,"CUS007376","William Malone","Small Business","Birmingham","United Kingdom","2020-04-19"
7377,"CUS007377","Mr. Adam Russell","Corporate","Leeds","United Kingdom","2023-03-11"
7378,"CUS007378","Nathan Martinez","Consumer","Manchester","United Kingdom","2025-06-15"
7379,"CUS007379","Mary Taylor","Corporate","Glasgow","United Kingdom","2025-08-26"
7380,"CUS007380","Charles Thompson","Consumer","Birmingham","United Kingdom","2023-11-30"
7381,"CUS007381","Adam Ramirez","Small Business","Leeds","United Kingdom","2024-07-10"
7382,"CUS007382","Christopher Lee","Consumer","Nottingham","United Kingdom","2022-06-28"
7383,"CUS007383","Ms. Elizabeth Smith MD","Corporate","Berlin","Germany","2021-04-15"
7384,"CUS007384","Kristen Chavez","Consumer","Lyon","France","2020-02-20"
7385,"CUS007385","Crystal Wu","Consumer","Berlin","Germany","2025-08-17"
7386,"CUS007386","Brian Sanchez","Consumer","Glasgow","United Kingdom","2021-03-08"
7387,"CUS007387","Samantha Bautista","Consumer","Manchester","United Kingdom","2020-07-06"
7388,"CUS007388","Fernando Chan","Online Reseller","Glasgow","United Kingdom","2021-12-22"
7389,"CUS007389","Charles Miranda","Online Reseller","Nottingham","United Kingdom","2021-05-23"
7390,"CUS007390","Bonnie Petersen","Online Reseller","Dublin","Ireland","2024-04-13"
7391,"CUS007391","Jessica Wilson","Consumer","Cork","Ireland","2024-01-13"
7392,"CUS007392","Mary Huber","Consumer","Nottingham","United Kingdom","2020-03-11"
7393,"CUS007393","Amanda Malone","Small Business","London","United Kingdom","2020-06-21"
7394,"CUS007394","Alyssa House","Consumer","Austin","USA","2019-09-01"
7395,"CUS007395","Benjamin Jacobson","Online Reseller","Barcelona","Spain","2023-10-25"
7396,"CUS007396","Dwayne Delacruz","Consumer","Bristol","United Kingdom","2020-03-27"
7397,"CUS007397","Dana Jones","Consumer","Leeds","United Kingdom","2019-09-17"
7398,"CUS007398","Peter Buchanan","Corporate","Berlin","Germany","2020-06-23"
7399,"CUS007399","Susan Spears","Small Business","Amsterdam","Netherlands","2025-11-22"
7400,"CUS007400","John Ortiz","Consumer","Amsterdam","Netherlands","2021-01-15"
7401,"CUS007401","Nicholas Fuller","Small Business","Birmingham","United Kingdom","2024-09-11"
7402,"CUS007402","Casey May","Corporate","Austin","USA","2020-07-09"
7403,"CUS007403","Tammy Walker","Consumer","Glasgow","United Kingdom","2020-04-16"
7404,"CUS007404","Peter Jimenez","Consumer","Austin","USA","2023-10-30"
7405,"CUS007405","Maria Donaldson","Consumer","Hamburg","Germany","2025-10-15"
7406,"CUS007406","Crystal Grant","Small Business","Madrid","Spain","2025-07-14"
7407,"CUS007407","Mary Davis","Corporate","Paris","France","2023-07-16"
7408,"CUS007408","Lisa Stein","Online Reseller","Amsterdam","Netherlands","2023-01-11"
7409,"CUS007409","Timothy Mckee","Consumer","London","United Kingdom","2020-07-31"
7410,"CUS007410","Jennifer Johnston","Small Business","New York","USA","2019-01-25"
7411,"CUS007411","Gary Morris","Small Business","Cork","Ireland","2020-02-27"
7412,"CUS007412","Johnny Watson","Consumer","Madrid","Spain","2023-07-26"
7413,"CUS007413","Melissa Smith","Corporate","Amsterdam","Netherlands","2024-08-08"
7414,"CUS007414","Chelsea Jacobson","Consumer","Barcelona","Spain","2025-03-10"
7415,"CUS007415","Jason Oconnell","Consumer","Rotterdam","Netherlands","2022-08-26"
7416,"CUS007416","Amber Evans","Small Business","Birmingham","United Kingdom","2019-05-03"
7417,"CUS007417","Kelly Owen","Corporate","New York","USA","2022-09-23"
7418,"CUS007418","James Luna","Consumer","Austin","USA","2020-06-23"
7419,"CUS007419","Jason Allen","Consumer","Lyon","France","2023-06-20"
7420,"CUS007420","Donald Wallace","Consumer","Birmingham","United Kingdom","2025-02-15"
7421,"CUS007421","James Thomas","Corporate","Barcelona","Spain","2019-06-16"
7422,"CUS007422","Timothy Barnes","Corporate","Dublin","Ireland","2022-01-28"
7423,"CUS007423","Elizabeth Nolan","Corporate","London","United Kingdom","2019-03-07"
7424,"CUS007424","Hunter Reid","Consumer","Manchester","United Kingdom","2023-12-20"
7425,"CUS007425","Cheyenne Sharp","Consumer","Madrid","Spain","2021-02-19"
7426,"CUS007426","Caitlyn Salazar","Consumer","Lyon","France","2023-05-19"
7427,"CUS007427","Derrick Stevens","Small Business","Hamburg","Germany","2021-03-10"
7428,"CUS007428","Shannon White","Online Reseller","Leeds","United Kingdom","2022-03-16"
7429,"CUS007429","Robin Schmidt","Consumer","Cork","Ireland","2022-04-17"
7430,"CUS007430","Cynthia Taylor","Small Business","Lyon","France","2022-08-04"
7431,"CUS007431","Daniel Hunt","Consumer","Berlin","Germany","2023-05-06"
7432,"CUS007432","Denise Gibson","Consumer","Glasgow","United Kingdom","2023-05-09"
7433,"CUS007433","Brian Rivera","Consumer","Glasgow","United Kingdom","2020-07-15"
7434,"CUS007434","Shane Burke","Consumer","Austin","USA","2019-02-02"
7435,"CUS007435","George Ellis","Corporate","Chicago","USA","2020-06-06"
7436,"CUS007436","Lauren Johnson","Small Business","Leeds","United Kingdom","2025-09-01"
7437,"CUS007437","Jonathan Lamb","Consumer","Barcelona","Spain","2019-07-08"
7438,"CUS007438","Donald Wood","Consumer","Manchester","United Kingdom","2024-07-31"
7439,"CUS007439","Zachary Lewis","Consumer","Austin","USA","2020-10-09"
7440,"CUS007440","Lisa Morgan","Small Business","Manchester","United Kingdom","2024-07-29"
7441,"CUS007441","Heather Galvan","Consumer","Madrid","Spain","2020-08-27"
7442,"CUS007442","Erica Medina","Consumer","Manchester","United Kingdom","2021-04-11"
7443,"CUS007443","Kelly Perez","Small Business","Manchester","United Kingdom","2023-05-18"
7444,"CUS007444","Thomas Taylor","Consumer","Amsterdam","Netherlands","2024-11-10"
7445,"CUS007445","Clinton Macias","Corporate","Rotterdam","Netherlands","2019-09-14"
7446,"CUS007446","Ann Moore","Consumer","Dublin","Ireland","2019-08-20"
7447,"CUS007447","Dr. Kyle Calderon","Consumer","London","United Kingdom","2023-01-14"
7448,"CUS007448","Brandon Marshall","Consumer","Madrid","Spain","2019-12-26"
7449,"CUS007449","Cassandra Wilson","Consumer","Nottingham","United Kingdom","2023-03-02"
7450,"CUS007450","Leslie Yoder","Consumer","Madrid","Spain","2021-07-30"
7451,"CUS007451","Daniel Garrison","Consumer","London","United Kingdom","2020-06-03"
7452,"CUS007452","Jennifer Andersen","Consumer","Austin","USA","2025-10-12"
7453,"CUS007453","Nicole Maddox","Small Business","London","United Kingdom","2025-06-28"
7454,"CUS007454","David Moore","Small Business","Manchester","United Kingdom","2021-07-15"
7455,"CUS007455","Joseph Pace","Small Business","Chicago","USA","2019-11-04"
7456,"CUS007456","Cody Williams","Small Business","Nottingham","United Kingdom","2025-01-13"
7457,"CUS007457","Kevin Rodriguez","Consumer","Barcelona","Spain","2021-12-22"
7458,"CUS007458","David Brooks","Corporate","Paris","France","2024-03-22"
7459,"CUS007459","Larry Miller","Corporate","Rotterdam","Netherlands","2025-02-06"
7460,"CUS007460","Anthony Smith","Consumer","Glasgow","United Kingdom","2020-08-31"
7461,"CUS007461","Maria Jordan","Consumer","Nottingham","United Kingdom","2024-12-14"
7462,"CUS007462","Clinton Peterson","Consumer","Nottingham","United Kingdom","2025-05-06"
7463,"CUS007463","Megan Graves","Consumer","Amsterdam","Netherlands","2019-03-05"
7464,"CUS007464","Patrick Gomez","Consumer","Barcelona","Spain","2022-06-26"
7465,"CUS007465","April Cole","Consumer","Leeds","United Kingdom","2024-03-12"
7466,"CUS007466","Robin Thomas MD","Small Business","Cork","Ireland","2022-09-23"
7467,"CUS007467","Hailey Lara","Consumer","Leeds","United Kingdom","2022-03-02"
7468,"CUS007468","Patrick Miller","Small Business","Chicago","USA","2023-09-05"
7469,"CUS007469","Mark Owens","Consumer","Bristol","United Kingdom","2024-11-10"
7470,"CUS007470","Patricia Mitchell","Consumer","Madrid","Spain","2024-07-16"
7471,"CUS007471","Jeremy Roberts","Consumer","New York","USA","2022-04-25"
7472,"CUS007472","Adam Singh","Corporate","New York","USA","2021-04-09"
7473,"CUS007473","Theresa Gomez","Small Business","Nottingham","United Kingdom","2024-11-26"
7474,"CUS007474","Melissa Garcia","Corporate","Paris","France","2022-09-18"
7475,"CUS007475","Jerry Porter","Consumer","London","United Kingdom","2023-02-06"
7476,"CUS007476","Michelle Morgan","Consumer","Bristol","United Kingdom","2024-09-23"
7477,"CUS007477","Matthew Wong","Consumer","Madrid","Spain","2021-12-09"
7478,"CUS007478","Andrea Johnson","Consumer","Leeds","United Kingdom","2023-04-01"
7479,"CUS007479","Kristen Underwood","Consumer","Paris","France","2024-07-21"
7480,"CUS007480","Karen Brown","Corporate","Bristol","United Kingdom","2024-08-12"
7481,"CUS007481","Rebecca Weber","Corporate","Bristol","United Kingdom","2019-08-16"
7482,"CUS007482","David Leonard","Consumer","Munich","Germany","2021-05-31"
7483,"CUS007483","Mark Frazier","Corporate","Chicago","USA","2025-10-10"
7484,"CUS007484","James Petersen","Small Business","Manchester","United Kingdom","2020-07-12"
7485,"CUS007485","Christine Sanchez","Corporate","Nottingham","United Kingdom","2019-05-22"
7486,"CUS007486","Michael Martinez","Corporate","Cork","Ireland","2019-12-03"
7487,"CUS007487","Christopher Melton","Consumer","Manchester","United Kingdom","2020-05-13"
7488,"CUS007488","Mark Le","Consumer","Leeds","United Kingdom","2022-03-18"
7489,"CUS007489","Holly Walker","Small Business","Birmingham","United Kingdom","2025-09-13"
7490,"CUS007490","Mr. Ryan Obrien Jr.","Consumer","Manchester","United Kingdom","2024-03-04"
7491,"CUS007491","Todd Sanchez","Consumer","London","United Kingdom","2025-09-03"
7492,"CUS007492","Patricia Sanchez","Consumer","Chicago","USA","2020-05-16"
7493,"CUS007493","Kristy Terry","Consumer","Lyon","France","2021-09-22"
7494,"CUS007494","Michele Jones","Consumer","Rotterdam","Netherlands","2023-11-06"
7495,"CUS007495","Jeffrey Greene","Consumer","Rotterdam","Netherlands","2019-04-14"
7496,"CUS007496","Sarah James","Consumer","Austin","USA","2022-05-24"
7497,"CUS007497","Wesley Fischer","Corporate","Manchester","United Kingdom","2024-07-25"
7498,"CUS007498","Deanna Henry","Consumer","Bristol","United Kingdom","2022-12-28"
7499,"CUS007499","Rebecca Crawford","Consumer","Austin","USA","2019-10-09"
7500,"CUS007500","Benjamin Duke","Consumer","Austin","USA","2024-05-04"
7501,"CUS007501","Tamara Taylor","Online Reseller","Dublin","Ireland","2020-06-19"
7502,"CUS007502","Richard Contreras","Corporate","Birmingham","United Kingdom","2024-08-06"
7503,"CUS007503","James Gomez","Consumer","Berlin","Germany","2021-06-18"
7504,"CUS007504","Jenna White","Small Business","Cork","Ireland","2025-07-17"
7505,"CUS007505","Ricky Robinson","Consumer","Amsterdam","Netherlands","2020-10-18"
7506,"CUS007506","Amy Thomas","Small Business","London","United Kingdom","2022-08-09"
7507,"CUS007507","Douglas Hahn","Small Business","Nottingham","United Kingdom","2023-12-04"
7508,"CUS007508","Robert Wright","Consumer","Leeds","United Kingdom","2020-04-26"
7509,"CUS007509","Holly Myers","Small Business","Madrid","Spain","2025-03-25"
7510,"CUS007510","Jasmin Harrison","Consumer","Cork","Ireland","2024-07-26"
7511,"CUS007511","Joseph Dixon","Consumer","Leeds","United Kingdom","2023-07-08"
7512,"CUS007512","Caitlin Ramirez","Online Reseller","Glasgow","United Kingdom","2022-12-17"
7513,"CUS007513","Donna Richardson","Corporate","Nottingham","United Kingdom","2024-01-15"
7514,"CUS007514","Eric Garrett","Consumer","Bristol","United Kingdom","2025-03-01"
7515,"CUS007515","Tyler Lane","Small Business","Amsterdam","Netherlands","2021-01-11"
7516,"CUS007516","Jennifer Reyes","Consumer","Austin","USA","2020-05-10"
7517,"CUS007517","Shannon Thomas","Small Business","Berlin","Germany","2024-08-24"
7518,"CUS007518","Sharon Cannon","Consumer","Birmingham","United Kingdom","2025-03-25"
7519,"CUS007519","Sheri Dawson","Consumer","Chicago","USA","2021-12-06"
7520,"CUS007520","Tony Singh","Corporate","Paris","France","2021-03-20"
7521,"CUS007521","Lisa Silva","Corporate","Rotterdam","Netherlands","2023-01-15"
7522,"CUS007522","Michael Adams","Corporate","Lyon","France","2019-05-31"
7523,"CUS007523","Carlos Rodriguez","Corporate","Barcelona","Spain","2023-06-15"
7524,"CUS007524","Richard Watson","Consumer","Manchester","United Kingdom","2021-08-06"
7525,"CUS007525","Charles Gonzalez","Consumer","London","United Kingdom","2021-12-19"
7526,"CUS007526","Julia Riggs","Consumer","Manchester","United Kingdom","2022-02-09"
7527,"CUS007527","Sarah Barnett","Consumer","Hamburg","Germany","2024-11-03"
7528,"CUS007528","Donna Cooper","Consumer","Lyon","France","2020-09-22"
7529,"CUS007529","Keith Hodge Jr.","Consumer","Madrid","Spain","2023-05-12"
7530,"CUS007530","Joseph Wolfe","Corporate","Chicago","USA","2019-12-28"
7531,"CUS007531","Alexander Hall","Consumer","Dublin","Ireland","2021-07-12"
7532,"CUS007532","Brandi Carter","Corporate","Chicago","USA","2024-12-06"
7533,"CUS007533","Sarah Acevedo","Consumer","Bristol","United Kingdom","2022-10-16"
7534,"CUS007534","Patricia Lee","Corporate","Munich","Germany","2025-03-12"
7535,"CUS007535","Shirley Steele","Consumer","Austin","USA","2021-11-22"
7536,"CUS007536","Melissa Nelson","Consumer","Birmingham","United Kingdom","2025-06-08"
7537,"CUS007537","Thomas Freeman","Consumer","New York","USA","2023-08-07"
7538,"CUS007538","Jill Foster","Consumer","Bristol","United Kingdom","2025-06-18"
7539,"CUS007539","Daniel Taylor","Consumer","Cork","Ireland","2023-10-18"
7540,"CUS007540","Veronica Meyer","Consumer","Cork","Ireland","2025-05-15"
7541,"CUS007541","Brian Hinton","Corporate","Glasgow","United Kingdom","2019-10-22"
7542,"CUS007542","Samantha Johnson","Consumer","Glasgow","United Kingdom","2024-06-11"
7543,"CUS007543","Amber Beasley","Consumer","Birmingham","United Kingdom","2022-11-18"
7544,"CUS007544","Dorothy Hull","Online Reseller","Glasgow","United Kingdom","2019-04-07"
7545,"CUS007545","Robert Mejia","Consumer","Barcelona","Spain","2024-07-05"
7546,"CUS007546","Christina Haney","Consumer","Amsterdam","Netherlands","2025-10-21"
7547,"CUS007547","Samuel Lowe","Consumer","Glasgow","United Kingdom","2023-07-22"
7548,"CUS007548","Travis Hicks","Consumer","Glasgow","United Kingdom","2020-01-20"
7549,"CUS007549","Melissa Jacobs","Corporate","London","United Kingdom","2022-10-01"
7550,"CUS007550","Dr. Brady Clark Jr.","Consumer","Nottingham","United Kingdom","2021-01-21"
7551,"CUS007551","Michael Obrien","Online Reseller","Chicago","USA","2024-08-07"
7552,"CUS007552","Jeffrey Moon","Consumer","Berlin","Germany","2025-07-24"
7553,"CUS007553","Justin Wood","Consumer","Berlin","Germany","2024-11-18"
7554,"CUS007554","Keith Flowers","Small Business","Madrid","Spain","2023-04-24"
7555,"CUS007555","Cole Green","Small Business","Chicago","USA","2025-10-16"
7556,"CUS007556","Sean Odonnell","Corporate","Glasgow","United Kingdom","2025-10-05"
7557,"CUS007557","Jacqueline Summers","Consumer","Berlin","Germany","2024-05-25"
7558,"CUS007558","Shelly Jones","Small Business","Bristol","United Kingdom","2023-04-12"
7559,"CUS007559","Dorothy Rodriguez","Consumer","Cork","Ireland","2021-08-04"
7560,"CUS007560","Steven Baldwin","Online Reseller","London","United Kingdom","2025-07-20"
7561,"CUS007561","Maria Fernandez","Consumer","Paris","France","2021-01-12"
7562,"CUS007562","Trevor Gross","Consumer","Chicago","USA","2022-06-05"
7563,"CUS007563","Nicole Moss","Consumer","London","United Kingdom","2024-09-15"
7564,"CUS007564","Mark Brown","Corporate","Austin","USA","2020-10-10"
7565,"CUS007565","David Bailey","Corporate","Rotterdam","Netherlands","2024-04-04"
7566,"CUS007566","Jordan Jones","Small Business","Glasgow","United Kingdom","2023-01-31"
7567,"CUS007567","Gary Boyd","Consumer","Bristol","United Kingdom","2021-03-11"
7568,"CUS007568","Denise Brewer","Consumer","Leeds","United Kingdom","2020-04-30"
7569,"CUS007569","Jimmy Bell","Consumer","Manchester","United Kingdom","2020-01-28"
7570,"CUS007570","Andrew Fowler","Corporate","Rotterdam","Netherlands","2021-04-22"
7571,"CUS007571","Jamie Velazquez","Corporate","Berlin","Germany","2023-08-22"
7572,"CUS007572","Jermaine Tucker","Consumer","Birmingham","United Kingdom","2022-10-25"
7573,"CUS007573","Kimberly Johnson","Corporate","Birmingham","United Kingdom","2025-03-04"
7574,"CUS007574","Lisa Moore","Consumer","Nottingham","United Kingdom","2024-11-15"
7575,"CUS007575","Thomas Garcia","Consumer","Birmingham","United Kingdom","2022-11-21"
7576,"CUS007576","Kelsey Hansen","Small Business","Cork","Ireland","2025-08-18"
7577,"CUS007577","Karen Garcia","Online Reseller","London","United Kingdom","2021-03-07"
7578,"CUS007578","Jacob Reilly","Consumer","Barcelona","Spain","2024-07-25"
7579,"CUS007579","Robert Levine","Consumer","Leeds","United Kingdom","2024-06-30"
7580,"CUS007580","Keith Harrison","Corporate","Leeds","United Kingdom","2022-12-07"
7581,"CUS007581","Jessica Riley","Corporate","Munich","Germany","2024-10-23"
7582,"CUS007582","Christina Gonzalez","Consumer","Bristol","United Kingdom","2021-11-28"
7583,"CUS007583","John Williams","Consumer","Austin","USA","2023-12-18"
7584,"CUS007584","Alfred Montes","Consumer","Chicago","USA","2021-09-04"
7585,"CUS007585","Jade Scott","Small Business","Leeds","United Kingdom","2022-08-02"
7586,"CUS007586","Andrea Bailey","Consumer","Paris","France","2023-02-02"
7587,"CUS007587","Michael Gardner","Consumer","Leeds","United Kingdom","2019-01-23"
7588,"CUS007588","Trevor Archer","Corporate","Munich","Germany","2024-11-17"
7589,"CUS007589","Leslie Juarez","Small Business","Munich","Germany","2021-11-25"
7590,"CUS007590","Christopher Ross","Consumer","Nottingham","United Kingdom","2022-12-02"
7591,"CUS007591","John Frank","Online Reseller","Glasgow","United Kingdom","2024-05-28"
7592,"CUS007592","Mr. Austin Rivera","Consumer","Cork","Ireland","2021-06-03"
7593,"CUS007593","Tanya Patterson","Consumer","Birmingham","United Kingdom","2023-07-09"
7594,"CUS007594","Dr. Aaron Golden","Corporate","Berlin","Germany","2020-05-10"
7595,"CUS007595","Christian Robertson","Consumer","Birmingham","United Kingdom","2024-11-19"
7596,"CUS007596","Steven Murray","Small Business","Manchester","United Kingdom","2019-04-30"
7597,"CUS007597","James Watkins","Consumer","Cork","Ireland","2022-01-30"
7598,"CUS007598","Courtney Stewart","Corporate","Nottingham","United Kingdom","2023-05-02"
7599,"CUS007599","Roberta Mckinney","Online Reseller","Glasgow","United Kingdom","2021-11-20"
7600,"CUS007600","Calvin Holmes","Consumer","Rotterdam","Netherlands","2020-08-01"
7601,"CUS007601","Jessica Donaldson","Consumer","Birmingham","United Kingdom","2024-12-23"
7602,"CUS007602","Joshua Meyers","Consumer","Cork","Ireland","2022-04-08"
7603,"CUS007603","Adrienne Moon","Consumer","Barcelona","Spain","2023-10-16"
7604,"CUS007604","Beth Bowen","Online Reseller","Glasgow","United Kingdom","2023-06-03"
7605,"CUS007605","Jesus Poole","Consumer","Amsterdam","Netherlands","2020-07-13"
7606,"CUS007606","Michelle Jackson","Small Business","Madrid","Spain","2025-05-25"
7607,"CUS007607","Mr. Jesus Burgess","Consumer","Munich","Germany","2025-09-01"
7608,"CUS007608","Barbara Wolf","Corporate","Nottingham","United Kingdom","2025-06-15"
7609,"CUS007609","Francis Steele","Consumer","Glasgow","United Kingdom","2019-12-30"
7610,"CUS007610","Mr. James Smith","Consumer","Bristol","United Kingdom","2019-07-03"
7611,"CUS007611","Alexa Solomon","Corporate","Dublin","Ireland","2025-09-08"
7612,"CUS007612","Anthony Thomas","Consumer","Leeds","United Kingdom","2024-10-21"
7613,"CUS007613","Brenda Phillips","Consumer","Leeds","United Kingdom","2024-04-06"
7614,"CUS007614","Daniel Byrd","Online Reseller","London","United Kingdom","2019-03-30"
7615,"CUS007615","Patrick Webb","Consumer","Manchester","United Kingdom","2022-08-09"
7616,"CUS007616","Mary Duke","Consumer","Bristol","United Kingdom","2024-04-21"
7617,"CUS007617","Manuel Reilly","Small Business","Dublin","Ireland","2019-04-04"
7618,"CUS007618","Jessica Martinez","Corporate","Barcelona","Spain","2021-01-21"
7619,"CUS007619","Lynn Rodriguez","Small Business","London","United Kingdom","2019-04-29"
7620,"CUS007620","Leonard Bailey","Consumer","Austin","USA","2023-11-08"
7621,"CUS007621","Randy Russell","Consumer","New York","USA","2025-01-28"
7622,"CUS007622","Leon Maldonado","Online Reseller","Paris","France","2025-09-22"
7623,"CUS007623","Cynthia Roberts","Consumer","Bristol","United Kingdom","2020-01-24"
7624,"CUS007624","Alan Reeves","Consumer","Amsterdam","Netherlands","2024-07-08"
7625,"CUS007625","Timothy Franco","Corporate","Cork","Ireland","2025-08-06"
7626,"CUS007626","Victoria James","Online Reseller","Cork","Ireland","2020-02-24"
7627,"CUS007627","Christina Ellis","Small Business","Paris","France","2021-10-14"
7628,"CUS007628","Michael Martinez","Consumer","Cork","Ireland","2024-08-30"
7629,"CUS007629","Bill Green","Consumer","New York","USA","2019-09-28"
7630,"CUS007630","Dr. Judy Cox","Small Business","Austin","USA","2023-07-15"
7631,"CUS007631","Michael Fisher","Consumer","Rotterdam","Netherlands","2019-05-03"
7632,"CUS007632","Felicia Kramer","Consumer","Chicago","USA","2019-05-27"
7633,"CUS007633","Angela Duffy","Small Business","Madrid","Spain","2022-05-19"
7634,"CUS007634","Michael Williams","Consumer","Bristol","United Kingdom","2021-03-14"
7635,"CUS007635","Ronald Hernandez","Consumer","New York","USA","2022-12-09"
7636,"CUS007636","Jonathan Taylor","Small Business","Cork","Ireland","2022-09-07"
7637,"CUS007637","Kenneth Clark","Small Business","Paris","France","2021-12-10"
7638,"CUS007638","John Rogers","Consumer","Munich","Germany","2019-08-25"
7639,"CUS007639","Justin Nash","Consumer","Berlin","Germany","2024-01-25"
7640,"CUS007640","Dylan Mason","Consumer","Hamburg","Germany","2023-05-17"
7641,"CUS007641","John Davis","Consumer","Chicago","USA","2019-12-05"
7642,"CUS007642","Drew Powell","Consumer","Bristol","United Kingdom","2024-08-20"
7643,"CUS007643","Sabrina Cruz","Online Reseller","Chicago","USA","2019-06-20"
7644,"CUS007644","Michelle Glass","Corporate","Hamburg","Germany","2022-07-16"
7645,"CUS007645","Mrs. Diane Decker","Consumer","Madrid","Spain","2021-02-01"
7646,"CUS007646","Allison Clark","Consumer","Madrid","Spain","2023-03-03"
7647,"CUS007647","Tiffany Schwartz","Corporate","Glasgow","United Kingdom","2022-11-02"
7648,"CUS007648","Jennifer Diaz","Corporate","Birmingham","United Kingdom","2019-08-10"
7649,"CUS007649","Brenda Long","Consumer","Manchester","United Kingdom","2019-06-04"
7650,"CUS007650","Scott Vargas","Consumer","Rotterdam","Netherlands","2021-06-15"
7651,"CUS007651","Nathan Santiago","Small Business","Birmingham","United Kingdom","2020-11-07"
7652,"CUS007652","Andrew Johnson","Small Business","Barcelona","Spain","2023-06-25"
7653,"CUS007653","Megan Thomas","Online Reseller","Nottingham","United Kingdom","2019-05-01"
7654,"CUS007654","Mary Miller","Corporate","Bristol","United Kingdom","2022-12-17"
7655,"CUS007655","Jamie Smith","Small Business","Glasgow","United Kingdom","2021-01-07"
7656,"CUS007656","Alexander Cannon","Small Business","Paris","France","2019-04-16"
7657,"CUS007657","Rodney Simpson","Online Reseller","Glasgow","United Kingdom","2025-10-31"
7658,"CUS007658","Troy Harris","Corporate","Nottingham","United Kingdom","2022-08-29"
7659,"CUS007659","Matthew Swanson","Consumer","Manchester","United Kingdom","2019-11-18"
7660,"CUS007660","Erica Fisher DDS","Corporate","Paris","France","2023-04-24"
7661,"CUS007661","Kyle Farmer","Small Business","Madrid","Spain","2019-08-16"
7662,"CUS007662","Robin Davis","Consumer","Glasgow","United Kingdom","2019-05-14"
7663,"CUS007663","Nathan Lawrence","Small Business","Berlin","Germany","2022-11-20"
7664,"CUS007664","Linda Young","Corporate","Manchester","United Kingdom","2021-06-09"
7665,"CUS007665","Kelly Acosta","Consumer","Barcelona","Spain","2024-06-11"
7666,"CUS007666","Emily Holloway","Corporate","Berlin","Germany","2024-11-22"
7667,"CUS007667","Carrie Schneider","Consumer","Madrid","Spain","2022-09-11"
7668,"CUS007668","Gabriella Crane","Consumer","Lyon","France","2020-03-05"
7669,"CUS007669","Joshua Harding","Consumer","Nottingham","United Kingdom","2024-06-13"
7670,"CUS007670","Lori Williams","Consumer","Bristol","United Kingdom","2024-10-11"
7671,"CUS007671","Amber Baker","Online Reseller","Rotterdam","Netherlands","2020-06-22"
7672,"CUS007672","Jeremy Coleman","Consumer","Berlin","Germany","2021-01-26"
7673,"CUS007673","Jason Jackson","Corporate","Rotterdam","Netherlands","2023-09-12"
7674,"CUS007674","Allison Mccormick","Corporate","Austin","USA","2019-11-21"
7675,"CUS007675","William Craig","Corporate","Manchester","United Kingdom","2021-09-25"
7676,"CUS007676","Austin Farrell","Consumer","Birmingham","United Kingdom","2023-09-30"
7677,"CUS007677","Laura Chan","Consumer","Austin","USA","2022-05-27"
7678,"CUS007678","Vicki Hammond","Consumer","Birmingham","United Kingdom","2020-02-28"
7679,"CUS007679","Shelby Pruitt","Consumer","Lyon","France","2022-04-19"
7680,"CUS007680","Wyatt Roy","Corporate","Cork","Ireland","2020-04-16"
7681,"CUS007681","William Becker","Corporate","Rotterdam","Netherlands","2024-09-21"
7682,"CUS007682","Megan Harmon","Consumer","Hamburg","Germany","2023-07-26"
7683,"CUS007683","Louis Crawford","Consumer","New York","USA","2022-09-23"
7684,"CUS007684","Jerome Gordon","Consumer","Glasgow","United Kingdom","2023-01-19"
7685,"CUS007685","Anna Richards","Corporate","Manchester","United Kingdom","2021-05-11"
7686,"CUS007686","Eric Contreras","Consumer","Manchester","United Kingdom","2019-11-15"
7687,"CUS007687","Kara Russell","Corporate","Amsterdam","Netherlands","2024-01-04"
7688,"CUS007688","Maria Todd","Consumer","Manchester","United Kingdom","2024-01-26"
7689,"CUS007689","Robert Simmons","Consumer","Munich","Germany","2025-06-10"
7690,"CUS007690","Annette Simpson","Consumer","Rotterdam","Netherlands","2020-04-26"
7691,"CUS007691","Steven Barrett","Consumer","Birmingham","United Kingdom","2022-03-27"
7692,"CUS007692","Tina Ortiz","Consumer","New York","USA","2024-04-08"
7693,"CUS007693","Joshua Escobar","Consumer","Berlin","Germany","2022-03-13"
7694,"CUS007694","Allison Chandler","Corporate","Rotterdam","Netherlands","2022-03-10"
7695,"CUS007695","Ricardo Bowman","Corporate","Munich","Germany","2023-09-01"
7696,"CUS007696","James Vargas","Small Business","Cork","Ireland","2020-03-08"
7697,"CUS007697","Jeffrey Wallace","Consumer","London","United Kingdom","2025-04-27"
7698,"CUS007698","Kayla Hudson","Corporate","Leeds","United Kingdom","2024-06-24"
7699,"CUS007699","Jillian Sanders","Consumer","Manchester","United Kingdom","2021-06-24"
7700,"CUS007700","Virginia Nguyen","Online Reseller","Nottingham","United Kingdom","2024-01-19"
7701,"CUS007701","Thomas Guzman","Corporate","Manchester","United Kingdom","2019-03-27"
7702,"CUS007702","Kimberly Lynch","Small Business","Nottingham","United Kingdom","2020-09-18"
7703,"CUS007703","Kevin Allen","Consumer","Cork","Ireland","2021-03-19"
7704,"CUS007704","Joseph Taylor","Small Business","Chicago","USA","2020-04-08"
7705,"CUS007705","John Marshall","Consumer","Paris","France","2024-07-26"
7706,"CUS007706","William Huff","Consumer","Madrid","Spain","2022-03-04"
7707,"CUS007707","Alexander Roberson","Corporate","Barcelona","Spain","2022-04-01"
7708,"CUS007708","Jaclyn Harmon","Online Reseller","Birmingham","United Kingdom","2023-01-29"
7709,"CUS007709","Allen Jones","Online Reseller","Madrid","Spain","2023-10-03"
7710,"CUS007710","Taylor Martinez","Consumer","Madrid","Spain","2024-06-04"
7711,"CUS007711","Steven Norman","Consumer","Lyon","France","2019-08-10"
7712,"CUS007712","Juan Lopez","Consumer","Hamburg","Germany","2019-02-01"
7713,"CUS007713","Rodney Lawrence","Corporate","Glasgow","United Kingdom","2020-01-11"
7714,"CUS007714","Heather Sanders","Small Business","Leeds","United Kingdom","2019-07-28"
7715,"CUS007715","Kimberly Alexander","Consumer","Nottingham","United Kingdom","2023-02-26"
7716,"CUS007716","Sarah Parker","Corporate","Barcelona","Spain","2020-10-11"
7717,"CUS007717","Anthony Pearson","Corporate","Bristol","United Kingdom","2025-07-16"
7718,"CUS007718","April Morrison","Corporate","Leeds","United Kingdom","2019-07-09"
7719,"CUS007719","Kristopher Little","Corporate","Austin","USA","2021-09-20"
7720,"CUS007720","Jillian Conley","Consumer","Rotterdam","Netherlands","2025-06-16"
7721,"CUS007721","Mark Riddle DDS","Corporate","Barcelona","Spain","2019-04-11"
7722,"CUS007722","Patricia Lawrence","Consumer","Madrid","Spain","2025-03-10"
7723,"CUS007723","Brian Wiley","Consumer","Nottingham","United Kingdom","2023-02-22"
7724,"CUS007724","Adam Schneider","Consumer","Amsterdam","Netherlands","2023-07-21"
7725,"CUS007725","Mario Snyder","Corporate","Nottingham","United Kingdom","2021-02-16"
7726,"CUS007726","Paul Johnson","Corporate","Paris","France","2025-05-26"
7727,"CUS007727","Lindsay Hernandez","Corporate","Leeds","United Kingdom","2021-01-27"
7728,"CUS007728","Darren Lopez","Consumer","Madrid","Spain","2024-01-08"
7729,"CUS007729","Samantha Walters","Corporate","Dublin","Ireland","2025-11-23"
7730,"CUS007730","Christopher Williams","Consumer","Manchester","United Kingdom","2024-01-17"
7731,"CUS007731","Kathleen Gonzalez","Small Business","Cork","Ireland","2023-11-06"
7732,"CUS007732","Robin Floyd","Small Business","Bristol","United Kingdom","2020-07-07"
7733,"CUS007733","Marilyn Henderson","Consumer","Austin","USA","2024-09-30"
7734,"CUS007734","Robert Hayes","Consumer","Paris","France","2023-07-16"
7735,"CUS007735","Tony Navarro","Consumer","Leeds","United Kingdom","2023-08-19"
7736,"CUS007736","Alexander Lamb","Consumer","Glasgow","United Kingdom","2024-03-11"
7737,"CUS007737","Richard Davis DDS","Small Business","Paris","France","2020-11-12"
7738,"CUS007738","James Alvarado","Small Business","Austin","USA","2023-07-23"
7739,"CUS007739","Stephanie Gregory","Small Business","Birmingham","United Kingdom","2022-09-02"
7740,"CUS007740","Dawn Le","Consumer","Cork","Ireland","2022-05-23"
7741,"CUS007741","Katherine Clark","Consumer","Birmingham","United Kingdom","2023-05-09"
7742,"CUS007742","Dawn Watson","Consumer","Dublin","Ireland","2021-11-19"
7743,"CUS007743","Nathaniel Campbell","Consumer","Birmingham","United Kingdom","2025-05-19"
7744,"CUS007744","Stephanie Hester","Consumer","Munich","Germany","2022-09-01"
7745,"CUS007745","Jennifer Pennington","Consumer","Leeds","United Kingdom","2020-08-13"
7746,"CUS007746","Mary Brennan","Consumer","Manchester","United Kingdom","2020-09-17"
7747,"CUS007747","Rachel Hoffman","Small Business","Hamburg","Germany","2025-03-25"
7748,"CUS007748","Mary Mcintosh","Consumer","Barcelona","Spain","2025-08-10"
7749,"CUS007749","Theresa Soto","Corporate","Leeds","United Kingdom","2024-10-28"
7750,"CUS007750","Sandra Lewis","Corporate","Nottingham","United Kingdom","2025-01-11"
7751,"CUS007751","Sandra Holmes","Corporate","London","United Kingdom","2020-08-20"
7752,"CUS007752","Allen Alvarado","Corporate","Glasgow","United Kingdom","2020-07-12"
7753,"CUS007753","Jacob Ruiz","Consumer","Birmingham","United Kingdom","2021-01-30"
7754,"CUS007754","Stephanie Roberts","Consumer","Madrid","Spain","2021-08-01"
7755,"CUS007755","Stephen Ortiz","Consumer","Cork","Ireland","2023-05-04"
7756,"CUS007756","Kristina Sandoval","Consumer","Paris","France","2023-08-22"
7757,"CUS007757","Elizabeth Savage","Corporate","Cork","Ireland","2024-11-03"
7758,"CUS007758","Yesenia Vaughn","Consumer","Barcelona","Spain","2019-07-30"
7759,"CUS007759","Amanda Johnson","Consumer","Barcelona","Spain","2023-04-27"
7760,"CUS007760","Elizabeth Marsh","Corporate","Lyon","France","2024-01-15"
7761,"CUS007761","Nathan Carlson","Small Business","Lyon","France","2024-02-29"
7762,"CUS007762","Jennifer Martin","Consumer","Dublin","Ireland","2022-12-15"
7763,"CUS007763","Amber Gonzalez","Corporate","Glasgow","United Kingdom","2023-06-09"
7764,"CUS007764","William Munoz","Corporate","Lyon","France","2021-12-05"
7765,"CUS007765","Angel Mcdonald","Consumer","Lyon","France","2023-08-24"
7766,"CUS007766","Oscar Meadows","Consumer","Madrid","Spain","2023-02-14"
7767,"CUS007767","Leslie Nelson","Online Reseller","Manchester","United Kingdom","2022-12-25"
7768,"CUS007768","Haley Fuller","Small Business","Manchester","United Kingdom","2020-12-28"
7769,"CUS007769","Dana Schaefer","Consumer","Manchester","United Kingdom","2024-09-20"
7770,"CUS007770","Chad Hansen","Consumer","Manchester","United Kingdom","2020-02-13"
7771,"CUS007771","Hector Rhodes","Consumer","Amsterdam","Netherlands","2022-08-27"
7772,"CUS007772","Makayla Evans","Consumer","Birmingham","United Kingdom","2024-12-01"
7773,"CUS007773","Matthew Chung","Consumer","Bristol","United Kingdom","2022-10-25"
7774,"CUS007774","Daniel Perez","Consumer","Bristol","United Kingdom","2021-07-05"
7775,"CUS007775","Terry Carlson","Consumer","Glasgow","United Kingdom","2019-07-23"
7776,"CUS007776","Melissa Cohen","Consumer","Hamburg","Germany","2021-02-07"
7777,"CUS007777","Nicole Oliver","Corporate","Madrid","Spain","2024-08-12"
7778,"CUS007778","Erin Miller","Small Business","Rotterdam","Netherlands","2023-08-10"
7779,"CUS007779","Susan Rodriguez","Consumer","New York","USA","2024-06-29"
7780,"CUS007780","Harold Johnson","Small Business","Paris","France","2020-06-11"
7781,"CUS007781","Carol Howard DVM","Consumer","Birmingham","United Kingdom","2023-07-06"
7782,"CUS007782","Brittany Hamilton","Small Business","Bristol","United Kingdom","2025-11-26"
7783,"CUS007783","Susan Drake","Consumer","Barcelona","Spain","2023-01-29"
7784,"CUS007784","Michael Mills","Consumer","Birmingham","United Kingdom","2021-12-30"
7785,"CUS007785","Joseph Spencer DDS","Corporate","Glasgow","United Kingdom","2022-04-25"
7786,"CUS007786","Gordon Miller","Consumer","Munich","Germany","2025-09-17"
7787,"CUS007787","Jessica Williams","Consumer","Glasgow","United Kingdom","2019-03-19"
7788,"CUS007788","Susan Miller","Corporate","Lyon","France","2023-10-25"
7789,"CUS007789","Brandon Woods","Small Business","Nottingham","United Kingdom","2021-06-01"
7790,"CUS007790","Elizabeth Poole","Small Business","Birmingham","United Kingdom","2019-07-03"
7791,"CUS007791","Michael Barker","Consumer","Glasgow","United Kingdom","2024-06-05"
7792,"CUS007792","Tammy Butler","Consumer","Cork","Ireland","2019-06-14"
7793,"CUS007793","Joshua Rodriguez","Corporate","Nottingham","United Kingdom","2020-09-19"
7794,"CUS007794","David Wright","Consumer","Amsterdam","Netherlands","2025-03-01"
7795,"CUS007795","Ryan Singleton","Consumer","Munich","Germany","2021-04-03"
7796,"CUS007796","Sandra Brooks","Consumer","New York","USA","2024-01-05"
7797,"CUS007797","Nathan Booth","Consumer","Glasgow","United Kingdom","2022-03-06"
7798,"CUS007798","Jeffery Andrade","Consumer","Birmingham","United Kingdom","2022-03-01"
7799,"CUS007799","Jeff Palmer","Consumer","Nottingham","United Kingdom","2023-10-07"
7800,"CUS007800","Kayla Bowers","Small Business","Leeds","United Kingdom","2020-12-19"
7801,"CUS007801","Christopher Lawrence","Consumer","Leeds","United Kingdom","2023-08-23"
7802,"CUS007802","Jessica Young","Consumer","Barcelona","Spain","2023-09-11"
7803,"CUS007803","Jessica Smith","Consumer","Chicago","USA","2022-09-20"
7804,"CUS007804","Tammy Harper","Consumer","Leeds","United Kingdom","2020-07-22"
7805,"CUS007805","Jessica Snyder","Consumer","Amsterdam","Netherlands","2024-04-21"
7806,"CUS007806","George Joseph","Consumer","New York","USA","2022-07-10"
7807,"CUS007807","Samantha Fernandez","Small Business","Nottingham","United Kingdom","2022-12-30"
7808,"CUS007808","Beth Byrd","Consumer","Barcelona","Spain","2019-06-20"
7809,"CUS007809","Jessica Rhodes","Consumer","Nottingham","United Kingdom","2019-11-08"
7810,"CUS007810","Christopher Hodges","Consumer","New York","USA","2024-11-10"
7811,"CUS007811","Daryl Rowe","Consumer","Leeds","United Kingdom","2025-09-18"
7812,"CUS007812","Kerry Johnson","Online Reseller","London","United Kingdom","2023-02-03"
7813,"CUS007813","Sarah Davis","Corporate","New York","USA","2021-07-29"
7814,"CUS007814","Christian Thomas","Consumer","New York","USA","2023-02-26"
7815,"CUS007815","Dana Evans","Corporate","Manchester","United Kingdom","2022-08-02"
7816,"CUS007816","Michael Tran","Consumer","Barcelona","Spain","2019-08-18"
7817,"CUS007817","Cynthia Sanchez","Consumer","Rotterdam","Netherlands","2020-03-19"
7818,"CUS007818","Ivan Watson","Consumer","Paris","France","2022-01-16"
7819,"CUS007819","Cody Lynch","Consumer","Bristol","United Kingdom","2024-12-04"
7820,"CUS007820","Gary Garza","Small Business","Austin","USA","2022-09-17"
7821,"CUS007821","Lori Lee","Consumer","Austin","USA","2019-05-22"
7822,"CUS007822","Samuel Harris","Small Business","Glasgow","United Kingdom","2019-09-23"
7823,"CUS007823","Jeffrey Gilbert","Consumer","Manchester","United Kingdom","2019-05-15"
7824,"CUS007824","Robert Tanner","Consumer","New York","USA","2021-06-25"
7825,"CUS007825","Savannah Beck","Small Business","Leeds","United Kingdom","2021-10-12"
7826,"CUS007826","Karen Gregory","Consumer","Leeds","United Kingdom","2021-09-02"
7827,"CUS007827","Alan Thomas","Corporate","Leeds","United Kingdom","2023-02-17"
7828,"CUS007828","Tiffany Mayer","Consumer","Paris","France","2019-08-05"
7829,"CUS007829","Jean Casey","Consumer","Glasgow","United Kingdom","2022-02-28"
7830,"CUS007830","Austin Hayes","Online Reseller","Glasgow","United Kingdom","2021-08-13"
7831,"CUS007831","Katrina Wilkinson","Consumer","Cork","Ireland","2020-08-23"
7832,"CUS007832","Lucas Manning","Consumer","Leeds","United Kingdom","2022-01-09"
7833,"CUS007833","Katherine Wilkins","Small Business","Nottingham","United Kingdom","2022-10-28"
7834,"CUS007834","Brent Pierce","Corporate","Paris","France","2021-07-06"
7835,"CUS007835","Steven Buchanan","Consumer","Rotterdam","Netherlands","2025-01-17"
7836,"CUS007836","Michael Graham","Consumer","Birmingham","United Kingdom","2023-03-31"
7837,"CUS007837","Dr. Ian Cunningham","Consumer","Munich","Germany","2025-10-11"
7838,"CUS007838","Katherine Ramos","Consumer","Bristol","United Kingdom","2025-04-24"
7839,"CUS007839","Samuel Yang","Corporate","Glasgow","United Kingdom","2019-08-23"
7840,"CUS007840","Angela Boyer","Small Business","Lyon","France","2025-08-12"
7841,"CUS007841","Donald Williams","Corporate","Leeds","United Kingdom","2025-02-23"
7842,"CUS007842","Cassandra Anderson","Corporate","Bristol","United Kingdom","2024-06-22"
7843,"CUS007843","Natalie Meyer","Consumer","Munich","Germany","2024-08-08"
7844,"CUS007844","Kristen Johnson","Corporate","Birmingham","United Kingdom","2021-11-21"
7845,"CUS007845","Todd Little","Consumer","New York","USA","2022-04-27"
7846,"CUS007846","Carolyn Stewart","Small Business","Barcelona","Spain","2022-09-30"
7847,"CUS007847","Philip Williams","Consumer","Munich","Germany","2024-07-30"
7848,"CUS007848","Amber Smith","Small Business","Rotterdam","Netherlands","2019-01-28"
7849,"CUS007849","Rachel Nelson","Consumer","Munich","Germany","2019-02-20"
7850,"CUS007850","Judy Bailey","Consumer","Cork","Ireland","2021-01-16"
7851,"CUS007851","Kimberly Cummings","Consumer","Dublin","Ireland","2020-06-11"
7852,"CUS007852","Jeff Wagner","Small Business","Barcelona","Spain","2019-09-23"
7853,"CUS007853","Stephen Greer","Consumer","Leeds","United Kingdom","2019-03-23"
7854,"CUS007854","Jill Jones","Online Reseller","New York","USA","2021-06-21"
7855,"CUS007855","Emily Sanchez","Corporate","Nottingham","United Kingdom","2019-10-06"
7856,"CUS007856","Antonio Gardner","Consumer","Hamburg","Germany","2025-03-26"
7857,"CUS007857","Aaron Young","Consumer","Leeds","United Kingdom","2021-03-15"
7858,"CUS007858","Caroline Flynn","Corporate","Barcelona","Spain","2020-11-19"
7859,"CUS007859","Ray Singh","Small Business","Cork","Ireland","2024-11-15"
7860,"CUS007860","Angela Goodwin","Small Business","Cork","Ireland","2019-07-23"
7861,"CUS007861","Bryan Chan","Corporate","Bristol","United Kingdom","2020-07-03"
7862,"CUS007862","Jason Smith","Small Business","Paris","France","2020-02-16"
7863,"CUS007863","Megan Frazier","Consumer","Manchester","United Kingdom","2025-09-23"
7864,"CUS007864","Meredith Mooney","Consumer","Barcelona","Spain","2024-07-03"
7865,"CUS007865","Lindsay Owens","Consumer","Bristol","United Kingdom","2025-09-01"
7866,"CUS007866","Michelle Wong","Small Business","Bristol","United Kingdom","2020-04-04"
7867,"CUS007867","Clinton Williams","Consumer","Madrid","Spain","2022-12-21"
7868,"CUS007868","Bobby Hale","Online Reseller","Amsterdam","Netherlands","2023-02-17"
7869,"CUS007869","Anthony Wells","Small Business","Glasgow","United Kingdom","2025-05-19"
7870,"CUS007870","Brian Allen","Small Business","Barcelona","Spain","2024-12-13"
7871,"CUS007871","Shelby Johnson","Consumer","Austin","USA","2019-07-03"
7872,"CUS007872","Kim Obrien","Consumer","Manchester","United Kingdom","2024-03-27"
7873,"CUS007873","Daniel Smith","Consumer","Austin","USA","2024-04-20"
7874,"CUS007874","Phillip Khan","Consumer","Birmingham","United Kingdom","2020-06-19"
7875,"CUS007875","Angela Baker","Corporate","Chicago","USA","2021-12-09"
7876,"CUS007876","Heidi Donovan","Consumer","Cork","Ireland","2025-10-23"
7877,"CUS007877","John Jensen","Online Reseller","Glasgow","United Kingdom","2022-09-26"
7878,"CUS007878","James Wilson","Consumer","Lyon","France","2021-08-21"
7879,"CUS007879","Jeffrey Miller","Corporate","Birmingham","United Kingdom","2024-04-07"
7880,"CUS007880","Nicholas Cochran","Consumer","New York","USA","2019-05-28"
7881,"CUS007881","Megan Mason","Consumer","Amsterdam","Netherlands","2023-04-06"
7882,"CUS007882","Sarah Allen","Corporate","Rotterdam","Netherlands","2020-05-19"
7883,"CUS007883","Brian Harmon","Consumer","Glasgow","United Kingdom","2025-06-22"
7884,"CUS007884","Jane Frank","Online Reseller","Leeds","United Kingdom","2025-06-14"
7885,"CUS007885","Teresa Watson","Consumer","Manchester","United Kingdom","2019-06-03"
7886,"CUS007886","Jimmy Gonzalez PhD","Consumer","Nottingham","United Kingdom","2025-03-23"
7887,"CUS007887","Nicole Morrow","Consumer","Dublin","Ireland","2023-05-31"
7888,"CUS007888","Nicholas Robinson","Small Business","Hamburg","Germany","2024-05-09"
7889,"CUS007889","Michelle Moses","Consumer","London","United Kingdom","2022-09-19"
7890,"CUS007890","Tonya Turner","Consumer","Bristol","United Kingdom","2020-07-10"
7891,"CUS007891","Stacey Thompson","Small Business","Munich","Germany","2024-07-03"
7892,"CUS007892","Nicholas Smith","Consumer","Birmingham","United Kingdom","2021-02-02"
7893,"CUS007893","Ashley Trujillo","Corporate","Munich","Germany","2025-08-10"
7894,"CUS007894","Brent Evans","Consumer","Bristol","United Kingdom","2024-01-26"
7895,"CUS007895","Ashley Lopez","Small Business","London","United Kingdom","2020-07-16"
7896,"CUS007896","Ashley Sanders","Consumer","Berlin","Germany","2024-02-28"
7897,"CUS007897","Jennifer Eaton","Small Business","Cork","Ireland","2019-02-03"
7898,"CUS007898","John Skinner","Corporate","Austin","USA","2023-12-05"
7899,"CUS007899","James Davila","Corporate","Glasgow","United Kingdom","2019-08-16"
7900,"CUS007900","Jordan Webb","Corporate","Leeds","United Kingdom","2024-07-20"
7901,"CUS007901","James Hansen","Consumer","Austin","USA","2022-05-16"
7902,"CUS007902","April Ramirez","Corporate","London","United Kingdom","2021-05-17"
7903,"CUS007903","Michael Knapp","Consumer","Manchester","United Kingdom","2021-10-11"
7904,"CUS007904","Nicholas Vaughn","Consumer","Dublin","Ireland","2022-09-15"
7905,"CUS007905","Gregory Cantrell","Small Business","Dublin","Ireland","2020-07-30"
7906,"CUS007906","Brianna Friedman","Consumer","Rotterdam","Netherlands","2022-01-17"
7907,"CUS007907","Linda Stanley MD","Consumer","Dublin","Ireland","2023-03-09"
7908,"CUS007908","Janet George","Online Reseller","Cork","Ireland","2021-02-02"
7909,"CUS007909","Andrew Baker","Consumer","Rotterdam","Netherlands","2025-06-19"
7910,"CUS007910","Timothy Thomas","Consumer","Birmingham","United Kingdom","2024-03-01"
7911,"CUS007911","Joshua Jackson","Consumer","Barcelona","Spain","2023-06-26"
7912,"CUS007912","Diana Martinez","Consumer","Munich","Germany","2025-06-30"
7913,"CUS007913","Brandon Wilson","Consumer","Lyon","France","2020-03-10"
7914,"CUS007914","Patricia Shah","Consumer","Bristol","United Kingdom","2022-05-13"
7915,"CUS007915","Sarah Castillo","Small Business","Leeds","United Kingdom","2025-08-25"
7916,"CUS007916","Kelly Daniel","Consumer","Dublin","Ireland","2025-07-22"
7917,"CUS007917","Kelly King","Consumer","Nottingham","United Kingdom","2024-11-18"
7918,"CUS007918","Stephanie Perkins","Consumer","Austin","USA","2025-11-23"
7919,"CUS007919","Kyle Stewart","Corporate","Birmingham","United Kingdom","2021-05-27"
7920,"CUS007920","Brandy Henry","Consumer","Madrid","Spain","2022-08-07"
7921,"CUS007921","Joshua Ortiz","Small Business","Manchester","United Kingdom","2019-11-14"
7922,"CUS007922","Jason Black","Corporate","Manchester","United Kingdom","2019-06-03"
7923,"CUS007923","Manuel Alvarado","Consumer","Rotterdam","Netherlands","2023-06-09"
7924,"CUS007924","Stephanie Smith MD","Small Business","Nottingham","United Kingdom","2023-08-15"
7925,"CUS007925","Robert Dickerson","Consumer","Bristol","United Kingdom","2021-02-06"
7926,"CUS007926","Emily Hensley","Small Business","Manchester","United Kingdom","2022-03-08"
7927,"CUS007927","Jason Calderon","Consumer","London","United Kingdom","2020-12-29"
7928,"CUS007928","Joel Friedman","Consumer","Madrid","Spain","2021-10-23"
7929,"CUS007929","Joan Thompson","Corporate","Austin","USA","2020-11-25"
7930,"CUS007930","Jennifer Barnes","Corporate","London","United Kingdom","2019-01-17"
7931,"CUS007931","Jason Freeman","Small Business","Dublin","Ireland","2021-10-05"
7932,"CUS007932","Andrea Berry","Consumer","Paris","France","2023-04-18"
7933,"CUS007933","Kelly Norris","Small Business","Barcelona","Spain","2021-11-27"
7934,"CUS007934","Lauren Richards","Corporate","Dublin","Ireland","2019-07-27"
7935,"CUS007935","William Jackson","Small Business","Glasgow","United Kingdom","2025-05-26"
7936,"CUS007936","Phillip Day","Consumer","Dublin","Ireland","2025-06-25"
7937,"CUS007937","Billy Ritter","Consumer","Barcelona","Spain","2021-02-16"
7938,"CUS007938","Robert Dominguez","Consumer","Nottingham","United Kingdom","2019-12-16"
7939,"CUS007939","Daniel Terrell","Small Business","New York","USA","2020-11-08"
7940,"CUS007940","Thomas Lang","Consumer","Nottingham","United Kingdom","2023-06-24"
7941,"CUS007941","John Callahan","Consumer","Birmingham","United Kingdom","2025-10-23"
7942,"CUS007942","Kenneth Webster","Corporate","Manchester","United Kingdom","2019-12-18"
7943,"CUS007943","Michael Davenport","Consumer","Cork","Ireland","2021-02-24"
7944,"CUS007944","Michael Guzman","Consumer","London","United Kingdom","2023-01-13"
7945,"CUS007945","Jacqueline Frank","Consumer","New York","USA","2022-10-26"
7946,"CUS007946","Gloria Fisher","Consumer","Madrid","Spain","2023-11-01"
7947,"CUS007947","Sharon Frazier","Corporate","Lyon","France","2023-12-05"
7948,"CUS007948","Kimberly Rivas","Corporate","Paris","France","2024-04-23"
7949,"CUS007949","Samuel Kidd","Consumer","Hamburg","Germany","2022-09-10"
7950,"CUS007950","Mark Thomas","Consumer","Glasgow","United Kingdom","2020-12-31"
7951,"CUS007951","Tyler Peterson","Corporate","Glasgow","United Kingdom","2020-04-20"
7952,"CUS007952","Dominic Bass","Corporate","Paris","France","2020-10-17"
7953,"CUS007953","Cathy Grant","Consumer","Hamburg","Germany","2020-04-07"
7954,"CUS007954","Lori Cameron","Consumer","Manchester","United Kingdom","2019-12-11"
7955,"CUS007955","Sandra Collier","Online Reseller","Birmingham","United Kingdom","2023-06-14"
7956,"CUS007956","Stephanie Conway","Corporate","Madrid","Spain","2022-03-11"
7957,"CUS007957","Michael White","Consumer","Rotterdam","Netherlands","2019-01-24"
7958,"CUS007958","Robert Martinez","Small Business","Madrid","Spain","2019-05-06"
7959,"CUS007959","Cynthia George","Small Business","Manchester","United Kingdom","2020-09-15"
7960,"CUS007960","Brent Clark","Corporate","Birmingham","United Kingdom","2022-06-12"
7961,"CUS007961","Darlene Hall","Consumer","Birmingham","United Kingdom","2024-11-02"
7962,"CUS007962","Daniel Brown","Corporate","Manchester","United Kingdom","2025-02-05"
7963,"CUS007963","Steven Owen","Consumer","Birmingham","United Kingdom","2021-02-03"
7964,"CUS007964","Kelly Doyle","Consumer","Madrid","Spain","2023-04-29"
7965,"CUS007965","Lisa Curtis","Online Reseller","Cork","Ireland","2020-02-21"
7966,"CUS007966","Matthew Cox","Online Reseller","Barcelona","Spain","2025-06-20"
7967,"CUS007967","Kimberly Taylor","Consumer","Manchester","United Kingdom","2020-09-04"
7968,"CUS007968","Nicholas Hart","Corporate","Austin","USA","2020-01-25"
7969,"CUS007969","Lisa Thompson","Consumer","Nottingham","United Kingdom","2020-07-16"
7970,"CUS007970","John Frank","Consumer","Manchester","United Kingdom","2024-12-25"
7971,"CUS007971","Matthew Hodges","Consumer","New York","USA","2025-02-02"
7972,"CUS007972","James Brown","Online Reseller","Bristol","United Kingdom","2020-05-28"
7973,"CUS007973","Cindy Howell","Small Business","Bristol","United Kingdom","2021-10-28"
7974,"CUS007974","Jeffrey Johnson","Consumer","Leeds","United Kingdom","2019-12-01"
7975,"CUS007975","Barbara Sandoval","Consumer","Berlin","Germany","2020-07-25"
7976,"CUS007976","Vanessa Mccarthy","Online Reseller","Glasgow","United Kingdom","2021-11-02"
7977,"CUS007977","Casey Jackson","Consumer","Birmingham","United Kingdom","2019-06-11"
7978,"CUS007978","Samuel Nelson","Consumer","Chicago","USA","2022-06-27"
7979,"CUS007979","Kelly Conner","Small Business","Austin","USA","2021-03-21"
7980,"CUS007980","Rita Brown","Corporate","Lyon","France","2023-10-14"
7981,"CUS007981","Danielle Quinn","Consumer","Lyon","France","2025-01-17"
7982,"CUS007982","Eric Smith","Consumer","Lyon","France","2020-07-03"
7983,"CUS007983","Ariel Gibbs","Corporate","Leeds","United Kingdom","2021-01-01"
7984,"CUS007984","Christopher Hodges","Consumer","Austin","USA","2021-09-14"
7985,"CUS007985","Sarah Moore","Small Business","Amsterdam","Netherlands","2023-02-26"
7986,"CUS007986","Mrs. Melissa Sanchez","Corporate","Amsterdam","Netherlands","2025-09-16"
7987,"CUS007987","Holly Wolfe","Online Reseller","Chicago","USA","2020-08-15"
7988,"CUS007988","Jason Miles","Small Business","Leeds","United Kingdom","2020-07-17"
7989,"CUS007989","Bailey Fitzgerald","Consumer","London","United Kingdom","2022-03-31"
7990,"CUS007990","Austin Rogers","Corporate","Rotterdam","Netherlands","2024-12-18"
7991,"CUS007991","Aimee Lang MD","Corporate","Berlin","Germany","2024-06-11"
7992,"CUS007992","Gregory Oliver","Small Business","Barcelona","Spain","2021-08-16"
7993,"CUS007993","Ana Lee","Corporate","Munich","Germany","2021-06-18"
7994,"CUS007994","Eric Fields","Small Business","Berlin","Germany","2020-11-24"
7995,"CUS007995","Frederick Davis","Corporate","Austin","USA","2023-04-11"
7996,"CUS007996","Amy Blankenship","Small Business","Paris","France","2024-02-25"
7997,"CUS007997","Scott Contreras","Consumer","Munich","Germany","2024-05-12"
7998,"CUS007998","Andrea Day","Consumer","Amsterdam","Netherlands","2021-08-09"
7999,"CUS007999","Francisco Adams","Small Business","Leeds","United Kingdom","2021-08-04"
8000,"CUS008000","Linda Thompson","Corporate","Birmingham","United Kingdom","2025-06-28"
8001,"CUS008001","Carrie Castillo","Consumer","Glasgow","United Kingdom","2023-10-13"
8002,"CUS008002","Jessica Beck","Corporate","Paris","France","2021-02-22"
8003,"CUS008003","Ms. Patricia Hudson MD","Corporate","Manchester","United Kingdom","2019-08-22"
8004,"CUS008004","Anna Wright","Consumer","Glasgow","United Kingdom","2019-01-14"
8005,"CUS008005","Lori Weaver","Consumer","Cork","Ireland","2025-04-06"
8006,"CUS008006","Lisa Smith","Corporate","Munich","Germany","2025-06-24"
8007,"CUS008007","Crystal Bauer","Consumer","Munich","Germany","2022-11-20"
8008,"CUS008008","Matthew Trevino","Corporate","Cork","Ireland","2023-08-26"
8009,"CUS008009","James Nunez","Consumer","Nottingham","United Kingdom","2019-02-17"
8010,"CUS008010","Chelsea Ortiz","Consumer","Austin","USA","2025-11-07"
8011,"CUS008011","Elijah Holmes","Corporate","Chicago","USA","2023-01-10"
8012,"CUS008012","Tiffany Scott","Consumer","London","United Kingdom","2023-02-27"
8013,"CUS008013","Brian Krueger","Consumer","Munich","Germany","2021-02-12"
8014,"CUS008014","Jessica Salazar","Corporate","Lyon","France","2022-12-08"
8015,"CUS008015","Katie Parsons","Consumer","Birmingham","United Kingdom","2022-12-22"
8016,"CUS008016","Dwayne Mitchell","Corporate","Bristol","United Kingdom","2020-02-12"
8017,"CUS008017","Cassandra Acevedo","Consumer","Leeds","United Kingdom","2022-11-04"
8018,"CUS008018","Kristen Cooper","Online Reseller","London","United Kingdom","2023-10-23"
8019,"CUS008019","Dan Nicholson","Consumer","Glasgow","United Kingdom","2025-10-15"
8020,"CUS008020","Scott Martin","Consumer","Glasgow","United Kingdom","2019-05-05"
8021,"CUS008021","Kristin Berger","Consumer","Leeds","United Kingdom","2020-08-06"
8022,"CUS008022","Lisa Brooks","Consumer","Manchester","United Kingdom","2024-06-17"
8023,"CUS008023","William Mendoza","Small Business","Rotterdam","Netherlands","2019-06-11"
8024,"CUS008024","Alejandra Hudson","Small Business","Madrid","Spain","2020-12-07"
8025,"CUS008025","Lisa Choi","Consumer","Glasgow","United Kingdom","2020-07-27"
8026,"CUS008026","Daniel Burke","Consumer","Cork","Ireland","2024-11-25"
8027,"CUS008027","Julie Murphy","Corporate","Austin","USA","2021-07-31"
8028,"CUS008028","Caleb Dunn","Consumer","Glasgow","United Kingdom","2023-12-21"
8029,"CUS008029","Andrew Vargas","Consumer","Austin","USA","2020-07-23"
8030,"CUS008030","Denise Pierce","Consumer","Madrid","Spain","2020-10-22"
8031,"CUS008031","Christy Hill","Online Reseller","Manchester","United Kingdom","2023-09-30"
8032,"CUS008032","Nicholas Newman","Consumer","Glasgow","United Kingdom","2021-06-09"
8033,"CUS008033","Kelli Hamilton","Corporate","Manchester","United Kingdom","2021-04-23"
8034,"CUS008034","Joshua Riley","Small Business","Nottingham","United Kingdom","2024-12-31"
8035,"CUS008035","Jason Rodriguez","Online Reseller","Dublin","Ireland","2019-08-09"
8036,"CUS008036","Sarah Johnson","Small Business","Austin","USA","2025-07-09"
8037,"CUS008037","Sarah Silva","Consumer","Amsterdam","Netherlands","2024-12-21"
8038,"CUS008038","Dean Alexander","Consumer","Glasgow","United Kingdom","2023-09-07"
8039,"CUS008039","Alexander Blake","Corporate","Manchester","United Kingdom","2019-06-03"
8040,"CUS008040","Debbie Bean","Consumer","Madrid","Spain","2020-09-18"
8041,"CUS008041","Theresa Garcia","Consumer","Bristol","United Kingdom","2025-02-06"
8042,"CUS008042","Ronald Barnes","Consumer","Nottingham","United Kingdom","2021-12-08"
8043,"CUS008043","April Morgan","Consumer","Madrid","Spain","2025-03-03"
8044,"CUS008044","Kathy Acevedo","Corporate","Cork","Ireland","2021-02-23"
8045,"CUS008045","Janice Bates","Consumer","Nottingham","United Kingdom","2025-10-20"
8046,"CUS008046","Stephen Vega","Consumer","Berlin","Germany","2020-06-09"
8047,"CUS008047","Michael Booker","Consumer","Barcelona","Spain","2022-06-29"
8048,"CUS008048","Stephen Lucero","Consumer","Lyon","France","2021-04-19"
8049,"CUS008049","Erin Andrade","Consumer","London","United Kingdom","2023-08-12"
8050,"CUS008050","Diana Malone MD","Consumer","Glasgow","United Kingdom","2019-03-27"
8051,"CUS008051","Jason Vincent","Consumer","Leeds","United Kingdom","2019-02-19"
8052,"CUS008052","Tiffany Washington","Consumer","Berlin","Germany","2021-08-18"
8053,"CUS008053","Chad Joseph","Online Reseller","Manchester","United Kingdom","2024-02-08"
8054,"CUS008054","Stephanie Pope","Consumer","Berlin","Germany","2024-04-18"
8055,"CUS008055","John Warner","Corporate","New York","USA","2020-06-07"
8056,"CUS008056","Stephanie Solis","Consumer","Lyon","France","2024-03-16"
8057,"CUS008057","Tyler Richard","Consumer","Nottingham","United Kingdom","2019-11-11"
8058,"CUS008058","William Fleming","Small Business","Austin","USA","2025-04-09"
8059,"CUS008059","Franklin Thornton","Corporate","Barcelona","Spain","2024-02-03"
8060,"CUS008060","Patrick Campos PhD","Corporate","Cork","Ireland","2023-02-28"
8061,"CUS008061","Willie Jones","Consumer","Amsterdam","Netherlands","2024-03-18"
8062,"CUS008062","Peter Holmes","Small Business","Paris","France","2025-10-20"
8063,"CUS008063","David Goodman","Online Reseller","Hamburg","Germany","2021-07-03"
8064,"CUS008064","Sheena Lambert","Corporate","Hamburg","Germany","2020-10-20"
8065,"CUS008065","Jose Walker","Consumer","Birmingham","United Kingdom","2019-06-09"
8066,"CUS008066","Angela Carrillo","Corporate","Nottingham","United Kingdom","2022-07-30"
8067,"CUS008067","Brenda Dunn","Consumer","Birmingham","United Kingdom","2024-09-19"
8068,"CUS008068","Gavin Rasmussen","Corporate","New York","USA","2024-02-12"
8069,"CUS008069","Christine Malone","Consumer","New York","USA","2025-01-14"
8070,"CUS008070","Kathy Wood","Consumer","Hamburg","Germany","2025-06-28"
8071,"CUS008071","Stephanie Burns","Corporate","Lyon","France","2019-06-14"
8072,"CUS008072","James Wells","Small Business","Bristol","United Kingdom","2022-11-25"
8073,"CUS008073","Jasmine Perry","Consumer","Rotterdam","Netherlands","2021-02-28"
8074,"CUS008074","Cory Henderson","Small Business","Madrid","Spain","2025-01-18"
8075,"CUS008075","Michael Lewis","Corporate","Paris","France","2020-07-28"
8076,"CUS008076","Jennifer Norman","Small Business","Manchester","United Kingdom","2025-09-27"
8077,"CUS008077","Parker Sanchez","Corporate","London","United Kingdom","2024-01-10"
8078,"CUS008078","Benjamin Mccarty","Consumer","Birmingham","United Kingdom","2019-05-08"
8079,"CUS008079","Jacob Frazier","Consumer","Madrid","Spain","2023-09-19"
8080,"CUS008080","Miguel Newton","Consumer","Amsterdam","Netherlands","2019-08-12"
8081,"CUS008081","Stephen Massey","Consumer","Austin","USA","2022-12-25"
8082,"CUS008082","Elizabeth Delacruz","Corporate","Birmingham","United Kingdom","2021-01-31"
8083,"CUS008083","Stephen Thompson","Consumer","Manchester","United Kingdom","2022-11-27"
8084,"CUS008084","Chad Sanchez","Corporate","New York","USA","2021-12-29"
8085,"CUS008085","Joshua Horton","Small Business","Glasgow","United Kingdom","2024-01-18"
8086,"CUS008086","Stephanie Spencer","Corporate","Austin","USA","2023-08-20"
8087,"CUS008087","Katherine Simpson","Corporate","Dublin","Ireland","2020-07-08"
8088,"CUS008088","Tracy Trevino","Small Business","Madrid","Spain","2019-05-09"
8089,"CUS008089","Melinda Santos","Small Business","Chicago","USA","2019-02-07"
8090,"CUS008090","Sara Marquez","Small Business","Madrid","Spain","2022-06-25"
8091,"CUS008091","Hector Lee","Online Reseller","Dublin","Ireland","2020-12-12"
8092,"CUS008092","Rachel Humphrey","Corporate","Nottingham","United Kingdom","2023-02-12"
8093,"CUS008093","Tonya Bowers","Small Business","Paris","France","2022-02-18"
8094,"CUS008094","John Grant","Online Reseller","Nottingham","United Kingdom","2022-06-26"
8095,"CUS008095","Derek Hernandez","Consumer","Munich","Germany","2024-11-07"
8096,"CUS008096","Karen Mcdonald","Consumer","Manchester","United Kingdom","2023-11-11"
8097,"CUS008097","Kyle Bell","Consumer","Manchester","United Kingdom","2024-07-31"
8098,"CUS008098","Billy Webster","Corporate","Manchester","United Kingdom","2023-08-25"
8099,"CUS008099","Marissa Clark","Small Business","Dublin","Ireland","2020-04-26"
8100,"CUS008100","Amy Johnson","Small Business","Cork","Ireland","2021-08-03"
8101,"CUS008101","Laura Ramirez","Consumer","Manchester","United Kingdom","2019-07-12"
8102,"CUS008102","Jason Ross","Consumer","Lyon","France","2019-04-30"
8103,"CUS008103","Brittany Garner","Consumer","Dublin","Ireland","2023-03-21"
8104,"CUS008104","Gwendolyn Fox","Corporate","Lyon","France","2021-11-16"
8105,"CUS008105","Felicia Sandoval","Consumer","Hamburg","Germany","2021-05-25"
8106,"CUS008106","Glenn White","Consumer","Paris","France","2021-07-21"
8107,"CUS008107","Michael David","Small Business","Dublin","Ireland","2023-12-17"
8108,"CUS008108","Andres Sutton","Consumer","Hamburg","Germany","2025-08-13"
8109,"CUS008109","Pamela Hensley","Consumer","Munich","Germany","2025-06-07"
8110,"CUS008110","John Foley","Consumer","Leeds","United Kingdom","2024-11-30"
8111,"CUS008111","Angela Brown","Consumer","Bristol","United Kingdom","2020-01-17"
8112,"CUS008112","Eric Mayo","Consumer","Cork","Ireland","2021-10-10"
8113,"CUS008113","Samantha Miller","Small Business","Manchester","United Kingdom","2023-04-02"
8114,"CUS008114","Pamela Shaw","Consumer","New York","USA","2020-05-25"
8115,"CUS008115","Jennifer Edwards","Corporate","Manchester","United Kingdom","2024-04-28"
8116,"CUS008116","Joshua Vega","Consumer","London","United Kingdom","2024-02-29"
8117,"CUS008117","Daniel Nixon","Small Business","Bristol","United Kingdom","2022-12-21"
8118,"CUS008118","Destiny Simmons","Consumer","Rotterdam","Netherlands","2022-09-16"
8119,"CUS008119","Eric West","Consumer","London","United Kingdom","2020-09-26"
8120,"CUS008120","Kayla Duran","Small Business","Nottingham","United Kingdom","2021-11-22"
8121,"CUS008121","John Smith","Consumer","Nottingham","United Kingdom","2019-04-21"
8122,"CUS008122","Morgan Jenkins","Consumer","Paris","France","2024-06-25"
8123,"CUS008123","Shannon Bass","Consumer","Bristol","United Kingdom","2025-07-16"
8124,"CUS008124","Bridget Mendez","Consumer","Glasgow","United Kingdom","2020-06-10"
8125,"CUS008125","Michelle Wood","Consumer","Bristol","United Kingdom","2020-11-02"
8126,"CUS008126","Kyle Brooks","Small Business","Lyon","France","2023-11-28"
8127,"CUS008127","Lisa Hill","Corporate","Paris","France","2023-02-06"
8128,"CUS008128","David Hall","Consumer","Austin","USA","2020-07-11"
8129,"CUS008129","Laura Lopez","Consumer","Leeds","United Kingdom","2023-08-04"
8130,"CUS008130","Dustin Smith","Consumer","Bristol","United Kingdom","2025-05-27"
8131,"CUS008131","John Allen","Consumer","Chicago","USA","2020-08-03"
8132,"CUS008132","Carrie Moore","Consumer","Bristol","United Kingdom","2022-02-01"
8133,"CUS008133","Henry Robinson","Consumer","Rotterdam","Netherlands","2023-12-02"
8134,"CUS008134","James Johnson","Consumer","Chicago","USA","2020-09-23"
8135,"CUS008135","Mr. David Arnold","Corporate","London","United Kingdom","2023-02-19"
8136,"CUS008136","Dawn Quinn","Consumer","Nottingham","United Kingdom","2025-11-11"
8137,"CUS008137","Carol Gibson","Consumer","Hamburg","Germany","2019-05-09"
8138,"CUS008138","Samantha Smith","Consumer","London","United Kingdom","2022-11-23"
8139,"CUS008139","Dennis Garcia","Consumer","Hamburg","Germany","2022-11-25"
8140,"CUS008140","Nicole Chambers","Online Reseller","Dublin","Ireland","2022-09-27"
8141,"CUS008141","Courtney Wagner","Consumer","Amsterdam","Netherlands","2019-05-04"
8142,"CUS008142","Sara Gay","Consumer","Glasgow","United Kingdom","2019-07-06"
8143,"CUS008143","Nicole Lyons","Corporate","Amsterdam","Netherlands","2024-01-22"
8144,"CUS008144","Jennifer Frost","Consumer","Chicago","USA","2022-04-22"
8145,"CUS008145","Karen Davis","Consumer","Barcelona","Spain","2024-04-22"
8146,"CUS008146","Dalton Richardson","Consumer","Cork","Ireland","2022-01-25"
8147,"CUS008147","Chelsea Thomas","Small Business","Munich","Germany","2021-10-01"
8148,"CUS008148","Christina Lester","Consumer","Leeds","United Kingdom","2019-08-05"
8149,"CUS008149","Patricia Nichols","Consumer","Nottingham","United Kingdom","2024-12-19"
8150,"CUS008150","Daniel Howell","Consumer","Amsterdam","Netherlands","2025-02-15"
8151,"CUS008151","Kimberly Little","Corporate","Bristol","United Kingdom","2023-01-31"
8152,"CUS008152","Katherine Guzman","Consumer","New York","USA","2025-08-28"
8153,"CUS008153","Marcus Harvey","Online Reseller","Glasgow","United Kingdom","2022-12-11"
8154,"CUS008154","Kelly Mccarthy","Corporate","Barcelona","Spain","2023-04-05"
8155,"CUS008155","Valerie Rangel","Consumer","Nottingham","United Kingdom","2019-04-01"
8156,"CUS008156","Kristen Brooks","Consumer","Rotterdam","Netherlands","2020-10-05"
8157,"CUS008157","Joseph Eaton","Small Business","Rotterdam","Netherlands","2022-12-21"
8158,"CUS008158","Jamie Reed","Consumer","Austin","USA","2020-01-15"
8159,"CUS008159","Cindy Harris","Corporate","New York","USA","2025-11-21"
8160,"CUS008160","Laurie Collins","Consumer","Amsterdam","Netherlands","2021-11-01"
8161,"CUS008161","Laura Kelley","Corporate","Cork","Ireland","2023-06-15"
8162,"CUS008162","Amanda Brown","Corporate","Barcelona","Spain","2020-03-02"
8163,"CUS008163","Joseph Fuentes","Consumer","Lyon","France","2023-06-03"
8164,"CUS008164","Chelsea Martinez","Consumer","New York","USA","2019-08-29"
8165,"CUS008165","Rose Collins","Corporate","Paris","France","2025-07-22"
8166,"CUS008166","Michael Walter","Corporate","Bristol","United Kingdom","2024-09-13"
8167,"CUS008167","Natasha Allen","Online Reseller","Barcelona","Spain","2020-09-25"
8168,"CUS008168","Amber Matthews","Consumer","Cork","Ireland","2021-09-21"
8169,"CUS008169","Carrie Robertson","Small Business","Glasgow","United Kingdom","2025-08-19"
8170,"CUS008170","Tanner Phillips","Corporate","Barcelona","Spain","2022-10-08"
8171,"CUS008171","Elizabeth Morales MD","Corporate","Barcelona","Spain","2022-12-22"
8172,"CUS008172","Stephen Kelly","Small Business","Chicago","USA","2024-09-07"
8173,"CUS008173","Anthony Brown","Consumer","Amsterdam","Netherlands","2021-03-01"
8174,"CUS008174","Colton Stokes","Corporate","Chicago","USA","2022-03-25"
8175,"CUS008175","Jerry Patel","Consumer","Paris","France","2020-03-12"
8176,"CUS008176","Ariel Williams","Small Business","Dublin","Ireland","2022-02-20"
8177,"CUS008177","Dr. Heather Dunn DDS","Consumer","Madrid","Spain","2021-05-04"
8178,"CUS008178","Jesus Figueroa","Small Business","Bristol","United Kingdom","2024-05-02"
8179,"CUS008179","Cynthia Mcbride","Consumer","Leeds","United Kingdom","2022-01-13"
8180,"CUS008180","Stephen Wilson","Consumer","Austin","USA","2019-06-15"
8181,"CUS008181","Valerie Harper","Consumer","Leeds","United Kingdom","2023-02-10"
8182,"CUS008182","Jason Austin","Corporate","London","United Kingdom","2021-08-05"
8183,"CUS008183","Debra Hernandez","Online Reseller","Dublin","Ireland","2022-12-05"
8184,"CUS008184","Michael Donovan","Corporate","London","United Kingdom","2020-06-21"
8185,"CUS008185","Regina Johnson","Consumer","Hamburg","Germany","2024-05-07"
8186,"CUS008186","Tabitha Goodman","Corporate","Chicago","USA","2022-10-18"
8187,"CUS008187","Mrs. Lisa Smith","Small Business","Berlin","Germany","2024-11-24"
8188,"CUS008188","Stacy Horn","Consumer","Madrid","Spain","2023-09-17"
8189,"CUS008189","Mallory Moore","Consumer","Cork","Ireland","2021-05-10"
8190,"CUS008190","Robert Martinez","Consumer","Manchester","United Kingdom","2021-07-27"
8191,"CUS008191","Jennifer Gordon","Consumer","Chicago","USA","2020-06-29"
8192,"CUS008192","Michael Chen","Online Reseller","Austin","USA","2025-10-26"
8193,"CUS008193","Dr. James Santos MD","Corporate","Bristol","United Kingdom","2019-11-23"
8194,"CUS008194","Peggy Blevins","Consumer","Chicago","USA","2019-02-18"
8195,"CUS008195","Cory Nelson","Consumer","Nottingham","United Kingdom","2020-11-07"
8196,"CUS008196","Tara Miller","Small Business","London","United Kingdom","2021-10-26"
8197,"CUS008197","Gregory Hall","Online Reseller","Barcelona","Spain","2025-05-20"
8198,"CUS008198","Madison Nielsen","Online Reseller","Lyon","France","2022-11-07"
8199,"CUS008199","Heather Anderson","Consumer","Leeds","United Kingdom","2022-12-31"
8200,"CUS008200","Mark Williams","Online Reseller","Dublin","Ireland","2022-12-29"
8201,"CUS008201","Charles Williams","Corporate","Birmingham","United Kingdom","2021-03-07"
8202,"CUS008202","Julie Bruce","Consumer","Leeds","United Kingdom","2025-05-16"
8203,"CUS008203","Lisa Moss","Consumer","Madrid","Spain","2021-05-08"
8204,"CUS008204","Corey Ford","Consumer","Rotterdam","Netherlands","2021-07-21"
8205,"CUS008205","Leonard Davis","Corporate","London","United Kingdom","2021-02-28"
8206,"CUS008206","Steven Shepherd","Online Reseller","Rotterdam","Netherlands","2022-06-29"
8207,"CUS008207","Zachary Wilkerson","Small Business","Dublin","Ireland","2020-10-16"
8208,"CUS008208","Allison Spears","Corporate","Lyon","France","2023-03-09"
8209,"CUS008209","Theresa Ross","Consumer","Hamburg","Germany","2020-09-03"
8210,"CUS008210","Amanda Tran","Consumer","Bristol","United Kingdom","2025-10-24"
8211,"CUS008211","Timothy White","Consumer","London","United Kingdom","2025-04-15"
8212,"CUS008212","Richard Boone","Consumer","Lyon","France","2020-10-03"
8213,"CUS008213","Deborah Blevins","Consumer","Madrid","Spain","2022-02-17"
8214,"CUS008214","William Church","Corporate","London","United Kingdom","2022-08-17"
8215,"CUS008215","Kevin Scott","Consumer","Berlin","Germany","2021-05-08"
8216,"CUS008216","Jonathan Chandler","Small Business","Manchester","United Kingdom","2024-10-14"
8217,"CUS008217","Jessica Mccarty","Consumer","Chicago","USA","2023-01-17"
8218,"CUS008218","Andrew Lester","Consumer","Birmingham","United Kingdom","2020-11-16"
8219,"CUS008219","Ryan Reynolds","Online Reseller","Glasgow","United Kingdom","2024-11-23"
8220,"CUS008220","Jose Vasquez","Small Business","Munich","Germany","2025-10-14"
8221,"CUS008221","Kayla Luna","Consumer","Nottingham","United Kingdom","2019-02-18"
8222,"CUS008222","Jeffery Haas","Corporate","Glasgow","United Kingdom","2020-05-13"
8223,"CUS008223","Loretta Young","Consumer","Madrid","Spain","2024-10-03"
8224,"CUS008224","Matthew Williams","Consumer","Munich","Germany","2022-12-02"
8225,"CUS008225","Stacey Taylor","Consumer","Cork","Ireland","2025-01-25"
8226,"CUS008226","Stacey Gay","Corporate","Nottingham","United Kingdom","2025-06-13"
8227,"CUS008227","Sheena Hawkins","Consumer","Chicago","USA","2022-04-30"
8228,"CUS008228","Douglas Rivas","Consumer","Munich","Germany","2021-10-13"
8229,"CUS008229","Paul Orr","Consumer","Birmingham","United Kingdom","2023-05-31"
8230,"CUS008230","Kenneth Smith","Consumer","London","United Kingdom","2022-10-21"
8231,"CUS008231","Christine Martinez","Consumer","Nottingham","United Kingdom","2020-07-04"
8232,"CUS008232","Dawn Cooley","Online Reseller","Glasgow","United Kingdom","2021-07-14"
8233,"CUS008233","Wanda Morris","Small Business","Lyon","France","2022-08-19"
8234,"CUS008234","Christopher Higgins","Small Business","Barcelona","Spain","2020-08-21"
8235,"CUS008235","Benjamin Dawson","Consumer","Leeds","United Kingdom","2021-03-03"
8236,"CUS008236","Joe Elliott","Small Business","Madrid","Spain","2022-03-19"
8237,"CUS008237","Isaiah Parker","Small Business","Glasgow","United Kingdom","2023-03-27"
8238,"CUS008238","David Howard","Consumer","Nottingham","United Kingdom","2025-04-11"
8239,"CUS008239","Nicolas Wells","Corporate","Lyon","France","2023-01-14"
8240,"CUS008240","Samantha Rivera","Consumer","Munich","Germany","2019-11-05"
8241,"CUS008241","Matthew Long","Consumer","Madrid","Spain","2023-11-24"
8242,"CUS008242","Justin Lin","Online Reseller","Dublin","Ireland","2022-04-01"
8243,"CUS008243","Jennifer Sims","Corporate","Barcelona","Spain","2025-06-29"
8244,"CUS008244","Jennifer Marsh","Consumer","Cork","Ireland","2024-04-20"
8245,"CUS008245","Matthew Watkins","Consumer","London","United Kingdom","2021-05-21"
8246,"CUS008246","Raymond Crosby","Consumer","Amsterdam","Netherlands","2021-12-25"
8247,"CUS008247","Charlene Blackwell","Corporate","Bristol","United Kingdom","2020-08-26"
8248,"CUS008248","Carmen Herrera","Online Reseller","Barcelona","Spain","2023-12-02"
8249,"CUS008249","Phillip Rose","Consumer","Munich","Germany","2022-04-14"
8250,"CUS008250","James Williams","Corporate","Bristol","United Kingdom","2023-05-13"
8251,"CUS008251","Kayla Simmons","Consumer","Glasgow","United Kingdom","2024-01-06"
8252,"CUS008252","Melanie Decker","Corporate","Glasgow","United Kingdom","2023-11-05"
8253,"CUS008253","Mr. Jon Smith","Small Business","Amsterdam","Netherlands","2021-06-22"
8254,"CUS008254","Diana Solis","Consumer","Paris","France","2021-05-03"
8255,"CUS008255","William Gross","Consumer","Barcelona","Spain","2023-01-31"
8256,"CUS008256","Sandra Wells","Online Reseller","Leeds","United Kingdom","2019-10-24"
8257,"CUS008257","David Fields","Consumer","London","United Kingdom","2025-03-13"
8258,"CUS008258","John Merritt","Corporate","Chicago","USA","2025-06-17"
8259,"CUS008259","Michelle Greene","Consumer","Birmingham","United Kingdom","2021-08-16"
8260,"CUS008260","Jonathan Dean","Consumer","Manchester","United Kingdom","2023-05-10"
8261,"CUS008261","Michael Sanford","Corporate","Nottingham","United Kingdom","2019-01-04"
8262,"CUS008262","Michael Thornton","Small Business","Rotterdam","Netherlands","2025-01-11"
8263,"CUS008263","Joseph Sutton","Corporate","Bristol","United Kingdom","2021-04-21"
8264,"CUS008264","Mrs. Jill Hodges","Consumer","Manchester","United Kingdom","2021-10-04"
8265,"CUS008265","Marissa Tyler","Consumer","Chicago","USA","2021-02-13"
8266,"CUS008266","Jessica Cook","Consumer","Birmingham","United Kingdom","2025-01-04"
8267,"CUS008267","Jared Cobb","Corporate","Bristol","United Kingdom","2023-12-23"
8268,"CUS008268","Hunter Davidson","Small Business","Rotterdam","Netherlands","2019-04-24"
8269,"CUS008269","Brian Powell","Consumer","New York","USA","2019-04-12"
8270,"CUS008270","Jessica Mcconnell","Consumer","Cork","Ireland","2022-02-12"
8271,"CUS008271","Robert Knight","Small Business","New York","USA","2019-05-09"
8272,"CUS008272","Noah Meyers","Corporate","Barcelona","Spain","2019-11-21"
8273,"CUS008273","Brian Mueller","Consumer","Austin","USA","2022-06-19"
8274,"CUS008274","Angelica Doyle","Consumer","Rotterdam","Netherlands","2025-04-12"
8275,"CUS008275","Marissa Moore","Corporate","Bristol","United Kingdom","2023-04-12"
8276,"CUS008276","Brianna Warren","Consumer","Bristol","United Kingdom","2021-02-02"
8277,"CUS008277","Rebecca Lewis","Small Business","Rotterdam","Netherlands","2024-06-29"
8278,"CUS008278","Lindsay Mendoza","Corporate","New York","USA","2021-11-10"
8279,"CUS008279","Anthony Fuller","Consumer","Barcelona","Spain","2024-11-14"
8280,"CUS008280","Jessica Benson","Consumer","Glasgow","United Kingdom","2024-08-07"
8281,"CUS008281","Regina Sawyer","Consumer","Manchester","United Kingdom","2024-09-03"
8282,"CUS008282","Denise Leon","Corporate","London","United Kingdom","2021-10-23"
8283,"CUS008283","Elijah Smith","Corporate","Bristol","United Kingdom","2024-08-12"
8284,"CUS008284","Felicia Robinson","Consumer","Cork","Ireland","2021-11-23"
8285,"CUS008285","Jade Ibarra","Consumer","Paris","France","2020-10-21"
8286,"CUS008286","William Tucker","Consumer","Bristol","United Kingdom","2025-07-25"
8287,"CUS008287","Erin Nelson","Consumer","Amsterdam","Netherlands","2025-04-25"
8288,"CUS008288","Haley Willis","Consumer","New York","USA","2020-05-18"
8289,"CUS008289","Amanda Zamora","Corporate","London","United Kingdom","2019-01-28"
8290,"CUS008290","Mr. Paul Ewing","Online Reseller","Manchester","United Kingdom","2021-11-25"
8291,"CUS008291","Brenda Taylor","Consumer","Barcelona","Spain","2024-06-01"
8292,"CUS008292","Nicole Foster","Small Business","Glasgow","United Kingdom","2021-12-25"
8293,"CUS008293","Rebecca Hanson","Corporate","Leeds","United Kingdom","2023-04-05"
8294,"CUS008294","Kyle Hernandez","Consumer","Manchester","United Kingdom","2025-02-22"
8295,"CUS008295","Vicki Ortiz","Corporate","Berlin","Germany","2020-02-09"
8296,"CUS008296","Tammy Hernandez","Corporate","Glasgow","United Kingdom","2023-02-26"
8297,"CUS008297","Nancy Jackson","Consumer","Leeds","United Kingdom","2024-01-18"
8298,"CUS008298","Stanley Howard","Online Reseller","Chicago","USA","2024-04-24"
8299,"CUS008299","Stephen Mueller","Consumer","Chicago","USA","2021-10-27"
8300,"CUS008300","Claudia Sanchez","Consumer","Cork","Ireland","2022-12-16"
8301,"CUS008301","Jonathan Peterson","Corporate","Birmingham","United Kingdom","2022-11-01"
8302,"CUS008302","Charles Sloan","Corporate","Amsterdam","Netherlands","2022-06-27"
8303,"CUS008303","Jason Robinson","Small Business","Manchester","United Kingdom","2019-10-17"
8304,"CUS008304","Jennifer Davidson","Consumer","Dublin","Ireland","2025-01-09"
8305,"CUS008305","Paul Smith","Corporate","Dublin","Ireland","2024-08-15"
8306,"CUS008306","Paula Johnson","Consumer","Dublin","Ireland","2022-05-10"
8307,"CUS008307","Mr. Melvin English","Consumer","New York","USA","2023-11-01"
8308,"CUS008308","Teresa Lawson","Corporate","Bristol","United Kingdom","2019-06-16"
8309,"CUS008309","John Wood","Consumer","Birmingham","United Kingdom","2025-01-05"
8310,"CUS008310","Michael Ramirez","Corporate","Dublin","Ireland","2023-11-04"
8311,"CUS008311","Eric Norman","Consumer","Chicago","USA","2023-04-06"
8312,"CUS008312","Michael Jordan","Consumer","New York","USA","2023-11-04"
8313,"CUS008313","Joshua Meyer","Consumer","Nottingham","United Kingdom","2019-12-26"
8314,"CUS008314","Dana Norman","Consumer","Nottingham","United Kingdom","2025-02-06"
8315,"CUS008315","Kelly Nelson","Consumer","Paris","France","2019-03-23"
8316,"CUS008316","Gregory Deleon","Small Business","Amsterdam","Netherlands","2024-09-13"
8317,"CUS008317","Amanda Smith","Consumer","Nottingham","United Kingdom","2021-10-27"
8318,"CUS008318","Nicholas Baker","Consumer","Cork","Ireland","2024-08-02"
8319,"CUS008319","Christine Conley","Corporate","London","United Kingdom","2022-12-27"
8320,"CUS008320","Ralph Herrera","Consumer","Leeds","United Kingdom","2019-11-03"
8321,"CUS008321","Ashley Heath","Corporate","Leeds","United Kingdom","2021-11-02"
8322,"CUS008322","Carrie Thomas","Online Reseller","Bristol","United Kingdom","2021-05-14"
8323,"CUS008323","Kevin Saunders","Online Reseller","Leeds","United Kingdom","2025-02-15"
8324,"CUS008324","Amy Sullivan","Consumer","Birmingham","United Kingdom","2019-12-31"
8325,"CUS008325","Daisy Grimes","Consumer","Lyon","France","2023-06-16"
8326,"CUS008326","Ian Ford","Online Reseller","Barcelona","Spain","2021-10-10"
8327,"CUS008327","Anthony Williams","Small Business","Paris","France","2025-01-31"
8328,"CUS008328","Gary King","Consumer","Austin","USA","2025-01-09"
8329,"CUS008329","Darryl Roberts","Consumer","Manchester","United Kingdom","2024-12-26"
8330,"CUS008330","Cynthia Jones","Online Reseller","Barcelona","Spain","2023-05-05"
8331,"CUS008331","Deborah Herrera","Corporate","Madrid","Spain","2025-07-16"
8332,"CUS008332","Harold Diaz","Consumer","Barcelona","Spain","2023-10-06"
8333,"CUS008333","Gabrielle Scott","Corporate","Barcelona","Spain","2023-09-21"
8334,"CUS008334","Devin Burch","Corporate","Paris","France","2023-05-31"
8335,"CUS008335","Ellen Long","Online Reseller","Austin","USA","2022-03-09"
8336,"CUS008336","Matthew Mcdonald","Small Business","Birmingham","United Kingdom","2020-04-23"
8337,"CUS008337","Emily Young","Consumer","Cork","Ireland","2024-05-25"
8338,"CUS008338","Jacob Watson","Small Business","Hamburg","Germany","2019-07-19"
8339,"CUS008339","Sandra Craig","Consumer","Nottingham","United Kingdom","2024-07-18"
8340,"CUS008340","Tracy Cooper","Small Business","Austin","USA","2022-07-05"
8341,"CUS008341","Elizabeth Freeman","Small Business","Amsterdam","Netherlands","2021-02-08"
8342,"CUS008342","Anne Ortiz","Consumer","Hamburg","Germany","2020-02-18"
8343,"CUS008343","Richard Kent","Small Business","Madrid","Spain","2023-02-05"
8344,"CUS008344","Deborah Bowman","Corporate","Paris","France","2022-12-12"
8345,"CUS008345","Jennifer Allen","Consumer","Chicago","USA","2022-06-02"
8346,"CUS008346","Mary Rivers","Consumer","Austin","USA","2021-01-19"
8347,"CUS008347","Aaron Smith","Consumer","Nottingham","United Kingdom","2023-10-07"
8348,"CUS008348","James Watkins","Small Business","Bristol","United Kingdom","2025-09-30"
8349,"CUS008349","Madeline Davis","Consumer","Bristol","United Kingdom","2024-11-07"
8350,"CUS008350","Katherine Lawrence","Corporate","London","United Kingdom","2023-04-19"
8351,"CUS008351","Renee Steele","Corporate","London","United Kingdom","2020-01-10"
8352,"CUS008352","Belinda Bailey","Consumer","Madrid","Spain","2024-07-18"
8353,"CUS008353","Gerald Williams","Corporate","Glasgow","United Kingdom","2024-11-28"
8354,"CUS008354","Kathryn Campbell","Corporate","Amsterdam","Netherlands","2020-10-15"
8355,"CUS008355","Jennifer Martinez","Consumer","Manchester","United Kingdom","2021-02-15"
8356,"CUS008356","Lee Price","Consumer","Chicago","USA","2022-02-20"
8357,"CUS008357","Joe Gilbert","Online Reseller","Glasgow","United Kingdom","2025-09-24"
8358,"CUS008358","Ryan Chang","Consumer","Glasgow","United Kingdom","2021-01-24"
8359,"CUS008359","Andrew Reyes","Consumer","Cork","Ireland","2021-12-21"
8360,"CUS008360","Maria Andrews","Small Business","Manchester","United Kingdom","2021-04-08"
8361,"CUS008361","Jeffrey Harper DVM","Consumer","Birmingham","United Kingdom","2024-06-06"
8362,"CUS008362","Michael Sanders","Consumer","Birmingham","United Kingdom","2022-09-07"
8363,"CUS008363","Ashley Yates","Online Reseller","Paris","France","2020-06-13"
8364,"CUS008364","Phyllis Beck","Consumer","Chicago","USA","2021-06-22"
8365,"CUS008365","Tammy Coleman","Consumer","Cork","Ireland","2023-12-11"
8366,"CUS008366","David Bolton","Consumer","Leeds","United Kingdom","2023-01-02"
8367,"CUS008367","Katelyn Allen","Consumer","Dublin","Ireland","2022-06-23"
8368,"CUS008368","Rebecca Warner","Consumer","Berlin","Germany","2020-02-03"
8369,"CUS008369","Amber Brown","Consumer","Leeds","United Kingdom","2020-03-09"
8370,"CUS008370","Joseph Lewis","Consumer","Bristol","United Kingdom","2021-06-08"
8371,"CUS008371","Tracy Hall","Corporate","Austin","USA","2020-06-06"
8372,"CUS008372","Brian Lee","Consumer","Berlin","Germany","2019-07-28"
8373,"CUS008373","Dillon Williams","Consumer","Amsterdam","Netherlands","2020-02-07"
8374,"CUS008374","Scott Martin","Small Business","Manchester","United Kingdom","2021-06-30"
8375,"CUS008375","Vanessa Perez","Consumer","Paris","France","2024-04-19"
8376,"CUS008376","Michael Walker","Consumer","Hamburg","Germany","2025-11-15"
8377,"CUS008377","Raymond Bradley","Consumer","Lyon","France","2022-03-25"
8378,"CUS008378","Robert Brown","Consumer","Chicago","USA","2025-05-03"
8379,"CUS008379","Kelly Johnson","Corporate","London","United Kingdom","2025-10-08"
8380,"CUS008380","Sarah Vance","Consumer","Amsterdam","Netherlands","2020-04-03"
8381,"CUS008381","Anthony Bryant","Consumer","Paris","France","2023-12-14"
8382,"CUS008382","Regina Schroeder","Corporate","London","United Kingdom","2023-01-25"
8383,"CUS008383","Jacob Cervantes","Small Business","Bristol","United Kingdom","2022-03-24"
8384,"CUS008384","Alexander Thompson","Small Business","New York","USA","2020-01-02"
8385,"CUS008385","Catherine Frey","Consumer","Bristol","United Kingdom","2020-12-27"
8386,"CUS008386","Steven Ruiz","Consumer","Bristol","United Kingdom","2022-08-25"
8387,"CUS008387","Deborah Osborne","Consumer","Berlin","Germany","2022-02-04"
8388,"CUS008388","Stephen Shields","Consumer","Amsterdam","Netherlands","2021-06-02"
8389,"CUS008389","Jessica Aguilar","Consumer","Manchester","United Kingdom","2020-10-18"
8390,"CUS008390","Cameron Anderson","Small Business","Austin","USA","2023-09-10"
8391,"CUS008391","Robert Jones","Consumer","Munich","Germany","2019-01-31"
8392,"CUS008392","Carol Delacruz","Corporate","Lyon","France","2020-11-07"
8393,"CUS008393","Angela Rodriguez","Consumer","Barcelona","Spain","2024-08-10"
8394,"CUS008394","Martin Bradley DVM","Consumer","London","United Kingdom","2019-07-12"
8395,"CUS008395","Rhonda Grimes","Small Business","Rotterdam","Netherlands","2022-08-02"
8396,"CUS008396","Peter Flores","Consumer","Paris","France","2021-06-13"
8397,"CUS008397","Lori Nelson","Consumer","Glasgow","United Kingdom","2019-06-11"
8398,"CUS008398","Melissa White","Consumer","Birmingham","United Kingdom","2019-09-03"
8399,"CUS008399","Emily Mitchell","Corporate","Paris","France","2020-07-29"
8400,"CUS008400","Joseph Salinas","Small Business","Bristol","United Kingdom","2024-05-03"
8401,"CUS008401","Mary Duran","Consumer","Barcelona","Spain","2023-02-23"
8402,"CUS008402","Angela Reyes","Consumer","Berlin","Germany","2025-03-14"
8403,"CUS008403","Jorge Smith","Corporate","Lyon","France","2021-09-15"
8404,"CUS008404","Anthony Tran","Consumer","Glasgow","United Kingdom","2021-06-06"
8405,"CUS008405","Kimberly Vaughn","Consumer","Bristol","United Kingdom","2023-03-31"
8406,"CUS008406","Ryan Bowen","Online Reseller","Glasgow","United Kingdom","2023-08-20"
8407,"CUS008407","Phyllis Herrera","Online Reseller","Rotterdam","Netherlands","2019-09-24"
8408,"CUS008408","Shannon Crosby","Consumer","Bristol","United Kingdom","2021-04-02"
8409,"CUS008409","Michael Martin","Consumer","Leeds","United Kingdom","2021-04-15"
8410,"CUS008410","Debbie Boyd","Consumer","Glasgow","United Kingdom","2024-10-09"
8411,"CUS008411","Franklin Proctor","Corporate","Glasgow","United Kingdom","2024-08-08"
8412,"CUS008412","Ashley Ramos","Consumer","Bristol","United Kingdom","2025-05-08"
8413,"CUS008413","Susan Smith","Consumer","Birmingham","United Kingdom","2023-08-14"
8414,"CUS008414","John Strickland","Small Business","Glasgow","United Kingdom","2021-07-25"
8415,"CUS008415","Julie Webb","Corporate","Lyon","France","2020-09-20"
8416,"CUS008416","Alexandra Fisher","Consumer","Glasgow","United Kingdom","2022-01-19"
8417,"CUS008417","Jessica Mata","Consumer","Dublin","Ireland","2025-04-28"
8418,"CUS008418","John Thomas","Consumer","London","United Kingdom","2021-12-23"
8419,"CUS008419","April Fisher","Small Business","Leeds","United Kingdom","2023-02-17"
8420,"CUS008420","Dr. Mark Lopez","Consumer","Amsterdam","Netherlands","2020-06-18"
8421,"CUS008421","Charles Campbell","Consumer","Leeds","United Kingdom","2022-01-23"
8422,"CUS008422","Kelli Hoffman","Online Reseller","London","United Kingdom","2022-06-11"
8423,"CUS008423","Ashley Price","Corporate","London","United Kingdom","2024-04-16"
8424,"CUS008424","Amanda Mercado","Consumer","Nottingham","United Kingdom","2024-06-16"
8425,"CUS008425","Jasmine Evans","Corporate","Birmingham","United Kingdom","2020-05-14"
8426,"CUS008426","James Mendez","Consumer","Glasgow","United Kingdom","2020-08-31"
8427,"CUS008427","Brian Salazar","Consumer","Bristol","United Kingdom","2020-09-17"
8428,"CUS008428","Frank Escobar","Consumer","Bristol","United Kingdom","2019-12-23"
8429,"CUS008429","Lisa Smith","Corporate","Austin","USA","2022-06-05"
8430,"CUS008430","Danielle Salinas","Corporate","Berlin","Germany","2019-04-15"
8431,"CUS008431","Justin Mckinney","Corporate","Cork","Ireland","2025-08-20"
8432,"CUS008432","Mr. Edwin Rogers","Corporate","New York","USA","2025-02-13"
8433,"CUS008433","Ashley Ali","Corporate","Dublin","Ireland","2022-04-19"
8434,"CUS008434","Anthony Tran","Consumer","Chicago","USA","2019-04-09"
8435,"CUS008435","Jacqueline Berry","Consumer","Leeds","United Kingdom","2022-06-26"
8436,"CUS008436","Wyatt Thomas","Online Reseller","Leeds","United Kingdom","2023-03-26"
8437,"CUS008437","Troy Ford","Corporate","Hamburg","Germany","2023-11-03"
8438,"CUS008438","Tyler Nielsen","Corporate","Madrid","Spain","2025-05-03"
8439,"CUS008439","David Valenzuela","Consumer","Paris","France","2024-09-01"
8440,"CUS008440","Priscilla Peterson","Corporate","Bristol","United Kingdom","2019-03-09"
8441,"CUS008441","Robert Taylor","Corporate","Cork","Ireland","2022-09-30"
8442,"CUS008442","Kenneth Hickman","Consumer","Chicago","USA","2024-05-06"
8443,"CUS008443","Michael Gibson","Consumer","Chicago","USA","2020-08-22"
8444,"CUS008444","Kayla Thomas","Consumer","Glasgow","United Kingdom","2024-01-09"
8445,"CUS008445","Lindsey Gonzalez","Consumer","New York","USA","2022-05-30"
8446,"CUS008446","Kimberly Avila DVM","Small Business","Chicago","USA","2025-10-17"
8447,"CUS008447","Ryan Fowler","Online Reseller","Chicago","USA","2022-01-12"
8448,"CUS008448","Ivan Allen","Small Business","Dublin","Ireland","2021-09-13"
8449,"CUS008449","Sarah Castillo","Small Business","Manchester","United Kingdom","2023-10-30"
8450,"CUS008450","David Berry","Consumer","Nottingham","United Kingdom","2020-02-15"
8451,"CUS008451","Michelle Martinez","Corporate","Barcelona","Spain","2023-05-02"
8452,"CUS008452","Morgan Torres","Online Reseller","Nottingham","United Kingdom","2024-10-03"
8453,"CUS008453","Pamela Hernandez","Small Business","Birmingham","United Kingdom","2023-05-01"
8454,"CUS008454","Chelsey Duncan","Consumer","Austin","USA","2024-11-07"
8455,"CUS008455","Trevor Aguilar","Consumer","Madrid","Spain","2021-10-23"
8456,"CUS008456","Mr. Timothy Morgan","Small Business","Munich","Germany","2021-10-03"
8457,"CUS008457","Lindsey Garcia","Consumer","Lyon","France","2023-10-16"
8458,"CUS008458","Angela Tucker","Consumer","Munich","Germany","2019-12-22"
8459,"CUS008459","Andrew Jenkins","Consumer","Manchester","United Kingdom","2025-04-18"
8460,"CUS008460","Anthony Berry","Corporate","Madrid","Spain","2021-08-21"
8461,"CUS008461","David Cantu","Consumer","Amsterdam","Netherlands","2020-05-11"
8462,"CUS008462","Gary Richmond","Consumer","Bristol","United Kingdom","2024-04-04"
8463,"CUS008463","Robert Hodges","Small Business","Nottingham","United Kingdom","2021-04-13"
8464,"CUS008464","Leslie Clark","Corporate","Cork","Ireland","2021-10-11"
8465,"CUS008465","Justin Wilson","Consumer","Paris","France","2020-10-08"
8466,"CUS008466","Pamela Powell","Consumer","Glasgow","United Kingdom","2023-04-29"
8467,"CUS008467","Michael Mathews","Small Business","Birmingham","United Kingdom","2021-01-08"
8468,"CUS008468","Douglas Collins","Consumer","Bristol","United Kingdom","2025-07-03"
8469,"CUS008469","Mary Klein","Consumer","London","United Kingdom","2021-03-09"
8470,"CUS008470","Michelle Rhodes","Consumer","Glasgow","United Kingdom","2021-06-07"
8471,"CUS008471","Crystal Miller","Small Business","Lyon","France","2025-08-28"
8472,"CUS008472","Paige Williams","Consumer","Berlin","Germany","2019-07-06"
8473,"CUS008473","Dennis Moody","Consumer","Nottingham","United Kingdom","2023-10-13"
8474,"CUS008474","Miranda Hayes","Small Business","Dublin","Ireland","2021-01-19"
8475,"CUS008475","Victoria Kemp","Consumer","Hamburg","Germany","2021-09-30"
8476,"CUS008476","Sean Wilson","Consumer","Glasgow","United Kingdom","2022-08-04"
8477,"CUS008477","Joshua Prince","Corporate","Birmingham","United Kingdom","2019-02-26"
8478,"CUS008478","Laurie Haynes","Corporate","Nottingham","United Kingdom","2025-07-11"
8479,"CUS008479","Dr. Claudia Wilson","Online Reseller","Paris","France","2023-03-21"
8480,"CUS008480","Gregory Smith","Small Business","Amsterdam","Netherlands","2020-12-14"
8481,"CUS008481","Dylan Webb","Consumer","Barcelona","Spain","2021-11-19"
8482,"CUS008482","Richard Silva","Consumer","Barcelona","Spain","2019-10-25"
8483,"CUS008483","Sabrina Robbins","Consumer","Bristol","United Kingdom","2023-11-19"
8484,"CUS008484","John Collier","Consumer","Berlin","Germany","2019-08-28"
8485,"CUS008485","Anthony Ashley","Consumer","Rotterdam","Netherlands","2024-05-30"
8486,"CUS008486","Jenna Ibarra","Small Business","London","United Kingdom","2021-11-08"
8487,"CUS008487","Michael Bell","Consumer","Birmingham","United Kingdom","2024-10-29"
8488,"CUS008488","Chris Cunningham","Consumer","Glasgow","United Kingdom","2021-04-07"
8489,"CUS008489","Christopher Vega","Corporate","Bristol","United Kingdom","2020-04-12"
8490,"CUS008490","Jonathon Adams","Consumer","London","United Kingdom","2023-04-08"
8491,"CUS008491","Allison Harris MD","Consumer","Paris","France","2025-09-24"
8492,"CUS008492","Tina James","Consumer","Amsterdam","Netherlands","2019-11-08"
8493,"CUS008493","Natalie Smith","Corporate","Berlin","Germany","2022-12-05"
8494,"CUS008494","Nathaniel Daniel","Consumer","Leeds","United Kingdom","2023-01-18"
8495,"CUS008495","Sean Santos","Consumer","Glasgow","United Kingdom","2020-11-02"
8496,"CUS008496","Andrea Stone","Consumer","Nottingham","United Kingdom","2024-03-29"
8497,"CUS008497","Rachael Alvarez","Consumer","Hamburg","Germany","2024-12-07"
8498,"CUS008498","Shannon Ware","Consumer","Madrid","Spain","2023-05-02"
8499,"CUS008499","Jessica Brooks","Consumer","Dublin","Ireland","2019-12-08"
8500,"CUS008500","Matthew Hudson","Consumer","Birmingham","United Kingdom","2023-11-09"
8501,"CUS008501","Jennifer Bennett","Small Business","Barcelona","Spain","2025-01-08"
8502,"CUS008502","Kevin Suarez PhD","Online Reseller","London","United Kingdom","2019-01-29"
8503,"CUS008503","Andrea Floyd","Consumer","Nottingham","United Kingdom","2024-09-08"
8504,"CUS008504","Jeffrey Allen","Small Business","Manchester","United Kingdom","2023-11-06"
8505,"CUS008505","Carlos Harper","Consumer","Glasgow","United Kingdom","2020-12-01"
8506,"CUS008506","Matthew Johnson","Consumer","Birmingham","United Kingdom","2024-06-02"
8507,"CUS008507","Stephanie Hendricks","Consumer","Lyon","France","2019-04-05"
8508,"CUS008508","Christopher Lee","Consumer","Bristol","United Kingdom","2021-03-19"
8509,"CUS008509","Dana French","Consumer","Birmingham","United Kingdom","2019-11-01"
8510,"CUS008510","Kevin Hall","Consumer","Manchester","United Kingdom","2022-08-13"
8511,"CUS008511","Alexander Morales","Consumer","New York","USA","2024-08-17"
8512,"CUS008512","Alyssa Charles","Consumer","Birmingham","United Kingdom","2024-06-27"
8513,"CUS008513","Kylie Mccann","Small Business","London","United Kingdom","2024-08-27"
8514,"CUS008514","Melanie Smith","Corporate","Leeds","United Kingdom","2019-07-22"
8515,"CUS008515","Martha Lee","Corporate","Austin","USA","2021-07-19"
8516,"CUS008516","Spencer Morris","Consumer","Barcelona","Spain","2022-04-19"
8517,"CUS008517","Eric Taylor","Online Reseller","Rotterdam","Netherlands","2021-08-09"
8518,"CUS008518","John Davenport","Small Business","Bristol","United Kingdom","2019-12-11"
8519,"CUS008519","James Bentley","Consumer","Dublin","Ireland","2024-02-05"
8520,"CUS008520","Stephen Peters","Consumer","Lyon","France","2020-07-17"
8521,"CUS008521","John Valentine","Consumer","Hamburg","Germany","2025-02-19"
8522,"CUS008522","Bruce Lane","Consumer","Madrid","Spain","2020-03-18"
8523,"CUS008523","Rebecca Logan","Consumer","London","United Kingdom","2021-03-02"
8524,"CUS008524","Ivan Mccarty","Small Business","Leeds","United Kingdom","2023-04-20"
8525,"CUS008525","Kendra Smith","Small Business","Berlin","Germany","2025-09-09"
8526,"CUS008526","Jeremy Wolf","Consumer","Nottingham","United Kingdom","2019-06-19"
8527,"CUS008527","Carlos Cook","Consumer","Nottingham","United Kingdom","2024-04-05"
8528,"CUS008528","Justin Arellano","Small Business","Lyon","France","2024-04-28"
8529,"CUS008529","Joseph Yu","Consumer","Austin","USA","2019-07-20"
8530,"CUS008530","Alyssa White","Consumer","Lyon","France","2023-12-07"
8531,"CUS008531","Kevin Anderson","Corporate","Hamburg","Germany","2021-03-10"
8532,"CUS008532","Stephen Stark","Consumer","Paris","France","2021-11-08"
8533,"CUS008533","Steven Howell","Corporate","Chicago","USA","2025-10-10"
8534,"CUS008534","Erika Morales","Consumer","Bristol","United Kingdom","2019-11-25"
8535,"CUS008535","Daniel Vargas","Corporate","Madrid","Spain","2020-05-24"
8536,"CUS008536","Bonnie Shepherd","Online Reseller","Glasgow","United Kingdom","2022-01-28"
8537,"CUS008537","Paula Moore","Corporate","Chicago","USA","2024-08-09"
8538,"CUS008538","Kathleen Mckenzie","Consumer","Chicago","USA","2023-09-01"
8539,"CUS008539","Darlene Moore","Consumer","Barcelona","Spain","2025-05-01"
8540,"CUS008540","Jack Ortiz","Consumer","Nottingham","United Kingdom","2019-06-09"
8541,"CUS008541","Ashley Sexton","Consumer","Berlin","Germany","2022-06-09"
8542,"CUS008542","Emily Wilson","Small Business","Leeds","United Kingdom","2024-03-26"
8543,"CUS008543","Cory White","Consumer","New York","USA","2020-09-16"
8544,"CUS008544","Adriana Smith","Consumer","Paris","France","2022-12-04"
8545,"CUS008545","Michael White","Consumer","Barcelona","Spain","2020-10-26"
8546,"CUS008546","George Miller DVM","Consumer","Bristol","United Kingdom","2021-02-15"
8547,"CUS008547","Christopher Warner","Corporate","New York","USA","2022-12-18"
8548,"CUS008548","Angela Clay","Consumer","Paris","France","2024-11-16"
8549,"CUS008549","Jacob Nelson","Small Business","Munich","Germany","2023-01-17"
8550,"CUS008550","Joseph Harvey","Consumer","Lyon","France","2024-02-22"
8551,"CUS008551","Melissa Brown","Consumer","Madrid","Spain","2022-10-22"
8552,"CUS008552","Jennifer Anderson","Consumer","Paris","France","2021-11-10"
8553,"CUS008553","Matthew Smith","Corporate","Glasgow","United Kingdom","2025-06-14"
8554,"CUS008554","Christopher Becker","Consumer","Cork","Ireland","2025-10-19"
8555,"CUS008555","Dawn Jackson","Small Business","Chicago","USA","2022-03-18"
8556,"CUS008556","Sean Sanders","Consumer","Munich","Germany","2024-02-07"
8557,"CUS008557","Dr. Glenn Moss","Consumer","Birmingham","United Kingdom","2023-05-29"
8558,"CUS008558","Renee Harris","Consumer","Chicago","USA","2021-09-09"
8559,"CUS008559","Jacqueline Farley","Corporate","Hamburg","Germany","2023-09-02"
8560,"CUS008560","David Peters","Consumer","Lyon","France","2020-09-29"
8561,"CUS008561","Michael Smith","Online Reseller","Cork","Ireland","2021-07-13"
8562,"CUS008562","Brandon Green","Small Business","Rotterdam","Netherlands","2023-05-19"
8563,"CUS008563","Kristopher Perez","Small Business","Paris","France","2023-08-11"
8564,"CUS008564","Bernard Figueroa","Consumer","London","United Kingdom","2019-08-31"
8565,"CUS008565","Kathryn Garcia","Small Business","Bristol","United Kingdom","2020-01-12"
8566,"CUS008566","Adriana Diaz","Consumer","Bristol","United Kingdom","2022-11-07"
8567,"CUS008567","Krystal Crawford","Consumer","Glasgow","United Kingdom","2023-07-02"
8568,"CUS008568","Dr. Maureen Johnson","Consumer","Glasgow","United Kingdom","2023-09-15"
8569,"CUS008569","Benjamin Anderson","Consumer","London","United Kingdom","2024-02-25"
8570,"CUS008570","Justin Dunn","Consumer","Manchester","United Kingdom","2023-01-27"
8571,"CUS008571","Beth Perez","Corporate","New York","USA","2022-06-09"
8572,"CUS008572","Keith Wilkinson","Consumer","Glasgow","United Kingdom","2020-08-26"
8573,"CUS008573","Laura Rosales","Consumer","Nottingham","United Kingdom","2021-12-22"
8574,"CUS008574","Lauren Wagner","Consumer","Rotterdam","Netherlands","2025-05-14"
8575,"CUS008575","Ashley Nichols","Consumer","Bristol","United Kingdom","2019-11-28"
8576,"CUS008576","Susan Rocha","Consumer","Lyon","France","2022-05-14"
8577,"CUS008577","Angela Kirby","Consumer","Birmingham","United Kingdom","2023-02-12"
8578,"CUS008578","Maria Miller","Consumer","Birmingham","United Kingdom","2023-07-29"
8579,"CUS008579","Valerie Mckee","Corporate","Leeds","United Kingdom","2020-12-12"
8580,"CUS008580","Ronald Stevens","Consumer","Barcelona","Spain","2025-07-30"
8581,"CUS008581","Ashley Conner","Online Reseller","Hamburg","Germany","2020-12-11"
8582,"CUS008582","Clifford Hoffman","Consumer","Bristol","United Kingdom","2021-05-28"
8583,"CUS008583","David Jenkins","Consumer","Lyon","France","2025-05-23"
8584,"CUS008584","Gregory Miller","Consumer","Chicago","USA","2019-01-09"
8585,"CUS008585","Cynthia Jones","Small Business","Manchester","United Kingdom","2021-12-05"
8586,"CUS008586","Kenneth Davila","Consumer","Bristol","United Kingdom","2024-12-06"
8587,"CUS008587","Julie Cole","Consumer","Manchester","United Kingdom","2025-05-18"
8588,"CUS008588","Maria Erickson","Small Business","Bristol","United Kingdom","2019-07-19"
8589,"CUS008589","Christopher Walton","Small Business","Leeds","United Kingdom","2025-04-03"
8590,"CUS008590","Mark Gonzalez","Corporate","Manchester","United Kingdom","2019-11-09"
8591,"CUS008591","Shannon Dean","Consumer","Birmingham","United Kingdom","2021-10-25"
8592,"CUS008592","Jon Munoz","Small Business","Manchester","United Kingdom","2021-09-04"
8593,"CUS008593","Heidi Rodriguez","Corporate","Austin","USA","2023-04-22"
8594,"CUS008594","Nicole York","Consumer","Barcelona","Spain","2019-07-14"
8595,"CUS008595","Joseph Rhodes","Small Business","Madrid","Spain","2023-08-30"
8596,"CUS008596","Christopher Moon","Corporate","Leeds","United Kingdom","2025-08-15"
8597,"CUS008597","Robert Nelson","Consumer","Bristol","United Kingdom","2025-09-02"
8598,"CUS008598","Alicia Phillips","Corporate","Berlin","Germany","2022-06-21"
8599,"CUS008599","Kevin Barnes","Small Business","Berlin","Germany","2019-09-19"
8600,"CUS008600","Andre Williams","Corporate","Cork","Ireland","2019-06-01"
8601,"CUS008601","Kyle Barnes","Consumer","Nottingham","United Kingdom","2021-12-26"
8602,"CUS008602","Darren Perry","Corporate","Manchester","United Kingdom","2020-02-24"
8603,"CUS008603","Christopher Reyes","Consumer","London","United Kingdom","2020-07-22"
8604,"CUS008604","Melissa Taylor","Consumer","New York","USA","2019-06-30"
8605,"CUS008605","Kirk Livingston","Small Business","Manchester","United Kingdom","2021-02-05"
8606,"CUS008606","Richard Hall","Consumer","Barcelona","Spain","2025-01-25"
8607,"CUS008607","Angela Bernard","Consumer","Glasgow","United Kingdom","2021-07-18"
8608,"CUS008608","Lori Brown","Small Business","Paris","France","2019-09-04"
8609,"CUS008609","Gary Owens","Consumer","Berlin","Germany","2025-02-22"
8610,"CUS008610","Michael Goodwin","Consumer","Manchester","United Kingdom","2024-03-07"
8611,"CUS008611","Clarence Collins","Corporate","Munich","Germany","2024-01-29"
8612,"CUS008612","John Cline","Consumer","Cork","Ireland","2019-09-10"
8613,"CUS008613","Wayne Smith","Consumer","Lyon","France","2022-01-09"
8614,"CUS008614","Austin Adams","Consumer","Leeds","United Kingdom","2024-05-02"
8615,"CUS008615","Rebecca Robinson","Consumer","Leeds","United Kingdom","2024-12-24"
8616,"CUS008616","Joseph Mclaughlin","Corporate","Madrid","Spain","2022-12-20"
8617,"CUS008617","Eric Moore","Consumer","Berlin","Germany","2022-08-12"
8618,"CUS008618","Dana Bauer","Small Business","Austin","USA","2022-01-24"
8619,"CUS008619","Pamela Jensen","Corporate","Cork","Ireland","2023-11-25"
8620,"CUS008620","Susan Olson","Small Business","Glasgow","United Kingdom","2025-10-29"
8621,"CUS008621","Timothy Bird","Consumer","Dublin","Ireland","2022-07-11"
8622,"CUS008622","Kurt Clarke","Corporate","Cork","Ireland","2025-09-26"
8623,"CUS008623","Randy Martin","Consumer","Paris","France","2023-11-15"
8624,"CUS008624","Nicholas Young","Corporate","Manchester","United Kingdom","2020-02-13"
8625,"CUS008625","Andrew Harris","Consumer","Birmingham","United Kingdom","2022-01-21"
8626,"CUS008626","Alexis Johnson","Consumer","Austin","USA","2019-01-19"
8627,"CUS008627","Amy Turner","Corporate","New York","USA","2021-08-26"
8628,"CUS008628","Austin Pittman","Consumer","Glasgow","United Kingdom","2019-04-15"
8629,"CUS008629","Charles Gordon","Small Business","Rotterdam","Netherlands","2023-08-06"
8630,"CUS008630","Omar Nguyen","Consumer","Munich","Germany","2019-03-03"
8631,"CUS008631","Todd Klein","Consumer","Rotterdam","Netherlands","2022-06-12"
8632,"CUS008632","Martin Martinez","Consumer","Lyon","France","2024-06-14"
8633,"CUS008633","Linda Ramsey","Small Business","Nottingham","United Kingdom","2019-12-23"
8634,"CUS008634","Morgan Ramos","Consumer","Birmingham","United Kingdom","2023-05-15"
8635,"CUS008635","Scott Shah","Consumer","London","United Kingdom","2022-03-16"
8636,"CUS008636","Craig Blanchard","Small Business","Madrid","Spain","2020-06-19"
8637,"CUS008637","Jennifer Smith","Corporate","Rotterdam","Netherlands","2019-09-07"
8638,"CUS008638","Daniel Strickland","Consumer","Dublin","Ireland","2023-03-10"
8639,"CUS008639","Catherine Esparza","Small Business","London","United Kingdom","2021-09-27"
8640,"CUS008640","Jose Grant","Small Business","Cork","Ireland","2025-08-16"
8641,"CUS008641","Jesus Wright","Consumer","Glasgow","United Kingdom","2023-09-06"
8642,"CUS008642","Kayla Mcclain","Small Business","Barcelona","Spain","2022-08-14"
8643,"CUS008643","Timothy Hall","Consumer","Dublin","Ireland","2021-10-29"
8644,"CUS008644","Mark Massey","Small Business","Hamburg","Germany","2022-12-15"
8645,"CUS008645","Christopher Hall","Consumer","Austin","USA","2019-11-08"
8646,"CUS008646","Ryan Hernandez","Online Reseller","Manchester","United Kingdom","2025-03-06"
8647,"CUS008647","Taylor Smith","Consumer","Chicago","USA","2025-08-24"
8648,"CUS008648","Jacqueline Klein","Consumer","Amsterdam","Netherlands","2024-07-07"
8649,"CUS008649","Anthony Hall","Small Business","New York","USA","2024-05-21"
8650,"CUS008650","Thomas Ross","Small Business","Hamburg","Germany","2022-01-26"
8651,"CUS008651","Roberto Murphy","Consumer","Munich","Germany","2020-10-25"
8652,"CUS008652","Katherine Davis","Consumer","Birmingham","United Kingdom","2021-11-09"
8653,"CUS008653","Erika Villarreal","Consumer","Paris","France","2021-07-06"
8654,"CUS008654","Kevin Burch","Consumer","Lyon","France","2023-11-28"
8655,"CUS008655","Melissa Hill","Consumer","Birmingham","United Kingdom","2020-01-03"
8656,"CUS008656","Matthew Mcdaniel","Consumer","Bristol","United Kingdom","2020-06-11"
8657,"CUS008657","Glen Torres","Corporate","Leeds","United Kingdom","2022-08-03"
8658,"CUS008658","Marc Watson","Consumer","Cork","Ireland","2025-02-03"
8659,"CUS008659","Brandon Flores","Online Reseller","Bristol","United Kingdom","2025-10-27"
8660,"CUS008660","Robin Pugh","Corporate","Rotterdam","Netherlands","2022-09-28"
8661,"CUS008661","Angela Davis","Consumer","Manchester","United Kingdom","2022-07-03"
8662,"CUS008662","William Beltran","Corporate","Leeds","United Kingdom","2019-03-31"
8663,"CUS008663","Alex Baldwin","Consumer","Birmingham","United Kingdom","2019-04-02"
8664,"CUS008664","Michael Carr","Consumer","London","United Kingdom","2023-07-28"
8665,"CUS008665","Philip Jones","Corporate","Birmingham","United Kingdom","2024-11-22"
8666,"CUS008666","Julie Cook","Consumer","Cork","Ireland","2021-01-05"
8667,"CUS008667","Peter Howard DVM","Online Reseller","Lyon","France","2021-02-11"
8668,"CUS008668","Jenna Salinas","Consumer","Paris","France","2025-11-15"
8669,"CUS008669","Jose Banks","Small Business","Nottingham","United Kingdom","2023-04-25"
8670,"CUS008670","Mrs. Alicia Bowers","Consumer","London","United Kingdom","2021-08-05"
8671,"CUS008671","Jason Bruce","Consumer","Glasgow","United Kingdom","2022-02-26"
8672,"CUS008672","Michael Herrera","Consumer","Bristol","United Kingdom","2023-09-15"
8673,"CUS008673","Travis Reynolds","Consumer","Lyon","France","2021-01-10"
8674,"CUS008674","Adam Maxwell","Consumer","Paris","France","2024-04-14"
8675,"CUS008675","Todd Edwards","Corporate","Madrid","Spain","2019-10-01"
8676,"CUS008676","Anthony Lawson","Small Business","London","United Kingdom","2024-06-11"
8677,"CUS008677","Kathryn Howard","Online Reseller","Austin","USA","2024-08-04"
8678,"CUS008678","Linda Murray","Consumer","Barcelona","Spain","2023-09-01"
8679,"CUS008679","Colton Lewis","Consumer","Leeds","United Kingdom","2023-01-02"
8680,"CUS008680","Allison Mahoney","Corporate","Manchester","United Kingdom","2019-08-27"
8681,"CUS008681","Preston Johnson","Consumer","Birmingham","United Kingdom","2022-09-17"
8682,"CUS008682","Thomas Hubbard","Consumer","Austin","USA","2023-01-07"
8683,"CUS008683","Brendan Williams","Consumer","Austin","USA","2019-07-26"
8684,"CUS008684","Charles Guerra","Consumer","Birmingham","United Kingdom","2022-07-14"
8685,"CUS008685","Kristin Medina","Small Business","London","United Kingdom","2025-01-10"
8686,"CUS008686","Douglas Dickson","Consumer","Berlin","Germany","2021-10-18"
8687,"CUS008687","Brian Mays","Consumer","Nottingham","United Kingdom","2019-10-14"
8688,"CUS008688","Ashley Rasmussen","Consumer","Bristol","United Kingdom","2022-10-09"
8689,"CUS008689","Joseph Gomez","Consumer","New York","USA","2020-08-09"
8690,"CUS008690","Melinda Cantu","Consumer","Nottingham","United Kingdom","2023-09-27"
8691,"CUS008691","Amber Bell","Consumer","Leeds","United Kingdom","2020-03-10"
8692,"CUS008692","Kevin Cook","Corporate","Nottingham","United Kingdom","2022-05-01"
8693,"CUS008693","Justin Blake","Consumer","Birmingham","United Kingdom","2020-10-05"
8694,"CUS008694","Christopher Johnson","Online Reseller","Leeds","United Kingdom","2025-04-22"
8695,"CUS008695","Christopher Freeman","Corporate","Barcelona","Spain","2024-01-31"
8696,"CUS008696","Misty Lucero","Consumer","Lyon","France","2020-12-14"
8697,"CUS008697","Michael Hancock","Consumer","Berlin","Germany","2022-09-02"
8698,"CUS008698","Mark Ellis","Consumer","New York","USA","2019-05-18"
8699,"CUS008699","Douglas Owens","Small Business","Bristol","United Kingdom","2023-01-19"
8700,"CUS008700","Nathaniel Norman","Consumer","Dublin","Ireland","2020-04-02"
8701,"CUS008701","Courtney Mack","Consumer","Birmingham","United Kingdom","2021-12-19"
8702,"CUS008702","Tiffany Meyer","Corporate","Hamburg","Germany","2019-12-13"
8703,"CUS008703","Lori Hudson","Corporate","Hamburg","Germany","2022-05-14"
8704,"CUS008704","David Davila","Online Reseller","Rotterdam","Netherlands","2023-04-23"
8705,"CUS008705","Christine Murray","Corporate","Lyon","France","2019-10-03"
8706,"CUS008706","James Baker","Corporate","Austin","USA","2022-07-08"
8707,"CUS008707","Jeffrey Rose","Corporate","Rotterdam","Netherlands","2022-04-15"
8708,"CUS008708","Joanna Jones","Consumer","Barcelona","Spain","2022-08-09"
8709,"CUS008709","Pamela Barry","Corporate","Glasgow","United Kingdom","2019-05-04"
8710,"CUS008710","Eric Jordan","Consumer","Manchester","United Kingdom","2020-10-01"
8711,"CUS008711","Lawrence Diaz","Consumer","Barcelona","Spain","2023-02-05"
8712,"CUS008712","Zachary Wright","Small Business","Leeds","United Kingdom","2019-10-11"
8713,"CUS008713","Kathy Moon","Small Business","Cork","Ireland","2025-09-19"
8714,"CUS008714","Christine Frederick","Consumer","Paris","France","2022-05-18"
8715,"CUS008715","Andrew Bailey","Corporate","Nottingham","United Kingdom","2025-11-28"
8716,"CUS008716","Hannah Rivera","Consumer","Paris","France","2020-08-09"
8717,"CUS008717","Cynthia Harrison","Small Business","Chicago","USA","2020-06-09"
8718,"CUS008718","Robert Smith","Consumer","Madrid","Spain","2022-06-22"
8719,"CUS008719","James Watts","Consumer","Lyon","France","2019-05-13"
8720,"CUS008720","Mr. Christopher Perry","Consumer","Chicago","USA","2023-10-01"
8721,"CUS008721","Joshua Nunez","Consumer","London","United Kingdom","2020-02-05"
8722,"CUS008722","Brian Baker","Consumer","Manchester","United Kingdom","2024-06-19"
8723,"CUS008723","Troy Moses","Small Business","Berlin","Germany","2019-12-26"
8724,"CUS008724","Frank Barrett","Consumer","Manchester","United Kingdom","2022-08-18"
8725,"CUS008725","Elizabeth Riddle DDS","Consumer","Rotterdam","Netherlands","2021-01-03"
8726,"CUS008726","Amanda Elliott","Small Business","Austin","USA","2021-04-04"
8727,"CUS008727","Sarah Bradley","Consumer","Rotterdam","Netherlands","2024-08-18"
8728,"CUS008728","Mark Young MD","Online Reseller","Nottingham","United Kingdom","2019-08-02"
8729,"CUS008729","James Myers","Consumer","Leeds","United Kingdom","2024-09-12"
8730,"CUS008730","Robert Ingram","Corporate","Manchester","United Kingdom","2020-03-25"
8731,"CUS008731","Daniel Lambert","Small Business","Lyon","France","2023-09-02"
8732,"CUS008732","Kevin Carter","Consumer","Leeds","United Kingdom","2025-07-12"
8733,"CUS008733","Luis Montgomery","Corporate","Amsterdam","Netherlands","2023-09-19"
8734,"CUS008734","Albert Holt","Consumer","Madrid","Spain","2023-07-27"
8735,"CUS008735","Ashley Frey","Corporate","Lyon","France","2023-02-26"
8736,"CUS008736","Maria Edwards","Consumer","Bristol","United Kingdom","2019-10-21"
8737,"CUS008737","Paul Hernandez","Consumer","Birmingham","United Kingdom","2021-02-08"
8738,"CUS008738","Melissa Howard","Small Business","Manchester","United Kingdom","2019-11-02"
8739,"CUS008739","Rebecca Moore","Consumer","Cork","Ireland","2023-07-14"
8740,"CUS008740","Jesse Murphy","Consumer","London","United Kingdom","2020-08-18"
8741,"CUS008741","Aaron Anderson","Small Business","Lyon","France","2024-01-22"
8742,"CUS008742","Danny Finley","Corporate","Rotterdam","Netherlands","2023-05-08"
8743,"CUS008743","James Mcdonald","Consumer","Hamburg","Germany","2024-05-27"
8744,"CUS008744","Vanessa Garcia","Corporate","Hamburg","Germany","2023-07-31"
8745,"CUS008745","Matthew Stone","Corporate","New York","USA","2021-07-08"
8746,"CUS008746","Samantha Garcia","Consumer","London","United Kingdom","2019-07-28"
8747,"CUS008747","Lori Barton","Consumer","London","United Kingdom","2021-01-20"
8748,"CUS008748","Susan Rogers","Small Business","Manchester","United Kingdom","2019-11-18"
8749,"CUS008749","Jeffrey Mckinney","Consumer","London","United Kingdom","2020-05-08"
8750,"CUS008750","Sarah Robinson","Consumer","Manchester","United Kingdom","2019-02-10"
8751,"CUS008751","Joseph Carter","Consumer","Leeds","United Kingdom","2020-03-18"
8752,"CUS008752","Mark Johnson","Corporate","New York","USA","2024-08-19"
8753,"CUS008753","Rebecca Butler","Consumer","Amsterdam","Netherlands","2019-03-11"
8754,"CUS008754","John Carr","Corporate","Rotterdam","Netherlands","2021-07-15"
8755,"CUS008755","Rita Foley","Consumer","New York","USA","2020-09-06"
8756,"CUS008756","Eric Smith","Consumer","Nottingham","United Kingdom","2022-11-27"
8757,"CUS008757","William Benson","Corporate","London","United Kingdom","2022-12-16"
8758,"CUS008758","Joshua Copeland","Consumer","Cork","Ireland","2022-03-31"
8759,"CUS008759","Benjamin Oneill","Consumer","Birmingham","United Kingdom","2019-09-23"
8760,"CUS008760","Billy Richardson","Small Business","Manchester","United Kingdom","2019-05-25"
8761,"CUS008761","Benjamin Houston","Consumer","Bristol","United Kingdom","2021-04-12"
8762,"CUS008762","Joseph Dominguez","Consumer","Glasgow","United Kingdom","2024-11-15"
8763,"CUS008763","James Matthews","Consumer","Leeds","United Kingdom","2023-04-10"
8764,"CUS008764","Dennis Martinez","Consumer","Glasgow","United Kingdom","2021-07-28"
8765,"CUS008765","Maureen Ortiz","Consumer","Chicago","USA","2025-03-30"
8766,"CUS008766","Alexander Gibson","Consumer","Dublin","Ireland","2021-09-21"
8767,"CUS008767","Anna Mason","Corporate","Amsterdam","Netherlands","2023-10-25"
8768,"CUS008768","Becky Garcia","Consumer","Rotterdam","Netherlands","2023-08-19"
8769,"CUS008769","Rebecca Martinez","Corporate","Madrid","Spain","2021-03-29"
8770,"CUS008770","Travis Huber","Corporate","Madrid","Spain","2020-01-20"
8771,"CUS008771","Brenda Torres","Consumer","Paris","France","2019-11-18"
8772,"CUS008772","Mr. Michael Lewis","Small Business","Dublin","Ireland","2021-05-06"
8773,"CUS008773","Andrew Green","Consumer","Lyon","France","2021-07-25"
8774,"CUS008774","Craig Jones","Online Reseller","Bristol","United Kingdom","2022-05-29"
8775,"CUS008775","Tony Key","Corporate","Dublin","Ireland","2020-10-10"
8776,"CUS008776","Ashley Smith","Consumer","Glasgow","United Kingdom","2024-10-12"
8777,"CUS008777","Dr. Melissa Hall","Consumer","Nottingham","United Kingdom","2024-07-05"
8778,"CUS008778","Brian Russo","Consumer","Hamburg","Germany","2025-09-28"
8779,"CUS008779","Emily Cole","Small Business","Nottingham","United Kingdom","2024-07-02"
8780,"CUS008780","Jennifer Armstrong","Corporate","Manchester","United Kingdom","2021-03-21"
8781,"CUS008781","Anthony Kidd","Corporate","Paris","France","2020-09-28"
8782,"CUS008782","Brett Guerrero","Consumer","Austin","USA","2024-01-10"
8783,"CUS008783","Kelsey Jones","Consumer","Barcelona","Spain","2020-02-06"
8784,"CUS008784","Dennis Aguirre","Consumer","Munich","Germany","2021-10-19"
8785,"CUS008785","Jean Edwards","Consumer","Leeds","United Kingdom","2025-03-25"
8786,"CUS008786","Phillip Ellis","Consumer","Glasgow","United Kingdom","2023-06-19"
8787,"CUS008787","Kaitlyn Adams","Small Business","Manchester","United Kingdom","2022-04-11"
8788,"CUS008788","Nicholas Johnson","Consumer","Austin","USA","2022-12-27"
8789,"CUS008789","Willie Cole","Corporate","Bristol","United Kingdom","2024-08-31"
8790,"CUS008790","Mark Austin","Small Business","Birmingham","United Kingdom","2019-01-17"
8791,"CUS008791","Joanna Munoz","Consumer","Madrid","Spain","2022-02-06"
8792,"CUS008792","Lee Erickson","Consumer","Munich","Germany","2022-01-03"
8793,"CUS008793","Wayne Mendez","Consumer","Berlin","Germany","2019-12-14"
8794,"CUS008794","Robert Sullivan","Consumer","Manchester","United Kingdom","2022-11-19"
8795,"CUS008795","Aaron Cruz","Online Reseller","London","United Kingdom","2023-05-04"
8796,"CUS008796","Jeffery Lamb","Corporate","Birmingham","United Kingdom","2022-01-06"
8797,"CUS008797","Todd Warner","Small Business","Paris","France","2020-06-20"
8798,"CUS008798","Hannah Schaefer","Small Business","Hamburg","Germany","2025-07-05"
8799,"CUS008799","Brandon Copeland","Corporate","New York","USA","2021-11-14"
8800,"CUS008800","Zachary Morrison","Consumer","Chicago","USA","2023-08-04"
8801,"CUS008801","Elizabeth Buchanan","Corporate","Amsterdam","Netherlands","2021-08-31"
8802,"CUS008802","Darrell Johnson","Consumer","Barcelona","Spain","2022-10-24"
8803,"CUS008803","Alison Campbell","Online Reseller","Bristol","United Kingdom","2019-05-20"
8804,"CUS008804","Joseph Marshall","Corporate","Paris","France","2025-08-31"
8805,"CUS008805","Justin Hampton","Corporate","Leeds","United Kingdom","2024-10-12"
8806,"CUS008806","Rose Garza","Corporate","London","United Kingdom","2023-02-02"
8807,"CUS008807","Kellie Mcdonald","Consumer","Madrid","Spain","2019-03-04"
8808,"CUS008808","Danielle Morton","Consumer","Barcelona","Spain","2024-02-26"
8809,"CUS008809","Anthony Mcclain","Consumer","Leeds","United Kingdom","2022-09-02"
8810,"CUS008810","April Jones","Consumer","Lyon","France","2024-12-15"
8811,"CUS008811","Dr. Scott Valdez","Online Reseller","Dublin","Ireland","2023-12-01"
8812,"CUS008812","Terry Larson","Consumer","Bristol","United Kingdom","2021-07-04"
8813,"CUS008813","Rose Villa","Corporate","Madrid","Spain","2025-02-27"
8814,"CUS008814","Brian Huynh","Consumer","Nottingham","United Kingdom","2025-06-24"
8815,"CUS008815","Brian Warner","Small Business","Munich","Germany","2023-10-22"
8816,"CUS008816","Anthony Johnson","Consumer","Barcelona","Spain","2019-03-13"
8817,"CUS008817","Carolyn Davis","Consumer","Leeds","United Kingdom","2021-10-21"
8818,"CUS008818","Brandon Bonilla","Consumer","Cork","Ireland","2024-06-01"
8819,"CUS008819","Samuel Henderson","Consumer","Bristol","United Kingdom","2019-01-11"
8820,"CUS008820","David Wade","Small Business","Bristol","United Kingdom","2024-07-01"
8821,"CUS008821","Mary Cross","Corporate","New York","USA","2024-06-26"
8822,"CUS008822","Dr. Jacqueline Martin","Consumer","Cork","Ireland","2024-01-20"
8823,"CUS008823","Ashley Parsons","Consumer","London","United Kingdom","2021-10-26"
8824,"CUS008824","Daniel Young","Corporate","New York","USA","2022-10-31"
8825,"CUS008825","Aaron Zuniga","Small Business","Leeds","United Kingdom","2024-12-21"
8826,"CUS008826","Luis Robles","Corporate","Dublin","Ireland","2019-07-25"
8827,"CUS008827","Janice Powell","Online Reseller","Austin","USA","2023-10-23"
8828,"CUS008828","Nathan Robbins","Small Business","Berlin","Germany","2022-09-15"
8829,"CUS008829","Lisa Holland","Consumer","Nottingham","United Kingdom","2025-08-12"
8830,"CUS008830","Brian Gibson","Small Business","Chicago","USA","2023-09-15"
8831,"CUS008831","Sheila Hines","Online Reseller","Manchester","United Kingdom","2024-09-13"
8832,"CUS008832","Brittney Hunter","Corporate","Amsterdam","Netherlands","2024-10-13"
8833,"CUS008833","Brittany Hull","Small Business","Nottingham","United Kingdom","2022-04-18"
8834,"CUS008834","Robin Carson","Consumer","Glasgow","United Kingdom","2024-03-27"
8835,"CUS008835","Jamie Rivera","Consumer","New York","USA","2019-10-16"
8836,"CUS008836","Sara Hernandez","Online Reseller","Madrid","Spain","2019-05-24"
8837,"CUS008837","Robert Tran","Consumer","Cork","Ireland","2023-12-12"
8838,"CUS008838","Debbie Miller","Corporate","Madrid","Spain","2024-07-25"
8839,"CUS008839","Dana Ray","Consumer","Glasgow","United Kingdom","2025-06-02"
8840,"CUS008840","Stephanie Olson","Corporate","Birmingham","United Kingdom","2019-05-13"
8841,"CUS008841","Jessica Johnson","Consumer","Munich","Germany","2020-03-15"
8842,"CUS008842","Jack Davidson","Online Reseller","Munich","Germany","2023-03-29"
8843,"CUS008843","Daryl Flores","Consumer","Dublin","Ireland","2021-04-03"
8844,"CUS008844","Bailey Love","Consumer","Barcelona","Spain","2025-01-27"
8845,"CUS008845","Gerald Long","Consumer","Paris","France","2019-10-05"
8846,"CUS008846","Kristin Lopez","Corporate","Birmingham","United Kingdom","2021-03-15"
8847,"CUS008847","Nicole Long","Consumer","Austin","USA","2019-02-28"
8848,"CUS008848","Robert Nichols","Corporate","Berlin","Germany","2022-03-03"
8849,"CUS008849","Alexis Mcmillan","Consumer","London","United Kingdom","2024-01-11"
8850,"CUS008850","Lori Murphy","Small Business","Hamburg","Germany","2019-05-29"
8851,"CUS008851","Dr. David Love","Small Business","New York","USA","2020-07-25"
8852,"CUS008852","Carlos Dominguez","Corporate","Birmingham","United Kingdom","2023-09-12"
8853,"CUS008853","Dr. Victoria Sanders","Small Business","Barcelona","Spain","2019-05-29"
8854,"CUS008854","Traci Cox","Small Business","Barcelona","Spain","2024-11-14"
8855,"CUS008855","Roy Wong","Small Business","Munich","Germany","2019-10-18"
8856,"CUS008856","Marc Thompson","Consumer","Rotterdam","Netherlands","2021-05-20"
8857,"CUS008857","Mrs. Mary Bowers","Corporate","Munich","Germany","2024-12-26"
8858,"CUS008858","Ashley Townsend","Corporate","Cork","Ireland","2021-03-07"
8859,"CUS008859","Robert Coleman","Consumer","Nottingham","United Kingdom","2023-07-27"
8860,"CUS008860","Ryan Stevens","Small Business","Bristol","United Kingdom","2021-04-17"
8861,"CUS008861","Rachel Faulkner","Corporate","Lyon","France","2021-01-08"
8862,"CUS008862","Lori Miller","Consumer","Leeds","United Kingdom","2020-11-14"
8863,"CUS008863","Savannah Smith","Consumer","Rotterdam","Netherlands","2022-06-19"
8864,"CUS008864","Kristi Taylor","Consumer","Hamburg","Germany","2021-06-30"
8865,"CUS008865","Kiara Turner","Consumer","Glasgow","United Kingdom","2024-04-08"
8866,"CUS008866","Sandra Weber","Consumer","Dublin","Ireland","2024-01-14"
8867,"CUS008867","Melissa Preston","Consumer","Leeds","United Kingdom","2025-08-25"
8868,"CUS008868","Kristina Sullivan","Small Business","Bristol","United Kingdom","2025-04-07"
8869,"CUS008869","Michael Robinson","Small Business","Berlin","Germany","2021-07-21"
8870,"CUS008870","Maurice Moreno","Consumer","London","United Kingdom","2023-12-24"
8871,"CUS008871","Stephen Werner DVM","Consumer","Leeds","United Kingdom","2023-01-04"
8872,"CUS008872","William Chase","Consumer","Dublin","Ireland","2019-02-22"
8873,"CUS008873","Tracy Hardy","Consumer","Nottingham","United Kingdom","2024-06-25"
8874,"CUS008874","Charles Huerta","Corporate","Dublin","Ireland","2020-11-26"
8875,"CUS008875","Kerri Taylor","Consumer","Birmingham","United Kingdom","2020-12-17"
8876,"CUS008876","Jason Christensen","Small Business","Manchester","United Kingdom","2024-03-21"
8877,"CUS008877","Victoria Short","Consumer","Leeds","United Kingdom","2023-08-24"
8878,"CUS008878","James Little","Corporate","Cork","Ireland","2020-01-24"
8879,"CUS008879","Michelle Poole","Consumer","Lyon","France","2024-01-28"
8880,"CUS008880","Jason Duran","Consumer","London","United Kingdom","2022-05-15"
8881,"CUS008881","Jessica Allen","Corporate","Barcelona","Spain","2024-10-23"
8882,"CUS008882","Emily Garrett","Consumer","Munich","Germany","2023-09-14"
8883,"CUS008883","Jennifer Ford","Corporate","Paris","France","2024-11-02"
8884,"CUS008884","Russell Hernandez","Small Business","Nottingham","United Kingdom","2020-02-26"
8885,"CUS008885","Mary Marquez","Corporate","Chicago","USA","2024-05-05"
8886,"CUS008886","Mary Madden","Consumer","Amsterdam","Netherlands","2022-11-11"
8887,"CUS008887","Steven Hernandez","Consumer","Leeds","United Kingdom","2023-09-19"
8888,"CUS008888","Renee Trujillo","Corporate","Dublin","Ireland","2019-09-04"
8889,"CUS008889","Carrie Barron","Online Reseller","Paris","France","2025-02-08"
8890,"CUS008890","Kevin Jacobs","Consumer","Bristol","United Kingdom","2019-10-05"
8891,"CUS008891","Erica Dalton","Consumer","Amsterdam","Netherlands","2022-08-18"
8892,"CUS008892","Emily Meadows","Small Business","Paris","France","2022-08-03"
8893,"CUS008893","David Turner","Consumer","Cork","Ireland","2022-05-10"
8894,"CUS008894","Olivia Wright","Consumer","Chicago","USA","2021-09-14"
8895,"CUS008895","Lori Wang","Consumer","Amsterdam","Netherlands","2023-01-12"
8896,"CUS008896","Jessica Rodriguez","Consumer","Glasgow","United Kingdom","2019-08-08"
8897,"CUS008897","Audrey Parker","Small Business","Manchester","United Kingdom","2022-10-13"
8898,"CUS008898","Connie Simmons","Online Reseller","Austin","USA","2020-06-30"
8899,"CUS008899","Michael Johnson","Consumer","Birmingham","United Kingdom","2021-04-09"
8900,"CUS008900","Karen Randall","Online Reseller","Chicago","USA","2020-08-18"
8901,"CUS008901","Gregory Leonard","Consumer","Cork","Ireland","2024-11-21"
8902,"CUS008902","Amy Bowman","Small Business","Chicago","USA","2024-09-25"
8903,"CUS008903","Stephen Deleon","Corporate","Barcelona","Spain","2024-03-10"
8904,"CUS008904","Tanya Williams","Consumer","Barcelona","Spain","2021-01-06"
8905,"CUS008905","Laura Watts","Corporate","Madrid","Spain","2019-04-11"
8906,"CUS008906","Nicholas Blevins","Consumer","Birmingham","United Kingdom","2022-02-17"
8907,"CUS008907","Julie Wilson","Small Business","Cork","Ireland","2021-01-29"
8908,"CUS008908","Nathaniel Sanders","Corporate","Nottingham","United Kingdom","2021-02-14"
8909,"CUS008909","Cindy Lee","Consumer","Madrid","Spain","2025-05-31"
8910,"CUS008910","Andrea Hogan","Small Business","Madrid","Spain","2020-12-20"
8911,"CUS008911","Francisco Barrett","Consumer","Madrid","Spain","2019-01-04"
8912,"CUS008912","Tiffany Mcdonald","Consumer","Rotterdam","Netherlands","2021-09-12"
8913,"CUS008913","Jesus Stark","Small Business","Lyon","France","2020-01-24"
8914,"CUS008914","Lindsay Howard","Consumer","Barcelona","Spain","2023-02-16"
8915,"CUS008915","Kent Gallagher Jr.","Consumer","Glasgow","United Kingdom","2020-11-03"
8916,"CUS008916","Rose Scott","Small Business","Birmingham","United Kingdom","2021-09-06"
8917,"CUS008917","Michael Jones","Consumer","Glasgow","United Kingdom","2021-08-09"
8918,"CUS008918","Daniel Myers","Consumer","London","United Kingdom","2020-10-11"
8919,"CUS008919","Alexandra Page","Consumer","Cork","Ireland","2022-08-29"
8920,"CUS008920","Tyrone Long","Consumer","Paris","France","2024-01-04"
8921,"CUS008921","Shari Garcia","Online Reseller","Hamburg","Germany","2023-01-15"
8922,"CUS008922","Travis Carter","Small Business","Leeds","United Kingdom","2024-08-25"
8923,"CUS008923","Christine Johnson","Corporate","Munich","Germany","2020-01-14"
8924,"CUS008924","Andrew Sanders","Corporate","Glasgow","United Kingdom","2023-02-10"
8925,"CUS008925","Patrick Romero","Consumer","Leeds","United Kingdom","2025-01-20"
8926,"CUS008926","Victor Fuller","Consumer","Birmingham","United Kingdom","2022-04-11"
8927,"CUS008927","Kristin Dixon MD","Consumer","Madrid","Spain","2023-05-03"
8928,"CUS008928","Sharon Lloyd","Consumer","Bristol","United Kingdom","2025-01-13"
8929,"CUS008929","John Moran","Corporate","Nottingham","United Kingdom","2023-01-20"
8930,"CUS008930","Angela Fields","Consumer","Berlin","Germany","2022-03-31"
8931,"CUS008931","Jeffery Gomez","Consumer","Bristol","United Kingdom","2021-05-07"
8932,"CUS008932","Kimberly Hernandez","Consumer","London","United Kingdom","2025-03-19"
8933,"CUS008933","Casey Brown","Consumer","Nottingham","United Kingdom","2020-10-07"
8934,"CUS008934","Alexander Phillips","Consumer","New York","USA","2019-02-28"
8935,"CUS008935","Dawn Nunez","Corporate","London","United Kingdom","2023-07-18"
8936,"CUS008936","Mitchell Burns","Consumer","Nottingham","United Kingdom","2022-03-09"
8937,"CUS008937","Pamela Clark","Consumer","Austin","USA","2025-05-27"
8938,"CUS008938","Austin Weber","Consumer","Nottingham","United Kingdom","2021-09-08"
8939,"CUS008939","Heather Davis","Corporate","Bristol","United Kingdom","2019-05-22"
8940,"CUS008940","Alicia Cox","Consumer","Nottingham","United Kingdom","2020-02-06"
8941,"CUS008941","Jose Montgomery","Small Business","London","United Kingdom","2023-11-03"
8942,"CUS008942","Patricia Mckinney","Online Reseller","Glasgow","United Kingdom","2024-11-16"
8943,"CUS008943","Shawn Clark","Consumer","Glasgow","United Kingdom","2019-10-24"
8944,"CUS008944","Daniel Smith","Consumer","Nottingham","United Kingdom","2022-09-18"
8945,"CUS008945","Carl Morris","Consumer","Cork","Ireland","2025-06-12"
8946,"CUS008946","Matthew Hall","Small Business","Glasgow","United Kingdom","2019-01-08"
8947,"CUS008947","Cheryl Nelson","Consumer","Cork","Ireland","2023-04-17"
8948,"CUS008948","Robert Hill","Corporate","Chicago","USA","2019-09-04"
8949,"CUS008949","Erin Harris MD","Small Business","Leeds","United Kingdom","2022-04-28"
8950,"CUS008950","Kenneth Atkinson","Corporate","Nottingham","United Kingdom","2023-12-17"
8951,"CUS008951","Sharon Rodriguez","Consumer","Bristol","United Kingdom","2024-09-24"
8952,"CUS008952","James Martinez","Consumer","Austin","USA","2023-04-05"
8953,"CUS008953","Rachel Salazar","Small Business","Amsterdam","Netherlands","2022-02-10"
8954,"CUS008954","Kaitlin Lowe","Consumer","Nottingham","United Kingdom","2024-07-06"
8955,"CUS008955","Daniel Smith","Consumer","Munich","Germany","2024-04-11"
8956,"CUS008956","Theodore Brown","Small Business","Amsterdam","Netherlands","2020-08-27"
8957,"CUS008957","Brett Myers","Consumer","Barcelona","Spain","2020-12-28"
8958,"CUS008958","April Jennings","Consumer","Barcelona","Spain","2021-05-16"
8959,"CUS008959","Richard Rivera","Consumer","Austin","USA","2021-12-25"
8960,"CUS008960","Gary Rios","Consumer","New York","USA","2019-10-05"
8961,"CUS008961","Edwin Carpenter MD","Corporate","Paris","France","2020-12-03"
8962,"CUS008962","Kelli Willis","Consumer","Munich","Germany","2021-09-25"
8963,"CUS008963","Bryan Smith","Online Reseller","Paris","France","2019-05-05"
8964,"CUS008964","Martha Brandt","Consumer","Rotterdam","Netherlands","2021-10-31"
8965,"CUS008965","Kenneth Thornton","Online Reseller","Berlin","Germany","2021-03-26"
8966,"CUS008966","Nathan Lee","Small Business","Chicago","USA","2021-11-09"
8967,"CUS008967","Christopher Rivera","Consumer","Cork","Ireland","2019-09-28"
8968,"CUS008968","David Martin","Small Business","Glasgow","United Kingdom","2020-11-10"
8969,"CUS008969","Veronica Walls","Corporate","Glasgow","United Kingdom","2020-10-03"
8970,"CUS008970","Ryan Lee","Consumer","Glasgow","United Kingdom","2025-02-26"
8971,"CUS008971","Jeremy Torres","Corporate","Glasgow","United Kingdom","2019-07-14"
8972,"CUS008972","Devin Brown","Consumer","Cork","Ireland","2023-12-10"
8973,"CUS008973","Michelle Crawford","Consumer","Amsterdam","Netherlands","2020-10-08"
8974,"CUS008974","Todd Reese","Consumer","Leeds","United Kingdom","2019-07-06"
8975,"CUS008975","Linda Williams","Consumer","Amsterdam","Netherlands","2021-07-22"
8976,"CUS008976","Brian Rivera","Consumer","Madrid","Spain","2025-09-24"
8977,"CUS008977","Frederick Hunter","Consumer","Birmingham","United Kingdom","2019-08-10"
8978,"CUS008978","Christopher Griffin","Small Business","Bristol","United Kingdom","2023-02-05"
8979,"CUS008979","Kimberly Morales","Consumer","Glasgow","United Kingdom","2021-10-23"
8980,"CUS008980","William Hill","Small Business","Berlin","Germany","2021-09-08"
8981,"CUS008981","Tracy Smith","Online Reseller","Hamburg","Germany","2022-04-26"
8982,"CUS008982","Heather Barrera","Small Business","Bristol","United Kingdom","2024-05-27"
8983,"CUS008983","Katie Mann","Consumer","Lyon","France","2025-09-07"
8984,"CUS008984","Autumn Stephens","Consumer","Munich","Germany","2025-04-21"
8985,"CUS008985","Stephen Bridges","Consumer","Austin","USA","2021-02-21"
8986,"CUS008986","Bonnie Lynch","Consumer","Nottingham","United Kingdom","2021-11-09"
8987,"CUS008987","Isabel Park","Corporate","Chicago","USA","2021-10-03"
8988,"CUS008988","Patricia Guerrero","Corporate","Austin","USA","2024-10-11"
8989,"CUS008989","Shawn Williams","Consumer","Nottingham","United Kingdom","2019-08-23"
8990,"CUS008990","Heather Russell","Online Reseller","Chicago","USA","2024-09-24"
8991,"CUS008991","Jon Lawson","Consumer","Amsterdam","Netherlands","2019-04-24"
8992,"CUS008992","Ashley Lopez","Corporate","Amsterdam","Netherlands","2021-05-15"
8993,"CUS008993","Kevin Kelley","Consumer","Dublin","Ireland","2025-11-21"
8994,"CUS008994","Eric Rivera","Consumer","Manchester","United Kingdom","2024-04-11"
8995,"CUS008995","Charles Sawyer","Corporate","Berlin","Germany","2019-10-21"
8996,"CUS008996","Sean Garcia","Online Reseller","Cork","Ireland","2019-02-10"
8997,"CUS008997","April Hudson DVM","Consumer","Bristol","United Kingdom","2023-06-04"
8998,"CUS008998","Joseph Marshall","Small Business","Cork","Ireland","2024-12-10"
8999,"CUS008999","Rebecca Rodriguez","Online Reseller","Bristol","United Kingdom","2021-05-02"
9000,"CUS009000","Timothy Jackson","Corporate","Cork","Ireland","2023-07-17"
9001,"CUS009001","Daniel Gray","Consumer","Nottingham","United Kingdom","2021-06-16"
9002,"CUS009002","Paula Brown","Consumer","Bristol","United Kingdom","2022-04-11"
9003,"CUS009003","Christina Ellis","Consumer","Rotterdam","Netherlands","2020-08-29"
9004,"CUS009004","Andrea Powers","Consumer","Nottingham","United Kingdom","2021-03-01"
9005,"CUS009005","Stacy Willis","Consumer","Birmingham","United Kingdom","2020-09-22"
9006,"CUS009006","Adriana Mcneil","Consumer","Glasgow","United Kingdom","2024-12-25"
9007,"CUS009007","James Rodriguez Jr.","Consumer","Lyon","France","2021-06-03"
9008,"CUS009008","Russell Munoz","Consumer","Munich","Germany","2019-03-16"
9009,"CUS009009","Laura Dalton","Small Business","Birmingham","United Kingdom","2022-09-07"
9010,"CUS009010","Julie Schultz","Consumer","Cork","Ireland","2023-10-30"
9011,"CUS009011","Melissa Donovan","Online Reseller","Manchester","United Kingdom","2019-07-30"
9012,"CUS009012","Selena Robinson","Consumer","Bristol","United Kingdom","2021-03-15"
9013,"CUS009013","Karla Weaver","Consumer","Birmingham","United Kingdom","2022-07-14"
9014,"CUS009014","Heather Poole","Corporate","Glasgow","United Kingdom","2019-10-02"
9015,"CUS009015","Morgan Richmond","Consumer","London","United Kingdom","2022-01-01"
9016,"CUS009016","Lisa Sanders","Small Business","Glasgow","United Kingdom","2024-10-11"
9017,"CUS009017","Kimberly Wang","Consumer","Birmingham","United Kingdom","2021-05-06"
9018,"CUS009018","Tracy Mcdonald","Consumer","Barcelona","Spain","2023-02-10"
9019,"CUS009019","Amber Blankenship","Small Business","Bristol","United Kingdom","2023-06-15"
9020,"CUS009020","Maria Ruiz","Consumer","Bristol","United Kingdom","2022-11-17"
9021,"CUS009021","Dustin Aguilar DDS","Small Business","Birmingham","United Kingdom","2024-03-31"
9022,"CUS009022","Monica Colon","Corporate","Rotterdam","Netherlands","2019-05-04"
9023,"CUS009023","Emily Sutton","Corporate","Manchester","United Kingdom","2025-10-03"
9024,"CUS009024","Dawn Marsh","Consumer","Cork","Ireland","2022-09-09"
9025,"CUS009025","Samuel Williams","Consumer","Leeds","United Kingdom","2024-01-16"
9026,"CUS009026","Taylor Jackson","Consumer","Amsterdam","Netherlands","2025-08-07"
9027,"CUS009027","James Wise","Corporate","Madrid","Spain","2023-09-05"
9028,"CUS009028","Matthew Evans","Corporate","Dublin","Ireland","2023-02-02"
9029,"CUS009029","Henry Bradley","Online Reseller","Chicago","USA","2022-10-09"
9030,"CUS009030","Amanda Mcbride","Consumer","Munich","Germany","2023-04-26"
9031,"CUS009031","Glen Pearson","Corporate","Nottingham","United Kingdom","2021-10-24"
9032,"CUS009032","Tammie Black","Consumer","Leeds","United Kingdom","2023-07-03"
9033,"CUS009033","Mallory Atkins","Corporate","Hamburg","Germany","2019-07-29"
9034,"CUS009034","Julia Obrien","Consumer","Dublin","Ireland","2020-03-24"
9035,"CUS009035","Tracy Cox","Online Reseller","Lyon","France","2022-07-09"
9036,"CUS009036","Joanna Avila","Consumer","Bristol","United Kingdom","2021-05-28"
9037,"CUS009037","Kathleen Butler","Corporate","Glasgow","United Kingdom","2020-10-23"
9038,"CUS009038","Ms. Jamie Fox","Consumer","Austin","USA","2024-09-04"
9039,"CUS009039","Colleen Parker MD","Small Business","Cork","Ireland","2023-10-05"
9040,"CUS009040","Melissa Brown","Consumer","Madrid","Spain","2024-09-04"
9041,"CUS009041","Michael Drake","Consumer","Dublin","Ireland","2022-06-16"
9042,"CUS009042","Julie Hughes","Consumer","New York","USA","2025-01-12"
9043,"CUS009043","Melissa Heath","Online Reseller","Rotterdam","Netherlands","2023-09-15"
9044,"CUS009044","Alexander Sims","Online Reseller","Nottingham","United Kingdom","2023-04-27"
9045,"CUS009045","Joseph Hughes Jr.","Corporate","Leeds","United Kingdom","2025-02-27"
9046,"CUS009046","Mike Mason","Small Business","Amsterdam","Netherlands","2025-07-31"
9047,"CUS009047","David Lopez","Small Business","Amsterdam","Netherlands","2025-04-21"
9048,"CUS009048","Lindsey Anderson","Consumer","Hamburg","Germany","2020-11-05"
9049,"CUS009049","Melanie Williams","Corporate","Bristol","United Kingdom","2023-07-15"
9050,"CUS009050","Brandon Key","Consumer","Birmingham","United Kingdom","2022-11-25"
9051,"CUS009051","Roberto Owen","Small Business","Lyon","France","2021-03-02"
9052,"CUS009052","Christopher Young","Consumer","Dublin","Ireland","2022-02-13"
9053,"CUS009053","Michelle Lamb","Consumer","Leeds","United Kingdom","2024-12-09"
9054,"CUS009054","Jerry Baker","Consumer","Birmingham","United Kingdom","2024-07-16"
9055,"CUS009055","Chelsea Schmitt","Consumer","Glasgow","United Kingdom","2021-11-12"
9056,"CUS009056","John Jones","Small Business","Bristol","United Kingdom","2020-01-27"
9057,"CUS009057","Logan Mercado","Consumer","Manchester","United Kingdom","2019-08-31"
9058,"CUS009058","Michelle Edwards","Consumer","Chicago","USA","2023-12-26"
9059,"CUS009059","Jesse Hinton","Consumer","Nottingham","United Kingdom","2020-05-18"
9060,"CUS009060","Brittany Williams","Consumer","Leeds","United Kingdom","2019-06-15"
9061,"CUS009061","David Lee","Consumer","Birmingham","United Kingdom","2025-07-21"
9062,"CUS009062","Deborah Mahoney","Consumer","Bristol","United Kingdom","2025-04-20"
9063,"CUS009063","Donald Harrison","Corporate","Cork","Ireland","2022-06-05"
9064,"CUS009064","Ralph Rodriguez","Corporate","London","United Kingdom","2021-11-25"
9065,"CUS009065","Tammy Harper","Corporate","Barcelona","Spain","2025-09-20"
9066,"CUS009066","Brittany Rhodes","Consumer","Glasgow","United Kingdom","2025-09-09"
9067,"CUS009067","Alexis Barnes","Small Business","Dublin","Ireland","2023-07-29"
9068,"CUS009068","Nicholas Garcia","Online Reseller","Lyon","France","2023-12-30"
9069,"CUS009069","Sean Escobar","Consumer","Chicago","USA","2024-03-05"
9070,"CUS009070","Cynthia Mckinney","Online Reseller","Amsterdam","Netherlands","2024-06-06"
9071,"CUS009071","James Campbell","Small Business","Madrid","Spain","2022-08-14"
9072,"CUS009072","Heather Lambert","Corporate","Birmingham","United Kingdom","2020-08-08"
9073,"CUS009073","Jacqueline Nguyen","Corporate","Bristol","United Kingdom","2023-10-28"
9074,"CUS009074","Lauren Williams","Consumer","Lyon","France","2025-04-05"
9075,"CUS009075","Christy Cook","Consumer","Bristol","United Kingdom","2020-03-13"
9076,"CUS009076","Jonathan Tate","Corporate","Dublin","Ireland","2021-11-19"
9077,"CUS009077","Megan Livingston","Consumer","London","United Kingdom","2019-08-30"
9078,"CUS009078","Matthew Freeman","Consumer","Nottingham","United Kingdom","2020-02-12"
9079,"CUS009079","Cheryl Cummings","Small Business","Leeds","United Kingdom","2024-03-19"
9080,"CUS009080","Michael Jenkins","Small Business","Leeds","United Kingdom","2019-01-03"
9081,"CUS009081","Christopher Harmon","Small Business","London","United Kingdom","2025-06-15"
9082,"CUS009082","Keith Le","Consumer","Barcelona","Spain","2023-10-28"
9083,"CUS009083","Dr. Tiffany Coleman","Consumer","Manchester","United Kingdom","2022-04-25"
9084,"CUS009084","Alicia Arroyo","Consumer","Bristol","United Kingdom","2025-05-21"
9085,"CUS009085","Antonio Wallace","Corporate","New York","USA","2021-05-12"
9086,"CUS009086","Megan Morales","Consumer","Dublin","Ireland","2023-07-26"
9087,"CUS009087","Larry Reynolds","Online Reseller","Dublin","Ireland","2020-11-18"
9088,"CUS009088","Julia Hardin","Consumer","Rotterdam","Netherlands","2022-11-25"
9089,"CUS009089","Glen Rodriguez","Consumer","Nottingham","United Kingdom","2021-08-08"
9090,"CUS009090","Daniel Charles","Consumer","Munich","Germany","2023-09-21"
9091,"CUS009091","Logan Bryant","Consumer","Leeds","United Kingdom","2023-09-11"
9092,"CUS009092","Stephanie Gaines","Consumer","Manchester","United Kingdom","2024-03-29"
9093,"CUS009093","Nicholas Arnold","Online Reseller","Madrid","Spain","2019-07-03"
9094,"CUS009094","David Parks","Corporate","Lyon","France","2023-05-20"
9095,"CUS009095","Nicholas Wyatt","Consumer","Paris","France","2022-12-08"
9096,"CUS009096","Kyle Lane","Consumer","Glasgow","United Kingdom","2019-09-22"
9097,"CUS009097","Matthew Thomas","Corporate","Nottingham","United Kingdom","2024-04-14"
9098,"CUS009098","George Johnson","Consumer","Glasgow","United Kingdom","2019-08-16"
9099,"CUS009099","Christopher Butler","Consumer","Austin","USA","2023-12-04"
9100,"CUS009100","Stephanie Martinez","Consumer","Manchester","United Kingdom","2019-01-18"
9101,"CUS009101","David Ford","Corporate","Bristol","United Kingdom","2022-02-11"
9102,"CUS009102","Catherine Chan","Consumer","Bristol","United Kingdom","2023-08-15"
9103,"CUS009103","Marc Nguyen","Consumer","Barcelona","Spain","2021-07-05"
9104,"CUS009104","Kimberly Wallace","Small Business","Lyon","France","2024-03-25"
9105,"CUS009105","Joshua Thomas","Consumer","Berlin","Germany","2019-10-05"
9106,"CUS009106","Chris Steele","Consumer","Birmingham","United Kingdom","2022-09-25"
9107,"CUS009107","Melissa Newton","Consumer","Dublin","Ireland","2023-03-29"
9108,"CUS009108","Veronica Jackson","Small Business","Chicago","USA","2025-04-13"
9109,"CUS009109","Kristen Valenzuela","Consumer","Manchester","United Kingdom","2023-03-05"
9110,"CUS009110","Michael Diaz","Consumer","Nottingham","United Kingdom","2019-05-04"
9111,"CUS009111","Brenda Ibarra","Consumer","Bristol","United Kingdom","2023-02-05"
9112,"CUS009112","Adam Bradley PhD","Consumer","Madrid","Spain","2020-10-02"
9113,"CUS009113","Maria Mercado","Consumer","Munich","Germany","2023-06-21"
9114,"CUS009114","Jessica Neal","Consumer","Munich","Germany","2020-06-02"
9115,"CUS009115","Robert Cooper","Small Business","Chicago","USA","2025-07-31"
9116,"CUS009116","Daniel Pierce","Consumer","Hamburg","Germany","2023-11-13"
9117,"CUS009117","Julie Kelley","Corporate","Lyon","France","2025-09-10"
9118,"CUS009118","Alexis Smith","Consumer","Leeds","United Kingdom","2023-10-31"
9119,"CUS009119","Lisa Butler","Corporate","Leeds","United Kingdom","2022-10-03"
9120,"CUS009120","Jimmy Dillon","Consumer","Paris","France","2024-05-30"
9121,"CUS009121","Angelica Stein DDS","Small Business","Austin","USA","2024-01-04"
9122,"CUS009122","Tiffany Hernandez","Consumer","Lyon","France","2025-07-24"
9123,"CUS009123","James Brown","Consumer","Birmingham","United Kingdom","2022-10-02"
9124,"CUS009124","Kayla Zhang","Online Reseller","Glasgow","United Kingdom","2024-02-04"
9125,"CUS009125","Melissa Jones","Small Business","Chicago","USA","2021-10-25"
9126,"CUS009126","Jamie Wilson","Consumer","Chicago","USA","2019-03-23"
9127,"CUS009127","Glenn Glenn","Consumer","Lyon","France","2020-10-15"
9128,"CUS009128","Jose Coleman","Consumer","Manchester","United Kingdom","2020-01-01"
9129,"CUS009129","Nicholas Sanders","Consumer","Bristol","United Kingdom","2022-08-03"
9130,"CUS009130","Rebecca Jones","Small Business","Bristol","United Kingdom","2023-11-03"
9131,"CUS009131","Margaret Gray","Consumer","New York","USA","2020-08-01"
9132,"CUS009132","Dr. Laura Richardson MD","Small Business","Bristol","United Kingdom","2024-01-16"
9133,"CUS009133","Joseph Merritt","Consumer","Bristol","United Kingdom","2019-01-10"
9134,"CUS009134","Paige Barajas","Corporate","Birmingham","United Kingdom","2020-11-18"
9135,"CUS009135","Michael Allen","Consumer","Munich","Germany","2025-04-06"
9136,"CUS009136","Michael Miller","Small Business","Berlin","Germany","2025-03-25"
9137,"CUS009137","Albert Ray","Consumer","Hamburg","Germany","2024-01-07"
9138,"CUS009138","Luis Becker","Corporate","Chicago","USA","2020-05-04"
9139,"CUS009139","Kelly Smith","Consumer","Chicago","USA","2024-06-19"
9140,"CUS009140","Kaitlin Holt","Consumer","Austin","USA","2019-02-28"
9141,"CUS009141","Melinda Tucker","Consumer","Dublin","Ireland","2025-01-28"
9142,"CUS009142","Holly Williams","Small Business","Austin","USA","2022-09-12"
9143,"CUS009143","Brian Rush","Consumer","Amsterdam","Netherlands","2022-01-01"
9144,"CUS009144","Dustin Mitchell","Consumer","London","United Kingdom","2019-04-14"
9145,"CUS009145","William Riley","Corporate","Nottingham","United Kingdom","2020-04-05"
9146,"CUS009146","Linda Chavez","Consumer","Paris","France","2021-06-25"
9147,"CUS009147","Thomas Gutierrez","Consumer","Bristol","United Kingdom","2023-11-05"
9148,"CUS009148","Erin Jones","Corporate","Austin","USA","2021-01-25"
9149,"CUS009149","Ronald Buckley","Online Reseller","Madrid","Spain","2020-02-03"
9150,"CUS009150","John Ochoa","Corporate","Leeds","United Kingdom","2023-09-09"
9151,"CUS009151","Norman Johnson Jr.","Online Reseller","London","United Kingdom","2019-11-04"
9152,"CUS009152","Charles Ortega","Small Business","Manchester","United Kingdom","2024-01-10"
9153,"CUS009153","Carla Farmer","Consumer","Chicago","USA","2020-04-15"
9154,"CUS009154","Michele Williamson","Corporate","Bristol","United Kingdom","2022-11-21"
9155,"CUS009155","Adam Craig","Consumer","Berlin","Germany","2020-10-12"
9156,"CUS009156","Stacey Diaz","Small Business","Glasgow","United Kingdom","2024-09-16"
9157,"CUS009157","Lindsey Adams","Corporate","Chicago","USA","2022-08-07"
9158,"CUS009158","Michael Alvarado","Consumer","Berlin","Germany","2025-06-28"
9159,"CUS009159","Margaret Parrish","Consumer","London","United Kingdom","2021-11-29"
9160,"CUS009160","Kurt Goodman","Consumer","Chicago","USA","2022-12-20"
9161,"CUS009161","Eric Guerra","Small Business","Dublin","Ireland","2023-05-20"
9162,"CUS009162","Christian Alvarado","Small Business","Glasgow","United Kingdom","2024-09-29"
9163,"CUS009163","Pamela Scott","Consumer","Paris","France","2025-06-11"
9164,"CUS009164","Amy Miller","Consumer","Berlin","Germany","2024-08-15"
9165,"CUS009165","Gregory Higgins","Consumer","Munich","Germany","2020-02-16"
9166,"CUS009166","Andrew Leon","Consumer","Manchester","United Kingdom","2023-04-29"
9167,"CUS009167","Holly Lester","Corporate","Bristol","United Kingdom","2025-04-27"
9168,"CUS009168","Cynthia Pineda DVM","Small Business","Amsterdam","Netherlands","2020-06-17"
9169,"CUS009169","Sheena Clarke","Consumer","New York","USA","2020-08-28"
9170,"CUS009170","Jennifer Berry","Consumer","Barcelona","Spain","2020-01-21"
9171,"CUS009171","Lisa Gray","Consumer","Barcelona","Spain","2021-06-10"
9172,"CUS009172","Michael Bennett","Small Business","Lyon","France","2023-01-27"
9173,"CUS009173","Sara Flores","Consumer","Cork","Ireland","2020-04-30"
9174,"CUS009174","Brandon Flynn MD","Corporate","Dublin","Ireland","2024-08-26"
9175,"CUS009175","Rebecca Meyer","Consumer","London","United Kingdom","2019-05-29"
9176,"CUS009176","Jeanne Hicks","Consumer","Cork","Ireland","2022-02-17"
9177,"CUS009177","Kevin Johnson","Consumer","Rotterdam","Netherlands","2022-12-16"
9178,"CUS009178","Tyler Robles","Consumer","Hamburg","Germany","2020-12-05"
9179,"CUS009179","Carolyn Navarro","Consumer","Birmingham","United Kingdom","2023-04-10"
9180,"CUS009180","Jill Baker","Consumer","Berlin","Germany","2025-09-15"
9181,"CUS009181","Luis Grant","Online Reseller","London","United Kingdom","2023-11-20"
9182,"CUS009182","David Hubbard","Consumer","Paris","France","2025-01-16"
9183,"CUS009183","William Doyle","Consumer","Glasgow","United Kingdom","2022-10-26"
9184,"CUS009184","Steven Davis","Consumer","Manchester","United Kingdom","2021-04-23"
9185,"CUS009185","Susan Holmes","Corporate","Hamburg","Germany","2022-11-11"
9186,"CUS009186","Shannon Hayden","Small Business","Barcelona","Spain","2019-05-15"
9187,"CUS009187","Michael Prince","Small Business","Glasgow","United Kingdom","2020-07-03"
9188,"CUS009188","Mary Acosta","Consumer","Amsterdam","Netherlands","2024-02-05"
9189,"CUS009189","Sabrina Jones","Consumer","Dublin","Ireland","2025-04-29"
9190,"CUS009190","Kenneth Wilson","Small Business","Glasgow","United Kingdom","2020-06-30"
9191,"CUS009191","Amy Hopkins","Small Business","Austin","USA","2022-03-18"
9192,"CUS009192","Christina Hill","Small Business","London","United Kingdom","2021-05-24"
9193,"CUS009193","Kim Rich","Corporate","Glasgow","United Kingdom","2021-10-07"
9194,"CUS009194","Christopher Douglas","Corporate","Berlin","Germany","2021-02-01"
9195,"CUS009195","Christopher Jensen","Small Business","Madrid","Spain","2023-11-02"
9196,"CUS009196","Mary Anderson","Online Reseller","Rotterdam","Netherlands","2025-06-05"
9197,"CUS009197","Gary Payne","Consumer","Lyon","France","2024-06-15"
9198,"CUS009198","Kenneth Kane","Consumer","Barcelona","Spain","2020-07-10"
9199,"CUS009199","Tammy Kelley","Small Business","Austin","USA","2019-11-22"
9200,"CUS009200","Leonard Schmitt","Consumer","Paris","France","2025-03-08"
9201,"CUS009201","Regina Ruiz","Consumer","Manchester","United Kingdom","2024-04-02"
9202,"CUS009202","Lisa Fernandez","Consumer","Amsterdam","Netherlands","2019-12-14"
9203,"CUS009203","James Phillips","Consumer","Lyon","France","2024-05-02"
9204,"CUS009204","Taylor Mullen","Corporate","Chicago","USA","2021-02-10"
9205,"CUS009205","Mr. David Wells","Consumer","Rotterdam","Netherlands","2022-08-22"
9206,"CUS009206","Catherine Baker","Online Reseller","London","United Kingdom","2020-06-15"
9207,"CUS009207","Clifford Rogers","Consumer","London","United Kingdom","2024-07-10"
9208,"CUS009208","Devon Mcbride","Consumer","Dublin","Ireland","2021-10-30"
9209,"CUS009209","Stephanie Coleman","Consumer","Bristol","United Kingdom","2020-11-06"
9210,"CUS009210","Sara Harvey","Consumer","Barcelona","Spain","2020-02-13"
9211,"CUS009211","Mariah Gibson","Consumer","Barcelona","Spain","2023-11-05"
9212,"CUS009212","Kelly Shepard MD","Corporate","Madrid","Spain","2021-02-15"
9213,"CUS009213","Jose Stephenson","Small Business","Hamburg","Germany","2024-12-28"
9214,"CUS009214","Tracy Young","Consumer","Cork","Ireland","2019-03-06"
9215,"CUS009215","Thomas Howe","Consumer","Austin","USA","2022-09-18"
9216,"CUS009216","Timothy Ritter","Consumer","Madrid","Spain","2024-08-22"
9217,"CUS009217","Mrs. Stephanie Smith","Consumer","Chicago","USA","2024-04-28"
9218,"CUS009218","Lance White","Corporate","Leeds","United Kingdom","2021-09-28"
9219,"CUS009219","Matthew Brown","Consumer","Paris","France","2021-09-15"
9220,"CUS009220","Christine Bennett","Consumer","Bristol","United Kingdom","2022-07-23"
9221,"CUS009221","Larry Rodriguez","Small Business","Nottingham","United Kingdom","2024-04-26"
9222,"CUS009222","Sarah Rice","Consumer","Munich","Germany","2023-12-29"
9223,"CUS009223","Karen Sanchez","Consumer","Paris","France","2025-05-21"
9224,"CUS009224","Maureen Russell","Consumer","Cork","Ireland","2023-08-24"
9225,"CUS009225","Andrea Ward","Small Business","New York","USA","2025-06-09"
9226,"CUS009226","Jennifer Thornton","Consumer","Bristol","United Kingdom","2022-09-05"
9227,"CUS009227","Cynthia Kemp","Corporate","Madrid","Spain","2019-09-22"
9228,"CUS009228","Roberta Johnson","Consumer","Birmingham","United Kingdom","2023-11-30"
9229,"CUS009229","Louis Stone","Consumer","Bristol","United Kingdom","2019-07-31"
9230,"CUS009230","Tracy Garcia","Consumer","Manchester","United Kingdom","2024-07-17"
9231,"CUS009231","Michael Cole","Consumer","Cork","Ireland","2021-03-16"
9232,"CUS009232","Daisy Brown","Small Business","Cork","Ireland","2022-12-17"
9233,"CUS009233","Toni Thompson","Online Reseller","Birmingham","United Kingdom","2024-07-14"
9234,"CUS009234","Marie Christensen","Corporate","Paris","France","2025-03-19"
9235,"CUS009235","Joshua Reid Jr.","Small Business","Berlin","Germany","2020-07-07"
9236,"CUS009236","Shane Bell","Corporate","Birmingham","United Kingdom","2020-05-20"
9237,"CUS009237","Arthur Drake","Consumer","Nottingham","United Kingdom","2021-11-12"
9238,"CUS009238","Billy Stephens","Consumer","Glasgow","United Kingdom","2023-09-01"
9239,"CUS009239","Joshua Lopez","Consumer","Munich","Germany","2019-12-18"
9240,"CUS009240","Kimberly Yates","Corporate","Manchester","United Kingdom","2020-03-17"
9241,"CUS009241","Jennifer Flores","Small Business","Birmingham","United Kingdom","2019-06-25"
9242,"CUS009242","Hannah Hensley","Consumer","Munich","Germany","2019-02-27"
9243,"CUS009243","James Hall","Consumer","Paris","France","2021-12-22"
9244,"CUS009244","Michael Phillips","Consumer","Lyon","France","2024-06-04"
9245,"CUS009245","Alyssa Fuller","Consumer","Barcelona","Spain","2020-12-15"
9246,"CUS009246","Kelly Morgan","Small Business","Cork","Ireland","2025-08-10"
9247,"CUS009247","Christopher Bates","Consumer","Barcelona","Spain","2020-06-10"
9248,"CUS009248","Jane Silva","Consumer","Hamburg","Germany","2019-07-03"
9249,"CUS009249","Emily Farley","Consumer","Barcelona","Spain","2020-05-24"
9250,"CUS009250","Kevin Espinoza","Corporate","Berlin","Germany","2019-09-19"
9251,"CUS009251","Emily Herrera","Small Business","London","United Kingdom","2021-11-14"
9252,"CUS009252","Wendy Pittman","Consumer","London","United Kingdom","2023-11-05"
9253,"CUS009253","Joann Johnson MD","Corporate","Cork","Ireland","2024-07-31"
9254,"CUS009254","Michael Franco","Small Business","Manchester","United Kingdom","2020-06-16"
9255,"CUS009255","Luis Peters","Small Business","Glasgow","United Kingdom","2024-12-19"
9256,"CUS009256","Anna Gross","Consumer","Rotterdam","Netherlands","2019-10-13"
9257,"CUS009257","Christine Moore","Corporate","Bristol","United Kingdom","2023-11-28"
9258,"CUS009258","Sean Duffy","Consumer","Munich","Germany","2024-05-09"
9259,"CUS009259","Veronica Martinez","Corporate","Bristol","United Kingdom","2024-09-19"
9260,"CUS009260","Shane Castillo","Consumer","Glasgow","United Kingdom","2025-06-19"
9261,"CUS009261","Jeffrey Weaver","Small Business","Munich","Germany","2023-06-04"
9262,"CUS009262","Gail Ruiz","Online Reseller","Bristol","United Kingdom","2025-10-10"
9263,"CUS009263","Nancy Jarvis","Consumer","Austin","USA","2020-09-12"
9264,"CUS009264","Brittany Wagner","Consumer","Austin","USA","2020-05-05"
9265,"CUS009265","Joann Perez","Consumer","New York","USA","2021-08-01"
9266,"CUS009266","Wayne Frye","Consumer","Leeds","United Kingdom","2021-09-30"
9267,"CUS009267","Christopher Herrera","Consumer","Austin","USA","2020-09-21"
9268,"CUS009268","Deborah Schultz","Consumer","London","United Kingdom","2025-06-04"
9269,"CUS009269","Nicole Irwin","Small Business","London","United Kingdom","2022-08-27"
9270,"CUS009270","Isabella Sanchez","Corporate","Hamburg","Germany","2023-04-05"
9271,"CUS009271","Carrie Finley","Corporate","Cork","Ireland","2024-04-27"
9272,"CUS009272","Robert Combs","Corporate","Madrid","Spain","2024-08-06"
9273,"CUS009273","Dr. Andrew Scott II","Consumer","Bristol","United Kingdom","2025-09-04"
9274,"CUS009274","Michele Harrison","Small Business","Leeds","United Kingdom","2022-01-02"
9275,"CUS009275","Calvin Ford","Corporate","Barcelona","Spain","2019-10-22"
9276,"CUS009276","Maureen Martinez","Consumer","Leeds","United Kingdom","2025-11-01"
9277,"CUS009277","Robyn Patrick","Corporate","Paris","France","2021-08-26"
9278,"CUS009278","Alison Fletcher","Consumer","Birmingham","United Kingdom","2023-12-13"
9279,"CUS009279","Amanda Acosta","Consumer","Bristol","United Kingdom","2021-07-02"
9280,"CUS009280","Gordon Roberts","Corporate","Berlin","Germany","2019-09-18"
9281,"CUS009281","Larry Clarke","Consumer","Munich","Germany","2023-07-01"
9282,"CUS009282","Veronica Flynn","Consumer","Nottingham","United Kingdom","2023-06-02"
9283,"CUS009283","Victoria Banks","Corporate","London","United Kingdom","2020-04-28"
9284,"CUS009284","Brian Woods","Consumer","New York","USA","2019-11-13"
9285,"CUS009285","Sarah Jones","Consumer","Nottingham","United Kingdom","2024-03-08"
9286,"CUS009286","Jennifer Mueller","Small Business","Amsterdam","Netherlands","2024-08-15"
9287,"CUS009287","Sean Stevens","Corporate","London","United Kingdom","2023-01-30"
9288,"CUS009288","Sarah Downs","Small Business","New York","USA","2024-05-05"
9289,"CUS009289","Lee Phillips","Corporate","Austin","USA","2025-10-11"
9290,"CUS009290","Kayla Pennington","Consumer","London","United Kingdom","2020-10-30"
9291,"CUS009291","Michael Porter","Consumer","Austin","USA","2025-02-06"
9292,"CUS009292","Cody White","Consumer","Leeds","United Kingdom","2019-09-08"
9293,"CUS009293","Traci Martin","Consumer","Manchester","United Kingdom","2025-07-23"
9294,"CUS009294","Erin Nichols","Consumer","New York","USA","2021-01-16"
9295,"CUS009295","Jessica Smith","Corporate","Lyon","France","2025-09-29"
9296,"CUS009296","Stephanie Allen","Consumer","Barcelona","Spain","2025-02-27"
9297,"CUS009297","Teresa Aguilar","Online Reseller","Glasgow","United Kingdom","2019-02-08"
9298,"CUS009298","Sarah Haley","Corporate","London","United Kingdom","2021-06-07"
9299,"CUS009299","Andres Gutierrez","Consumer","New York","USA","2020-06-11"
9300,"CUS009300","Linda Clark","Consumer","Birmingham","United Kingdom","2021-12-08"
9301,"CUS009301","Tony Williams","Consumer","London","United Kingdom","2023-11-15"
9302,"CUS009302","Danielle Hunt","Consumer","Austin","USA","2023-01-13"
9303,"CUS009303","Daisy Dougherty","Corporate","Dublin","Ireland","2025-10-24"
9304,"CUS009304","Dr. James Stephens II","Consumer","Barcelona","Spain","2023-03-14"
9305,"CUS009305","Marcus Flores","Consumer","Birmingham","United Kingdom","2023-08-22"
9306,"CUS009306","Patricia Jones","Consumer","Chicago","USA","2023-02-02"
9307,"CUS009307","Alice Wilson","Consumer","Birmingham","United Kingdom","2021-06-20"
9308,"CUS009308","Christine Ramirez","Small Business","Lyon","France","2025-02-17"
9309,"CUS009309","Erika Ellis","Corporate","Leeds","United Kingdom","2023-11-26"
9310,"CUS009310","Matthew Henry","Corporate","Glasgow","United Kingdom","2020-08-28"
9311,"CUS009311","Julia Bolton","Consumer","Hamburg","Germany","2021-07-01"
9312,"CUS009312","Holly Reynolds","Online Reseller","Chicago","USA","2025-02-02"
9313,"CUS009313","Julie Rangel","Consumer","Rotterdam","Netherlands","2021-03-05"
9314,"CUS009314","Elizabeth Yu","Corporate","Birmingham","United Kingdom","2022-05-15"
9315,"CUS009315","Greg Hudson","Consumer","Dublin","Ireland","2022-06-22"
9316,"CUS009316","Allison Cooper","Consumer","Rotterdam","Netherlands","2022-02-08"
9317,"CUS009317","Cynthia Soto","Consumer","Lyon","France","2020-09-10"
9318,"CUS009318","Michael Miller","Consumer","Amsterdam","Netherlands","2019-02-10"
9319,"CUS009319","Jose Hutchinson","Online Reseller","Madrid","Spain","2022-12-18"
9320,"CUS009320","Donna Jones","Consumer","New York","USA","2019-07-21"
9321,"CUS009321","Gregory Martin","Consumer","Barcelona","Spain","2022-06-25"
9322,"CUS009322","Patrick Bates","Small Business","Chicago","USA","2022-10-18"
9323,"CUS009323","Robert Brown","Consumer","Hamburg","Germany","2024-12-09"
9324,"CUS009324","Michael Moreno","Corporate","Nottingham","United Kingdom","2025-03-27"
9325,"CUS009325","Carly Malone","Consumer","Rotterdam","Netherlands","2024-07-07"
9326,"CUS009326","Erik Russo","Consumer","Chicago","USA","2023-11-18"
9327,"CUS009327","Michelle Davis","Consumer","London","United Kingdom","2025-02-22"
9328,"CUS009328","Jacqueline Phillips","Consumer","Barcelona","Spain","2023-04-23"
9329,"CUS009329","Chase Lara","Consumer","Chicago","USA","2022-09-15"
9330,"CUS009330","Robert Taylor","Consumer","London","United Kingdom","2023-12-25"
9331,"CUS009331","Pamela Keith","Corporate","Bristol","United Kingdom","2021-07-26"
9332,"CUS009332","Alexander Cross","Corporate","Leeds","United Kingdom","2020-08-28"
9333,"CUS009333","Elizabeth Brown","Online Reseller","Glasgow","United Kingdom","2023-10-29"
9334,"CUS009334","Heidi Garrison","Consumer","Madrid","Spain","2025-11-28"
9335,"CUS009335","Timothy Floyd","Consumer","Barcelona","Spain","2021-06-14"
9336,"CUS009336","Dominique Esparza","Consumer","Dublin","Ireland","2024-08-04"
9337,"CUS009337","Michael Aguilar","Consumer","Manchester","United Kingdom","2020-11-05"
9338,"CUS009338","Mrs. Donna Houston PhD","Consumer","Manchester","United Kingdom","2019-01-16"
9339,"CUS009339","Ann Robles","Small Business","London","United Kingdom","2019-04-19"
9340,"CUS009340","Juan Williams","Corporate","Hamburg","Germany","2020-11-02"
9341,"CUS009341","Mary Gomez","Consumer","Munich","Germany","2025-08-03"
9342,"CUS009342","Lauren Brown","Online Reseller","Dublin","Ireland","2023-08-06"
9343,"CUS009343","Timothy Mendoza","Consumer","Birmingham","United Kingdom","2022-07-22"
9344,"CUS009344","Ann Mcbride","Corporate","Hamburg","Germany","2023-12-04"
9345,"CUS009345","Sue Nguyen","Online Reseller","Chicago","USA","2021-08-07"
9346,"CUS009346","Brandon Yoder","Consumer","Manchester","United Kingdom","2023-12-13"
9347,"CUS009347","Vincent Wilson","Consumer","Lyon","France","2022-05-11"
9348,"CUS009348","Natalie Blair","Small Business","Cork","Ireland","2023-01-23"
9349,"CUS009349","Robert Mckinney","Consumer","Dublin","Ireland","2025-11-12"
9350,"CUS009350","Dale Burke","Consumer","Munich","Germany","2025-09-27"
9351,"CUS009351","Jessica Thompson","Small Business","Madrid","Spain","2021-09-22"
9352,"CUS009352","Joshua Miller","Consumer","Rotterdam","Netherlands","2024-05-15"
9353,"CUS009353","Dylan Anderson DDS","Consumer","Leeds","United Kingdom","2021-08-28"
9354,"CUS009354","Raymond Harvey","Consumer","London","United Kingdom","2021-06-29"
9355,"CUS009355","Michelle Shaw","Consumer","Cork","Ireland","2023-04-20"
9356,"CUS009356","Amanda Roberts DVM","Small Business","Madrid","Spain","2019-11-30"
9357,"CUS009357","Carla Fox","Consumer","Barcelona","Spain","2024-07-11"
9358,"CUS009358","Kristi Newman","Consumer","Hamburg","Germany","2021-06-23"
9359,"CUS009359","Laura Byrd","Small Business","London","United Kingdom","2019-06-15"
9360,"CUS009360","Isaac Lopez","Small Business","Paris","France","2022-08-18"
9361,"CUS009361","Ashley Johnston","Consumer","Munich","Germany","2020-04-09"
9362,"CUS009362","Kayla Jones","Consumer","Leeds","United Kingdom","2023-02-01"
9363,"CUS009363","Frank Brandt","Corporate","Manchester","United Kingdom","2019-10-03"
9364,"CUS009364","Melissa Davis","Consumer","Munich","Germany","2021-01-27"
9365,"CUS009365","Cynthia Jordan","Small Business","London","United Kingdom","2024-04-06"
9366,"CUS009366","Jennifer Brown","Consumer","London","United Kingdom","2021-08-17"
9367,"CUS009367","Timothy Beard","Small Business","Nottingham","United Kingdom","2023-07-23"
9368,"CUS009368","Susan Miller DVM","Consumer","London","United Kingdom","2021-03-08"
9369,"CUS009369","Joshua Hart","Corporate","Rotterdam","Netherlands","2024-04-18"
9370,"CUS009370","Stacy Mcguire","Corporate","Glasgow","United Kingdom","2025-01-27"
9371,"CUS009371","Andrew Li","Online Reseller","Leeds","United Kingdom","2020-10-02"
9372,"CUS009372","David Harris","Corporate","Dublin","Ireland","2019-01-01"
9373,"CUS009373","Phillip Andersen","Small Business","Cork","Ireland","2022-08-25"
9374,"CUS009374","Robert Vargas","Small Business","Paris","France","2024-05-04"
9375,"CUS009375","Tyler Jones","Small Business","Barcelona","Spain","2023-10-07"
9376,"CUS009376","Karen Myers","Online Reseller","Birmingham","United Kingdom","2024-02-10"
9377,"CUS009377","Mike Chavez","Small Business","Bristol","United Kingdom","2021-10-09"
9378,"CUS009378","Brittany Zimmerman","Consumer","Rotterdam","Netherlands","2025-05-20"
9379,"CUS009379","Brittany Jones","Consumer","Cork","Ireland","2022-08-27"
9380,"CUS009380","Paul Wilson","Small Business","Madrid","Spain","2019-08-15"
9381,"CUS009381","Craig Jimenez","Consumer","Lyon","France","2023-01-30"
9382,"CUS009382","Monica Davis","Corporate","Lyon","France","2025-09-26"
9383,"CUS009383","Megan Bray","Small Business","Birmingham","United Kingdom","2019-04-22"
9384,"CUS009384","Randy Vaughn","Small Business","Paris","France","2025-11-12"
9385,"CUS009385","Ryan Johnson","Corporate","London","United Kingdom","2020-08-27"
9386,"CUS009386","Scott Salazar","Consumer","London","United Kingdom","2020-10-10"
9387,"CUS009387","Christine Coleman","Consumer","Leeds","United Kingdom","2022-09-24"
9388,"CUS009388","Alison Reed","Consumer","Hamburg","Germany","2022-12-09"
9389,"CUS009389","Jennifer Harper","Consumer","Nottingham","United Kingdom","2023-12-16"
9390,"CUS009390","Jennifer Parks","Corporate","Birmingham","United Kingdom","2023-12-17"
9391,"CUS009391","Mike Hatfield","Corporate","Glasgow","United Kingdom","2025-03-17"
9392,"CUS009392","Michael Brown","Small Business","Birmingham","United Kingdom","2025-03-15"
9393,"CUS009393","Patrick Flores PhD","Online Reseller","Dublin","Ireland","2024-08-13"
9394,"CUS009394","Lauren Delacruz","Consumer","Leeds","United Kingdom","2022-07-15"
9395,"CUS009395","Matthew Hansen","Corporate","Austin","USA","2019-01-10"
9396,"CUS009396","Clayton Evans","Consumer","Bristol","United Kingdom","2024-05-08"
9397,"CUS009397","Rebecca Sullivan","Consumer","Birmingham","United Kingdom","2023-02-28"
9398,"CUS009398","Paula Carter","Corporate","Leeds","United Kingdom","2019-04-09"
9399,"CUS009399","Kimberly Fox","Consumer","Glasgow","United Kingdom","2019-07-06"
9400,"CUS009400","Shaun Jackson","Consumer","Leeds","United Kingdom","2019-09-23"
9401,"CUS009401","Kyle Smith","Consumer","Austin","USA","2023-05-09"
9402,"CUS009402","Charlotte Warren","Consumer","Hamburg","Germany","2019-04-26"
9403,"CUS009403","Susan Roberson","Consumer","New York","USA","2024-11-02"
9404,"CUS009404","James Dougherty","Consumer","Madrid","Spain","2025-03-30"
9405,"CUS009405","Heather Duarte","Consumer","New York","USA","2025-06-07"
9406,"CUS009406","Manuel Wilson","Consumer","Nottingham","United Kingdom","2020-02-28"
9407,"CUS009407","Jennifer Johnson","Small Business","Dublin","Ireland","2023-10-12"
9408,"CUS009408","Eric Atkins","Small Business","Paris","France","2024-12-07"
9409,"CUS009409","Cynthia Simpson","Consumer","London","United Kingdom","2025-04-09"
9410,"CUS009410","Christine Page","Consumer","Birmingham","United Kingdom","2023-10-08"
9411,"CUS009411","Shawn Randall","Small Business","Austin","USA","2023-10-01"
9412,"CUS009412","Troy Patel","Consumer","London","United Kingdom","2023-10-10"
9413,"CUS009413","Michael Jenkins","Consumer","Leeds","United Kingdom","2023-06-23"
9414,"CUS009414","Joseph Gutierrez","Online Reseller","Cork","Ireland","2022-12-04"
9415,"CUS009415","Denise Jordan","Small Business","Munich","Germany","2022-09-01"
9416,"CUS009416","Michael Garcia","Consumer","Glasgow","United Kingdom","2023-12-16"
9417,"CUS009417","Randall Anderson","Consumer","Dublin","Ireland","2019-02-18"
9418,"CUS009418","Brian Cook","Consumer","London","United Kingdom","2024-12-23"
9419,"CUS009419","Laura Castillo","Consumer","Paris","France","2025-01-23"
9420,"CUS009420","David Palmer","Consumer","Barcelona","Spain","2020-09-11"
9421,"CUS009421","Brian Curry","Consumer","Leeds","United Kingdom","2023-01-13"
9422,"CUS009422","Robert Wood","Consumer","Austin","USA","2024-11-26"
9423,"CUS009423","Brian Collins","Online Reseller","Manchester","United Kingdom","2019-03-09"
9424,"CUS009424","James Jones","Consumer","New York","USA","2024-03-27"
9425,"CUS009425","James Garcia","Corporate","Chicago","USA","2020-04-23"
9426,"CUS009426","Andre Gonzalez","Consumer","Nottingham","United Kingdom","2020-05-01"
9427,"CUS009427","Brandon Lawson","Small Business","Bristol","United Kingdom","2019-12-19"
9428,"CUS009428","Paul Patton","Corporate","Manchester","United Kingdom","2023-11-24"
9429,"CUS009429","Michael Nelson","Consumer","Bristol","United Kingdom","2022-02-02"
9430,"CUS009430","Susan Thompson","Consumer","Bristol","United Kingdom","2019-06-22"
9431,"CUS009431","Wayne James","Consumer","Glasgow","United Kingdom","2025-03-10"
9432,"CUS009432","Tammy Hahn","Corporate","Bristol","United Kingdom","2020-07-18"
9433,"CUS009433","Wendy Porter","Consumer","Leeds","United Kingdom","2025-05-26"
9434,"CUS009434","Derek Johnson","Small Business","Berlin","Germany","2023-04-24"
9435,"CUS009435","Robert Nelson","Consumer","Glasgow","United Kingdom","2021-09-18"
9436,"CUS009436","Diana Morgan","Consumer","Bristol","United Kingdom","2024-09-04"
9437,"CUS009437","Megan French","Small Business","Madrid","Spain","2023-06-01"
9438,"CUS009438","David Smith","Consumer","London","United Kingdom","2024-06-18"
9439,"CUS009439","Kyle Gutierrez","Consumer","London","United Kingdom","2022-08-25"
9440,"CUS009440","Brittany Rowe","Consumer","Austin","USA","2019-06-07"
9441,"CUS009441","Tracy Bennett","Consumer","Dublin","Ireland","2019-09-22"
9442,"CUS009442","Susan Mcdaniel","Small Business","Chicago","USA","2021-01-23"
9443,"CUS009443","Marissa Acosta","Corporate","Bristol","United Kingdom","2025-11-14"
9444,"CUS009444","Natasha Pratt","Consumer","Lyon","France","2021-10-11"
9445,"CUS009445","Joseph Nichols","Small Business","Paris","France","2019-05-23"
9446,"CUS009446","Shelly Dunlap","Corporate","London","United Kingdom","2025-02-25"
9447,"CUS009447","Michael Hayes","Online Reseller","Bristol","United Kingdom","2025-03-03"
9448,"CUS009448","Lauren Green","Consumer","Rotterdam","Netherlands","2020-11-09"
9449,"CUS009449","Lindsey Miller","Consumer","Amsterdam","Netherlands","2025-06-14"
9450,"CUS009450","Susan Johnson","Consumer","Bristol","United Kingdom","2025-05-01"
9451,"CUS009451","Colin Lara","Consumer","Munich","Germany","2024-08-01"
9452,"CUS009452","Savannah Molina","Consumer","Austin","USA","2020-04-18"
9453,"CUS009453","Cynthia Velasquez","Online Reseller","Rotterdam","Netherlands","2025-04-16"
9454,"CUS009454","Kristina Lopez","Consumer","Nottingham","United Kingdom","2025-02-12"
9455,"CUS009455","Kara Ford","Consumer","Birmingham","United Kingdom","2021-01-09"
9456,"CUS009456","Jason Cochran","Consumer","Munich","Germany","2023-04-10"
9457,"CUS009457","Erin Guerrero","Small Business","Manchester","United Kingdom","2023-04-27"
9458,"CUS009458","Michael Torres","Consumer","Barcelona","Spain","2020-04-02"
9459,"CUS009459","Troy Scott","Consumer","Manchester","United Kingdom","2020-03-18"
9460,"CUS009460","Jasmine Johnston","Corporate","Leeds","United Kingdom","2024-01-28"
9461,"CUS009461","Russell Pollard","Small Business","Glasgow","United Kingdom","2025-07-20"
9462,"CUS009462","Karen Dominguez","Small Business","Leeds","United Kingdom","2025-07-21"
9463,"CUS009463","Sarah Anderson","Consumer","Barcelona","Spain","2019-06-02"
9464,"CUS009464","Jonathan Coffey","Corporate","Hamburg","Germany","2024-09-01"
9465,"CUS009465","Walter Newton","Consumer","Munich","Germany","2021-08-06"
9466,"CUS009466","Tara Lin DDS","Small Business","Paris","France","2024-07-24"
9467,"CUS009467","Devin Murray","Consumer","Leeds","United Kingdom","2022-02-11"
9468,"CUS009468","Dominique Potter","Consumer","Glasgow","United Kingdom","2021-10-31"
9469,"CUS009469","Cynthia Craig","Consumer","Leeds","United Kingdom","2021-12-21"
9470,"CUS009470","Michelle Pierce","Consumer","Nottingham","United Kingdom","2023-10-28"
9471,"CUS009471","Jenny Blankenship","Corporate","Manchester","United Kingdom","2024-08-10"
9472,"CUS009472","Katelyn Davis","Corporate","New York","USA","2023-08-24"
9473,"CUS009473","Sarah Brown","Corporate","Chicago","USA","2023-02-20"
9474,"CUS009474","John Church","Corporate","Bristol","United Kingdom","2025-06-06"
9475,"CUS009475","Michael Dean","Small Business","New York","USA","2024-03-11"
9476,"CUS009476","Gail Sullivan","Corporate","Munich","Germany","2024-06-09"
9477,"CUS009477","Oscar Williams","Consumer","New York","USA","2021-02-14"
9478,"CUS009478","Zachary Potts","Consumer","New York","USA","2025-08-30"
9479,"CUS009479","Kristin Davis","Corporate","Manchester","United Kingdom","2022-07-03"
9480,"CUS009480","Donna Garrett","Corporate","Rotterdam","Netherlands","2019-01-10"
9481,"CUS009481","Sarah Mcbride","Consumer","Lyon","France","2020-05-10"
9482,"CUS009482","Gregory Hernandez","Small Business","Manchester","United Kingdom","2022-01-11"
9483,"CUS009483","Robin Weaver DDS","Consumer","London","United Kingdom","2020-05-22"
9484,"CUS009484","Mr. Robert Marquez","Consumer","London","United Kingdom","2022-08-26"
9485,"CUS009485","Mary Berry","Consumer","Leeds","United Kingdom","2021-03-19"
9486,"CUS009486","Mary Williams","Corporate","Leeds","United Kingdom","2019-12-28"
9487,"CUS009487","Stephen Gray","Online Reseller","Manchester","United Kingdom","2023-01-14"
9488,"CUS009488","Tiffany Kennedy","Consumer","Glasgow","United Kingdom","2022-12-11"
9489,"CUS009489","Gloria Castro","Small Business","London","United Kingdom","2023-01-22"
9490,"CUS009490","Monica Brown","Consumer","Chicago","USA","2023-02-15"
9491,"CUS009491","Victoria Harrison","Consumer","Birmingham","United Kingdom","2019-09-10"
9492,"CUS009492","Steve Tyler","Corporate","Cork","Ireland","2024-11-22"
9493,"CUS009493","Timothy Boyle","Consumer","Madrid","Spain","2024-04-12"
9494,"CUS009494","Kenneth Wilson MD","Consumer","Leeds","United Kingdom","2022-06-10"
9495,"CUS009495","Timothy Scott","Consumer","Bristol","United Kingdom","2021-05-17"
9496,"CUS009496","Matthew Faulkner","Corporate","Dublin","Ireland","2021-10-13"
9497,"CUS009497","Dr. Daisy Chang DDS","Consumer","Leeds","United Kingdom","2021-10-10"
9498,"CUS009498","Carrie Saunders","Consumer","Leeds","United Kingdom","2024-01-06"
9499,"CUS009499","Katherine Moyer","Consumer","Barcelona","Spain","2023-11-15"
9500,"CUS009500","Meagan Stark","Small Business","Rotterdam","Netherlands","2024-09-14"
9501,"CUS009501","Pamela Cordova","Small Business","Rotterdam","Netherlands","2025-01-10"
9502,"CUS009502","Jonathan Griffith","Small Business","Barcelona","Spain","2025-07-18"
9503,"CUS009503","Mr. Michael Mata","Consumer","Lyon","France","2025-11-05"
9504,"CUS009504","Aaron Harrison MD","Consumer","Nottingham","United Kingdom","2024-06-25"
9505,"CUS009505","Charles Allen","Consumer","Leeds","United Kingdom","2023-07-10"
9506,"CUS009506","Brandon Miller","Corporate","Manchester","United Kingdom","2025-10-08"
9507,"CUS009507","Patricia Clayton","Small Business","Madrid","Spain","2022-09-15"
9508,"CUS009508","Carla Martin","Consumer","Bristol","United Kingdom","2023-12-04"
9509,"CUS009509","Dr. Antonio Ortiz","Small Business","Paris","France","2019-05-11"
9510,"CUS009510","Nicholas Hernandez","Consumer","Leeds","United Kingdom","2021-04-25"
9511,"CUS009511","Thomas Bridges","Consumer","Rotterdam","Netherlands","2019-03-02"
9512,"CUS009512","Cindy Duncan","Consumer","Manchester","United Kingdom","2021-04-29"
9513,"CUS009513","Julia Ortiz MD","Consumer","Hamburg","Germany","2021-03-28"
9514,"CUS009514","Kendra Hester","Small Business","Manchester","United Kingdom","2020-01-28"
9515,"CUS009515","April Smith","Consumer","Dublin","Ireland","2022-02-19"
9516,"CUS009516","Natasha Smith","Consumer","Berlin","Germany","2023-10-01"
9517,"CUS009517","Linda Riggs","Small Business","Nottingham","United Kingdom","2025-09-11"
9518,"CUS009518","Robert Freeman","Small Business","Birmingham","United Kingdom","2025-11-22"
9519,"CUS009519","Kelsey Hunt","Online Reseller","Lyon","France","2019-10-22"
9520,"CUS009520","Tamara Thornton","Small Business","Manchester","United Kingdom","2021-09-14"
9521,"CUS009521","Robert Carpenter","Small Business","Hamburg","Germany","2023-01-12"
9522,"CUS009522","Jonathan Pittman","Small Business","Cork","Ireland","2022-07-24"
9523,"CUS009523","Amanda Maynard","Consumer","Berlin","Germany","2023-03-27"
9524,"CUS009524","Cynthia Wagner","Consumer","New York","USA","2021-01-21"
9525,"CUS009525","Megan Holt","Consumer","Leeds","United Kingdom","2022-04-01"
9526,"CUS009526","Eric Alexander MD","Consumer","London","United Kingdom","2020-12-16"
9527,"CUS009527","Lisa Bailey","Small Business","Chicago","USA","2024-07-18"
9528,"CUS009528","Rebecca Nunez","Consumer","Hamburg","Germany","2022-10-11"
9529,"CUS009529","Gerald Stewart","Corporate","Glasgow","United Kingdom","2020-08-22"
9530,"CUS009530","John Ward","Online Reseller","Rotterdam","Netherlands","2020-02-11"
9531,"CUS009531","Raymond Hicks","Consumer","Madrid","Spain","2023-08-31"
9532,"CUS009532","Jillian Willis","Consumer","Nottingham","United Kingdom","2019-05-16"
9533,"CUS009533","Mr. Aaron Calhoun Jr.","Consumer","Glasgow","United Kingdom","2025-11-18"
9534,"CUS009534","Phillip Fischer","Small Business","Rotterdam","Netherlands","2019-03-14"
9535,"CUS009535","Jeffrey White","Corporate","Bristol","United Kingdom","2024-11-14"
9536,"CUS009536","Vanessa Brown","Online Reseller","Birmingham","United Kingdom","2024-05-10"
9537,"CUS009537","Patrick Alvarado","Small Business","Paris","France","2023-09-28"
9538,"CUS009538","Haley Benton","Online Reseller","Munich","Germany","2019-07-23"
9539,"CUS009539","Jeremy Allen","Consumer","Madrid","Spain","2020-01-16"
9540,"CUS009540","Michelle Johnson","Small Business","Austin","USA","2020-11-02"
9541,"CUS009541","Nicole Wilkins PhD","Consumer","Nottingham","United Kingdom","2021-07-14"
9542,"CUS009542","James Rogers","Consumer","Dublin","Ireland","2024-02-01"
9543,"CUS009543","Grant Holland","Small Business","Manchester","United Kingdom","2025-06-27"
9544,"CUS009544","James Mendoza","Consumer","Birmingham","United Kingdom","2020-09-27"
9545,"CUS009545","Grant Grant","Consumer","Nottingham","United Kingdom","2023-05-22"
9546,"CUS009546","Mr. Kevin Johnson","Consumer","Glasgow","United Kingdom","2019-01-30"
9547,"CUS009547","Heather Massey","Consumer","Lyon","France","2024-10-04"
9548,"CUS009548","Nathaniel Wang","Consumer","Austin","USA","2024-11-13"
9549,"CUS009549","Christine Taylor","Corporate","Austin","USA","2019-09-16"
9550,"CUS009550","Daniel Scott","Consumer","Leeds","United Kingdom","2020-04-25"
9551,"CUS009551","Tony Terry","Consumer","Amsterdam","Netherlands","2021-04-28"
9552,"CUS009552","Travis Stone","Consumer","Birmingham","United Kingdom","2020-12-16"
9553,"CUS009553","Steven Wall","Consumer","Barcelona","Spain","2020-04-04"
9554,"CUS009554","Kathleen Thompson","Small Business","Bristol","United Kingdom","2021-10-16"
9555,"CUS009555","Kevin Garcia","Consumer","Munich","Germany","2023-02-15"
9556,"CUS009556","Dave Ruiz","Consumer","Bristol","United Kingdom","2025-01-08"
9557,"CUS009557","Melissa Mcclure","Consumer","Manchester","United Kingdom","2022-01-03"
9558,"CUS009558","Michael Collins","Consumer","Dublin","Ireland","2025-06-09"
9559,"CUS009559","Danielle Kemp","Small Business","Manchester","United Kingdom","2021-06-06"
9560,"CUS009560","Jeremy Adams","Small Business","Birmingham","United Kingdom","2021-09-18"
9561,"CUS009561","Stephen Gonzalez","Consumer","Cork","Ireland","2023-02-06"
9562,"CUS009562","Mark Eaton","Small Business","Lyon","France","2022-10-09"
9563,"CUS009563","Kim Richardson","Consumer","Hamburg","Germany","2019-06-08"
9564,"CUS009564","Tracy Anderson","Consumer","Bristol","United Kingdom","2024-03-18"
9565,"CUS009565","Stephanie Garrett","Corporate","Madrid","Spain","2020-04-18"
9566,"CUS009566","John Gonzales","Consumer","London","United Kingdom","2019-11-15"
9567,"CUS009567","Rebecca May","Online Reseller","Chicago","USA","2024-08-11"
9568,"CUS009568","Timothy Byrd","Consumer","London","United Kingdom","2020-03-26"
9569,"CUS009569","Jason Hopkins","Corporate","Chicago","USA","2025-07-06"
9570,"CUS009570","Stephanie Delgado","Consumer","Nottingham","United Kingdom","2019-12-08"
9571,"CUS009571","Jacob Mccarthy","Consumer","Nottingham","United Kingdom","2021-03-29"
9572,"CUS009572","Nicholas Vazquez","Consumer","Madrid","Spain","2019-01-30"
9573,"CUS009573","John Horton","Consumer","Rotterdam","Netherlands","2020-12-14"
9574,"CUS009574","Julie Barnett","Consumer","Chicago","USA","2025-05-11"
9575,"CUS009575","Alvin Clark","Corporate","Leeds","United Kingdom","2020-06-18"
9576,"CUS009576","Rodney Gonzalez","Small Business","Chicago","USA","2021-07-17"
9577,"CUS009577","Tracy Patterson","Consumer","Leeds","United Kingdom","2019-08-03"
9578,"CUS009578","Lisa Baker","Consumer","Madrid","Spain","2019-02-01"
9579,"CUS009579","Kelsey Hawkins","Corporate","Nottingham","United Kingdom","2020-05-10"
9580,"CUS009580","Laura Walker","Consumer","Hamburg","Germany","2024-03-20"
9581,"CUS009581","Thomas Harrison","Consumer","Barcelona","Spain","2020-03-27"
9582,"CUS009582","Megan Huffman","Corporate","Hamburg","Germany","2019-04-29"
9583,"CUS009583","Angela Watson","Small Business","Hamburg","Germany","2019-02-17"
9584,"CUS009584","Brandon Hicks","Small Business","Glasgow","United Kingdom","2022-09-24"
9585,"CUS009585","Samantha Fisher","Small Business","Leeds","United Kingdom","2021-08-11"
9586,"CUS009586","Jack Miller","Small Business","Paris","France","2021-07-14"
9587,"CUS009587","Amanda Rivera","Consumer","Manchester","United Kingdom","2023-11-06"
9588,"CUS009588","Jeffrey Buck","Consumer","London","United Kingdom","2021-09-09"
9589,"CUS009589","Jennifer Lambert","Consumer","Paris","France","2021-01-30"
9590,"CUS009590","Matthew Walker","Small Business","Austin","USA","2023-03-22"
9591,"CUS009591","Jason Davis","Consumer","Dublin","Ireland","2023-08-24"
9592,"CUS009592","Keith Gregory","Consumer","Leeds","United Kingdom","2022-04-22"
9593,"CUS009593","Charles Silva","Consumer","Berlin","Germany","2023-12-31"
9594,"CUS009594","Ann Cross","Consumer","Manchester","United Kingdom","2022-05-17"
9595,"CUS009595","George Collins","Consumer","Munich","Germany","2024-08-03"
9596,"CUS009596","Jane Hernandez","Consumer","London","United Kingdom","2024-07-24"
9597,"CUS009597","Keith Morales","Corporate","Rotterdam","Netherlands","2022-11-25"
9598,"CUS009598","Jessica Harris","Consumer","Nottingham","United Kingdom","2024-03-17"
9599,"CUS009599","Jennifer Carlson","Consumer","Madrid","Spain","2025-03-18"
9600,"CUS009600","George Carlson","Consumer","Amsterdam","Netherlands","2020-03-09"
9601,"CUS009601","Justin Bailey","Consumer","Nottingham","United Kingdom","2021-11-23"
9602,"CUS009602","Donna Cox","Consumer","Manchester","United Kingdom","2022-04-14"
9603,"CUS009603","Marissa Gonzalez","Online Reseller","Lyon","France","2022-06-04"
9604,"CUS009604","Jose Robinson","Consumer","Barcelona","Spain","2021-04-15"
9605,"CUS009605","Oscar Davis","Consumer","Bristol","United Kingdom","2021-12-16"
9606,"CUS009606","Nancy Duffy","Corporate","Nottingham","United Kingdom","2023-07-06"
9607,"CUS009607","Jamie Bennett","Small Business","Munich","Germany","2022-07-24"
9608,"CUS009608","Valerie Bell","Consumer","Lyon","France","2019-01-21"
9609,"CUS009609","Robert Harris","Small Business","Nottingham","United Kingdom","2020-01-07"
9610,"CUS009610","Charlene Valentine","Small Business","Barcelona","Spain","2020-01-01"
9611,"CUS009611","Thomas Hayes","Consumer","Cork","Ireland","2019-05-31"
9612,"CUS009612","Linda Jones","Consumer","Bristol","United Kingdom","2021-05-23"
9613,"CUS009613","Abigail Davis","Corporate","Berlin","Germany","2024-11-09"
9614,"CUS009614","Larry Turner","Consumer","Paris","France","2019-05-02"
9615,"CUS009615","Jennifer Cordova","Consumer","Barcelona","Spain","2023-04-09"
9616,"CUS009616","Jeremy Cherry","Consumer","Glasgow","United Kingdom","2019-02-20"
9617,"CUS009617","Jennifer Torres","Consumer","Birmingham","United Kingdom","2022-07-23"
9618,"CUS009618","Patricia Grant","Small Business","London","United Kingdom","2019-08-23"
9619,"CUS009619","Melissa Beck","Corporate","Lyon","France","2020-08-31"
9620,"CUS009620","Lisa Mccoy","Consumer","Amsterdam","Netherlands","2022-02-21"
9621,"CUS009621","John Jordan","Corporate","Glasgow","United Kingdom","2022-05-25"
9622,"CUS009622","Robert Lambert","Small Business","Madrid","Spain","2021-11-04"
9623,"CUS009623","Kathleen Sellers","Consumer","Rotterdam","Netherlands","2022-04-09"
9624,"CUS009624","Todd Mann","Consumer","Lyon","France","2024-12-03"
9625,"CUS009625","Margaret Hansen","Online Reseller","London","United Kingdom","2019-09-13"
9626,"CUS009626","Gregory Henry","Consumer","Lyon","France","2019-10-28"
9627,"CUS009627","Dillon Graham","Small Business","Chicago","USA","2021-12-07"
9628,"CUS009628","Elizabeth Sloan","Consumer","London","United Kingdom","2025-09-13"
9629,"CUS009629","Melissa Schmitt","Corporate","New York","USA","2022-10-16"
9630,"CUS009630","Patricia Khan","Consumer","Berlin","Germany","2023-09-27"
9631,"CUS009631","Rachel Duffy","Consumer","London","United Kingdom","2024-07-21"
9632,"CUS009632","Jonathan Armstrong","Consumer","Manchester","United Kingdom","2021-08-14"
9633,"CUS009633","Jasmine Cooper","Small Business","Leeds","United Kingdom","2022-01-12"
9634,"CUS009634","Ms. Jessica Lindsey","Consumer","Munich","Germany","2019-05-19"
9635,"CUS009635","Jerry Davis","Small Business","Austin","USA","2020-02-28"
9636,"CUS009636","Nicole Shaw","Consumer","London","United Kingdom","2020-03-02"
9637,"CUS009637","Denise Ochoa","Corporate","Barcelona","Spain","2021-09-18"
9638,"CUS009638","Larry Powell","Online Reseller","Paris","France","2025-02-03"
9639,"CUS009639","Daniel Williams","Consumer","Hamburg","Germany","2024-06-03"
9640,"CUS009640","Frank Hernandez","Small Business","Hamburg","Germany","2022-08-08"
9641,"CUS009641","Scott Newman","Consumer","Cork","Ireland","2025-04-02"
9642,"CUS009642","Jean Long","Consumer","Austin","USA","2019-02-26"
9643,"CUS009643","Margaret Baker","Corporate","Bristol","United Kingdom","2022-02-13"
9644,"CUS009644","Raymond Hall","Consumer","Lyon","France","2024-08-03"
9645,"CUS009645","Jared Rivera","Corporate","Manchester","United Kingdom","2023-03-01"
9646,"CUS009646","Chelsea Garcia MD","Consumer","Barcelona","Spain","2025-10-05"
9647,"CUS009647","David Hayes","Corporate","Dublin","Ireland","2024-08-18"
9648,"CUS009648","Joshua Clark","Small Business","New York","USA","2023-01-26"
9649,"CUS009649","Jennifer Roberts","Corporate","Amsterdam","Netherlands","2024-06-04"
9650,"CUS009650","Tanner Matthews","Consumer","Chicago","USA","2019-01-17"
9651,"CUS009651","John Green","Consumer","New York","USA","2019-12-05"
9652,"CUS009652","Jeffrey Sloan","Consumer","Madrid","Spain","2023-06-18"
9653,"CUS009653","Patrick Miller","Consumer","Hamburg","Germany","2019-03-15"
9654,"CUS009654","Christopher Burnett","Consumer","Chicago","USA","2019-03-29"
9655,"CUS009655","Paul Acosta","Corporate","Glasgow","United Kingdom","2022-12-22"
9656,"CUS009656","Jennifer Edwards","Consumer","Manchester","United Kingdom","2025-05-25"
9657,"CUS009657","Richard Mckinney","Consumer","Nottingham","United Kingdom","2024-01-05"
9658,"CUS009658","Mia Little","Consumer","Chicago","USA","2019-07-23"
9659,"CUS009659","Amanda French","Corporate","London","United Kingdom","2025-10-19"
9660,"CUS009660","Erik Guzman","Consumer","Berlin","Germany","2023-10-11"
9661,"CUS009661","Jake Bruce","Consumer","Madrid","Spain","2022-11-19"
9662,"CUS009662","Mike Morales","Small Business","Amsterdam","Netherlands","2023-04-11"
9663,"CUS009663","Danny Edwards","Consumer","Leeds","United Kingdom","2025-11-09"
9664,"CUS009664","Pamela Johnson","Online Reseller","Birmingham","United Kingdom","2019-08-09"
9665,"CUS009665","Rachel Olson","Consumer","Glasgow","United Kingdom","2020-05-17"
9666,"CUS009666","Alexandra Frey","Small Business","Bristol","United Kingdom","2024-02-29"
9667,"CUS009667","Andrea Foley","Corporate","Barcelona","Spain","2025-03-20"
9668,"CUS009668","Savannah Davis","Small Business","Glasgow","United Kingdom","2021-05-08"
9669,"CUS009669","Susan Hansen","Consumer","Nottingham","United Kingdom","2023-05-18"
9670,"CUS009670","Thomas Stokes","Consumer","Dublin","Ireland","2021-05-27"
9671,"CUS009671","Lisa Townsend","Online Reseller","Cork","Ireland","2023-10-23"
9672,"CUS009672","Thomas Garrett","Corporate","London","United Kingdom","2020-04-20"
9673,"CUS009673","Amanda Kelly","Consumer","Barcelona","Spain","2022-02-17"
9674,"CUS009674","Brandon Hess","Corporate","Chicago","USA","2024-07-18"
9675,"CUS009675","Courtney Mcfarland","Consumer","London","United Kingdom","2024-07-07"
9676,"CUS009676","Jeffrey Shaw","Small Business","Leeds","United Kingdom","2021-01-06"
9677,"CUS009677","Katherine Webb","Corporate","Madrid","Spain","2022-06-21"
9678,"CUS009678","Maria Bishop","Corporate","New York","USA","2021-01-28"
9679,"CUS009679","Samuel Mann","Consumer","Birmingham","United Kingdom","2024-05-24"
9680,"CUS009680","Theresa Atkinson","Corporate","Manchester","United Kingdom","2024-02-09"
9681,"CUS009681","Tiffany Abbott","Corporate","Bristol","United Kingdom","2020-08-10"
9682,"CUS009682","Alicia Hull DDS","Corporate","Glasgow","United Kingdom","2025-05-09"
9683,"CUS009683","Angela Estes","Small Business","Glasgow","United Kingdom","2021-07-15"
9684,"CUS009684","Robert Jones","Small Business","Madrid","Spain","2025-06-11"
9685,"CUS009685","Kenneth Martin","Small Business","Bristol","United Kingdom","2025-02-20"
9686,"CUS009686","Justin Mcmahon","Consumer","Dublin","Ireland","2021-01-16"
9687,"CUS009687","Deborah Wade","Corporate","Cork","Ireland","2024-02-02"
9688,"CUS009688","Samantha Woods","Corporate","Birmingham","United Kingdom","2020-02-12"
9689,"CUS009689","Taylor Ruiz","Small Business","Bristol","United Kingdom","2019-10-20"
9690,"CUS009690","Justin Cruz","Consumer","London","United Kingdom","2022-08-06"
9691,"CUS009691","Dawn Smith","Small Business","Bristol","United Kingdom","2019-10-29"
9692,"CUS009692","Barry Hull","Consumer","London","United Kingdom","2019-05-01"
9693,"CUS009693","Catherine Perry","Consumer","Dublin","Ireland","2019-07-01"
9694,"CUS009694","Bonnie Johnson","Consumer","Manchester","United Kingdom","2025-06-20"
9695,"CUS009695","Anthony Price","Small Business","Birmingham","United Kingdom","2022-03-27"
9696,"CUS009696","Jacqueline Jones MD","Consumer","New York","USA","2020-07-25"
9697,"CUS009697","Carol Wilson","Consumer","New York","USA","2020-11-27"
9698,"CUS009698","Ronald Brown","Small Business","Barcelona","Spain","2024-11-15"
9699,"CUS009699","Bryan Blair","Small Business","Austin","USA","2024-04-27"
9700,"CUS009700","Michelle Chan","Small Business","Glasgow","United Kingdom","2025-06-15"
9701,"CUS009701","Lisa Franklin","Small Business","Birmingham","United Kingdom","2020-03-05"
9702,"CUS009702","Anthony Nguyen","Online Reseller","Nottingham","United Kingdom","2022-12-17"
9703,"CUS009703","Nichole Mack","Online Reseller","Munich","Germany","2021-04-20"
9704,"CUS009704","Suzanne Brown","Consumer","Dublin","Ireland","2020-04-02"
9705,"CUS009705","Connie Gibbs","Corporate","Bristol","United Kingdom","2020-07-29"
9706,"CUS009706","Gina Jordan","Consumer","Nottingham","United Kingdom","2025-09-07"
9707,"CUS009707","Kathy Jacobs","Consumer","Nottingham","United Kingdom","2021-08-07"
9708,"CUS009708","Ashley Smith","Small Business","Leeds","United Kingdom","2022-05-20"
9709,"CUS009709","Jasmine Rodriguez","Consumer","Birmingham","United Kingdom","2021-10-06"
9710,"CUS009710","Shannon Williams","Consumer","Berlin","Germany","2022-02-13"
9711,"CUS009711","Andre Martin","Small Business","Barcelona","Spain","2021-08-05"
9712,"CUS009712","Paul Kirby","Consumer","Berlin","Germany","2021-05-05"
9713,"CUS009713","Abigail Martinez","Consumer","Bristol","United Kingdom","2021-12-27"
9714,"CUS009714","Patty Pugh","Small Business","Manchester","United Kingdom","2022-07-06"
9715,"CUS009715","Patricia King","Small Business","Leeds","United Kingdom","2019-03-04"
9716,"CUS009716","Renee Larsen","Small Business","London","United Kingdom","2022-08-11"
9717,"CUS009717","Meredith Holt","Small Business","Paris","France","2021-12-16"
9718,"CUS009718","Mr. Andrew Schroeder PhD","Corporate","Berlin","Germany","2024-09-24"
9719,"CUS009719","Justin Baker","Small Business","Birmingham","United Kingdom","2025-05-01"
9720,"CUS009720","Heather Wilkins","Consumer","Paris","France","2022-08-11"
9721,"CUS009721","Michael Atkinson","Corporate","London","United Kingdom","2024-12-31"
9722,"CUS009722","Terry Mason","Corporate","Leeds","United Kingdom","2025-03-16"
9723,"CUS009723","Carlos Duffy","Consumer","Chicago","USA","2022-12-21"
9724,"CUS009724","James Wheeler","Online Reseller","Nottingham","United Kingdom","2023-10-12"
9725,"CUS009725","Luke Payne","Consumer","New York","USA","2021-08-19"
9726,"CUS009726","Laura Williams","Consumer","Nottingham","United Kingdom","2019-03-08"
9727,"CUS009727","Lee Hill","Corporate","Leeds","United Kingdom","2024-07-14"
9728,"CUS009728","Maurice Barrett","Corporate","Bristol","United Kingdom","2021-05-23"
9729,"CUS009729","Ian Spears","Consumer","New York","USA","2025-06-05"
9730,"CUS009730","Jessica Jordan MD","Corporate","New York","USA","2020-01-18"
9731,"CUS009731","Philip Ferguson","Consumer","Barcelona","Spain","2021-06-21"
9732,"CUS009732","Paul Jacobs","Consumer","London","United Kingdom","2020-04-12"
9733,"CUS009733","Renee Lee","Corporate","Rotterdam","Netherlands","2021-08-01"
9734,"CUS009734","Todd Coffey","Online Reseller","Dublin","Ireland","2019-02-04"
9735,"CUS009735","Joseph Mccoy Jr.","Consumer","New York","USA","2021-05-15"
9736,"CUS009736","Megan Bennett DDS","Small Business","Nottingham","United Kingdom","2025-07-06"
9737,"CUS009737","Alexis Church","Small Business","Nottingham","United Kingdom","2022-03-20"
9738,"CUS009738","Jasmine Franklin","Consumer","Barcelona","Spain","2019-07-04"
9739,"CUS009739","James Martinez","Consumer","Dublin","Ireland","2022-01-12"
9740,"CUS009740","Chad Ball","Consumer","Bristol","United Kingdom","2022-05-07"
9741,"CUS009741","Adam Lopez","Online Reseller","Manchester","United Kingdom","2021-09-25"
9742,"CUS009742","Bethany Morton","Small Business","Glasgow","United Kingdom","2019-09-06"
9743,"CUS009743","Joshua Lowery","Small Business","Chicago","USA","2025-06-15"
9744,"CUS009744","Miss Karen Williams MD","Consumer","Paris","France","2021-06-15"
9745,"CUS009745","Ryan Reese","Corporate","Leeds","United Kingdom","2020-05-05"
9746,"CUS009746","Elizabeth Moore","Consumer","Glasgow","United Kingdom","2020-10-12"
9747,"CUS009747","Samantha Crawford","Corporate","Madrid","Spain","2024-05-06"
9748,"CUS009748","Brandon Pace","Online Reseller","Hamburg","Germany","2019-04-03"
9749,"CUS009749","Donald Woodward","Corporate","Rotterdam","Netherlands","2022-08-07"
9750,"CUS009750","Glenn Newton","Consumer","Birmingham","United Kingdom","2025-10-11"
9751,"CUS009751","April Morris","Consumer","Chicago","USA","2021-12-13"
9752,"CUS009752","Sara Parker","Consumer","Leeds","United Kingdom","2024-01-04"
9753,"CUS009753","Arthur White","Small Business","Madrid","Spain","2024-01-06"
9754,"CUS009754","Samuel Morgan","Consumer","London","United Kingdom","2022-07-12"
9755,"CUS009755","Mark Odonnell","Consumer","Bristol","United Kingdom","2019-12-14"
9756,"CUS009756","Erin Saunders","Small Business","Barcelona","Spain","2022-08-27"
9757,"CUS009757","Bryan Nelson","Online Reseller","Glasgow","United Kingdom","2019-02-09"
9758,"CUS009758","Alice Salazar","Consumer","Berlin","Germany","2023-06-01"
9759,"CUS009759","Crystal Beck","Corporate","Lyon","France","2025-09-10"
9760,"CUS009760","Cameron Robbins","Small Business","Paris","France","2019-04-09"
9761,"CUS009761","Larry Ware","Small Business","Manchester","United Kingdom","2019-11-18"
9762,"CUS009762","Lauren Hendricks","Consumer","Nottingham","United Kingdom","2025-01-16"
9763,"CUS009763","Courtney Rodriguez","Consumer","Bristol","United Kingdom","2025-05-27"
9764,"CUS009764","Susan Davidson","Small Business","Manchester","United Kingdom","2022-01-18"
9765,"CUS009765","Scott Aguirre","Consumer","Barcelona","Spain","2021-11-20"
9766,"CUS009766","Rachel Hunt","Consumer","Nottingham","United Kingdom","2022-04-18"
9767,"CUS009767","Terry Hodge","Corporate","Manchester","United Kingdom","2021-11-09"
9768,"CUS009768","Madison Liu","Corporate","Rotterdam","Netherlands","2023-04-27"
9769,"CUS009769","Dr. Chris Russo","Consumer","Dublin","Ireland","2025-01-02"
9770,"CUS009770","Charles Reilly","Consumer","Chicago","USA","2023-07-23"
9771,"CUS009771","Joseph Perez","Corporate","Birmingham","United Kingdom","2020-08-04"
9772,"CUS009772","Marcus Knight","Consumer","Rotterdam","Netherlands","2022-07-19"
9773,"CUS009773","Nichole Miller","Consumer","Nottingham","United Kingdom","2021-02-27"
9774,"CUS009774","Alan Williams","Consumer","Hamburg","Germany","2022-09-19"
9775,"CUS009775","Janet Hensley","Online Reseller","New York","USA","2020-04-04"
9776,"CUS009776","Jason Holder","Small Business","Nottingham","United Kingdom","2023-04-23"
9777,"CUS009777","Lisa Trujillo","Corporate","Bristol","United Kingdom","2019-09-03"
9778,"CUS009778","Meghan Ward","Consumer","Berlin","Germany","2022-09-13"
9779,"CUS009779","William Parsons","Consumer","Munich","Germany","2022-10-17"
9780,"CUS009780","Sharon Butler","Small Business","Barcelona","Spain","2019-10-17"
9781,"CUS009781","Elizabeth Mills","Consumer","Chicago","USA","2023-11-08"
9782,"CUS009782","Christie Todd","Online Reseller","Lyon","France","2024-06-06"
9783,"CUS009783","Mark Edwards V","Small Business","Rotterdam","Netherlands","2020-02-20"
9784,"CUS009784","Mark Harris","Online Reseller","Hamburg","Germany","2021-07-25"
9785,"CUS009785","Steven Cordova","Corporate","New York","USA","2020-05-13"
9786,"CUS009786","Nicole Spencer","Consumer","Munich","Germany","2020-10-26"
9787,"CUS009787","William King","Consumer","Leeds","United Kingdom","2024-09-19"
9788,"CUS009788","Julian Rose","Consumer","Manchester","United Kingdom","2025-08-28"
9789,"CUS009789","Kaitlyn Smith","Small Business","Manchester","United Kingdom","2024-08-30"
9790,"CUS009790","James Graham","Consumer","Berlin","Germany","2022-06-16"
9791,"CUS009791","Michelle Patel","Consumer","Bristol","United Kingdom","2021-01-28"
9792,"CUS009792","Tracy Evans","Small Business","Dublin","Ireland","2021-09-18"
9793,"CUS009793","Samantha Griffin","Consumer","Amsterdam","Netherlands","2022-02-16"
9794,"CUS009794","Beverly Garrett","Corporate","Austin","USA","2020-10-05"
9795,"CUS009795","Benjamin Wilkinson","Corporate","Chicago","USA","2022-08-22"
9796,"CUS009796","Thomas Peters","Corporate","Madrid","Spain","2021-12-26"
9797,"CUS009797","Ashley Waters","Online Reseller","Barcelona","Spain","2025-06-14"
9798,"CUS009798","Jennifer Davis","Small Business","Madrid","Spain","2025-06-10"
9799,"CUS009799","Karen Phillips","Consumer","Lyon","France","2025-02-07"
9800,"CUS009800","Angela Tyler","Consumer","Leeds","United Kingdom","2025-07-03"
9801,"CUS009801","Aaron Fuentes","Consumer","Bristol","United Kingdom","2024-08-22"
9802,"CUS009802","James Ramirez","Corporate","Dublin","Ireland","2024-05-06"
9803,"CUS009803","Charles Kramer","Consumer","Chicago","USA","2024-05-09"
9804,"CUS009804","Tara Gomez","Small Business","Manchester","United Kingdom","2024-04-09"
9805,"CUS009805","Devin Harris","Consumer","Barcelona","Spain","2022-08-10"
9806,"CUS009806","Robert Horn","Consumer","Glasgow","United Kingdom","2020-04-01"
9807,"CUS009807","Bryan York","Consumer","Hamburg","Germany","2023-10-01"
9808,"CUS009808","Robert Eaton","Corporate","Birmingham","United Kingdom","2022-06-09"
9809,"CUS009809","Tasha Martin","Consumer","Glasgow","United Kingdom","2023-10-08"
9810,"CUS009810","Luis Johnson","Small Business","Lyon","France","2025-11-06"
9811,"CUS009811","Angel Harris","Corporate","Nottingham","United Kingdom","2023-02-03"
9812,"CUS009812","Courtney Turner","Consumer","Glasgow","United Kingdom","2022-11-03"
9813,"CUS009813","Helen Dawson","Corporate","Hamburg","Germany","2020-04-08"
9814,"CUS009814","Robin Love","Corporate","Glasgow","United Kingdom","2019-03-05"
9815,"CUS009815","Morgan Mills","Consumer","Munich","Germany","2024-01-07"
9816,"CUS009816","Timothy Hunt","Consumer","Nottingham","United Kingdom","2023-03-16"
9817,"CUS009817","Michael Arias","Corporate","Rotterdam","Netherlands","2021-05-20"
9818,"CUS009818","Ashley Armstrong","Corporate","Austin","USA","2023-08-30"
9819,"CUS009819","Lawrence Robinson","Small Business","Cork","Ireland","2023-12-30"
9820,"CUS009820","Thomas Robertson","Small Business","Cork","Ireland","2020-03-30"
9821,"CUS009821","Dylan Dillon DVM","Small Business","Manchester","United Kingdom","2024-04-01"
9822,"CUS009822","Bruce Jackson","Consumer","Madrid","Spain","2023-02-04"
9823,"CUS009823","Lance Baker","Corporate","Madrid","Spain","2023-01-14"
9824,"CUS009824","Shawn Smith","Consumer","Manchester","United Kingdom","2022-03-01"
9825,"CUS009825","Michael Hooper","Small Business","Glasgow","United Kingdom","2025-01-13"
9826,"CUS009826","Sherry Humphrey","Consumer","Glasgow","United Kingdom","2023-02-25"
9827,"CUS009827","Rebecca Peters","Consumer","Bristol","United Kingdom","2021-11-24"
9828,"CUS009828","John Garrison","Online Reseller","Barcelona","Spain","2025-03-01"
9829,"CUS009829","Jimmy Walker","Corporate","Manchester","United Kingdom","2024-04-23"
9830,"CUS009830","Scott Hendrix","Online Reseller","Glasgow","United Kingdom","2023-08-07"
9831,"CUS009831","Adam Chambers","Consumer","Glasgow","United Kingdom","2022-01-17"
9832,"CUS009832","Victor Taylor","Corporate","Madrid","Spain","2022-09-29"
9833,"CUS009833","Krista Moore","Small Business","Birmingham","United Kingdom","2021-06-02"
9834,"CUS009834","Catherine Mcdaniel","Consumer","Austin","USA","2024-04-10"
9835,"CUS009835","Barbara Calderon","Consumer","Barcelona","Spain","2020-08-08"
9836,"CUS009836","Scott Perry","Corporate","Cork","Ireland","2025-03-28"
9837,"CUS009837","Carmen Peters","Small Business","Cork","Ireland","2020-10-07"
9838,"CUS009838","Jeremiah Simmons","Online Reseller","Austin","USA","2023-07-10"
9839,"CUS009839","Cindy Harris","Small Business","Leeds","United Kingdom","2025-11-04"
9840,"CUS009840","Susan Bowen","Consumer","Hamburg","Germany","2024-03-18"
9841,"CUS009841","Kevin Roberson","Consumer","Manchester","United Kingdom","2020-12-07"
9842,"CUS009842","Mary Johnson","Consumer","Lyon","France","2023-01-16"
9843,"CUS009843","Matthew Sanders","Corporate","Leeds","United Kingdom","2023-06-19"
9844,"CUS009844","Kimberly Hinton","Consumer","Chicago","USA","2024-05-12"
9845,"CUS009845","Dale Valdez","Corporate","Cork","Ireland","2021-11-14"
9846,"CUS009846","Zachary Meyer","Consumer","Leeds","United Kingdom","2022-03-25"
9847,"CUS009847","Laura Key","Corporate","Berlin","Germany","2023-05-15"
9848,"CUS009848","Vincent Barrett","Consumer","Bristol","United Kingdom","2022-09-28"
9849,"CUS009849","Dr. Heather Moore","Corporate","Glasgow","United Kingdom","2020-12-12"
9850,"CUS009850","Bryan Salas","Consumer","London","United Kingdom","2020-02-10"
9851,"CUS009851","Julie Fleming","Consumer","Nottingham","United Kingdom","2025-11-16"
9852,"CUS009852","Michael Parker","Consumer","Dublin","Ireland","2024-09-18"
9853,"CUS009853","Teresa Mccormick","Consumer","Nottingham","United Kingdom","2019-07-08"
9854,"CUS009854","Travis Davis","Consumer","Nottingham","United Kingdom","2022-06-15"
9855,"CUS009855","Molly Riley","Consumer","Austin","USA","2021-05-04"
9856,"CUS009856","Nancy Wilkins","Consumer","Barcelona","Spain","2020-12-29"
9857,"CUS009857","Michelle Armstrong","Corporate","Rotterdam","Netherlands","2020-12-20"
9858,"CUS009858","Benjamin Wright","Corporate","Chicago","USA","2020-02-05"
9859,"CUS009859","Christina Garcia","Corporate","Berlin","Germany","2025-06-22"
9860,"CUS009860","Jennifer Browning","Consumer","Paris","France","2020-12-15"
9861,"CUS009861","Kenneth Thompson","Consumer","Munich","Germany","2021-12-12"
9862,"CUS009862","Jeffrey Vasquez","Online Reseller","Nottingham","United Kingdom","2025-01-30"
9863,"CUS009863","Keith Ward MD","Online Reseller","Leeds","United Kingdom","2020-01-22"
9864,"CUS009864","Roy Parker","Corporate","Manchester","United Kingdom","2020-01-28"
9865,"CUS009865","Dr. Benjamin Reed","Consumer","Madrid","Spain","2021-02-11"
9866,"CUS009866","Whitney Johnson","Small Business","Austin","USA","2019-09-01"
9867,"CUS009867","Kimberly Evans","Online Reseller","Barcelona","Spain","2023-11-08"
9868,"CUS009868","John Anderson","Consumer","Lyon","France","2025-06-08"
9869,"CUS009869","Lawrence Frazier","Small Business","Barcelona","Spain","2025-04-03"
9870,"CUS009870","Jared Cox Jr.","Consumer","Lyon","France","2022-03-21"
9871,"CUS009871","Bradley Lynch","Consumer","Rotterdam","Netherlands","2024-04-25"
9872,"CUS009872","Joseph Smith","Consumer","New York","USA","2025-03-02"
9873,"CUS009873","Paul Gutierrez","Consumer","Munich","Germany","2021-09-24"
9874,"CUS009874","Luke Chang","Consumer","Bristol","United Kingdom","2024-01-12"
9875,"CUS009875","Kevin Smith","Corporate","Dublin","Ireland","2019-11-21"
9876,"CUS009876","Nicholas Sampson","Small Business","Madrid","Spain","2023-07-01"
9877,"CUS009877","Timothy Waters","Online Reseller","Nottingham","United Kingdom","2022-09-13"
9878,"CUS009878","Danielle Stevens","Consumer","London","United Kingdom","2025-10-19"
9879,"CUS009879","Emily Fuller","Small Business","Glasgow","United Kingdom","2022-06-04"
9880,"CUS009880","Lindsey Sosa","Corporate","Paris","France","2020-08-11"
9881,"CUS009881","Taylor Walker","Corporate","Birmingham","United Kingdom","2024-06-19"
9882,"CUS009882","Alyssa Gibson","Corporate","Berlin","Germany","2024-11-26"
9883,"CUS009883","Jane Estrada","Small Business","Munich","Germany","2019-11-21"
9884,"CUS009884","Christopher Johnson","Online Reseller","Austin","USA","2023-12-18"
9885,"CUS009885","Bailey Owen","Consumer","Leeds","United Kingdom","2024-08-01"
9886,"CUS009886","Judith Reynolds","Small Business","Chicago","USA","2019-12-08"
9887,"CUS009887","Christopher Cox","Consumer","Nottingham","United Kingdom","2020-11-08"
9888,"CUS009888","Latoya Gonzales","Online Reseller","Hamburg","Germany","2023-04-10"
9889,"CUS009889","Derek Cox","Corporate","Glasgow","United Kingdom","2020-02-15"
9890,"CUS009890","Mrs. Sarah Brewer","Consumer","Chicago","USA","2024-10-05"
9891,"CUS009891","Michael Williamson","Consumer","Nottingham","United Kingdom","2021-12-16"
9892,"CUS009892","Shawn Owens","Consumer","Nottingham","United Kingdom","2020-02-23"
9893,"CUS009893","Michael Parker","Corporate","Berlin","Germany","2022-02-20"
9894,"CUS009894","Sandra Owens","Consumer","Bristol","United Kingdom","2019-08-19"
9895,"CUS009895","Mr. Clayton Copeland MD","Consumer","Madrid","Spain","2023-11-29"
9896,"CUS009896","Laurie Romero","Consumer","Dublin","Ireland","2023-06-09"
9897,"CUS009897","Juan Herrera","Consumer","Manchester","United Kingdom","2019-11-20"
9898,"CUS009898","Krista Webster","Consumer","Munich","Germany","2019-09-16"
9899,"CUS009899","Peter Cooper","Small Business","Paris","France","2022-08-17"
9900,"CUS009900","Christina Reed","Consumer","Cork","Ireland","2021-07-11"
9901,"CUS009901","Walter Atkins","Small Business","Madrid","Spain","2024-05-08"
9902,"CUS009902","Sandra Carter","Corporate","Nottingham","United Kingdom","2019-09-26"
9903,"CUS009903","Michael Lee","Consumer","Barcelona","Spain","2021-02-19"
9904,"CUS009904","Denise Stephenson","Consumer","Leeds","United Kingdom","2019-04-24"
9905,"CUS009905","James Hernandez","Consumer","New York","USA","2020-02-29"
9906,"CUS009906","Johnathan Coleman","Consumer","Lyon","France","2021-05-22"
9907,"CUS009907","Shelly Wheeler","Consumer","Birmingham","United Kingdom","2019-07-01"
9908,"CUS009908","Rebecca Moss","Consumer","Glasgow","United Kingdom","2022-03-31"
9909,"CUS009909","Mary Hughes","Consumer","Munich","Germany","2025-03-09"
9910,"CUS009910","Sabrina Schultz","Small Business","Berlin","Germany","2020-10-14"
9911,"CUS009911","Natasha Bailey","Consumer","Barcelona","Spain","2019-01-01"
9912,"CUS009912","Rhonda Allen","Consumer","London","United Kingdom","2022-10-02"
9913,"CUS009913","Susan Boyer","Corporate","Bristol","United Kingdom","2023-07-09"
9914,"CUS009914","Michelle Anderson","Consumer","Bristol","United Kingdom","2019-12-15"
9915,"CUS009915","Jacob Ramos","Consumer","Barcelona","Spain","2025-01-31"
9916,"CUS009916","Matthew Hansen","Small Business","Chicago","USA","2019-12-08"
9917,"CUS009917","Ronald Warren","Corporate","Birmingham","United Kingdom","2019-05-07"
9918,"CUS009918","Shawn May","Online Reseller","Madrid","Spain","2022-10-20"
9919,"CUS009919","Shawn Young","Corporate","Manchester","United Kingdom","2019-10-14"
9920,"CUS009920","Hannah Spencer","Corporate","Lyon","France","2023-07-23"
9921,"CUS009921","Patricia Olson","Consumer","London","United Kingdom","2025-09-25"
9922,"CUS009922","David Robinson","Small Business","Austin","USA","2024-07-18"
9923,"CUS009923","Jacqueline Powell","Consumer","Barcelona","Spain","2022-09-02"
9924,"CUS009924","Nathan Martinez","Small Business","Birmingham","United Kingdom","2022-09-23"
9925,"CUS009925","James Cherry","Consumer","Manchester","United Kingdom","2019-02-03"
9926,"CUS009926","Melissa Hill","Consumer","Amsterdam","Netherlands","2023-06-30"
9927,"CUS009927","Karen Ellis","Consumer","Amsterdam","Netherlands","2021-12-15"
9928,"CUS009928","Robert Hill","Small Business","Lyon","France","2024-07-08"
9929,"CUS009929","Nathan Hughes","Small Business","Manchester","United Kingdom","2024-10-23"
9930,"CUS009930","William Scott","Consumer","Glasgow","United Kingdom","2020-04-19"
9931,"CUS009931","Brian Pham","Small Business","Birmingham","United Kingdom","2020-02-02"
9932,"CUS009932","Jennifer Black","Online Reseller","Manchester","United Kingdom","2019-03-28"
9933,"CUS009933","Jodi Perkins","Corporate","Barcelona","Spain","2022-09-14"
9934,"CUS009934","Steven Middleton","Consumer","Leeds","United Kingdom","2020-11-28"
9935,"CUS009935","Matthew Adams","Consumer","Bristol","United Kingdom","2022-08-28"
9936,"CUS009936","Dr. Stephanie Shields","Consumer","Rotterdam","Netherlands","2022-04-01"
9937,"CUS009937","Danielle Rosales","Small Business","Manchester","United Kingdom","2022-02-16"
9938,"CUS009938","Stephanie Gonzalez","Online Reseller","Austin","USA","2021-12-03"
9939,"CUS009939","Lisa Baker","Consumer","Austin","USA","2019-03-18"
9940,"CUS009940","Charles Brown","Corporate","Berlin","Germany","2019-06-28"
9941,"CUS009941","Laura Meyers","Consumer","Glasgow","United Kingdom","2023-12-01"
9942,"CUS009942","Shawn Smith","Online Reseller","Lyon","France","2020-12-25"
9943,"CUS009943","Jessica Webb","Small Business","Manchester","United Kingdom","2023-12-25"
9944,"CUS009944","Melanie Carlson","Consumer","London","United Kingdom","2023-08-11"
9945,"CUS009945","Edwin Holmes","Consumer","Austin","USA","2022-04-22"
9946,"CUS009946","Julia Knight","Consumer","Nottingham","United Kingdom","2023-04-15"
9947,"CUS009947","Joseph Forbes","Consumer","Paris","France","2019-02-13"
9948,"CUS009948","Alison Miller","Consumer","Birmingham","United Kingdom","2021-12-20"
9949,"CUS009949","Steve West","Corporate","Manchester","United Kingdom","2020-09-23"
9950,"CUS009950","Debra Potts","Corporate","Paris","France","2024-03-29"
9951,"CUS009951","Christine Peterson","Consumer","Bristol","United Kingdom","2019-07-14"
9952,"CUS009952","Susan Barnett","Small Business","Nottingham","United Kingdom","2019-12-09"
9953,"CUS009953","Melissa Ortiz","Small Business","Nottingham","United Kingdom","2023-11-07"
9954,"CUS009954","John Barber","Small Business","Bristol","United Kingdom","2024-02-16"
9955,"CUS009955","Julie Reynolds","Corporate","Nottingham","United Kingdom","2025-01-08"
9956,"CUS009956","John Fields","Small Business","Amsterdam","Netherlands","2024-04-22"
9957,"CUS009957","Kimberly Dunlap","Consumer","Berlin","Germany","2023-02-15"
9958,"CUS009958","Linda Allen","Consumer","Leeds","United Kingdom","2023-10-19"
9959,"CUS009959","Tammy Huffman","Small Business","Barcelona","Spain","2023-11-11"
9960,"CUS009960","Bethany Vasquez","Corporate","London","United Kingdom","2025-10-10"
9961,"CUS009961","Kyle Chapman","Corporate","New York","USA","2021-08-10"
9962,"CUS009962","Toni Garcia","Consumer","Glasgow","United Kingdom","2021-04-20"
9963,"CUS009963","Christine Gentry","Corporate","Bristol","United Kingdom","2020-09-10"
9964,"CUS009964","Dr. Jeremy Cook DDS","Consumer","London","United Kingdom","2020-12-24"
9965,"CUS009965","Alexandra Riley","Consumer","Austin","USA","2021-06-28"
9966,"CUS009966","Lori Molina","Consumer","Glasgow","United Kingdom","2022-02-22"
9967,"CUS009967","Heidi Tanner","Small Business","New York","USA","2025-06-18"
9968,"CUS009968","Debra Crawford","Small Business","Bristol","United Kingdom","2022-11-15"
9969,"CUS009969","Kelsey Juarez","Small Business","Munich","Germany","2024-03-20"
9970,"CUS009970","Elizabeth Schmidt","Corporate","Munich","Germany","2024-12-24"
9971,"CUS009971","Wayne Trujillo","Consumer","Madrid","Spain","2020-11-07"
9972,"CUS009972","Joseph Mack","Small Business","Leeds","United Kingdom","2019-09-07"
9973,"CUS009973","Jeffrey Cline","Consumer","Munich","Germany","2019-03-01"
9974,"CUS009974","Melissa Smith","Consumer","Amsterdam","Netherlands","2024-07-03"
9975,"CUS009975","Dennis Anderson","Small Business","New York","USA","2023-07-11"
9976,"CUS009976","Anthony Smith","Corporate","Amsterdam","Netherlands","2023-06-20"
9977,"CUS009977","Jesse Booth","Consumer","Chicago","USA","2023-03-03"
9978,"CUS009978","Rebecca Hartman","Small Business","Barcelona","Spain","2020-03-08"
9979,"CUS009979","Dawn Stevenson","Consumer","Leeds","United Kingdom","2023-04-01"
9980,"CUS009980","Johnathan Stone","Corporate","Chicago","USA","2020-09-13"
9981,"CUS009981","Kathryn Adams","Small Business","Barcelona","Spain","2022-11-23"
9982,"CUS009982","Derek Williams","Small Business","Munich","Germany","2021-02-28"
9983,"CUS009983","Laura Stewart","Consumer","Nottingham","United Kingdom","2023-01-13"
9984,"CUS009984","Cindy Gonzalez","Consumer","Glasgow","United Kingdom","2024-06-22"
9985,"CUS009985","Mario Murray","Small Business","London","United Kingdom","2020-08-29"
9986,"CUS009986","Jessica Kirk","Consumer","Glasgow","United Kingdom","2019-07-08"
9987,"CUS009987","Brittany Harvey","Consumer","New York","USA","2022-01-03"
9988,"CUS009988","Becky Ward","Corporate","Leeds","United Kingdom","2024-03-11"
9989,"CUS009989","Thomas Johnson","Small Business","Austin","USA","2024-08-01"
9990,"CUS009990","Travis Barrett","Corporate","Madrid","Spain","2022-03-23"
9991,"CUS009991","Craig Smith","Online Reseller","Amsterdam","Netherlands","2019-01-19"
9992,"CUS009992","Stephanie Kent","Consumer","Manchester","United Kingdom","2024-10-11"
9993,"CUS009993","Vincent Gomez","Small Business","London","United Kingdom","2025-04-27"
9994,"CUS009994","Veronica Johnson","Small Business","Nottingham","United Kingdom","2022-02-07"
9995,"CUS009995","Leslie Pratt","Corporate","London","United Kingdom","2022-07-06"
9996,"CUS009996","Robert Brown","Consumer","Rotterdam","Netherlands","2024-12-25"
9997,"CUS009997","Joel Glass","Consumer","Hamburg","Germany","2019-06-06"
9998,"CUS009998","Charles Villegas","Small Business","Birmingham","United Kingdom","2021-09-30"
9999,"CUS009999","Cindy Hansen","Consumer","Dublin","Ireland","2024-03-29"
10000,"CUS010000","April Carter","Corporate","Amsterdam","Netherlands","2022-07-13"
