"purchase_key","purchase_order_id","supplier_key","product_key","order_date_key","received_date_key","quantity","unit_cost","purchase_value","lead_time_days"
1,"PO000001",34,61,20250603,20250620,200,26.47,5294.00,17
2,"PO000002",88,575,20250407,20250427,300,9.24,2772.00,20
3,"PO000003",78,389,20231010,20231102,150,243.25,36487.50,23
4,"PO000004",102,784,20240706,20240807,150,86.70,13005.00,32
5,"PO000005",2,628,20251023,20251112,150,34.64,5196.00,20
6,"PO000006",93,211,20230919,20231009,200,148.52,29704.00,20
7,"PO000007",51,584,20230703,20230710,100,202.99,20299.00,7
8,"PO000008",112,846,20251231,20260123,100,35.27,3527.00,23
9,"PO000009",33,383,20250112,20250203,750,38.58,28935.00,22
10,"PO000010",37,404,20250822,20250908,1000,43.59,43590.00,17
11,"PO000011",102,562,20230226,20230324,100,149.16,14916.00,26
12,"PO000012",18,697,20230113,20230204,1000,251.89,251890.00,22
13,"PO000013",28,700,20250209,20250301,300,161.44,48432.00,20
14,"PO000014",14,906,20230226,20230305,750,31.19,23392.50,7
15,"PO000015",81,7,20230424,20230503,150,595.92,89388.00,9
16,"PO000016",20,844,20230307,20230313,200,831.66,166332.00,6
17,"PO000017",32,401,20230416,20230422,500,73.35,36675.00,6
18,"PO000018",58,754,20250517,20250530,50,279.27,13963.50,13
19,"PO000019",77,458,20250412,20250422,300,16.51,4953.00,10
20,"PO000020",42,265,20231015,20231120,300,533.30,159990.00,36
21,"PO000021",110,214,20230414,20230428,100,35.46,3546.00,14
22,"PO000022",103,113,20240929,20241001,50,93.00,4650.00,2
23,"PO000023",98,181,20241207,20241226,200,146.58,29316.00,19
24,"PO000024",57,666,20230529,20230616,100,171.58,17158.00,18
25,"PO000025",83,626,20240726,20240819,300,36.80,11040.00,24
26,"PO000026",112,210,20241214,20250109,100,9.08,908.00,26
27,"PO000027",103,618,20241114,20241123,300,36.99,11097.00,9
28,"PO000028",81,7,20240427,20240510,100,598.09,59809.00,13
29,"PO000029",77,333,20230329,20230410,300,4.85,1455.00,12
30,"PO000030",39,55,20250818,20250904,500,81.83,40915.00,17
31,"PO000031",92,105,20240406,20240416,500,147.59,73795.00,10
32,"PO000032",11,824,20250628,20250725,50,163.17,8158.50,27
33,"PO000033",33,9,20240401,20240425,200,48.68,9736.00,24
34,"PO000034",80,191,20230324,20230329,300,258.03,77409.00,5
35,"PO000035",19,220,20231213,20240103,750,135.88,101910.00,21
36,"PO000036",62,612,20240320,20240420,50,108.20,5410.00,31
37,"PO000037",39,500,20250411,20250422,150,53.21,7981.50,11
38,"PO000038",48,827,20240227,20240314,300,75.89,22767.00,16
39,"PO000039",109,794,20251222,20251228,750,77.07,57802.50,6
40,"PO000040",41,473,20240429,20240512,50,174.85,8742.50,13
41,"PO000041",69,243,20240218,20240228,1000,42.34,42340.00,10
42,"PO000042",76,642,20240703,20240721,200,57.77,11554.00,18
43,"PO000043",106,139,20250809,20250901,100,93.42,9342.00,23
44,"PO000044",84,2,20230731,20230825,150,1.89,283.50,25
45,"PO000045",50,709,20241001,20241018,500,486.56,243280.00,17
46,"PO000046",50,361,20230120,20230206,750,5.01,3757.50,17
47,"PO000047",86,394,20241012,20241019,1000,9.28,9280.00,7
48,"PO000048",66,869,20241210,20241214,150,10.02,1503.00,4
49,"PO000049",42,739,20250905,20251005,150,25.06,3759.00,30
50,"PO000050",12,513,20250811,20250828,150,755.17,113275.50,17
51,"PO000051",19,337,20251220,20260108,750,20.03,15022.50,19
52,"PO000052",50,227,20250318,20250406,300,77.80,23340.00,19
53,"PO000053",115,106,20240517,20240601,50,88.64,4432.00,15
54,"PO000054",85,568,20250409,20250421,500,689.78,344890.00,12
55,"PO000055",91,787,20230429,20230519,200,260.15,52030.00,20
56,"PO000056",59,188,20240526,20240611,750,861.24,645930.00,16
57,"PO000057",88,766,20241122,20241214,1000,98.74,98740.00,22
58,"PO000058",27,818,20250714,20250719,100,194.58,19458.00,5
59,"PO000059",22,654,20250823,20250910,750,41.63,31222.50,18
60,"PO000060",4,117,20230406,20230505,50,9.83,491.50,29
61,"PO000061",116,602,20230310,20230316,300,84.18,25254.00,6
62,"PO000062",6,969,20240318,20240331,1000,35.60,35600.00,13
63,"PO000063",12,748,20240225,20240318,200,14.67,2934.00,22
64,"PO000064",79,470,20240221,20240326,500,364.48,182240.00,34
65,"PO000065",63,864,20230810,20230903,750,55.03,41272.50,24
66,"PO000066",19,220,20250504,20250526,750,132.47,99352.50,22
67,"PO000067",116,602,20240729,20240809,150,88.49,13273.50,11
68,"PO000068",109,939,20230202,20230211,500,705.92,352960.00,9
69,"PO000069",2,145,20231109,20231128,50,85.43,4271.50,19
70,"PO000070",77,442,20230503,20230513,1000,293.46,293460.00,10
71,"PO000071",71,865,20230218,20230307,200,75.48,15096.00,17
72,"PO000072",77,165,20250610,20250621,200,34.55,6910.00,11
73,"PO000073",47,596,20250727,20250805,200,130.19,26038.00,9
74,"PO000074",3,122,20231127,20231212,750,81.68,61260.00,15
75,"PO000075",51,516,20250205,20250215,1000,28.00,28000.00,10
76,"PO000076",105,931,20240823,20240907,750,99.41,74557.50,15
77,"PO000077",105,533,20250817,20250908,150,70.68,10602.00,22
78,"PO000078",77,333,20250521,20250603,100,4.53,453.00,13
79,"PO000079",3,637,20250909,20250927,500,494.96,247480.00,18
80,"PO000080",70,28,20240531,20240623,1000,138.84,138840.00,23
81,"PO000081",98,155,20250129,20250217,100,328.37,32837.00,19
82,"PO000082",65,953,20240314,20240402,50,114.14,5707.00,19
83,"PO000083",71,815,20251021,20251107,300,19.93,5979.00,17
84,"PO000084",85,568,20241120,20241203,300,718.15,215445.00,13
85,"PO000085",98,745,20241001,20241018,500,3.92,1960.00,17
86,"PO000086",107,131,20251011,20251103,50,131.50,6575.00,23
87,"PO000087",99,534,20250824,20250901,300,53.93,16179.00,8
88,"PO000088",51,130,20240404,20240410,500,756.17,378085.00,6
89,"PO000089",85,91,20251107,20251125,100,142.32,14232.00,18
90,"PO000090",92,22,20250418,20250425,150,594.17,89125.50,7
91,"PO000091",99,19,20240829,20240906,200,249.79,49958.00,8
92,"PO000092",85,875,20250922,20251007,500,77.46,38730.00,15
93,"PO000093",106,278,20231006,20231029,300,16.93,5079.00,23
94,"PO000094",83,561,20241112,20241210,300,414.07,124221.00,28
95,"PO000095",4,290,20240908,20241010,500,12.39,6195.00,32
96,"PO000096",32,401,20250217,20250301,150,75.28,11292.00,12
97,"PO000097",5,216,20250404,20250417,500,19.98,9990.00,13
98,"PO000098",50,847,20230530,20230618,500,35.31,17655.00,19
99,"PO000099",103,932,20250907,20250909,50,7.93,396.50,2
100,"PO000100",60,828,20240325,20240419,100,165.78,16578.00,25
101,"PO000101",33,366,20250206,20250304,300,417.67,125301.00,26
102,"PO000102",120,420,20251229,20260111,200,125.52,25104.00,13
103,"PO000103",8,270,20250107,20250108,500,63.59,31795.00,1
104,"PO000104",103,640,20240921,20240924,750,55.19,41392.50,3
105,"PO000105",101,993,20230101,20230117,1000,4.59,4590.00,16
106,"PO000106",26,980,20231116,20231206,500,105.60,52800.00,20
107,"PO000107",67,842,20250301,20250308,100,58.03,5803.00,7
108,"PO000108",1,170,20250209,20250303,150,198.34,29751.00,22
109,"PO000109",106,175,20230528,20230616,200,101.78,20356.00,19
110,"PO000110",90,918,20230402,20230415,500,121.90,60950.00,13
111,"PO000111",110,579,20230106,20230115,300,100.66,30198.00,9
112,"PO000112",66,651,20251119,20251120,100,673.05,67305.00,1
113,"PO000113",107,229,20241107,20241201,1000,31.32,31320.00,24
114,"PO000114",48,134,20230714,20230729,50,14.88,744.00,15
115,"PO000115",15,288,20230608,20230621,150,72.51,10876.50,13
116,"PO000116",119,845,20241208,20241209,300,10.84,3252.00,1
117,"PO000117",14,129,20241026,20241101,150,357.48,53622.00,6
118,"PO000118",77,530,20240531,20240614,50,154.01,7700.50,14
119,"PO000119",27,669,20250325,20250405,750,39.10,29325.00,11
120,"PO000120",36,262,20250418,20250509,750,148.77,111577.50,21
121,"PO000121",54,360,20240626,20240803,200,298.20,59640.00,38
122,"PO000122",98,745,20240809,20240828,300,3.60,1080.00,19
123,"PO000123",106,839,20250521,20250611,100,29.34,2934.00,21
124,"PO000124",26,980,20250813,20250902,300,103.45,31035.00,20
125,"PO000125",82,744,20240412,20240514,500,558.80,279400.00,32
126,"PO000126",47,449,20250723,20250801,750,62.28,46710.00,9
127,"PO000127",11,659,20230915,20231016,300,195.26,58578.00,31
128,"PO000128",26,988,20251020,20251109,50,43.71,2185.50,20
129,"PO000129",120,804,20230907,20230919,150,127.24,19086.00,12
130,"PO000130",43,151,20251125,20251205,100,17.44,1744.00,10
131,"PO000131",85,338,20231115,20231128,200,114.14,22828.00,13
132,"PO000132",106,759,20250320,20250416,100,47.96,4796.00,27
133,"PO000133",91,816,20251018,20251107,200,12.87,2574.00,20
134,"PO000134",58,324,20241019,20241104,150,150.76,22614.00,16
135,"PO000135",9,907,20241223,20250101,750,277.98,208485.00,9
136,"PO000136",27,818,20230527,20230607,150,189.86,28479.00,11
137,"PO000137",39,49,20250320,20250407,750,37.55,28162.50,18
138,"PO000138",11,390,20251113,20251214,100,120.20,12020.00,31
139,"PO000139",61,328,20230126,20230221,500,29.63,14815.00,26
140,"PO000140",79,901,20250123,20250227,150,45.14,6771.00,35
141,"PO000141",58,630,20240805,20240823,750,78.52,58890.00,18
142,"PO000142",91,157,20250422,20250518,150,32.96,4944.00,26
143,"PO000143",54,658,20240330,20240502,150,55.44,8316.00,33
144,"PO000144",54,543,20230528,20230628,200,14.77,2954.00,31
145,"PO000145",14,271,20241027,20241103,50,79.54,3977.00,7
146,"PO000146",32,437,20250706,20250720,200,26.34,5268.00,14
147,"PO000147",116,406,20250130,20250212,100,34.65,3465.00,13
148,"PO000148",105,931,20230615,20230706,300,100.60,30180.00,21
149,"PO000149",79,470,20241222,20250121,150,379.23,56884.50,30
150,"PO000150",77,442,20230131,20230212,100,276.46,27646.00,12
151,"PO000151",42,739,20230714,20230814,50,24.62,1231.00,31
152,"PO000152",18,881,20241029,20241120,100,69.27,6927.00,22
153,"PO000153",27,959,20230414,20230427,100,49.02,4902.00,13
154,"PO000154",65,953,20250905,20250924,200,105.77,21154.00,19
155,"PO000155",75,622,20230209,20230307,500,249.84,124920.00,26
156,"PO000156",55,682,20250508,20250524,300,767.28,230184.00,16
157,"PO000157",94,433,20230203,20230224,50,99.01,4950.50,21
158,"PO000158",53,536,20241218,20250103,100,7.62,762.00,16
159,"PO000159",4,117,20231011,20231112,300,9.96,2988.00,32
160,"PO000160",98,182,20231020,20231105,500,94.09,47045.00,16
161,"PO000161",43,204,20250115,20250125,750,242.94,182205.00,10
162,"PO000162",13,448,20240730,20240808,300,200.52,60156.00,9
163,"PO000163",115,624,20250609,20250621,150,585.39,87808.50,12
164,"PO000164",96,231,20241202,20241216,500,119.34,59670.00,14
165,"PO000165",78,817,20240804,20240824,300,239.65,71895.00,20
166,"PO000166",43,727,20250314,20250328,100,49.87,4987.00,14
167,"PO000167",39,49,20241008,20241025,300,36.37,10911.00,17
168,"PO000168",11,390,20251028,20251130,200,120.56,24112.00,33
169,"PO000169",15,510,20251018,20251026,150,276.08,41412.00,8
170,"PO000170",72,62,20240416,20240417,500,262.52,131260.00,1
171,"PO000171",77,600,20250427,20250505,50,497.39,24869.50,8
172,"PO000172",39,796,20231125,20231209,100,48.40,4840.00,14
173,"PO000173",45,948,20231103,20231115,200,75.01,15002.00,12
174,"PO000174",33,59,20240825,20240916,150,17.74,2661.00,22
175,"PO000175",46,757,20250817,20250904,300,94.21,28263.00,18
176,"PO000176",28,90,20230123,20230214,200,282.93,56586.00,22
177,"PO000177",108,655,20230724,20230813,300,89.38,26814.00,20
178,"PO000178",97,627,20230610,20230630,300,658.38,197514.00,20
179,"PO000179",59,50,20241117,20241205,100,132.39,13239.00,18
180,"PO000180",46,757,20240616,20240705,200,97.62,19524.00,19
181,"PO000181",93,888,20240206,20240223,100,458.19,45819.00,17
182,"PO000182",57,856,20231016,20231026,500,95.08,47540.00,10
183,"PO000183",22,810,20240105,20240120,100,56.68,5668.00,15
184,"PO000184",91,983,20231104,20231130,100,112.10,11210.00,26
185,"PO000185",2,569,20230508,20230601,500,583.96,291980.00,24
186,"PO000186",27,529,20241123,20241205,1000,62.49,62490.00,12
187,"PO000187",80,67,20250105,20250111,50,34.94,1747.00,6
188,"PO000188",79,699,20230909,20231016,300,513.15,153945.00,37
189,"PO000189",24,1000,20230305,20230315,100,35.81,3581.00,10
190,"PO000190",88,766,20240208,20240226,100,93.77,9377.00,18
191,"PO000191",17,273,20230808,20230825,300,33.35,10005.00,17
192,"PO000192",88,575,20230803,20230827,750,9.53,7147.50,24
193,"PO000193",40,167,20231227,20240119,500,35.89,17945.00,23
194,"PO000194",117,359,20251019,20251108,300,225.51,67653.00,20
195,"PO000195",57,254,20251101,20251120,100,489.89,48989.00,19
196,"PO000196",82,646,20231228,20240125,500,33.94,16970.00,28
197,"PO000197",35,736,20250301,20250318,1000,5.37,5370.00,17
198,"PO000198",54,658,20240118,20240221,200,60.06,12012.00,34
199,"PO000199",14,974,20250812,20250819,1000,221.57,221570.00,7
200,"PO000200",48,399,20250126,20250206,50,101.98,5099.00,11
201,"PO000201",97,121,20240109,20240130,50,486.56,24328.00,21
202,"PO000202",15,936,20240815,20240828,50,261.50,13075.00,13
203,"PO000203",113,535,20231202,20231215,150,338.72,50808.00,13
204,"PO000204",103,734,20250604,20250609,50,166.42,8321.00,5
205,"PO000205",93,884,20240621,20240706,200,10.35,2070.00,15
206,"PO000206",113,193,20231115,20231128,750,35.72,26790.00,13
207,"PO000207",113,986,20230116,20230129,50,11.12,556.00,13
208,"PO000208",53,31,20241031,20241114,150,12.67,1900.50,14
209,"PO000209",88,701,20240430,20240520,300,67.58,20274.00,20
210,"PO000210",92,380,20250322,20250323,50,37.04,1852.00,1
211,"PO000211",65,286,20250519,20250612,1000,40.08,40080.00,24
212,"PO000212",36,75,20240602,20240621,200,13.65,2730.00,19
213,"PO000213",42,219,20230123,20230221,500,165.46,82730.00,29
214,"PO000214",43,926,20231031,20231107,200,25.63,5126.00,7
215,"PO000215",118,551,20250408,20250516,50,8.70,435.00,38
216,"PO000216",75,77,20230730,20230816,750,618.73,464047.50,17
217,"PO000217",23,982,20250829,20250905,150,123.71,18556.50,7
218,"PO000218",63,679,20250301,20250320,50,33.76,1688.00,19
219,"PO000219",58,365,20250619,20250705,100,83.60,8360.00,16
220,"PO000220",54,487,20241230,20250204,750,220.24,165180.00,36
221,"PO000221",98,900,20230829,20230921,1000,46.24,46240.00,23
222,"PO000222",42,219,20240803,20240903,200,154.87,30974.00,31
223,"PO000223",58,324,20240323,20240406,200,160.44,32088.00,14
224,"PO000224",108,609,20250507,20250522,500,48.16,24080.00,15
225,"PO000225",18,702,20230807,20230831,1000,32.68,32680.00,24
226,"PO000226",68,100,20241009,20241021,200,283.44,56688.00,12
227,"PO000227",52,738,20230917,20231001,150,169.91,25486.50,14
228,"PO000228",73,490,20240927,20241012,1000,2.36,2360.00,15
229,"PO000229",90,853,20231206,20231223,100,82.66,8266.00,17
230,"PO000230",59,930,20231010,20231029,100,27.43,2743.00,19
231,"PO000231",51,584,20250322,20250327,500,199.00,99500.00,5
232,"PO000232",89,387,20240125,20240212,750,68.33,51247.50,18
233,"PO000233",58,754,20250925,20251011,750,275.04,206280.00,16
234,"PO000234",106,257,20240614,20240706,750,52.86,39645.00,22
235,"PO000235",71,964,20240627,20240713,1000,83.11,83110.00,16
236,"PO000236",115,624,20240607,20240622,50,583.37,29168.50,15
237,"PO000237",58,756,20230120,20230129,150,183.56,27534.00,9
238,"PO000238",56,797,20240421,20240422,100,199.64,19964.00,1
239,"PO000239",31,805,20240722,20240802,200,103.03,20606.00,11
240,"PO000240",24,887,20250519,20250531,100,439.11,43911.00,12
241,"PO000241",46,761,20240607,20240626,500,253.07,126535.00,19
242,"PO000242",88,766,20240204,20240224,500,99.10,49550.00,20
243,"PO000243",60,828,20240220,20240319,150,177.65,26647.50,28
244,"PO000244",96,726,20230728,20230811,750,71.28,53460.00,14
245,"PO000245",103,932,20230415,20230420,150,8.15,1222.50,5
246,"PO000246",106,175,20251218,20260113,300,98.62,29586.00,26
247,"PO000247",9,8,20241127,20241203,200,880.38,176076.00,6
248,"PO000248",85,875,20230227,20230314,150,77.68,11652.00,15
249,"PO000249",87,737,20230523,20230612,50,58.94,2947.00,20
250,"PO000250",21,186,20231026,20231119,1000,117.62,117620.00,24
251,"PO000251",103,734,20241206,20241213,750,166.85,125137.50,7
252,"PO000252",40,73,20230110,20230123,50,122.56,6128.00,13
253,"PO000253",77,530,20250303,20250316,50,158.73,7936.50,13
254,"PO000254",22,221,20240227,20240315,50,17.66,883.00,17
255,"PO000255",12,148,20250304,20250320,150,57.05,8557.50,16
256,"PO000256",6,714,20250919,20251005,300,377.41,113223.00,16
257,"PO000257",95,69,20240617,20240628,100,39.22,3922.00,11
258,"PO000258",14,129,20240206,20240213,50,385.76,19288.00,7
259,"PO000259",75,984,20240613,20240706,1000,707.04,707040.00,23
260,"PO000260",54,543,20240104,20240207,750,14.26,10695.00,34
261,"PO000261",63,563,20231217,20240112,50,40.29,2014.50,26
262,"PO000262",66,315,20231118,20231123,50,21.21,1060.50,5
263,"PO000263",106,526,20240916,20241009,50,106.76,5338.00,23
264,"PO000264",26,237,20230610,20230630,150,39.67,5950.50,20
265,"PO000265",25,879,20230821,20230908,200,8.90,1780.00,18
266,"PO000266",101,993,20240318,20240412,150,4.42,663.00,25
267,"PO000267",76,480,20240731,20240823,500,145.86,72930.00,23
268,"PO000268",21,812,20240515,20240611,200,467.82,93564.00,27
269,"PO000269",42,735,20240324,20240424,200,105.82,21164.00,31
270,"PO000270",7,867,20230827,20230915,500,433.58,216790.00,19
271,"PO000271",40,149,20231031,20231114,100,33.82,3382.00,14
272,"PO000272",55,838,20230131,20230220,100,144.05,14405.00,20
273,"PO000273",5,216,20250729,20250815,150,18.72,2808.00,17
274,"PO000274",14,632,20230215,20230221,1000,187.51,187510.00,6
275,"PO000275",80,191,20240620,20240630,750,269.49,202117.50,10
276,"PO000276",66,27,20251030,20251104,100,19.64,1964.00,5
277,"PO000277",52,738,20251019,20251102,100,165.11,16511.00,14
278,"PO000278",41,897,20250301,20250321,50,7.04,352.00,20
279,"PO000279",61,147,20241022,20241113,50,55.77,2788.50,22
280,"PO000280",66,729,20231010,20231012,1000,73.92,73920.00,2
281,"PO000281",41,207,20251228,20260117,100,14.08,1408.00,20
282,"PO000282",23,13,20240507,20240511,750,11.47,8602.50,4
283,"PO000283",11,659,20240223,20240324,500,202.62,101310.00,30
284,"PO000284",80,874,20240211,20240220,1000,68.99,68990.00,9
285,"PO000285",32,783,20250425,20250503,300,28.64,8592.00,8
286,"PO000286",29,93,20251121,20251202,100,363.57,36357.00,11
287,"PO000287",10,751,20230429,20230505,50,194.10,9705.00,6
288,"PO000288",20,540,20230826,20230830,750,152.70,114525.00,4
289,"PO000289",43,934,20251211,20251216,50,229.77,11488.50,5
290,"PO000290",98,168,20250109,20250126,50,15.12,756.00,17
291,"PO000291",112,522,20230920,20231013,50,39.19,1959.50,23
292,"PO000292",78,432,20240304,20240324,1000,200.85,200850.00,20
293,"PO000293",83,708,20230605,20230629,100,167.78,16778.00,24
294,"PO000294",62,612,20230904,20231001,300,111.87,33561.00,27
295,"PO000295",92,274,20241212,20241216,200,6.87,1374.00,4
296,"PO000296",74,511,20240920,20240926,200,530.76,106152.00,6
297,"PO000297",43,926,20231016,20231026,150,25.80,3870.00,10
298,"PO000298",40,789,20231126,20231217,50,1.40,70.00,21
299,"PO000299",29,93,20240422,20240508,500,375.33,187665.00,16
300,"PO000300",93,966,20250623,20250710,50,239.43,11971.50,17
301,"PO000301",91,944,20250101,20250120,300,68.21,20463.00,19
302,"PO000302",94,269,20240615,20240711,150,31.29,4693.50,26
303,"PO000303",57,298,20230601,20230619,200,346.89,69378.00,18
304,"PO000304",39,820,20251122,20251210,50,41.58,2079.00,18
305,"PO000305",97,124,20250725,20250813,750,136.86,102645.00,19
306,"PO000306",90,853,20230622,20230707,500,86.08,43040.00,15
307,"PO000307",8,270,20230806,20230812,50,62.86,3143.00,6
308,"PO000308",8,323,20250317,20250319,1000,44.92,44920.00,2
309,"PO000309",102,562,20250224,20250325,150,156.47,23470.50,29
310,"PO000310",90,716,20241019,20241104,300,319.33,95799.00,16
311,"PO000311",90,674,20241107,20241121,50,23.51,1175.50,14
312,"PO000312",106,839,20231220,20240111,1000,29.27,29270.00,22
313,"PO000313",83,247,20250424,20250517,50,88.86,4443.00,23
314,"PO000314",81,668,20250817,20250824,1000,14.20,14200.00,7
315,"PO000315",29,871,20241113,20241118,100,45.51,4551.00,5
316,"PO000316",90,853,20230110,20230127,50,80.18,4009.00,17
317,"PO000317",24,1000,20250430,20250518,200,36.83,7366.00,18
318,"PO000318",27,669,20250303,20250313,1000,37.69,37690.00,10
319,"PO000319",82,184,20250706,20250728,1000,36.75,36750.00,22
320,"PO000320",74,206,20251109,20251119,1000,37.63,37630.00,10
321,"PO000321",98,181,20251022,20251108,750,143.62,107715.00,17
322,"PO000322",67,842,20240810,20240817,150,54.43,8164.50,7
323,"PO000323",101,345,20251029,20251122,1000,249.59,249590.00,24
324,"PO000324",35,573,20240707,20240731,300,6.06,1818.00,24
325,"PO000325",68,400,20251116,20251130,300,664.11,199233.00,14
326,"PO000326",71,865,20241007,20241029,50,73.27,3663.50,22
327,"PO000327",25,352,20231208,20231222,200,142.05,28410.00,14
328,"PO000328",13,823,20240127,20240209,100,103.25,10325.00,13
329,"PO000329",93,929,20230929,20231018,750,581.52,436140.00,19
330,"PO000330",119,477,20230726,20230728,50,13.32,666.00,2
331,"PO000331",90,479,20251209,20251227,150,376.28,56442.00,18
332,"PO000332",92,962,20231107,20231122,1000,104.02,104020.00,15
333,"PO000333",84,123,20250429,20250524,100,100.81,10081.00,25
334,"PO000334",80,958,20240212,20240216,150,5.68,852.00,4
335,"PO000335",2,919,20240415,20240509,750,117.15,87862.50,24
336,"PO000336",63,162,20231014,20231030,750,408.99,306742.50,16
337,"PO000337",30,790,20250824,20250912,750,226.29,169717.50,19
338,"PO000338",107,760,20251210,20251231,150,330.58,49587.00,21
339,"PO000339",91,983,20240210,20240304,750,112.49,84367.50,23
340,"PO000340",113,986,20240911,20240918,150,10.59,1588.50,7
341,"PO000341",20,540,20240228,20240303,300,152.87,45861.00,4
342,"PO000342",39,368,20251120,20251209,100,271.57,27157.00,19
343,"PO000343",63,104,20250317,20250407,300,353.68,106104.00,21
344,"PO000344",106,663,20251108,20251130,50,109.84,5492.00,22
345,"PO000345",113,537,20241001,20241016,750,139.44,104580.00,15
346,"PO000346",94,855,20240916,20241008,150,11.93,1789.50,22
347,"PO000347",60,553,20241207,20250109,100,63.44,6344.00,33
348,"PO000348",102,562,20241202,20241228,500,152.92,76460.00,26
349,"PO000349",74,206,20231114,20231124,1000,35.75,35750.00,10
350,"PO000350",115,475,20240215,20240226,300,11.15,3345.00,11
351,"PO000351",60,828,20240406,20240504,500,169.33,84665.00,28
352,"PO000352",112,465,20240910,20241006,1000,83.58,83580.00,26
353,"PO000353",1,483,20250416,20250511,750,151.45,113587.50,25
354,"PO000354",53,896,20230416,20230502,100,238.66,23866.00,16
355,"PO000355",39,796,20251112,20251126,100,52.24,5224.00,14
356,"PO000356",5,848,20230828,20230911,150,85.01,12751.50,14
357,"PO000357",66,342,20230123,20230128,500,234.96,117480.00,5
358,"PO000358",87,244,20241015,20241101,50,271.64,13582.00,17
359,"PO000359",113,537,20241015,20241027,50,145.96,7298.00,12
360,"PO000360",43,482,20230914,20230928,200,116.06,23212.00,14
361,"PO000361",33,152,20250213,20250310,750,261.30,195975.00,25
362,"PO000362",109,287,20230805,20230816,1000,12.78,12780.00,11
363,"PO000363",76,480,20230928,20231018,1000,153.31,153310.00,20
364,"PO000364",12,576,20231228,20240117,100,40.09,4009.00,20
365,"PO000365",42,296,20250124,20250224,500,55.62,27810.00,31
366,"PO000366",24,887,20230905,20230919,200,426.16,85232.00,14
367,"PO000367",75,984,20230928,20231017,300,687.70,206310.00,19
368,"PO000368",47,554,20230610,20230621,150,6.88,1032.00,11
369,"PO000369",94,617,20240415,20240509,50,151.55,7577.50,24
370,"PO000370",55,703,20240820,20240909,750,11.23,8422.50,20
371,"PO000371",63,864,20240902,20240925,200,55.77,11154.00,23
372,"PO000372",120,804,20240420,20240501,300,133.39,40017.00,11
373,"PO000373",46,757,20230830,20230917,750,95.72,71790.00,18
374,"PO000374",12,576,20240513,20240527,1000,40.70,40700.00,14
375,"PO000375",46,991,20230606,20230624,1000,148.92,148920.00,18
376,"PO000376",24,1000,20241018,20241031,1000,34.51,34510.00,13
377,"PO000377",73,585,20240702,20240725,300,122.46,36738.00,23
378,"PO000378",28,580,20250801,20250826,750,36.04,27030.00,25
379,"PO000379",58,324,20250716,20250730,1000,163.40,163400.00,14
380,"PO000380",1,97,20241030,20241122,500,51.66,25830.00,23
381,"PO000381",109,794,20240221,20240302,300,76.19,22857.00,10
382,"PO000382",80,213,20250326,20250402,1000,334.83,334830.00,7
383,"PO000383",59,50,20240225,20240314,150,138.16,20724.00,18
384,"PO000384",87,698,20240626,20240707,1000,407.22,407220.00,11
385,"PO000385",78,589,20251220,20260109,1000,65.37,65370.00,20
386,"PO000386",58,977,20251123,20251202,300,130.74,39222.00,9
387,"PO000387",110,579,20251125,20251208,750,102.09,76567.50,13
388,"PO000388",21,186,20231217,20240107,750,120.85,90637.50,21
389,"PO000389",65,886,20230807,20230820,100,2.08,208.00,13
390,"PO000390",79,138,20231204,20240105,150,254.25,38137.50,32
391,"PO000391",61,328,20251128,20251220,150,30.33,4549.50,22
392,"PO000392",73,495,20250410,20250503,100,537.97,53797.00,23
393,"PO000393",10,446,20240408,20240420,750,200.36,150270.00,12
394,"PO000394",83,704,20231024,20231118,1000,79.11,79110.00,25
395,"PO000395",76,480,20231125,20231216,300,156.51,46953.00,21
396,"PO000396",60,828,20251110,20251208,200,178.47,35694.00,28
397,"PO000397",22,20,20241027,20241116,50,102.30,5115.00,20
398,"PO000398",73,490,20250525,20250610,150,2.22,333.00,16
399,"PO000399",86,115,20231219,20231231,1000,142.40,142400.00,12
400,"PO000400",84,484,20240930,20241026,50,10.32,516.00,26
401,"PO000401",115,781,20250527,20250606,100,122.73,12273.00,10
402,"PO000402",87,698,20230830,20230917,200,403.03,80606.00,18
403,"PO000403",79,699,20241125,20250104,1000,513.31,513310.00,40
404,"PO000404",72,763,20241216,20241219,500,622.13,311065.00,3
405,"PO000405",15,11,20230329,20230411,750,340.09,255067.50,13
406,"PO000406",50,847,20241204,20241220,300,35.37,10611.00,16
407,"PO000407",63,747,20231022,20231112,1000,97.22,97220.00,21
408,"PO000408",46,785,20250819,20250907,50,256.58,12829.00,19
409,"PO000409",80,191,20250528,20250601,750,271.41,203557.50,4
410,"PO000410",46,757,20231230,20240117,100,91.23,9123.00,18
411,"PO000411",93,945,20250403,20250419,150,66.82,10023.00,16
412,"PO000412",98,168,20230422,20230513,500,15.14,7570.00,21
413,"PO000413",13,635,20230916,20230930,750,72.69,54517.50,14
414,"PO000414",25,352,20250826,20250921,150,144.62,21693.00,26
415,"PO000415",62,695,20240122,20240218,500,36.98,18490.00,27
416,"PO000416",59,188,20251025,20251111,500,848.29,424145.00,17
417,"PO000417",99,782,20251125,20251207,200,428.99,85798.00,12
418,"PO000418",109,407,20250522,20250608,300,257.93,77379.00,17
419,"PO000419",71,408,20241127,20241219,50,68.12,3406.00,22
420,"PO000420",14,329,20250806,20250817,100,188.13,18813.00,11
421,"PO000421",70,811,20241025,20241119,300,182.68,54804.00,25
422,"PO000422",6,581,20240204,20240222,500,23.85,11925.00,18
423,"PO000423",77,458,20230629,20230710,300,17.72,5316.00,11
424,"PO000424",112,355,20240316,20240412,750,867.04,650280.00,27
425,"PO000425",99,127,20230610,20230621,750,6.03,4522.50,11
426,"PO000426",87,737,20240517,20240604,300,55.28,16584.00,18
427,"PO000427",70,28,20240628,20240721,50,135.73,6786.50,23
428,"PO000428",86,86,20250410,20250418,150,76.07,11410.50,8
429,"PO000429",12,294,20231107,20231125,50,246.45,12322.50,18
430,"PO000430",75,622,20240909,20241001,300,240.34,72102.00,22
431,"PO000431",48,891,20230820,20230901,100,32.45,3245.00,12
432,"PO000432",13,685,20240429,20240506,300,7.63,2289.00,7
433,"PO000433",120,711,20250611,20250623,1000,12.54,12540.00,12
434,"PO000434",96,231,20230204,20230217,200,121.29,24258.00,13
435,"PO000435",84,916,20240815,20240913,200,32.88,6576.00,29
436,"PO000436",101,539,20241208,20241229,200,628.06,125612.00,21
437,"PO000437",51,552,20241102,20241103,150,120.54,18081.00,1
438,"PO000438",101,615,20230210,20230228,200,30.44,6088.00,18
439,"PO000439",119,81,20230422,20230423,500,15.05,7525.00,1
440,"PO000440",54,95,20230309,20230417,150,884.58,132687.00,39
441,"PO000441",58,807,20230211,20230223,100,61.04,6104.00,12
442,"PO000442",90,749,20240920,20241006,1000,26.75,26750.00,16
443,"PO000443",65,975,20240812,20240830,750,32.27,24202.50,18
444,"PO000444",50,374,20230930,20231024,750,610.89,458167.50,24
445,"PO000445",70,664,20240922,20241017,1000,48.16,48160.00,25
446,"PO000446",76,649,20231108,20231127,100,37.32,3732.00,19
447,"PO000447",68,373,20230407,20230417,750,121.48,91110.00,10
448,"PO000448",71,865,20241219,20250108,150,75.47,11320.50,20
449,"PO000449",103,940,20240904,20240908,100,650.31,65031.00,4
450,"PO000450",93,929,20250424,20250513,750,580.96,435720.00,19
451,"PO000451",6,943,20230208,20230222,500,106.21,53105.00,14
452,"PO000452",84,501,20231201,20231225,300,39.64,11892.00,24
453,"PO000453",17,413,20230427,20230516,200,86.38,17276.00,19
454,"PO000454",106,960,20230612,20230705,750,31.98,23985.00,23
455,"PO000455",61,267,20251104,20251204,300,25.09,7527.00,30
456,"PO000456",80,461,20240420,20240425,500,215.92,107960.00,5
457,"PO000457",38,601,20230821,20230825,150,707.05,106057.50,4
458,"PO000458",7,42,20251225,20260111,50,314.67,15733.50,17
459,"PO000459",82,504,20241226,20250122,500,503.58,251790.00,27
460,"PO000460",103,640,20250326,20250331,300,54.49,16347.00,5
461,"PO000461",36,75,20240919,20241008,500,12.64,6320.00,19
462,"PO000462",54,360,20241230,20250128,500,301.54,150770.00,29
463,"PO000463",58,102,20230526,20230611,100,37.49,3749.00,16
464,"PO000464",30,217,20230409,20230430,300,599.99,179997.00,21
465,"PO000465",102,784,20240122,20240218,50,93.87,4693.50,27
466,"PO000466",55,703,20230915,20231005,100,10.54,1054.00,20
467,"PO000467",6,714,20240516,20240601,1000,372.81,372810.00,16
468,"PO000468",84,938,20240527,20240617,750,258.99,194242.50,21
469,"PO000469",44,560,20240816,20240911,50,203.43,10171.50,26
470,"PO000470",62,111,20240607,20240707,50,34.09,1704.50,30
471,"PO000471",7,867,20230116,20230204,300,412.33,123699.00,19
472,"PO000472",60,353,20240512,20240609,750,74.61,55957.50,28
473,"PO000473",42,120,20230725,20230823,50,47.66,2383.00,29
474,"PO000474",91,944,20250124,20250217,750,73.42,55065.00,24
475,"PO000475",65,975,20230731,20230818,150,33.68,5052.00,18
476,"PO000476",36,262,20250225,20250315,100,148.57,14857.00,18
477,"PO000477",98,182,20240715,20240801,750,99.86,74895.00,17
478,"PO000478",102,381,20230304,20230331,500,240.40,120200.00,27
479,"PO000479",112,465,20240924,20241019,300,85.61,25683.00,25
480,"PO000480",88,10,20250703,20250725,100,16.55,1655.00,22
481,"PO000481",43,204,20230318,20230330,150,252.49,37873.50,12
482,"PO000482",12,576,20241120,20241208,1000,40.19,40190.00,18
483,"PO000483",22,654,20231124,20231212,200,39.82,7964.00,18
484,"PO000484",24,34,20230111,20230120,300,99.59,29877.00,9
485,"PO000485",99,19,20230507,20230517,100,270.33,27033.00,10
486,"PO000486",117,341,20240113,20240130,50,740.72,37036.00,17
487,"PO000487",83,704,20240112,20240209,50,74.58,3729.00,28
488,"PO000488",68,373,20241002,20241011,300,120.02,36006.00,9
489,"PO000489",36,527,20240201,20240222,150,90.73,13609.50,21
490,"PO000490",6,714,20241107,20241118,200,370.11,74022.00,11
491,"PO000491",32,164,20250926,20251004,150,481.57,72235.50,8
492,"PO000492",91,997,20240228,20240322,300,477.62,143286.00,23
493,"PO000493",17,417,20250707,20250723,750,542.56,406920.00,16
494,"PO000494",101,345,20231011,20231102,500,230.68,115340.00,22
495,"PO000495",26,980,20240119,20240208,500,107.28,53640.00,20
496,"PO000496",78,849,20241108,20241127,1000,67.04,67040.00,19
497,"PO000497",55,703,20240223,20240313,500,10.84,5420.00,19
498,"PO000498",10,594,20230413,20230424,750,95.79,71842.50,11
499,"PO000499",50,652,20231008,20231021,50,47.89,2394.50,13
500,"PO000500",92,494,20230712,20230718,50,78.84,3942.00,6
501,"PO000501",1,170,20230428,20230518,500,193.14,96570.00,20
502,"PO000502",80,46,20241021,20241028,100,19.74,1974.00,7
503,"PO000503",13,635,20240602,20240616,100,73.81,7381.00,14
504,"PO000504",66,869,20231218,20231222,300,9.81,2943.00,4
505,"PO000505",65,886,20250126,20250219,750,2.16,1620.00,24
506,"PO000506",21,169,20241130,20241222,1000,61.34,61340.00,22
507,"PO000507",31,650,20250731,20250810,300,24.65,7395.00,10
508,"PO000508",19,64,20230112,20230205,50,85.88,4294.00,24
509,"PO000509",50,107,20240420,20240508,100,787.69,78769.00,18
510,"PO000510",101,71,20241211,20250101,750,722.90,542175.00,21
511,"PO000511",39,249,20251125,20251210,500,725.60,362800.00,15
512,"PO000512",78,849,20240619,20240708,1000,67.54,67540.00,19
513,"PO000513",50,847,20240806,20240826,50,37.43,1871.50,20
514,"PO000514",78,589,20241231,20250119,1000,64.73,64730.00,19
515,"PO000515",99,189,20250504,20250515,500,89.13,44565.00,11
516,"PO000516",108,14,20230128,20230211,200,34.54,6908.00,14
517,"PO000517",41,416,20241013,20241101,1000,776.21,776210.00,19
518,"PO000518",94,908,20241019,20241111,150,145.68,21852.00,23
519,"PO000519",57,431,20250920,20251010,200,511.39,102278.00,20
520,"PO000520",12,294,20250317,20250403,1000,243.26,243260.00,17
521,"PO000521",36,393,20231114,20231208,200,199.18,39836.00,24
522,"PO000522",61,364,20251206,20251230,50,89.68,4484.00,24
523,"PO000523",83,626,20251110,20251204,300,36.08,10824.00,24
524,"PO000524",44,425,20230315,20230410,150,91.25,13687.50,26
525,"PO000525",65,450,20240809,20240826,100,75.53,7553.00,17
526,"PO000526",57,431,20231205,20231221,750,521.90,391425.00,16
527,"PO000527",40,167,20240505,20240523,500,33.95,16975.00,18
528,"PO000528",93,884,20240111,20240126,50,10.70,535.00,15
529,"PO000529",98,857,20240329,20240417,200,38.98,7796.00,19
530,"PO000530",96,956,20230205,20230221,1000,206.57,206570.00,16
531,"PO000531",91,157,20241223,20250114,200,36.28,7256.00,22
532,"PO000532",86,394,20250906,20250912,100,9.17,917.00,6
533,"PO000533",43,898,20231006,20231016,200,202.47,40494.00,10
534,"PO000534",71,964,20230131,20230217,750,78.38,58785.00,17
535,"PO000535",116,65,20230306,20230318,750,185.43,139072.50,12
536,"PO000536",113,986,20231002,20231012,750,10.68,8010.00,10
537,"PO000537",106,960,20240406,20240429,200,31.12,6224.00,23
538,"PO000538",89,653,20230804,20230819,500,86.41,43205.00,15
539,"PO000539",111,833,20231105,20231209,300,27.97,8391.00,34
540,"PO000540",43,76,20251207,20251217,300,14.11,4233.00,10
541,"PO000541",76,454,20230323,20230411,1000,4.37,4370.00,19
542,"PO000542",113,17,20241107,20241120,200,57.20,11440.00,13
543,"PO000543",78,367,20230204,20230224,200,306.05,61210.00,20
544,"PO000544",96,231,20230811,20230822,500,118.18,59090.00,11
545,"PO000545",14,764,20240326,20240405,50,18.13,906.50,10
546,"PO000546",76,313,20250102,20250127,500,167.44,83720.00,25
547,"PO000547",43,727,20251207,20251219,1000,48.52,48520.00,12
548,"PO000548",5,848,20240901,20240914,50,88.54,4427.00,13
549,"PO000549",90,110,20240323,20240407,500,77.87,38935.00,15
550,"PO000550",80,996,20230730,20230806,750,628.19,471142.50,7
551,"PO000551",34,762,20251101,20251114,300,178.12,53436.00,13
552,"PO000552",90,720,20250912,20250927,50,291.90,14595.00,15
553,"PO000553",104,35,20230120,20230210,150,253.58,38037.00,21
554,"PO000554",43,727,20230727,20230810,300,50.28,15084.00,14
555,"PO000555",86,394,20240731,20240808,50,9.94,497.00,8
556,"PO000556",58,166,20251123,20251209,200,7.89,1578.00,16
557,"PO000557",39,430,20240526,20240612,1000,31.66,31660.00,17
558,"PO000558",33,59,20230326,20230421,500,18.66,9330.00,26
559,"PO000559",57,225,20250617,20250705,50,89.55,4477.50,18
560,"PO000560",92,371,20230525,20230601,300,89.70,26910.00,7
561,"PO000561",120,638,20231229,20240107,200,103.58,20716.00,9
562,"PO000562",68,150,20240805,20240817,1000,62.11,62110.00,12
563,"PO000563",84,484,20241003,20241029,500,10.08,5040.00,26
564,"PO000564",81,607,20251204,20251211,200,32.65,6530.00,7
565,"PO000565",98,857,20250727,20250820,300,35.91,10773.00,24
566,"PO000566",51,130,20230613,20230615,200,752.27,150454.00,2
567,"PO000567",96,231,20250810,20250821,1000,119.45,119450.00,11
568,"PO000568",75,984,20240219,20240315,300,661.44,198432.00,25
569,"PO000569",83,704,20230521,20230616,1000,72.83,72830.00,26
570,"PO000570",36,75,20250218,20250312,150,13.13,1969.50,22
571,"PO000571",9,907,20240218,20240226,100,293.61,29361.00,8
572,"PO000572",1,963,20230226,20230320,150,522.82,78423.00,22
573,"PO000573",44,792,20231018,20231109,500,30.60,15300.00,22
574,"PO000574",61,147,20230216,20230316,100,56.97,5697.00,28
575,"PO000575",108,655,20250104,20250120,750,82.74,62055.00,16
576,"PO000576",20,821,20240211,20240221,500,85.96,42980.00,10
577,"PO000577",36,144,20240106,20240126,300,61.25,18375.00,20
578,"PO000578",2,919,20240704,20240727,750,119.60,89700.00,23
579,"PO000579",15,174,20251203,20251214,750,36.41,27307.50,11
580,"PO000580",28,90,20230822,20230916,500,286.31,143155.00,25
581,"PO000581",23,800,20230421,20230429,100,54.79,5479.00,8
582,"PO000582",14,268,20250315,20250320,500,156.13,78065.00,5
583,"PO000583",45,392,20230407,20230415,200,193.13,38626.00,8
584,"PO000584",111,70,20230909,20231014,500,364.58,182290.00,35
585,"PO000585",102,410,20240326,20240418,750,159.63,119722.50,23
586,"PO000586",94,855,20251102,20251126,300,12.30,3690.00,24
587,"PO000587",4,290,20250216,20250323,300,12.27,3681.00,35
588,"PO000588",36,527,20240424,20240511,100,98.29,9829.00,17
589,"PO000589",11,830,20250205,20250312,200,311.68,62336.00,35
590,"PO000590",36,75,20251118,20251208,1000,13.70,13700.00,20
591,"PO000591",72,471,20240406,20240412,1000,202.45,202450.00,6
592,"PO000592",80,83,20240312,20240320,100,444.35,44435.00,8
593,"PO000593",104,718,20240116,20240207,750,64.75,48562.50,22
594,"PO000594",71,995,20230404,20230422,1000,11.90,11900.00,18
595,"PO000595",46,910,20250928,20251018,500,34.14,17070.00,20
596,"PO000596",15,510,20231015,20231028,500,276.85,138425.00,13
597,"PO000597",25,33,20250207,20250224,300,37.63,11289.00,17
598,"PO000598",68,301,20251027,20251102,100,492.96,49296.00,6
599,"PO000599",29,890,20240615,20240623,200,80.12,16024.00,8
600,"PO000600",89,464,20240224,20240309,100,127.27,12727.00,14
601,"PO000601",59,567,20250925,20251011,200,169.51,33902.00,16
602,"PO000602",90,110,20230306,20230315,150,72.75,10912.50,9
603,"PO000603",4,290,20230601,20230702,200,12.69,2538.00,31
604,"PO000604",80,996,20231229,20231230,50,620.20,31010.00,1
605,"PO000605",9,768,20250610,20250617,1000,37.22,37220.00,7
606,"PO000606",58,365,20250817,20250829,500,85.39,42695.00,12
607,"PO000607",9,8,20240214,20240222,200,857.99,171598.00,8
608,"PO000608",99,534,20240706,20240713,750,57.14,42855.00,7
609,"PO000609",64,222,20251019,20251023,500,498.33,249165.00,4
610,"PO000610",50,733,20240623,20240715,500,124.25,62125.00,22
611,"PO000611",84,248,20250311,20250410,750,42.16,31620.00,30
612,"PO000612",80,996,20230721,20230729,1000,636.37,636370.00,8
613,"PO000613",13,933,20240821,20240903,1000,39.57,39570.00,13
614,"PO000614",41,840,20240114,20240130,1000,117.87,117870.00,16
615,"PO000615",101,595,20230928,20231013,500,62.55,31275.00,15
616,"PO000616",8,43,20251007,20251009,100,105.07,10507.00,2
617,"PO000617",36,262,20240105,20240126,500,149.41,74705.00,21
618,"PO000618",81,215,20230117,20230128,50,18.69,934.50,11
619,"PO000619",96,726,20231017,20231101,750,72.13,54097.50,15
620,"PO000620",99,534,20241110,20241123,100,55.60,5560.00,13
621,"PO000621",100,973,20230718,20230809,200,771.60,154320.00,22
622,"PO000622",89,464,20230106,20230124,150,131.52,19728.00,18
623,"PO000623",3,637,20250702,20250716,100,488.07,48807.00,14
624,"PO000624",23,800,20230125,20230127,1000,52.47,52470.00,2
625,"PO000625",106,447,20251101,20251122,1000,12.38,12380.00,21
626,"PO000626",108,14,20240930,20241012,300,33.90,10170.00,12
627,"PO000627",20,163,20250609,20250610,150,16.02,2403.00,1
628,"PO000628",100,765,20250315,20250403,100,235.64,23564.00,19
629,"PO000629",120,362,20230423,20230503,150,21.26,3189.00,10
630,"PO000630",10,212,20231004,20231013,100,58.99,5899.00,9
631,"PO000631",16,45,20250714,20250723,150,78.16,11724.00,9
632,"PO000632",88,255,20240125,20240213,150,3.18,477.00,19
633,"PO000633",11,689,20240321,20240420,750,734.93,551197.50,30
634,"PO000634",53,253,20241217,20241231,300,84.89,25467.00,14
635,"PO000635",57,386,20240716,20240805,200,232.88,46576.00,20
636,"PO000636",47,913,20240512,20240522,500,85.75,42875.00,10
637,"PO000637",25,33,20230113,20230203,500,36.46,18230.00,21
638,"PO000638",68,467,20230913,20230924,50,90.68,4534.00,11
639,"PO000639",36,144,20240801,20240822,750,59.03,44272.50,21
640,"PO000640",109,135,20251108,20251120,50,144.30,7215.00,12
641,"PO000641",8,256,20230917,20230919,750,93.87,70402.50,2
642,"PO000642",43,204,20250406,20250419,750,247.21,185407.50,13
643,"PO000643",57,218,20230211,20230302,1000,203.79,203790.00,19
644,"PO000644",84,89,20241208,20250104,150,19.96,2994.00,27
645,"PO000645",8,43,20240420,20240422,200,106.37,21274.00,2
646,"PO000646",59,491,20241030,20241117,750,342.28,256710.00,18
647,"PO000647",75,622,20250614,20250704,50,243.03,12151.50,20
648,"PO000648",68,301,20241003,20241012,300,502.21,150663.00,9
649,"PO000649",109,545,20250414,20250424,1000,93.60,93600.00,10
650,"PO000650",46,384,20230525,20230612,200,370.01,74002.00,18
651,"PO000651",53,31,20250209,20250228,150,12.72,1908.00,19
652,"PO000652",85,91,20231015,20231027,300,133.20,39960.00,12
653,"PO000653",16,385,20250612,20250625,750,9.46,7095.00,13
654,"PO000654",33,223,20231007,20231029,500,40.96,20480.00,22
655,"PO000655",24,592,20240705,20240719,750,29.92,22440.00,14
656,"PO000656",98,857,20250729,20250820,300,37.03,11109.00,22
657,"PO000657",72,306,20231019,20231020,100,109.05,10905.00,1
658,"PO000658",62,111,20230914,20231014,200,32.11,6422.00,30
659,"PO000659",98,976,20251007,20251026,100,69.36,6936.00,19
660,"PO000660",106,960,20230122,20230211,750,32.44,24330.00,20
661,"PO000661",66,651,20250118,20250123,500,687.79,343895.00,5
662,"PO000662",101,539,20241212,20250104,100,637.58,63758.00,23
663,"PO000663",17,514,20240917,20241004,150,62.09,9313.50,17
664,"PO000664",6,732,20240522,20240606,300,719.28,215784.00,15
665,"PO000665",6,60,20250507,20250520,1000,295.75,295750.00,13
666,"PO000666",64,222,20250107,20250118,50,512.24,25612.00,11
667,"PO000667",15,56,20230927,20231005,300,667.45,200235.00,8
668,"PO000668",113,193,20230519,20230530,150,35.04,5256.00,11
669,"PO000669",99,127,20240618,20240625,750,6.23,4672.50,7
670,"PO000670",29,890,20230225,20230306,200,80.14,16028.00,9
671,"PO000671",12,312,20240829,20240913,150,303.04,45456.00,15
672,"PO000672",120,362,20251114,20251128,750,23.34,17505.00,14
673,"PO000673",3,463,20231222,20240103,500,26.18,13090.00,12
674,"PO000674",44,814,20230426,20230523,300,44.47,13341.00,27
675,"PO000675",111,230,20230414,20230521,200,32.34,6468.00,37
676,"PO000676",14,159,20250520,20250522,750,181.40,136050.00,2
677,"PO000677",66,79,20240409,20240413,50,264.39,13219.50,4
678,"PO000678",101,606,20230827,20230915,300,13.52,4056.00,19
679,"PO000679",113,193,20241006,20241022,500,35.85,17925.00,16
680,"PO000680",23,13,20240422,20240424,50,11.13,556.50,2
681,"PO000681",118,981,20240413,20240522,150,12.77,1915.50,39
682,"PO000682",32,99,20230505,20230517,300,260.89,78267.00,12
683,"PO000683",23,319,20230526,20230530,200,148.13,29626.00,4
684,"PO000684",39,430,20231212,20231230,1000,31.37,31370.00,18
685,"PO000685",40,235,20230718,20230805,100,69.39,6939.00,18
686,"PO000686",63,747,20250907,20251001,1000,94.05,94050.00,24
687,"PO000687",113,986,20250204,20250218,300,10.39,3117.00,14
688,"PO000688",64,578,20240109,20240118,150,788.18,118227.00,9
689,"PO000689",10,446,20240625,20240706,500,196.24,98120.00,11
690,"PO000690",73,559,20240505,20240527,750,9.50,7125.00,22
691,"PO000691",60,326,20240525,20240619,200,11.24,2248.00,25
692,"PO000692",7,258,20240429,20240523,500,441.86,220930.00,24
693,"PO000693",100,459,20250712,20250729,150,64.97,9745.50,17
694,"PO000694",12,36,20241212,20241228,300,108.32,32496.00,16
695,"PO000695",81,607,20230622,20230701,750,33.97,25477.50,9
696,"PO000696",99,593,20240901,20240905,150,75.92,11388.00,4
697,"PO000697",38,558,20230110,20230113,200,815.28,163056.00,3
698,"PO000698",103,507,20230310,20230313,150,361.77,54265.50,3
699,"PO000699",97,121,20240724,20240809,1000,484.74,484740.00,16
700,"PO000700",44,814,20230323,20230420,200,45.45,9090.00,28
701,"PO000701",113,52,20251208,20251223,50,299.46,14973.00,15
702,"PO000702",90,918,20240816,20240831,50,127.49,6374.50,15
703,"PO000703",36,393,20230604,20230626,500,203.88,101940.00,22
704,"PO000704",101,606,20230407,20230427,1000,13.08,13080.00,20
705,"PO000705",40,339,20241009,20241030,750,178.56,133920.00,21
706,"PO000706",1,97,20250614,20250703,1000,49.26,49260.00,19
707,"PO000707",91,787,20230224,20230323,100,265.97,26597.00,27
708,"PO000708",77,600,20250522,20250529,100,472.44,47244.00,7
709,"PO000709",1,38,20230306,20230330,750,28.20,21150.00,24
710,"PO000710",77,302,20241203,20241214,750,96.22,72165.00,11
711,"PO000711",57,349,20240419,20240508,50,642.26,32113.00,19
712,"PO000712",88,255,20251029,20251119,1000,3.25,3250.00,21
713,"PO000713",31,350,20250815,20250824,750,24.53,18397.50,9
714,"PO000714",43,204,20250914,20251001,100,252.10,25210.00,17
715,"PO000715",103,263,20231212,20231215,100,20.88,2088.00,3
716,"PO000716",116,358,20230728,20230808,300,820.04,246012.00,11
717,"PO000717",75,883,20251008,20251031,200,77.17,15434.00,23
718,"PO000718",28,37,20250703,20250802,750,164.39,123292.50,30
719,"PO000719",77,16,20240822,20240831,300,61.39,18417.00,9
720,"PO000720",113,986,20230314,20230328,150,11.08,1662.00,14
721,"PO000721",15,310,20250422,20250506,100,255.96,25596.00,14
722,"PO000722",6,732,20240105,20240118,100,726.44,72644.00,13
723,"PO000723",18,702,20230422,20230519,150,31.65,4747.50,27
724,"PO000724",43,727,20230227,20230309,50,49.97,2498.50,10
725,"PO000725",6,732,20250214,20250304,300,696.05,208815.00,18
726,"PO000726",73,445,20250629,20250723,50,68.22,3411.00,24
727,"PO000727",107,633,20241210,20250103,100,20.53,2053.00,24
728,"PO000728",75,441,20250602,20250629,750,26.80,20100.00,27
729,"PO000729",58,509,20230818,20230907,100,8.23,823.00,20
730,"PO000730",46,910,20230522,20230609,200,36.40,7280.00,18
731,"PO000731",108,234,20250321,20250405,500,235.41,117705.00,15
732,"PO000732",7,895,20241205,20241225,750,72.24,54180.00,20
733,"PO000733",28,1,20241019,20241115,50,69.45,3472.50,27
734,"PO000734",109,421,20250706,20250716,500,106.98,53490.00,10
735,"PO000735",81,668,20241103,20241110,300,14.29,4287.00,7
736,"PO000736",78,589,20251027,20251114,300,62.73,18819.00,18
737,"PO000737",87,737,20240219,20240307,150,56.37,8455.50,17
738,"PO000738",63,747,20241013,20241106,50,92.76,4638.00,24
739,"PO000739",47,554,20251014,20251025,50,6.75,337.50,11
740,"PO000740",106,960,20240124,20240216,50,33.28,1664.00,23
741,"PO000741",101,345,20240901,20240925,200,247.75,49550.00,24
742,"PO000742",117,549,20250820,20250901,750,204.64,153480.00,12
743,"PO000743",30,591,20240120,20240209,200,40.86,8172.00,20
744,"PO000744",25,904,20241030,20241120,500,18.70,9350.00,21
745,"PO000745",39,796,20230729,20230819,100,52.14,5214.00,21
746,"PO000746",44,946,20250214,20250315,750,149.19,111892.50,29
747,"PO000747",51,584,20240518,20240523,200,195.17,39034.00,5
748,"PO000748",21,724,20240603,20240625,300,366.47,109941.00,22
749,"PO000749",22,810,20240809,20240824,300,57.77,17331.00,15
750,"PO000750",54,921,20241119,20241221,100,37.24,3724.00,32
751,"PO000751",73,495,20231215,20231231,750,492.49,369367.50,16
752,"PO000752",98,168,20251113,20251202,150,14.21,2131.50,19
753,"PO000753",97,141,20250722,20250810,300,26.07,7821.00,19
754,"PO000754",99,970,20250126,20250203,150,575.03,86254.50,8
755,"PO000755",44,560,20250713,20250807,100,199.85,19985.00,25
756,"PO000756",35,192,20240906,20240928,150,52.51,7876.50,22
757,"PO000757",28,700,20230530,20230628,750,161.21,120907.50,29
758,"PO000758",112,465,20250323,20250412,100,90.46,9046.00,20
759,"PO000759",44,814,20231113,20231208,150,45.01,6751.50,25
760,"PO000760",60,502,20250719,20250816,750,213.34,160005.00,28
761,"PO000761",103,451,20250711,20250712,200,357.34,71468.00,1
762,"PO000762",17,801,20240201,20240220,200,49.86,9972.00,19
763,"PO000763",107,131,20240806,20240830,1000,127.95,127950.00,24
764,"PO000764",118,183,20230528,20230704,50,120.55,6027.50,37
765,"PO000765",28,21,20240215,20240312,300,63.20,18960.00,26
766,"PO000766",104,667,20230319,20230409,300,494.53,148359.00,21
767,"PO000767",28,90,20230209,20230308,150,285.18,42777.00,27
768,"PO000768",61,892,20250929,20251031,50,27.88,1394.00,32
769,"PO000769",7,119,20251110,20251130,100,38.58,3858.00,20
770,"PO000770",78,232,20250528,20250611,150,141.78,21267.00,14
771,"PO000771",6,714,20241010,20241025,200,370.11,74022.00,15
772,"PO000772",33,80,20251128,20251222,100,20.77,2077.00,24
773,"PO000773",120,197,20230309,20230316,1000,35.35,35350.00,7
774,"PO000774",89,387,20241108,20241127,100,63.64,6364.00,19
775,"PO000775",55,872,20240127,20240219,500,19.92,9960.00,23
776,"PO000776",74,309,20240805,20240811,300,11.88,3564.00,6
777,"PO000777",43,727,20250315,20250325,750,46.86,35145.00,10
778,"PO000778",50,652,20241130,20241221,150,50.15,7522.50,21
779,"PO000779",10,751,20240715,20240725,150,194.94,29241.00,10
780,"PO000780",67,466,20241126,20241204,300,360.86,108258.00,8
781,"PO000781",1,38,20250826,20250913,1000,28.46,28460.00,18
782,"PO000782",46,372,20250930,20251021,50,147.76,7388.00,21
783,"PO000783",2,919,20240702,20240722,750,120.21,90157.50,20
784,"PO000784",55,703,20240614,20240708,300,10.90,3270.00,24
785,"PO000785",66,27,20250503,20250507,100,18.12,1812.00,4
786,"PO000786",12,440,20250713,20250728,150,12.94,1941.00,15
787,"PO000787",87,737,20240904,20240920,500,58.41,29205.00,16
788,"PO000788",94,912,20250323,20250412,1000,217.46,217460.00,20
789,"PO000789",71,815,20240624,20240715,1000,20.69,20690.00,21
790,"PO000790",1,97,20251027,20251116,200,50.43,10086.00,20
791,"PO000791",59,930,20250811,20250828,150,27.16,4074.00,17
792,"PO000792",76,25,20231126,20231217,100,762.16,76216.00,21
793,"PO000793",8,256,20230321,20230329,150,94.34,14151.00,8
794,"PO000794",83,826,20250312,20250407,500,5.64,2820.00,26
795,"PO000795",58,754,20240227,20240309,300,280.66,84198.00,11
796,"PO000796",23,800,20251118,20251122,100,53.19,5319.00,4
797,"PO000797",104,718,20240219,20240318,50,64.27,3213.50,28
798,"PO000798",29,524,20250918,20250929,50,82.08,4104.00,11
799,"PO000799",91,671,20240113,20240205,500,8.10,4050.00,23
800,"PO000800",39,665,20231206,20231224,300,39.16,11748.00,18
801,"PO000801",77,176,20230805,20230819,750,287.89,215917.50,14
802,"PO000802",96,726,20250706,20250719,150,71.34,10701.00,13
803,"PO000803",61,147,20250524,20250620,750,59.81,44857.50,27
804,"PO000804",50,586,20231024,20231112,1000,85.32,85320.00,19
805,"PO000805",27,818,20250119,20250128,300,195.57,58671.00,9
806,"PO000806",29,481,20241023,20241104,100,101.77,10177.00,12
807,"PO000807",22,654,20230825,20230909,100,40.00,4000.00,15
808,"PO000808",112,465,20250707,20250730,200,86.09,17218.00,23
809,"PO000809",21,53,20230725,20230818,1000,24.95,24950.00,24
810,"PO000810",107,131,20240620,20240716,500,128.79,64395.00,26
811,"PO000811",19,788,20240630,20240718,1000,15.69,15690.00,18
812,"PO000812",41,279,20240822,20240909,50,15.65,782.50,18
813,"PO000813",1,170,20240813,20240901,150,203.79,30568.50,19
814,"PO000814",94,908,20241222,20250111,300,147.70,44310.00,20
815,"PO000815",119,489,20231002,20231003,150,28.24,4236.00,1
816,"PO000816",3,637,20240721,20240806,200,479.95,95990.00,16
817,"PO000817",8,270,20250707,20250708,200,62.86,12572.00,1
818,"PO000818",61,825,20240416,20240511,1000,572.40,572400.00,25
819,"PO000819",75,883,20230430,20230526,50,80.28,4014.00,26
820,"PO000820",95,557,20250726,20250804,300,5.78,1734.00,9
821,"PO000821",68,467,20240512,20240516,50,94.29,4714.50,4
822,"PO000822",71,865,20250331,20250421,50,69.01,3450.50,21
823,"PO000823",20,163,20230211,20230221,1000,16.83,16830.00,10
824,"PO000824",56,137,20241202,20241203,300,20.81,6243.00,1
825,"PO000825",3,637,20251208,20251222,500,464.44,232220.00,14
826,"PO000826",18,702,20251018,20251117,200,30.63,6126.00,30
827,"PO000827",90,172,20240101,20240120,150,93.47,14020.50,19
828,"PO000828",91,795,20250926,20251019,1000,15.20,15200.00,23
829,"PO000829",67,402,20250211,20250216,300,196.24,58872.00,5
830,"PO000830",73,495,20240930,20241018,750,534.08,400560.00,18
831,"PO000831",64,771,20230909,20230918,100,91.23,9123.00,9
832,"PO000832",31,376,20250904,20250916,150,715.80,107370.00,12
833,"PO000833",4,291,20250225,20250329,50,29.25,1462.50,32
834,"PO000834",20,163,20250621,20250702,1000,15.68,15680.00,11
835,"PO000835",6,60,20230605,20230618,500,281.43,140715.00,13
836,"PO000836",114,346,20231207,20231228,100,57.67,5767.00,21
837,"PO000837",63,656,20241007,20241026,1000,47.91,47910.00,19
838,"PO000838",39,820,20230726,20230807,150,41.52,6228.00,12
839,"PO000839",15,936,20250114,20250127,300,245.25,73575.00,13
840,"PO000840",61,94,20241015,20241117,500,145.69,72845.00,33
841,"PO000841",116,889,20230121,20230205,300,121.09,36327.00,15
842,"PO000842",7,565,20240825,20240914,50,201.63,10081.50,20
843,"PO000843",16,435,20230320,20230401,150,625.99,93898.50,12
844,"PO000844",84,2,20230905,20230930,750,2.08,1560.00,25
845,"PO000845",18,505,20240529,20240626,200,8.79,1758.00,28
846,"PO000846",35,192,20240312,20240402,100,54.01,5401.00,21
847,"PO000847",94,912,20230212,20230306,1000,221.84,221840.00,22
848,"PO000848",37,335,20230522,20230605,50,386.75,19337.50,14
849,"PO000849",120,205,20240911,20240925,750,128.51,96382.50,14
850,"PO000850",64,428,20231115,20231121,50,16.16,808.00,6
851,"PO000851",103,932,20250307,20250311,100,7.48,748.00,4
852,"PO000852",75,460,20240813,20240906,750,122.42,91815.00,24
853,"PO000853",73,490,20240626,20240710,150,2.36,354.00,14
854,"PO000854",89,387,20250903,20250921,500,65.51,32755.00,18
855,"PO000855",80,191,20250814,20250816,100,257.33,25733.00,2
856,"PO000856",90,720,20251008,20251023,1000,315.31,315310.00,15
857,"PO000857",19,3,20230103,20230120,750,73.65,55237.50,17
858,"PO000858",37,474,20240119,20240207,300,19.25,5775.00,19
859,"PO000859",21,724,20250208,20250227,500,376.04,188020.00,19
860,"PO000860",111,230,20241006,20241113,50,30.91,1545.50,38
861,"PO000861",7,915,20250721,20250810,300,31.46,9438.00,20
862,"PO000862",84,916,20250729,20250819,1000,34.36,34360.00,21
863,"PO000863",58,977,20251012,20251030,100,130.71,13071.00,18
864,"PO000864",59,491,20230716,20230731,100,322.17,32217.00,15
865,"PO000865",22,770,20230501,20230519,750,225.06,168795.00,18
866,"PO000866",14,329,20230326,20230405,1000,181.16,181160.00,10
867,"PO000867",106,257,20250203,20250228,200,51.57,10314.00,25
868,"PO000868",87,244,20240105,20240122,150,269.49,40423.50,17
869,"PO000869",74,228,20250809,20250814,750,42.61,31957.50,5
870,"PO000870",13,635,20250504,20250521,750,73.39,55042.50,17
871,"PO000871",47,554,20250311,20250323,500,6.54,3270.00,12
872,"PO000872",14,608,20250925,20251006,150,58.65,8797.50,11
873,"PO000873",32,437,20230720,20230726,500,24.66,12330.00,6
874,"PO000874",108,234,20241021,20241110,150,229.48,34422.00,20
875,"PO000875",112,284,20230626,20230722,50,70.92,3546.00,26
876,"PO000876",38,601,20240727,20240729,300,742.89,222867.00,2
877,"PO000877",66,382,20230122,20230127,200,2.71,542.00,5
878,"PO000878",63,104,20250401,20250422,200,343.64,68728.00,21
879,"PO000879",40,789,20250818,20250905,200,1.31,262.00,18
880,"PO000880",14,599,20240603,20240610,200,72.26,14452.00,7
881,"PO000881",22,810,20230326,20230410,200,59.87,11974.00,15
882,"PO000882",89,387,20240327,20240412,150,63.48,9522.00,16
883,"PO000883",111,70,20240216,20240325,300,341.63,102489.00,38
884,"PO000884",80,92,20231021,20231028,750,45.91,34432.50,7
885,"PO000885",90,85,20230526,20230607,200,93.98,18796.00,12
886,"PO000886",106,175,20240422,20240518,150,95.99,14398.50,26
887,"PO000887",36,862,20240307,20240328,750,18.24,13680.00,21
888,"PO000888",18,697,20231121,20231215,750,249.64,187230.00,24
889,"PO000889",92,962,20250226,20250306,1000,108.99,108990.00,8
890,"PO000890",87,244,20250118,20250130,100,293.43,29343.00,12
891,"PO000891",108,116,20230704,20230721,100,884.16,88416.00,17
892,"PO000892",75,622,20231202,20231222,500,238.41,119205.00,20
893,"PO000893",45,78,20240728,20240802,150,753.46,113019.00,5
894,"PO000894",31,350,20241119,20241202,150,24.07,3610.50,13
895,"PO000895",37,357,20240305,20240326,200,385.95,77190.00,21
896,"PO000896",33,366,20251103,20251130,200,459.23,91846.00,27
897,"PO000897",54,543,20230114,20230212,100,13.78,1378.00,29
898,"PO000898",36,862,20230109,20230130,300,18.80,5640.00,21
899,"PO000899",50,361,20230908,20230928,750,5.22,3915.00,20
900,"PO000900",69,670,20241226,20250110,100,705.30,70530.00,15
901,"PO000901",66,342,20230314,20230318,500,234.55,117275.00,4
902,"PO000902",109,287,20250507,20250519,50,13.02,651.00,12
903,"PO000903",107,866,20250903,20251004,300,79.26,23778.00,31
904,"PO000904",106,175,20241129,20241221,150,94.51,14176.50,22
905,"PO000905",113,52,20231029,20231111,750,293.04,219780.00,13
906,"PO000906",43,76,20250308,20250315,200,14.96,2992.00,7
907,"PO000907",22,810,20241228,20250113,200,57.10,11420.00,16
908,"PO000908",89,226,20240229,20240325,1000,6.95,6950.00,25
909,"PO000909",94,742,20240116,20240206,200,47.89,9578.00,21
910,"PO000910",76,642,20230821,20230910,1000,57.20,57200.00,20
911,"PO000911",51,641,20251221,20251224,1000,71.36,71360.00,3
912,"PO000912",102,410,20230217,20230317,1000,154.11,154110.00,28
913,"PO000913",72,62,20230425,20230427,150,248.05,37207.50,2
914,"PO000914",73,585,20250104,20250129,150,125.72,18858.00,25
915,"PO000915",60,224,20250926,20251026,100,90.17,9017.00,30
916,"PO000916",109,492,20240629,20240709,200,66.99,13398.00,10
917,"PO000917",112,522,20230712,20230804,50,41.66,2083.00,23
918,"PO000918",32,401,20250430,20250508,300,72.77,21831.00,8
919,"PO000919",77,347,20251210,20251220,50,685.31,34265.50,10
920,"PO000920",109,794,20230905,20230916,1000,75.04,75040.00,11
921,"PO000921",17,273,20250104,20250122,1000,33.19,33190.00,18
922,"PO000922",12,748,20250725,20250812,50,15.30,765.00,18
923,"PO000923",34,762,20230309,20230324,750,185.38,139035.00,15
924,"PO000924",118,851,20250123,20250302,150,24.21,3631.50,38
925,"PO000925",47,82,20240129,20240208,200,26.16,5232.00,10
926,"PO000926",58,365,20240812,20240827,750,81.94,61455.00,15
927,"PO000927",66,434,20230829,20230904,300,32.97,9891.00,6
928,"PO000928",83,868,20250526,20250618,150,34.26,5139.00,23
929,"PO000929",76,454,20240104,20240124,200,4.35,870.00,20
930,"PO000930",28,478,20251226,20260122,100,4.19,419.00,27
931,"PO000931",2,145,20240205,20240228,1000,82.62,82620.00,23
932,"PO000932",90,85,20241005,20241019,300,99.05,29715.00,14
933,"PO000933",65,657,20240206,20240223,500,138.89,69445.00,17
934,"PO000934",26,980,20241219,20250105,100,101.12,10112.00,17
935,"PO000935",95,557,20240608,20240618,1000,5.59,5590.00,10
936,"PO000936",79,470,20250731,20250902,300,360.90,108270.00,33
937,"PO000937",115,624,20240810,20240822,1000,535.41,535410.00,12
938,"PO000938",76,843,20251006,20251030,750,29.42,22065.00,24
939,"PO000939",81,668,20251229,20260106,150,14.79,2218.50,8
940,"PO000940",119,489,20230505,20230507,200,28.18,5636.00,2
941,"PO000941",103,451,20250102,20250103,150,364.51,54676.50,1
942,"PO000942",31,650,20230922,20231003,500,26.33,13165.00,11
943,"PO000943",92,728,20240102,20240107,500,26.01,13005.00,5
944,"PO000944",10,212,20250129,20250207,300,63.48,19044.00,9
945,"PO000945",71,925,20240812,20240901,200,39.96,7992.00,20
946,"PO000946",120,205,20240817,20240829,150,127.23,19084.50,12
947,"PO000947",88,58,20230317,20230406,50,22.41,1120.50,20
948,"PO000948",103,940,20240630,20240707,50,653.72,32686.00,7
949,"PO000949",92,128,20240228,20240303,200,94.70,18940.00,4
950,"PO000950",111,307,20240523,20240705,150,799.40,119910.00,43
951,"PO000951",80,213,20250714,20250718,500,324.12,162060.00,4
952,"PO000952",95,69,20250124,20250207,750,38.07,28552.50,14
953,"PO000953",58,324,20230510,20230529,500,166.19,83095.00,19
954,"PO000954",22,837,20230216,20230303,200,19.37,3874.00,15
955,"PO000955",32,401,20240504,20240514,50,70.73,3536.50,10
956,"PO000956",73,445,20241207,20241227,1000,67.72,67720.00,20
957,"PO000957",77,347,20250402,20250413,1000,722.56,722560.00,11
958,"PO000958",109,794,20230221,20230311,200,73.72,14744.00,18
959,"PO000959",77,176,20251207,20251222,1000,283.93,283930.00,15
960,"PO000960",44,946,20240911,20241008,50,148.16,7408.00,27
961,"PO000961",8,323,20230216,20230219,200,42.80,8560.00,3
962,"PO000962",48,506,20240123,20240202,150,67.63,10144.50,10
963,"PO000963",40,789,20250813,20250907,200,1.37,274.00,25
964,"PO000964",119,477,20240113,20240114,150,13.01,1951.50,1
965,"PO000965",44,201,20241029,20241126,200,31.50,6300.00,28
966,"PO000966",72,471,20250902,20250904,150,196.63,29494.50,2
967,"PO000967",37,57,20251205,20251222,300,47.24,14172.00,17
968,"PO000968",37,715,20231208,20231223,1000,14.95,14950.00,15
969,"PO000969",16,304,20240811,20240822,300,283.64,85092.00,11
970,"PO000970",59,645,20241011,20241031,150,30.00,4500.00,20
971,"PO000971",1,170,20251219,20260108,500,207.72,103860.00,20
972,"PO000972",87,985,20250714,20250728,750,26.40,19800.00,14
973,"PO000973",18,611,20251225,20260116,150,288.57,43285.50,22
974,"PO000974",102,276,20250829,20250923,200,228.33,45666.00,25
975,"PO000975",42,497,20240322,20240422,200,3.07,614.00,31
976,"PO000976",63,203,20250526,20250622,100,315.97,31597.00,27
977,"PO000977",96,314,20241211,20241220,500,5.87,2935.00,9
978,"PO000978",106,759,20230717,20230809,300,46.80,14040.00,23
979,"PO000979",31,650,20231114,20231128,750,24.51,18382.50,14
980,"PO000980",103,311,20240302,20240311,750,118.66,88995.00,9
981,"PO000981",112,522,20250704,20250726,750,41.08,30810.00,22
982,"PO000982",78,707,20240418,20240507,500,12.21,6105.00,19
983,"PO000983",30,217,20231124,20231208,200,579.73,115946.00,14
984,"PO000984",33,620,20240831,20240923,300,19.27,5781.00,23
985,"PO000985",103,618,20230927,20231001,100,39.49,3949.00,4
986,"PO000986",16,45,20250111,20250123,750,75.78,56835.00,12
987,"PO000987",96,314,20250406,20250419,200,6.24,1248.00,13
988,"PO000988",47,596,20250406,20250417,500,134.33,67165.00,11
989,"PO000989",89,464,20230907,20230926,300,128.87,38661.00,19
990,"PO000990",103,263,20250725,20250730,100,21.00,2100.00,5
991,"PO000991",61,870,20231026,20231120,750,21.55,16162.50,25
992,"PO000992",54,360,20251125,20251228,100,291.30,29130.00,33
993,"PO000993",1,170,20250226,20250319,750,202.56,151920.00,21
994,"PO000994",101,615,20231022,20231107,100,32.06,3206.00,16
995,"PO000995",85,91,20231108,20231125,200,145.97,29194.00,17
996,"PO000996",101,133,20240607,20240628,50,89.62,4481.00,21
997,"PO000997",93,211,20241107,20241122,150,137.92,20688.00,15
998,"PO000998",13,635,20241011,20241024,300,75.54,22662.00,13
999,"PO000999",28,90,20240315,20240406,150,276.34,41451.00,22
1000,"PO001000",23,523,20230424,20230428,300,122.82,36846.00,4
1001,"PO001001",83,561,20230904,20230927,1000,435.79,435790.00,23
1002,"PO001002",103,555,20240303,20240308,50,18.05,902.50,5
1003,"PO001003",71,865,20240820,20240911,50,70.77,3538.50,22
1004,"PO001004",53,536,20230805,20230828,100,7.58,758.00,23
1005,"PO001005",7,915,20230523,20230612,500,32.20,16100.00,20
1006,"PO001006",55,39,20240103,20240125,500,47.84,23920.00,22
1007,"PO001007",77,442,20230105,20230112,200,282.01,56402.00,7
1008,"PO001008",106,278,20231117,20231210,150,17.27,2590.50,23
1009,"PO001009",7,565,20230114,20230207,750,201.71,151282.50,24
1010,"PO001010",24,592,20251030,20251116,1000,31.63,31630.00,17
1011,"PO001011",103,311,20240929,20241005,150,128.83,19324.50,6
1012,"PO001012",46,757,20231107,20231127,500,93.70,46850.00,20
1013,"PO001013",28,1,20240126,20240224,200,65.44,13088.00,29
1014,"PO001014",49,621,20250707,20250724,500,227.04,113520.00,17
1015,"PO001015",8,323,20231115,20231117,100,44.52,4452.00,2
1016,"PO001016",111,833,20230518,20230630,300,27.88,8364.00,43
1017,"PO001017",71,964,20240804,20240824,100,79.47,7947.00,20
1018,"PO001018",119,477,20251004,20251010,500,13.48,6740.00,6
1019,"PO001019",5,398,20251212,20251225,1000,92.35,92350.00,13
1020,"PO001020",48,399,20240604,20240620,1000,99.79,99790.00,16
1021,"PO001021",82,184,20251209,20260102,500,34.01,17005.00,24
1022,"PO001022",54,198,20250521,20250627,150,14.15,2122.50,37
1023,"PO001023",32,783,20230504,20230512,200,28.98,5796.00,8
1024,"PO001024",57,431,20240327,20240413,750,481.59,361192.50,17
1025,"PO001025",44,425,20241117,20241214,150,87.24,13086.00,27
1026,"PO001026",21,297,20240630,20240724,300,25.81,7743.00,24
1027,"PO001027",30,591,20230731,20230824,100,40.67,4067.00,24
1028,"PO001028",55,872,20250518,20250606,200,18.88,3776.00,19
1029,"PO001029",100,973,20230604,20230618,50,805.77,40288.50,14
1030,"PO001030",95,557,20240721,20240729,300,5.60,1680.00,8
1031,"PO001031",76,843,20250422,20250509,150,29.39,4408.50,17
1032,"PO001032",45,292,20240510,20240528,200,126.78,25356.00,18
1033,"PO001033",58,977,20251105,20251123,50,136.16,6808.00,18
1034,"PO001034",89,631,20240219,20240306,750,56.18,42135.00,16
1035,"PO001035",65,286,20240311,20240331,50,40.05,2002.50,20
1036,"PO001036",88,575,20250403,20250422,150,9.12,1368.00,19
1037,"PO001037",114,246,20250810,20250901,50,108.78,5439.00,22
1038,"PO001038",63,563,20241120,20241216,1000,41.96,41960.00,26
1039,"PO001039",75,517,20240328,20240419,1000,812.32,812320.00,22
1040,"PO001040",41,207,20241017,20241101,750,14.92,11190.00,15
1041,"PO001041",62,942,20240711,20240812,500,65.70,32850.00,32
1042,"PO001042",60,326,20230814,20230913,100,11.11,1111.00,30
1043,"PO001043",87,737,20250811,20250831,100,59.93,5993.00,20
1044,"PO001044",78,180,20250408,20250428,200,8.53,1706.00,20
1045,"PO001045",5,528,20230105,20230112,500,29.56,14780.00,7
1046,"PO001046",45,392,20250324,20250406,50,192.25,9612.50,13
1047,"PO001047",117,549,20230530,20230615,750,215.72,161790.00,16
1048,"PO001048",110,496,20250608,20250621,1000,52.61,52610.00,13
1049,"PO001049",97,124,20230411,20230429,750,144.85,108637.50,18
1050,"PO001050",60,502,20251004,20251102,500,225.70,112850.00,29
1051,"PO001051",37,285,20250906,20250925,500,2.05,1025.00,19
1052,"PO001052",18,859,20230504,20230530,200,607.79,121558.00,26
1053,"PO001053",14,644,20250203,20250206,100,277.66,27766.00,3
1054,"PO001054",49,621,20231129,20231219,500,235.56,117780.00,20
1055,"PO001055",28,37,20230330,20230426,150,153.07,22960.50,27
1056,"PO001056",108,609,20230704,20230724,150,48.22,7233.00,20
1057,"PO001057",50,227,20230327,20230416,200,76.65,15330.00,20
1058,"PO001058",8,256,20240503,20240504,200,94.16,18832.00,1
1059,"PO001059",76,616,20240102,20240123,200,61.43,12286.00,21
1060,"PO001060",22,221,20240522,20240606,750,17.30,12975.00,15
1061,"PO001061",111,833,20250508,20250619,500,29.44,14720.00,42
1062,"PO001062",40,339,20250721,20250808,150,167.36,25104.00,18
1063,"PO001063",14,159,20241018,20241024,150,191.28,28692.00,6
1064,"PO001064",29,905,20230401,20230409,300,11.65,3495.00,8
1065,"PO001065",120,711,20240729,20240813,1000,12.66,12660.00,15
1066,"PO001066",43,204,20240101,20240111,100,239.58,23958.00,10
1067,"PO001067",84,2,20251214,20260108,500,2.03,1015.00,25
1068,"PO001068",117,359,20240526,20240613,750,207.45,155587.50,18
1069,"PO001069",97,141,20240826,20240910,200,25.84,5168.00,15
1070,"PO001070",103,98,20230306,20230315,50,602.83,30141.50,9
1071,"PO001071",26,237,20251115,20251202,100,41.49,4149.00,17
1072,"PO001072",41,840,20250624,20250712,300,115.89,34767.00,18
1073,"PO001073",21,186,20230517,20230610,100,124.00,12400.00,24
1074,"PO001074",47,444,20230208,20230220,100,302.06,30206.00,12
1075,"PO001075",91,944,20240722,20240812,300,75.20,22560.00,21
1076,"PO001076",32,437,20250603,20250613,150,26.95,4042.50,10
1077,"PO001077",53,31,20241108,20241128,150,12.67,1900.50,20
1078,"PO001078",85,208,20250712,20250721,150,181.92,27288.00,9
1079,"PO001079",34,882,20251220,20260109,200,174.12,34824.00,20
1080,"PO001080",15,174,20250805,20250821,200,37.02,7404.00,16
1081,"PO001081",81,215,20230531,20230608,100,18.13,1813.00,8
1082,"PO001082",87,985,20250416,20250501,200,24.88,4976.00,15
1083,"PO001083",75,460,20230709,20230731,300,117.79,35337.00,22
1084,"PO001084",14,974,20230219,20230227,200,217.67,43534.00,8
1085,"PO001085",97,831,20250610,20250630,300,4.33,1299.00,20
1086,"PO001086",104,35,20251207,20251225,150,247.33,37099.50,18
1087,"PO001087",1,963,20231007,20231029,1000,543.36,543360.00,22
1088,"PO001088",44,683,20251008,20251107,50,249.62,12481.00,30
1089,"PO001089",20,424,20250521,20250522,150,19.04,2856.00,1
1090,"PO001090",80,125,20241202,20241206,1000,31.81,31810.00,4
1091,"PO001091",85,187,20231026,20231110,50,16.99,849.50,15
1092,"PO001092",1,38,20240424,20240520,750,29.70,22275.00,26
1093,"PO001093",85,875,20230103,20230121,300,79.32,23796.00,18
1094,"PO001094",117,341,20240822,20240906,200,719.31,143862.00,15
1095,"PO001095",109,407,20241127,20241203,300,257.50,77250.00,6
1096,"PO001096",5,528,20251224,20260105,750,29.50,22125.00,12
1097,"PO001097",15,56,20250302,20250311,200,651.32,130264.00,9
1098,"PO001098",48,456,20230421,20230508,500,113.60,56800.00,17
1099,"PO001099",47,913,20241124,20241207,300,83.26,24978.00,13
1100,"PO001100",54,658,20230308,20230410,200,56.83,11366.00,33
1101,"PO001101",42,265,20240521,20240621,100,512.69,51269.00,31
1102,"PO001102",82,184,20240718,20240816,200,34.44,6888.00,29
1103,"PO001103",104,880,20240103,20240124,500,56.85,28425.00,21
1104,"PO001104",38,156,20250822,20250824,50,26.31,1315.50,2
1105,"PO001105",56,571,20251210,20251211,100,158.92,15892.00,1
1106,"PO001106",73,495,20230618,20230709,100,512.98,51298.00,21
1107,"PO001107",114,909,20241209,20241223,500,74.17,37085.00,14
1108,"PO001108",101,173,20231025,20231115,500,358.55,179275.00,21
1109,"PO001109",5,957,20251218,20251231,100,88.06,8806.00,13
1110,"PO001110",93,884,20250529,20250617,50,10.13,506.50,19
1111,"PO001111",66,672,20251105,20251108,300,43.71,13113.00,3
1112,"PO001112",113,535,20231130,20231214,500,356.23,178115.00,14
1113,"PO001113",57,431,20240109,20240127,500,485.43,242715.00,18
1114,"PO001114",33,223,20230401,20230423,300,43.29,12987.00,22
1115,"PO001115",47,82,20251225,20260107,200,25.63,5126.00,13
1116,"PO001116",24,34,20240212,20240229,200,101.01,20202.00,17
1117,"PO001117",76,260,20230217,20230308,50,618.92,30946.00,19
1118,"PO001118",86,340,20241219,20241228,100,24.67,2467.00,9
1119,"PO001119",99,534,20250203,20250211,100,56.52,5652.00,8
1120,"PO001120",49,677,20230702,20230721,200,108.29,21658.00,19
1121,"PO001121",28,90,20250929,20251025,100,294.93,29493.00,26
1122,"PO001122",120,362,20251128,20251210,50,22.49,1124.50,12
1123,"PO001123",93,966,20231229,20240110,200,239.41,47882.00,12
1124,"PO001124",83,704,20240922,20241018,200,71.93,14386.00,26
1125,"PO001125",108,116,20250315,20250326,750,874.52,655890.00,11
1126,"PO001126",51,130,20230616,20230626,300,740.18,222054.00,10
1127,"PO001127",63,747,20250115,20250208,200,91.43,18286.00,24
1128,"PO001128",9,8,20250711,20250714,300,826.74,248022.00,3
1129,"PO001129",39,55,20240701,20240725,150,84.32,12648.00,24
1130,"PO001130",111,230,20251020,20251124,750,33.39,25042.50,35
1131,"PO001131",5,398,20241217,20250104,500,86.66,43330.00,18
1132,"PO001132",57,386,20251119,20251207,50,237.79,11889.50,18
1133,"PO001133",111,833,20251202,20260107,150,27.84,4176.00,36
1134,"PO001134",7,867,20230715,20230807,200,410.51,82102.00,23
1135,"PO001135",58,509,20241121,20241207,500,7.97,3985.00,16
1136,"PO001136",21,453,20231016,20231107,200,171.51,34302.00,22
1137,"PO001137",58,807,20230522,20230611,50,63.60,3180.00,20
1138,"PO001138",6,732,20240318,20240330,1000,741.83,741830.00,12
1139,"PO001139",2,950,20240809,20240830,750,12.73,9547.50,21
1140,"PO001140",63,656,20250124,20250216,750,46.53,34897.50,23
1141,"PO001141",93,966,20251024,20251111,300,240.40,72120.00,18
1142,"PO001142",62,695,20230318,20230417,750,40.09,30067.50,30
1143,"PO001143",40,73,20250810,20250831,50,123.26,6163.00,21
1144,"PO001144",114,850,20230430,20230512,750,36.22,27165.00,12
1145,"PO001145",60,353,20240703,20240730,50,69.78,3489.00,27
1146,"PO001146",99,127,20230525,20230604,1000,6.39,6390.00,10
1147,"PO001147",76,642,20230122,20230214,200,60.20,12040.00,23
1148,"PO001148",96,726,20231012,20231025,750,68.04,51030.00,13
1149,"PO001149",85,187,20250225,20250314,750,17.30,12975.00,17
1150,"PO001150",23,798,20250729,20250731,200,28.62,5724.00,2
1151,"PO001151",82,504,20230607,20230703,200,500.05,100010.00,26
1152,"PO001152",19,836,20230313,20230404,300,7.93,2379.00,22
1153,"PO001153",120,197,20240806,20240818,150,35.85,5377.50,12
1154,"PO001154",64,771,20240312,20240323,200,88.74,17748.00,11
1155,"PO001155",108,609,20250803,20250818,500,48.50,24250.00,15
1156,"PO001156",42,485,20230215,20230314,750,46.52,34890.00,27
1157,"PO001157",17,514,20240529,20240610,150,66.99,10048.50,12
1158,"PO001158",62,612,20240731,20240901,1000,109.71,109710.00,32
1159,"PO001159",80,92,20240717,20240722,50,46.28,2314.00,5
1160,"PO001160",97,124,20251122,20251211,100,137.68,13768.00,19
1161,"PO001161",77,179,20230118,20230126,100,33.39,3339.00,8
1162,"PO001162",24,1000,20250323,20250403,100,36.92,3692.00,11
1163,"PO001163",47,82,20240208,20240219,300,27.77,8331.00,11
1164,"PO001164",39,665,20230624,20230712,500,39.73,19865.00,18
1165,"PO001165",60,828,20250115,20250216,100,176.29,17629.00,32
1166,"PO001166",57,298,20230516,20230602,300,349.51,104853.00,17
1167,"PO001167",49,621,20250215,20250310,100,245.50,24550.00,23
1168,"PO001168",63,162,20230518,20230607,500,406.30,203150.00,20
1169,"PO001169",119,81,20240412,20240413,100,15.07,1507.00,1
1170,"PO001170",60,240,20250219,20250320,150,184.19,27628.50,29
1171,"PO001171",51,414,20241012,20241019,200,33.87,6774.00,7
1172,"PO001172",31,572,20231214,20231226,50,684.17,34208.50,12
1173,"PO001173",103,932,20230906,20230910,200,8.19,1638.00,4
1174,"PO001174",8,323,20231015,20231017,100,44.95,4495.00,2
1175,"PO001175",97,121,20230911,20231003,50,486.80,24340.00,22
1176,"PO001176",105,533,20250417,20250509,500,68.11,34055.00,22
1177,"PO001177",83,826,20240330,20240424,750,5.55,4162.50,25
1178,"PO001178",39,430,20230822,20230909,500,29.28,14640.00,18
1179,"PO001179",53,31,20250201,20250215,150,12.31,1846.50,14
1180,"PO001180",103,507,20230615,20230620,1000,363.70,363700.00,5
1181,"PO001181",11,659,20251226,20260127,150,203.23,30484.50,32
1182,"PO001182",114,850,20230612,20230703,300,36.22,10866.00,21
1183,"PO001183",31,541,20240830,20240911,300,23.78,7134.00,12
1184,"PO001184",7,915,20230306,20230326,200,32.73,6546.00,20
1185,"PO001185",14,329,20240717,20240723,150,181.58,27237.00,6
1186,"PO001186",2,443,20250522,20250614,1000,7.69,7690.00,23
1187,"PO001187",89,631,20251122,20251210,1000,56.09,56090.00,18
1188,"PO001188",46,785,20230422,20230507,1000,249.41,249410.00,15
1189,"PO001189",61,892,20250526,20250619,500,27.55,13775.00,24
1190,"PO001190",101,173,20250407,20250426,100,351.56,35156.00,19
1191,"PO001191",106,759,20251001,20251023,500,49.43,24715.00,22
1192,"PO001192",87,731,20250119,20250204,150,69.08,10362.00,16
1193,"PO001193",18,697,20241103,20241128,300,256.67,77001.00,25
1194,"PO001194",17,417,20241024,20241111,100,552.72,55272.00,18
1195,"PO001195",35,604,20250112,20250203,150,251.02,37653.00,22
1196,"PO001196",109,135,20230805,20230816,1000,156.73,156730.00,11
1197,"PO001197",50,709,20230527,20230614,1000,490.37,490370.00,18
1198,"PO001198",40,73,20240608,20240630,750,124.07,93052.50,22
1199,"PO001199",39,665,20240729,20240817,200,38.14,7628.00,19
1200,"PO001200",12,423,20250717,20250802,300,64.94,19482.00,16
1201,"PO001201",91,795,20231115,20231210,750,14.46,10845.00,25
1202,"PO001202",104,542,20230223,20230317,1000,28.67,28670.00,22
1203,"PO001203",99,782,20230102,20230112,100,415.51,41551.00,10
1204,"PO001204",9,369,20250417,20250428,100,195.05,19505.00,11
1205,"PO001205",98,181,20231121,20231203,750,153.66,115245.00,12
1206,"PO001206",102,858,20230311,20230403,1000,17.33,17330.00,23
1207,"PO001207",18,881,20251019,20251114,150,67.32,10098.00,26
1208,"PO001208",47,597,20251028,20251107,500,33.62,16810.00,10
1209,"PO001209",60,190,20231216,20240115,50,30.27,1513.50,30
1210,"PO001210",101,614,20251012,20251104,200,77.39,15478.00,23
1211,"PO001211",72,515,20240110,20240113,200,8.26,1652.00,3
1212,"PO001212",21,297,20251026,20251118,200,24.12,4824.00,23
1213,"PO001213",98,181,20231104,20231123,500,155.63,77815.00,19
1214,"PO001214",53,896,20250811,20250827,200,225.43,45086.00,16
1215,"PO001215",104,786,20240718,20240811,1000,181.53,181530.00,24
1216,"PO001216",57,225,20241119,20241209,100,90.85,9085.00,20
1217,"PO001217",48,456,20230114,20230124,150,110.99,16648.50,10
1218,"PO001218",4,117,20250208,20250313,50,9.90,495.00,33
1219,"PO001219",114,978,20250325,20250416,1000,149.96,149960.00,22
1220,"PO001220",85,338,20231208,20231223,150,111.38,16707.00,15
1221,"PO001221",85,187,20230112,20230127,1000,17.13,17130.00,15
1222,"PO001222",87,396,20250120,20250213,100,3.32,332.00,24
1223,"PO001223",88,766,20250825,20250914,150,102.20,15330.00,20
1224,"PO001224",51,641,20230831,20230902,500,67.39,33695.00,2
1225,"PO001225",38,601,20230527,20230528,1000,770.15,770150.00,1
1226,"PO001226",52,74,20250919,20251003,500,6.98,3490.00,14
1227,"PO001227",39,834,20231011,20231023,150,35.72,5358.00,12
1228,"PO001228",101,614,20241026,20241119,150,80.08,12012.00,24
1229,"PO001229",25,904,20250411,20250428,1000,17.57,17570.00,17
1230,"PO001230",41,473,20250930,20251018,50,167.19,8359.50,18
1231,"PO001231",84,2,20230713,20230807,50,1.97,98.50,25
1232,"PO001232",46,785,20250603,20250621,150,251.52,37728.00,18
1233,"PO001233",36,862,20231119,20231206,50,19.27,963.50,17
1234,"PO001234",14,974,20240908,20240913,200,210.03,42006.00,5
1235,"PO001235",41,897,20250428,20250517,750,7.35,5512.50,19
1236,"PO001236",93,705,20230723,20230807,750,146.90,110175.00,15
1237,"PO001237",11,390,20231022,20231117,750,119.36,89520.00,26
1238,"PO001238",11,824,20250524,20250622,1000,155.42,155420.00,29
1239,"PO001239",3,813,20241003,20241015,200,525.92,105184.00,12
1240,"PO001240",103,388,20231101,20231107,100,88.51,8851.00,6
1241,"PO001241",67,466,20250717,20250725,1000,347.79,347790.00,8
1242,"PO001242",42,265,20240908,20241013,500,555.67,277835.00,35
1243,"PO001243",50,709,20240705,20240718,100,466.00,46600.00,13
1244,"PO001244",55,703,20250920,20251008,750,10.89,8167.50,18
1245,"PO001245",107,675,20250506,20250602,750,60.62,45465.00,27
1246,"PO001246",30,911,20241020,20241116,500,49.21,24605.00,27
1247,"PO001247",21,688,20251108,20251127,1000,6.35,6350.00,19
1248,"PO001248",101,993,20230419,20230510,100,4.68,468.00,21
1249,"PO001249",82,719,20231127,20231226,150,5.93,889.50,29
1250,"PO001250",50,709,20250728,20250815,200,461.49,92298.00,18
1251,"PO001251",6,969,20240629,20240714,200,34.51,6902.00,15
1252,"PO001252",84,2,20250120,20250215,750,2.03,1522.50,26
1253,"PO001253",12,312,20250228,20250313,200,290.49,58098.00,13
1254,"PO001254",75,460,20240930,20241024,50,117.20,5860.00,24
1255,"PO001255",107,281,20251118,20251215,500,15.32,7660.00,27
1256,"PO001256",47,82,20230711,20230718,50,27.63,1381.50,7
1257,"PO001257",109,681,20230818,20230829,750,39.29,29467.50,11
1258,"PO001258",107,281,20240504,20240531,1000,14.98,14980.00,27
1259,"PO001259",60,190,20240214,20240313,1000,32.30,32300.00,28
1260,"PO001260",89,631,20241022,20241115,200,53.41,10682.00,24
1261,"PO001261",71,356,20230618,20230707,750,544.98,408735.00,19
1262,"PO001262",27,427,20250714,20250723,200,326.27,65254.00,9
1263,"PO001263",101,606,20250219,20250314,300,13.56,4068.00,23
1264,"PO001264",69,51,20240617,20240627,150,13.11,1966.50,10
1265,"PO001265",47,712,20240304,20240311,750,139.75,104812.50,7
1266,"PO001266",77,333,20240702,20240716,50,4.59,229.50,14
1267,"PO001267",69,670,20240820,20240827,1000,698.77,698770.00,7
1268,"PO001268",16,435,20250107,20250117,100,635.05,63505.00,10
1269,"PO001269",31,48,20230608,20230622,200,13.71,2742.00,14
1270,"PO001270",84,501,20251018,20251113,200,40.28,8056.00,26
1271,"PO001271",50,250,20240414,20240429,300,365.99,109797.00,15
1272,"PO001272",54,95,20240408,20240512,100,871.66,87166.00,34
1273,"PO001273",58,365,20250810,20250826,50,80.92,4046.00,16
1274,"PO001274",66,342,20230823,20230827,750,232.94,174705.00,4
1275,"PO001275",38,822,20240531,20240607,750,52.62,39465.00,7
1276,"PO001276",78,232,20230531,20230623,500,135.38,67690.00,23
1277,"PO001277",5,660,20240726,20240811,300,89.01,26703.00,16
1278,"PO001278",39,249,20241223,20250108,150,755.38,113307.00,16
1279,"PO001279",16,723,20231001,20231013,500,814.81,407405.00,12
1280,"PO001280",31,48,20240101,20240114,200,13.97,2794.00,13
1281,"PO001281",82,719,20250218,20250317,200,6.34,1268.00,27
1282,"PO001282",91,795,20230302,20230331,100,14.20,1420.00,29
1283,"PO001283",80,67,20230810,20230817,150,35.23,5284.50,7
1284,"PO001284",21,639,20241218,20250108,750,110.12,82590.00,21
1285,"PO001285",50,709,20250108,20250127,1000,473.77,473770.00,19
1286,"PO001286",72,283,20230522,20230526,300,6.72,2016.00,4
1287,"PO001287",65,450,20230316,20230403,750,73.45,55087.50,18
1288,"PO001288",62,942,20231109,20231205,200,67.15,13430.00,26
1289,"PO001289",49,941,20231005,20231025,200,28.39,5678.00,20
1290,"PO001290",93,884,20250714,20250730,200,10.37,2074.00,16
1291,"PO001291",37,404,20250925,20251013,750,46.17,34627.50,18
1292,"PO001292",115,452,20250301,20250312,750,54.96,41220.00,11
1293,"PO001293",101,684,20240312,20240404,200,13.94,2788.00,23
1294,"PO001294",32,437,20250612,20250619,1000,24.82,24820.00,7
1295,"PO001295",11,830,20230613,20230716,100,312.60,31260.00,33
1296,"PO001296",71,925,20250716,20250731,1000,43.42,43420.00,15
1297,"PO001297",83,247,20230414,20230508,50,84.47,4223.50,24
1298,"PO001298",28,873,20230809,20230908,200,34.57,6914.00,30
1299,"PO001299",7,565,20250615,20250704,50,196.47,9823.50,19
1300,"PO001300",79,138,20250415,20250518,300,269.54,80862.00,33
1301,"PO001301",111,307,20240413,20240515,750,800.21,600157.50,32
1302,"PO001302",89,226,20240724,20240813,500,6.65,3325.00,20
1303,"PO001303",50,374,20241117,20241205,750,599.98,449985.00,18
1304,"PO001304",94,269,20251221,20260108,100,30.33,3033.00,18
1305,"PO001305",13,635,20230402,20230413,750,77.76,58320.00,11
1306,"PO001306",76,313,20240312,20240403,300,178.48,53544.00,22
1307,"PO001307",116,406,20240205,20240217,200,35.58,7116.00,12
1308,"PO001308",94,908,20240420,20240512,1000,153.98,153980.00,22
1309,"PO001309",36,527,20251003,20251021,500,99.30,49650.00,18
1310,"PO001310",37,715,20240602,20240620,300,14.83,4449.00,18
1311,"PO001311",96,231,20230611,20230624,500,122.59,61295.00,13
1312,"PO001312",12,955,20250426,20250511,500,680.95,340475.00,15
1313,"PO001313",96,956,20250417,20250430,500,203.23,101615.00,13
1314,"PO001314",6,943,20231023,20231030,150,104.87,15730.50,7
1315,"PO001315",116,406,20241031,20241111,150,34.76,5214.00,11
1316,"PO001316",92,728,20250420,20250428,50,25.47,1273.50,8
1317,"PO001317",67,47,20250823,20250827,1000,48.54,48540.00,4
1318,"PO001318",92,22,20251201,20251209,1000,572.34,572340.00,8
1319,"PO001319",6,943,20230318,20230403,750,100.99,75742.50,16
1320,"PO001320",33,9,20240209,20240305,300,49.16,14748.00,25
1321,"PO001321",116,358,20240809,20240820,50,845.47,42273.50,11
1322,"PO001322",38,601,20250319,20250324,500,708.53,354265.00,5
1323,"PO001323",118,673,20230620,20230731,150,98.84,14826.00,41
1324,"PO001324",104,718,20241117,20241211,50,66.34,3317.00,24
1325,"PO001325",57,386,20231002,20231023,50,227.62,11381.00,21
1326,"PO001326",108,14,20240919,20241008,150,33.86,5079.00,19
1327,"PO001327",110,214,20240706,20240716,1000,37.86,37860.00,10
1328,"PO001328",3,713,20240618,20240704,100,60.10,6010.00,16
1329,"PO001329",11,659,20231206,20240107,150,193.20,28980.00,32
1330,"PO001330",83,325,20250724,20250820,200,152.05,30410.00,27
1331,"PO001331",78,923,20230807,20230824,750,108.20,81150.00,17
1332,"PO001332",117,468,20230415,20230503,500,112.11,56055.00,18
1333,"PO001333",93,884,20240121,20240208,1000,10.71,10710.00,18
1334,"PO001334",113,52,20230823,20230904,100,299.01,29901.00,12
1335,"PO001335",62,429,20240112,20240214,200,100.26,20052.00,33
1336,"PO001336",114,909,20231102,20231120,1000,78.42,78420.00,18
1337,"PO001337",21,68,20251103,20251128,500,196.30,98150.00,25
1338,"PO001338",83,247,20240418,20240512,100,85.76,8576.00,24
1339,"PO001339",111,230,20250913,20251018,50,32.31,1615.50,35
1340,"PO001340",1,963,20231209,20240101,500,541.71,270855.00,23
1341,"PO001341",76,480,20240406,20240425,100,146.28,14628.00,19
1342,"PO001342",120,197,20240726,20240807,100,36.39,3639.00,12
1343,"PO001343",67,47,20251207,20251215,750,44.98,33735.00,8
1344,"PO001344",74,511,20230615,20230624,200,509.46,101892.00,9
1345,"PO001345",76,25,20250415,20250505,150,721.87,108280.50,20
1346,"PO001346",41,279,20230317,20230328,50,16.12,806.00,11
1347,"PO001347",48,15,20230622,20230706,500,144.32,72160.00,14
1348,"PO001348",108,234,20250512,20250527,50,223.60,11180.00,15
1349,"PO001349",68,400,20250418,20250426,200,607.37,121474.00,8
1350,"PO001350",17,273,20250904,20250921,1000,35.00,35000.00,17
1351,"PO001351",31,752,20240330,20240411,100,35.52,3552.00,12
1352,"PO001352",22,20,20230113,20230201,300,94.78,28434.00,19
1353,"PO001353",119,994,20250327,20250328,1000,37.08,37080.00,1
1354,"PO001354",88,766,20240208,20240301,200,100.22,20044.00,22
1355,"PO001355",118,673,20250917,20251023,100,106.12,10612.00,36
1356,"PO001356",69,670,20231231,20240106,750,675.89,506917.50,6
1357,"PO001357",20,928,20240607,20240611,750,426.59,319942.50,4
1358,"PO001358",36,75,20230607,20230702,750,13.00,9750.00,25
1359,"PO001359",66,434,20250417,20250420,200,30.58,6116.00,3
1360,"PO001360",38,156,20250327,20250329,100,24.64,2464.00,2
1361,"PO001361",44,877,20250311,20250401,750,330.10,247575.00,21
1362,"PO001362",70,63,20251116,20251211,150,81.80,12270.00,25
1363,"PO001363",59,968,20240424,20240509,150,35.99,5398.50,15
1364,"PO001364",54,921,20230727,20230902,300,34.51,10353.00,37
1365,"PO001365",61,892,20230603,20230630,300,28.87,8661.00,27
1366,"PO001366",95,531,20250617,20250627,300,390.57,117171.00,10
1367,"PO001367",76,649,20250524,20250617,200,36.27,7254.00,24
1368,"PO001368",15,11,20250625,20250707,1000,339.28,339280.00,12
1369,"PO001369",58,166,20231111,20231127,300,8.17,2451.00,16
1370,"PO001370",43,493,20230107,20230113,750,234.26,175695.00,6
1371,"PO001371",49,621,20230713,20230802,50,249.06,12453.00,20
1372,"PO001372",50,250,20250506,20250524,150,376.58,56487.00,18
1373,"PO001373",4,590,20240804,20240905,750,15.97,11977.50,32
1374,"PO001374",58,756,20240516,20240528,50,172.36,8618.00,12
1375,"PO001375",61,147,20240524,20240618,100,60.57,6057.00,25
1376,"PO001376",116,272,20250508,20250519,750,92.73,69547.50,11
1377,"PO001377",60,326,20250911,20251012,200,11.03,2206.00,31
1378,"PO001378",33,375,20241001,20241026,300,407.35,122205.00,25
1379,"PO001379",57,349,20240121,20240210,1000,606.74,606740.00,20
1380,"PO001380",65,835,20230704,20230722,750,76.40,57300.00,18
1381,"PO001381",105,852,20250518,20250612,500,38.12,19060.00,25
1382,"PO001382",36,262,20231003,20231024,500,143.44,71720.00,21
1383,"PO001383",95,41,20230127,20230203,1000,144.24,144240.00,7
1384,"PO001384",68,467,20230309,20230319,200,89.47,17894.00,10
1385,"PO001385",87,737,20241224,20250112,500,59.24,29620.00,19
1386,"PO001386",51,130,20250928,20251002,100,753.46,75346.00,4
1387,"PO001387",87,525,20230331,20230418,50,274.10,13705.00,18
1388,"PO001388",67,603,20250422,20250430,500,8.76,4380.00,8
1389,"PO001389",3,122,20230608,20230623,200,83.99,16798.00,15
1390,"PO001390",54,354,20230821,20230927,150,181.99,27298.50,37
1391,"PO001391",73,495,20231029,20231118,500,531.27,265635.00,20
1392,"PO001392",39,665,20250604,20250625,750,40.10,30075.00,21
1393,"PO001393",14,608,20240130,20240208,1000,61.04,61040.00,9
1394,"PO001394",119,994,20250924,20250928,200,35.52,7104.00,4
1395,"PO001395",16,153,20250530,20250611,150,224.56,33684.00,12
1396,"PO001396",21,812,20250804,20250827,750,447.05,335287.50,23
1397,"PO001397",33,59,20240224,20240321,200,19.05,3810.00,26
1398,"PO001398",89,387,20240226,20240313,100,62.72,6272.00,16
1399,"PO001399",33,366,20240511,20240607,200,423.67,84734.00,27
1400,"PO001400",36,527,20230205,20230226,500,90.89,45445.00,21
1401,"PO001401",101,133,20250522,20250611,1000,88.13,88130.00,20
1402,"PO001402",91,944,20240821,20240912,100,71.38,7138.00,22
1403,"PO001403",89,348,20241127,20241217,500,204.22,102110.00,20
1404,"PO001404",95,266,20231024,20231031,300,11.12,3336.00,7
1405,"PO001405",14,906,20230701,20230712,200,33.48,6696.00,11
1406,"PO001406",28,532,20230709,20230804,100,77.27,7727.00,26
1407,"PO001407",13,448,20250529,20250612,50,210.40,10520.00,14
1408,"PO001408",81,215,20250313,20250315,500,18.84,9420.00,2
1409,"PO001409",36,862,20250220,20250315,150,19.29,2893.50,23
1410,"PO001410",72,515,20250723,20250724,150,8.07,1210.50,1
1411,"PO001411",72,283,20250704,20250706,750,7.03,5272.50,2
1412,"PO001412",11,830,20250103,20250201,50,319.15,15957.50,29
1413,"PO001413",55,872,20230820,20230906,150,18.15,2722.50,17
1414,"PO001414",31,350,20251119,20251203,500,23.21,11605.00,14
1415,"PO001415",105,931,20240802,20240823,1000,100.98,100980.00,21
1416,"PO001416",92,728,20230914,20230923,150,26.22,3933.00,9
1417,"PO001417",26,776,20250504,20250524,500,114.08,57040.00,20
1418,"PO001418",8,323,20250519,20250521,100,45.08,4508.00,2
1419,"PO001419",40,746,20250121,20250208,100,82.28,8228.00,18
1420,"PO001420",63,143,20230730,20230821,750,272.36,204270.00,22
1421,"PO001421",3,463,20241209,20241224,750,27.22,20415.00,15
1422,"PO001422",57,349,20240825,20240912,200,626.19,125238.00,18
1423,"PO001423",22,837,20240918,20241004,200,18.89,3778.00,16
1424,"PO001424",43,493,20230531,20230612,50,249.82,12491.00,12
1425,"PO001425",58,327,20230331,20230417,150,33.53,5029.50,17
1426,"PO001426",89,631,20250125,20250210,50,52.33,2616.50,16
1427,"PO001427",51,584,20230513,20230518,750,206.55,154912.50,5
1428,"PO001428",93,929,20250805,20250820,200,567.70,113540.00,15
1429,"PO001429",69,51,20240914,20240923,500,12.94,6470.00,9
1430,"PO001430",66,651,20240501,20240505,150,715.69,107353.50,4
1431,"PO001431",33,366,20240821,20240912,1000,426.57,426570.00,22
1432,"PO001432",17,413,20240421,20240505,300,83.73,25119.00,14
1433,"PO001433",103,507,20251219,20251222,50,334.19,16709.50,3
1434,"PO001434",103,640,20230919,20230930,150,51.09,7663.50,11
1435,"PO001435",32,783,20250716,20250724,100,30.64,3064.00,8
1436,"PO001436",112,522,20230407,20230428,500,41.88,20940.00,21
1437,"PO001437",26,980,20240407,20240426,750,97.87,73402.50,19
1438,"PO001438",93,966,20230711,20230726,200,234.88,46976.00,15
1439,"PO001439",61,267,20230120,20230214,300,23.92,7176.00,25
1440,"PO001440",8,323,20250625,20250628,300,41.65,12495.00,3
1441,"PO001441",87,731,20240518,20240604,500,74.64,37320.00,17
1442,"PO001442",76,454,20231126,20231212,1000,4.03,4030.00,16
1443,"PO001443",19,220,20230412,20230502,500,138.60,69300.00,20
1444,"PO001444",66,79,20250423,20250427,200,268.02,53604.00,4
1445,"PO001445",32,164,20241026,20241030,1000,496.31,496310.00,4
1446,"PO001446",30,351,20230627,20230711,750,25.64,19230.00,14
1447,"PO001447",44,683,20230723,20230818,1000,229.20,229200.00,26
1448,"PO001448",47,554,20231217,20240102,150,6.89,1033.50,16
1449,"PO001449",22,20,20250725,20250810,50,98.36,4918.00,16
1450,"PO001450",66,869,20241125,20241128,100,9.97,997.00,3
1451,"PO001451",25,879,20231102,20231123,200,8.77,1754.00,21
1452,"PO001452",108,949,20240405,20240416,500,28.88,14440.00,11
1453,"PO001453",23,798,20240630,20240704,500,30.70,15350.00,4
1454,"PO001454",83,774,20250301,20250322,300,605.01,181503.00,21
1455,"PO001455",67,603,20250524,20250601,100,8.81,881.00,8
1456,"PO001456",16,686,20250817,20250830,100,330.47,33047.00,13
1457,"PO001457",87,244,20240502,20240515,500,278.99,139495.00,13
1458,"PO001458",93,211,20241015,20241030,50,142.62,7131.00,15
1459,"PO001459",42,120,20250916,20251012,200,45.60,9120.00,26
1460,"PO001460",81,215,20230419,20230428,150,17.37,2605.50,9
1461,"PO001461",44,425,20240120,20240215,1000,91.06,91060.00,26
1462,"PO001462",28,873,20250111,20250205,100,33.93,3393.00,25
1463,"PO001463",95,557,20230510,20230520,500,5.52,2760.00,10
1464,"PO001464",50,361,20240712,20240727,100,5.10,510.00,15
1465,"PO001465",81,777,20250327,20250405,50,7.85,392.50,9
1466,"PO001466",58,327,20240501,20240518,300,31.32,9396.00,17
1467,"PO001467",50,847,20231020,20231107,750,38.11,28582.50,18
1468,"PO001468",86,115,20240711,20240719,1000,135.25,135250.00,8
1469,"PO001469",60,326,20240623,20240719,750,11.35,8512.50,26
1470,"PO001470",113,193,20230404,20230417,100,34.65,3465.00,13
1471,"PO001471",56,571,20230803,20230804,750,154.14,115605.00,1
1472,"PO001472",80,874,20240302,20240308,150,72.70,10905.00,6
1473,"PO001473",1,743,20240910,20241002,750,62.67,47002.50,22
1474,"PO001474",3,713,20240725,20240806,150,58.07,8710.50,12
1475,"PO001475",70,28,20250727,20250822,750,144.43,108322.50,26
1476,"PO001476",51,130,20230514,20230518,50,716.08,35804.00,4
1477,"PO001477",75,441,20230610,20230703,200,25.38,5076.00,23
1478,"PO001478",72,763,20230118,20230120,1000,641.70,641700.00,2
1479,"PO001479",57,160,20230429,20230509,300,8.04,2412.00,10
1480,"PO001480",1,809,20250419,20250509,750,87.24,65430.00,20
1481,"PO001481",13,823,20231118,20231201,1000,103.46,103460.00,13
1482,"PO001482",87,737,20250808,20250825,500,58.81,29405.00,17
1483,"PO001483",98,168,20240414,20240502,200,14.10,2820.00,18
1484,"PO001484",19,836,20240711,20240729,500,8.46,4230.00,18
1485,"PO001485",59,567,20240429,20240517,50,178.18,8909.00,18
1486,"PO001486",103,507,20231019,20231023,300,360.77,108231.00,4
1487,"PO001487",88,766,20240830,20240918,50,94.06,4703.00,19
1488,"PO001488",76,843,20250525,20250614,300,29.80,8940.00,20
1489,"PO001489",28,873,20250315,20250414,100,33.21,3321.00,30
1490,"PO001490",50,652,20231223,20240113,300,46.49,13947.00,21
1491,"PO001491",98,168,20230424,20230514,50,14.11,705.50,20
1492,"PO001492",68,467,20250430,20250510,750,92.83,69622.50,10
1493,"PO001493",112,846,20240430,20240528,50,33.08,1654.00,28
1494,"PO001494",21,68,20231007,20231106,300,197.22,59166.00,30
1495,"PO001495",22,605,20230802,20230816,150,41.06,6159.00,14
1496,"PO001496",113,537,20250216,20250301,1000,149.69,149690.00,13
1497,"PO001497",3,713,20241108,20241118,50,61.05,3052.50,10
1498,"PO001498",114,909,20250515,20250603,300,77.68,23304.00,19
1499,"PO001499",1,899,20250514,20250603,200,35.89,7178.00,20
1500,"PO001500",31,650,20230527,20230605,500,24.95,12475.00,9
1501,"PO001501",46,372,20250326,20250415,50,147.98,7399.00,20
1502,"PO001502",12,148,20231031,20231119,200,54.76,10952.00,19
1503,"PO001503",39,249,20250921,20251006,1000,773.05,773050.00,15
1504,"PO001504",1,97,20251021,20251112,300,50.84,15252.00,22
1505,"PO001505",66,342,20240204,20240211,300,237.56,71268.00,7
1506,"PO001506",44,142,20230602,20230628,750,25.26,18945.00,26
1507,"PO001507",8,270,20250925,20250929,500,63.94,31970.00,4
1508,"PO001508",77,530,20250605,20250616,1000,161.48,161480.00,11
1509,"PO001509",26,988,20230802,20230817,300,43.96,13188.00,15
1510,"PO001510",70,664,20230703,20230722,300,51.19,15357.00,19
1511,"PO001511",11,830,20241101,20241204,1000,308.19,308190.00,33
1512,"PO001512",82,719,20240228,20240328,100,6.13,613.00,29
1513,"PO001513",108,234,20230525,20230607,300,219.24,65772.00,13
1514,"PO001514",76,642,20230718,20230807,1000,60.19,60190.00,20
1515,"PO001515",32,437,20230712,20230723,150,26.90,4035.00,11
1516,"PO001516",59,50,20250116,20250202,1000,142.14,142140.00,17
1517,"PO001517",101,684,20250902,20250922,750,13.88,10410.00,20
1518,"PO001518",105,954,20250801,20250824,150,103.58,15537.00,23
1519,"PO001519",79,54,20241023,20241129,300,267.98,80394.00,37
1520,"PO001520",44,946,20230419,20230518,1000,143.81,143810.00,29
1521,"PO001521",77,165,20240316,20240331,750,33.90,25425.00,15
1522,"PO001522",23,982,20230513,20230514,300,124.75,37425.00,1
1523,"PO001523",54,95,20240323,20240427,750,875.44,656580.00,35
1524,"PO001524",14,599,20240516,20240523,50,71.85,3592.50,7
1525,"PO001525",36,75,20230624,20230715,1000,13.26,13260.00,21
1526,"PO001526",28,692,20251222,20260115,50,328.71,16435.50,24
1527,"PO001527",87,619,20250522,20250606,200,732.01,146402.00,15
1528,"PO001528",11,689,20240613,20240714,200,775.12,155024.00,31
1529,"PO001529",87,395,20230107,20230127,200,67.32,13464.00,20
1530,"PO001530",78,391,20230308,20230328,200,90.25,18050.00,20
1531,"PO001531",5,216,20240719,20240805,750,18.26,13695.00,17
1532,"PO001532",30,790,20240721,20240809,150,223.77,33565.50,19
1533,"PO001533",99,782,20231215,20231226,500,423.38,211690.00,11
1534,"PO001534",45,300,20251126,20251207,50,72.90,3645.00,11
1535,"PO001535",2,195,20230911,20231005,150,71.81,10771.50,24
1536,"PO001536",86,394,20230502,20230511,300,9.85,2955.00,9
1537,"PO001537",78,391,20231201,20231221,150,90.31,13546.50,20
1538,"PO001538",13,685,20240227,20240311,500,7.65,3825.00,13
1539,"PO001539",101,993,20230804,20230825,500,4.80,2400.00,21
1540,"PO001540",15,56,20240611,20240624,500,607.63,303815.00,13
1541,"PO001541",35,573,20231026,20231113,150,5.96,894.00,18
1542,"PO001542",101,725,20230523,20230615,1000,5.04,5040.00,23
1543,"PO001543",59,491,20250216,20250311,150,319.29,47893.50,23
1544,"PO001544",57,917,20240211,20240301,1000,599.42,599420.00,19
1545,"PO001545",95,998,20250418,20250424,200,82.37,16474.00,6
1546,"PO001546",4,590,20241126,20241227,750,15.86,11895.00,31
1547,"PO001547",48,556,20250513,20250524,100,99.20,9920.00,11
1548,"PO001548",56,571,20240912,20240913,150,150.92,22638.00,1
1549,"PO001549",109,135,20240418,20240423,150,155.60,23340.00,5
1550,"PO001550",101,614,20230518,20230611,50,84.19,4209.50,24
1551,"PO001551",11,830,20250411,20250510,1000,328.29,328290.00,29
1552,"PO001552",54,543,20230621,20230723,300,14.37,4311.00,32
1553,"PO001553",44,425,20240219,20240319,300,87.22,26166.00,29
1554,"PO001554",83,325,20251012,20251109,200,150.69,30138.00,28
1555,"PO001555",24,592,20241015,20241028,50,29.22,1461.00,13
1556,"PO001556",116,272,20250315,20250326,1000,96.06,96060.00,11
1557,"PO001557",61,267,20241008,20241102,150,23.56,3534.00,25
1558,"PO001558",105,931,20241215,20250104,200,99.63,19926.00,20
1559,"PO001559",116,406,20251218,20251227,1000,35.18,35180.00,9
1560,"PO001560",99,19,20231010,20231022,50,253.77,12688.50,12
1561,"PO001561",71,964,20240129,20240218,100,82.36,8236.00,20
1562,"PO001562",66,651,20240228,20240305,750,704.25,528187.50,6
1563,"PO001563",8,323,20251221,20251225,500,43.34,21670.00,4
1564,"PO001564",118,803,20231022,20231124,500,351.44,175720.00,33
1565,"PO001565",60,439,20250329,20250423,200,628.55,125710.00,25
1566,"PO001566",29,871,20250121,20250128,200,46.92,9384.00,7
1567,"PO001567",16,304,20240710,20240719,100,279.69,27969.00,9
1568,"PO001568",52,74,20251010,20251024,1000,6.86,6860.00,14
1569,"PO001569",78,817,20251120,20251212,300,228.96,68688.00,22
1570,"PO001570",77,16,20250322,20250329,100,58.17,5817.00,7
1571,"PO001571",46,924,20241016,20241106,500,148.96,74480.00,21
1572,"PO001572",7,546,20230403,20230425,750,153.35,115012.50,22
1573,"PO001573",72,306,20250517,20250518,150,107.81,16171.50,1
1574,"PO001574",96,992,20240507,20240518,200,178.03,35606.00,11
1575,"PO001575",71,199,20230618,20230707,150,13.34,2001.00,19
1576,"PO001576",51,641,20230613,20230615,100,68.40,6840.00,2
1577,"PO001577",40,235,20230115,20230131,200,72.22,14444.00,16
1578,"PO001578",43,610,20240223,20240304,200,73.82,14764.00,10
1579,"PO001579",22,770,20241030,20241115,750,232.67,174502.50,16
1580,"PO001580",99,303,20241029,20241112,50,441.73,22086.50,14
1581,"PO001581",108,116,20250212,20250226,750,900.87,675652.50,14
1582,"PO001582",45,292,20240128,20240212,500,123.31,61655.00,15
1583,"PO001583",18,971,20230401,20230426,750,34.92,26190.00,25
1584,"PO001584",64,96,20240713,20240720,100,88.76,8876.00,7
1585,"PO001585",71,925,20230316,20230408,50,41.43,2071.50,23
1586,"PO001586",8,323,20250802,20250805,500,43.26,21630.00,3
1587,"PO001587",38,275,20230601,20230603,1000,50.46,50460.00,2
1588,"PO001588",19,836,20250715,20250730,750,8.17,6127.50,15
1589,"PO001589",88,701,20250904,20250922,500,69.10,34550.00,18
1590,"PO001590",44,560,20230115,20230209,200,187.06,37412.00,25
1591,"PO001591",1,963,20250818,20250908,100,558.68,55868.00,21
1592,"PO001592",96,992,20240209,20240225,100,175.25,17525.00,16
1593,"PO001593",1,97,20240624,20240717,1000,50.22,50220.00,23
1594,"PO001594",41,473,20231211,20240101,100,174.72,17472.00,21
1595,"PO001595",68,100,20241202,20241205,300,294.01,88203.00,3
1596,"PO001596",6,969,20230409,20230418,500,33.71,16855.00,9
1597,"PO001597",106,447,20250423,20250519,100,12.26,1226.00,26
1598,"PO001598",98,745,20251128,20251219,500,3.60,1800.00,21
1599,"PO001599",57,917,20240805,20240828,500,597.77,298885.00,23
1600,"PO001600",6,60,20230611,20230624,150,304.23,45634.50,13
1601,"PO001601",44,877,20251106,20251202,200,331.17,66234.00,26
1602,"PO001602",31,376,20230827,20230911,750,700.45,525337.50,15
1603,"PO001603",117,468,20240502,20240523,300,119.42,35826.00,21
1604,"PO001604",98,182,20230601,20230621,300,94.85,28455.00,20
1605,"PO001605",87,525,20240131,20240218,750,262.59,196942.50,18
1606,"PO001606",16,153,20251201,20251212,300,213.30,63990.00,11
1607,"PO001607",46,372,20241029,20241116,100,144.34,14434.00,18
1608,"PO001608",93,202,20241223,20250105,100,70.15,7015.00,13
1609,"PO001609",107,937,20250106,20250129,50,4.78,239.00,23
1610,"PO001610",45,292,20240718,20240731,300,130.30,39090.00,13
1611,"PO001611",1,791,20251017,20251109,50,30.53,1526.50,23
1612,"PO001612",109,681,20250101,20250114,50,41.63,2081.50,13
1613,"PO001613",101,684,20231101,20231126,300,13.19,3957.00,25
1614,"PO001614",47,597,20251215,20251220,100,34.28,3428.00,5
1615,"PO001615",71,158,20251215,20260108,1000,162.06,162060.00,24
1616,"PO001616",26,776,20230506,20230522,750,122.96,92220.00,16
1617,"PO001617",43,727,20251029,20251109,500,49.57,24785.00,11
1618,"PO001618",39,500,20250825,20250914,1000,53.35,53350.00,20
1619,"PO001619",105,954,20230413,20230505,500,96.99,48495.00,22
1620,"PO001620",22,20,20230407,20230423,300,98.73,29619.00,16
1621,"PO001621",29,524,20230626,20230706,200,80.52,16104.00,10
1622,"PO001622",83,247,20231012,20231105,100,90.22,9022.00,24
1623,"PO001623",37,570,20240715,20240806,300,113.10,33930.00,22
1624,"PO001624",99,19,20231126,20231207,750,256.43,192322.50,11
1625,"PO001625",22,810,20250524,20250609,200,58.93,11786.00,16
1626,"PO001626",99,469,20230603,20230614,150,13.78,2067.00,11
1627,"PO001627",99,534,20231103,20231111,1000,53.83,53830.00,8
1628,"PO001628",103,640,20230715,20230724,200,51.54,10308.00,9
1629,"PO001629",33,152,20251223,20260114,150,261.79,39268.50,22
1630,"PO001630",104,35,20251219,20260110,750,238.60,178950.00,22
1631,"PO001631",35,192,20240915,20241007,50,50.24,2512.00,22
1632,"PO001632",54,198,20250730,20250902,100,14.34,1434.00,34
1633,"PO001633",83,704,20250925,20251017,750,73.66,55245.00,22
1634,"PO001634",15,56,20240923,20241007,50,631.45,31572.50,14
1635,"PO001635",43,151,20250527,20250606,750,16.78,12585.00,10
1636,"PO001636",31,752,20230327,20230406,500,35.35,17675.00,10
1637,"PO001637",54,921,20251210,20260116,500,35.03,17515.00,37
1638,"PO001638",66,672,20240610,20240614,300,44.86,13458.00,4
1639,"PO001639",101,173,20240322,20240412,100,340.17,34017.00,21
1640,"PO001640",67,693,20240815,20240830,500,307.71,153855.00,15
1641,"PO001641",92,371,20250813,20250822,300,86.07,25821.00,9
1642,"PO001642",35,736,20230426,20230517,300,5.37,1611.00,21
1643,"PO001643",25,967,20240407,20240428,750,490.29,367717.50,21
1644,"PO001644",35,573,20250529,20250622,750,5.87,4402.50,24
1645,"PO001645",99,625,20241103,20241109,200,103.07,20614.00,6
1646,"PO001646",19,3,20250925,20251011,100,75.14,7514.00,16
1647,"PO001647",118,673,20230926,20231102,500,106.03,53015.00,37
1648,"PO001648",103,388,20230103,20230113,200,85.22,17044.00,10
1649,"PO001649",38,999,20240402,20240408,500,29.63,14815.00,6
1650,"PO001650",103,734,20230416,20230422,200,167.89,33578.00,6
1651,"PO001651",54,108,20241201,20250103,100,209.74,20974.00,33
1652,"PO001652",93,211,20250310,20250325,750,137.37,103027.50,15
1653,"PO001653",103,932,20230127,20230202,150,7.96,1194.00,6
1654,"PO001654",76,25,20250531,20250620,1000,756.31,756310.00,20
1655,"PO001655",39,500,20230807,20230823,500,53.80,26900.00,16
1656,"PO001656",117,359,20240312,20240324,100,223.64,22364.00,12
1657,"PO001657",33,223,20240328,20240418,300,41.76,12528.00,21
1658,"PO001658",27,529,20251022,20251031,1000,63.45,63450.00,9
1659,"PO001659",97,508,20230501,20230518,750,899.17,674377.50,17
1660,"PO001660",43,493,20250122,20250131,150,243.99,36598.50,9
1661,"PO001661",70,251,20241001,20241027,50,89.98,4499.00,26
1662,"PO001662",108,116,20230101,20230117,200,886.43,177286.00,16
1663,"PO001663",42,735,20250425,20250526,50,109.22,5461.00,31
1664,"PO001664",29,890,20250728,20250807,100,86.22,8622.00,10
1665,"PO001665",94,269,20250614,20250708,100,32.00,3200.00,24
1666,"PO001666",51,414,20230611,20230615,100,34.09,3409.00,4
1667,"PO001667",76,616,20240421,20240511,50,62.90,3145.00,20
1668,"PO001668",120,638,20230312,20230324,1000,98.61,98610.00,12
1669,"PO001669",73,87,20230528,20230612,50,45.25,2262.50,15
1670,"PO001670",84,484,20231012,20231115,500,10.12,5060.00,34
1671,"PO001671",106,839,20240813,20240902,500,28.81,14405.00,20
1672,"PO001672",10,446,20250403,20250414,500,187.37,93685.00,11
1673,"PO001673",35,114,20250808,20250829,750,32.72,24540.00,21
1674,"PO001674",105,852,20250413,20250503,500,34.81,17405.00,20
1675,"PO001675",45,300,20250916,20250929,200,71.97,14394.00,13
1676,"PO001676",103,932,20240906,20240913,500,7.58,3790.00,7
1677,"PO001677",38,156,20241128,20241129,300,24.73,7419.00,1
1678,"PO001678",68,373,20250423,20250503,100,120.99,12099.00,10
1679,"PO001679",96,314,20231022,20231105,200,6.02,1204.00,14
1680,"PO001680",94,680,20240414,20240504,500,17.74,8870.00,20
1681,"PO001681",109,421,20240612,20240623,300,109.51,32853.00,11
1682,"PO001682",43,493,20251108,20251119,100,237.08,23708.00,11
1683,"PO001683",34,882,20240815,20240906,150,179.27,26890.50,22
1684,"PO001684",75,622,20240308,20240330,300,254.01,76203.00,22
1685,"PO001685",101,799,20231218,20240103,1000,38.34,38340.00,16
1686,"PO001686",42,497,20250409,20250507,100,3.04,304.00,28
1687,"PO001687",41,897,20230105,20230121,1000,6.89,6890.00,16
1688,"PO001688",69,51,20230914,20230922,300,13.54,4062.00,8
1689,"PO001689",28,21,20250521,20250619,150,61.70,9255.00,29
1690,"PO001690",101,885,20240506,20240527,750,143.27,107452.50,21
1691,"PO001691",39,49,20231016,20231103,750,35.11,26332.50,18
1692,"PO001692",61,147,20250528,20250618,200,58.50,11700.00,21
1693,"PO001693",48,891,20240114,20240203,750,30.72,23040.00,20
1694,"PO001694",13,947,20251023,20251108,200,51.96,10392.00,16
1695,"PO001695",63,656,20240821,20240913,50,45.84,2292.00,23
1696,"PO001696",60,502,20240722,20240819,150,221.01,33151.50,28
1697,"PO001697",38,999,20241205,20241206,200,29.89,5978.00,1
1698,"PO001698",40,167,20231216,20240102,150,37.34,5601.00,17
1699,"PO001699",13,588,20241219,20250103,150,130.92,19638.00,15
1700,"PO001700",32,24,20250125,20250202,150,1.95,292.50,8
1701,"PO001701",78,389,20250601,20250620,150,240.17,36025.50,19
1702,"PO001702",78,923,20250115,20250206,1000,112.31,112310.00,22
1703,"PO001703",104,667,20251215,20260106,500,475.70,237850.00,22
1704,"PO001704",47,597,20240319,20240403,300,34.23,10269.00,15
1705,"PO001705",2,569,20240524,20240622,750,543.33,407497.50,29
1706,"PO001706",31,805,20230614,20230627,500,101.78,50890.00,13
1707,"PO001707",28,700,20240831,20240923,200,158.70,31740.00,23
1708,"PO001708",19,64,20251112,20251202,1000,84.70,84700.00,20
1709,"PO001709",21,409,20230815,20230908,1000,18.31,18310.00,24
1710,"PO001710",97,508,20240730,20240816,150,891.03,133654.50,17
1711,"PO001711",100,765,20240229,20240320,200,229.47,45894.00,20
1712,"PO001712",28,580,20250124,20250220,300,34.30,10290.00,27
1713,"PO001713",92,962,20230707,20230713,500,113.17,56585.00,6
1714,"PO001714",70,518,20240119,20240216,500,627.52,313760.00,28
1715,"PO001715",108,14,20230710,20230726,750,35.92,26940.00,16
1716,"PO001716",78,318,20230113,20230203,300,55.09,16527.00,21
1717,"PO001717",16,894,20231227,20240108,150,167.52,25128.00,12
1718,"PO001718",99,782,20230529,20230608,750,394.83,296122.50,10
1719,"PO001719",70,623,20240713,20240805,200,30.78,6156.00,23
1720,"PO001720",15,310,20240418,20240429,100,264.29,26429.00,11
1721,"PO001721",29,871,20231221,20240101,750,47.74,35805.00,11
1722,"PO001722",28,692,20231231,20240127,200,314.57,62914.00,27
1723,"PO001723",21,639,20250512,20250606,1000,105.77,105770.00,25
1724,"PO001724",15,11,20231217,20231225,200,322.59,64518.00,8
1725,"PO001725",107,633,20241114,20241216,1000,20.37,20370.00,32
1726,"PO001726",61,328,20251215,20260109,300,32.25,9675.00,25
1727,"PO001727",77,179,20250321,20250402,300,33.05,9915.00,12
1728,"PO001728",46,910,20230328,20230415,200,35.60,7120.00,18
1729,"PO001729",37,88,20240705,20240722,150,55.26,8289.00,17
1730,"PO001730",92,494,20240820,20240827,200,78.29,15658.00,7
1731,"PO001731",28,692,20240412,20240510,50,330.27,16513.50,28
1732,"PO001732",94,269,20250505,20250530,300,30.14,9042.00,25
1733,"PO001733",74,309,20250920,20250927,50,11.72,586.00,7
1734,"PO001734",93,146,20250723,20250807,100,7.86,786.00,15
1735,"PO001735",7,119,20251031,20251119,750,40.77,30577.50,19
1736,"PO001736",26,237,20240922,20241006,100,42.51,4251.00,14
1737,"PO001737",92,728,20230131,20230211,50,26.86,1343.00,11
1738,"PO001738",2,443,20240402,20240424,300,7.51,2253.00,22
1739,"PO001739",39,500,20240401,20240419,300,53.17,15951.00,18
1740,"PO001740",15,510,20250407,20250419,300,267.34,80202.00,12
1741,"PO001741",102,411,20240617,20240710,300,221.60,66480.00,23
1742,"PO001742",11,390,20240110,20240209,150,116.20,17430.00,30
1743,"PO001743",42,952,20241228,20250124,50,1.76,88.00,27
1744,"PO001744",70,811,20250120,20250217,200,169.25,33850.00,28
1745,"PO001745",7,119,20250109,20250129,750,39.63,29722.50,20
1746,"PO001746",84,248,20250803,20250828,100,43.65,4365.00,25
1747,"PO001747",86,66,20250207,20250216,100,4.11,411.00,9
1748,"PO001748",26,237,20230707,20230727,200,42.31,8462.00,20
1749,"PO001749",89,631,20230814,20230904,1000,51.17,51170.00,21
1750,"PO001750",21,169,20240205,20240305,100,61.37,6137.00,29
1751,"PO001751",93,966,20251208,20251224,500,228.17,114085.00,16
1752,"PO001752",93,966,20240613,20240628,100,232.43,23243.00,15
1753,"PO001753",40,167,20240403,20240421,50,34.03,1701.50,18
1754,"PO001754",71,356,20240302,20240322,750,566.17,424627.50,20
1755,"PO001755",82,863,20230912,20231008,100,551.55,55155.00,26
1756,"PO001756",41,207,20241024,20241109,1000,14.40,14400.00,16
1757,"PO001757",66,672,20240824,20240825,300,43.40,13020.00,1
1758,"PO001758",37,876,20240401,20240418,100,10.97,1097.00,17
1759,"PO001759",6,476,20251021,20251105,150,247.42,37113.00,15
1760,"PO001760",27,818,20251104,20251118,300,201.99,60597.00,14
1761,"PO001761",5,848,20240523,20240609,300,85.33,25599.00,17
1762,"PO001762",65,657,20240703,20240721,100,143.96,14396.00,18
1763,"PO001763",40,457,20250404,20250420,50,43.11,2155.50,16
1764,"PO001764",30,486,20231117,20231202,750,63.37,47527.50,15
1765,"PO001765",34,103,20251103,20251120,200,28.79,5758.00,17
1766,"PO001766",94,903,20230522,20230612,100,533.73,53373.00,21
1767,"PO001767",113,17,20230604,20230617,750,55.64,41730.00,13
1768,"PO001768",73,445,20240720,20240808,200,69.24,13848.00,19
1769,"PO001769",43,898,20250818,20250828,200,208.34,41668.00,10
1770,"PO001770",114,252,20230802,20230817,100,19.08,1908.00,15
1771,"PO001771",66,869,20230808,20230815,500,9.85,4925.00,7
1772,"PO001772",6,714,20250812,20250824,300,358.73,107619.00,12
1773,"PO001773",61,94,20250505,20250526,50,155.56,7778.00,21
1774,"PO001774",78,707,20240715,20240804,300,12.81,3843.00,20
1775,"PO001775",77,16,20251124,20251201,50,58.83,2941.50,7
1776,"PO001776",47,242,20230315,20230330,750,51.10,38325.00,15
1777,"PO001777",51,584,20240909,20240911,300,212.66,63798.00,2
1778,"PO001778",44,378,20250717,20250812,750,107.06,80295.00,26
1779,"PO001779",114,346,20251204,20251225,750,62.84,47130.00,21
1780,"PO001780",58,773,20251029,20251117,500,37.12,18560.00,19
1781,"PO001781",37,922,20230817,20230905,150,219.09,32863.50,19
1782,"PO001782",14,632,20240802,20240810,1000,179.15,179150.00,8
1783,"PO001783",23,798,20251228,20260101,150,31.01,4651.50,4
1784,"PO001784",7,690,20250212,20250304,500,61.99,30995.00,20
1785,"PO001785",65,975,20250314,20250331,100,33.10,3310.00,17
1786,"PO001786",106,526,20231028,20231120,1000,113.70,113700.00,23
1787,"PO001787",100,403,20250223,20250313,100,23.36,2336.00,18
1788,"PO001788",95,531,20240718,20240727,200,397.94,79588.00,9
1789,"PO001789",24,780,20230616,20230625,200,43.78,8756.00,9
1790,"PO001790",93,202,20230412,20230428,150,76.46,11469.00,16
1791,"PO001791",37,570,20240205,20240226,150,119.03,17854.50,21
1792,"PO001792",51,753,20251220,20251227,50,17.42,871.00,7
1793,"PO001793",71,972,20250320,20250405,750,513.88,385410.00,16
1794,"PO001794",12,148,20251230,20260119,500,57.46,28730.00,20
1795,"PO001795",111,979,20230919,20231027,300,177.40,53220.00,38
1796,"PO001796",42,296,20240723,20240824,150,57.29,8593.50,32
1797,"PO001797",108,949,20250228,20250317,300,29.78,8934.00,17
1798,"PO001798",55,691,20230816,20230907,150,19.41,2911.50,22
1799,"PO001799",76,649,20240221,20240306,50,35.11,1755.50,14
1800,"PO001800",80,874,20230608,20230619,50,74.35,3717.50,11
1801,"PO001801",31,805,20230330,20230409,300,99.70,29910.00,10
1802,"PO001802",17,305,20250318,20250404,500,219.12,109560.00,17
1803,"PO001803",55,691,20250126,20250210,1000,20.33,20330.00,15
1804,"PO001804",30,790,20231124,20231214,500,225.22,112610.00,20
1805,"PO001805",35,736,20231006,20231029,50,5.30,265.00,23
1806,"PO001806",100,973,20240601,20240622,500,779.02,389510.00,21
1807,"PO001807",87,698,20230624,20230712,1000,403.96,403960.00,18
1808,"PO001808",67,47,20230207,20230218,50,47.38,2369.00,11
1809,"PO001809",101,488,20250309,20250330,300,13.31,3993.00,21
1810,"PO001810",38,999,20230301,20230304,100,29.67,2967.00,3
1811,"PO001811",18,505,20250917,20251015,200,9.61,1922.00,28
1812,"PO001812",109,287,20251129,20251211,750,13.36,10020.00,12
1813,"PO001813",104,667,20230427,20230518,100,470.00,47000.00,21
1814,"PO001814",95,557,20251026,20251106,300,5.88,1764.00,11
1815,"PO001815",53,896,20230621,20230709,150,232.74,34911.00,18
1816,"PO001816",25,154,20250220,20250309,50,11.19,559.50,17
1817,"PO001817",72,62,20250114,20250115,750,244.21,183157.50,1
1818,"PO001818",103,734,20240914,20240915,500,173.00,86500.00,1
1819,"PO001819",95,531,20251202,20251211,50,385.06,19253.00,9
1820,"PO001820",50,847,20250602,20250618,100,34.98,3498.00,16
1821,"PO001821",92,105,20250330,20250407,500,149.44,74720.00,8
1822,"PO001822",55,872,20240203,20240224,200,18.25,3650.00,21
1823,"PO001823",8,32,20231027,20231028,500,4.45,2225.00,1
1824,"PO001824",112,846,20230709,20230731,50,35.85,1792.50,22
1825,"PO001825",50,361,20240715,20240729,200,5.25,1050.00,14
1826,"PO001826",100,459,20240130,20240214,150,62.67,9400.50,15
1827,"PO001827",24,1000,20230422,20230508,200,36.43,7286.00,16
1828,"PO001828",97,121,20250527,20250613,750,501.97,376477.50,17
1829,"PO001829",8,43,20230522,20230528,150,103.85,15577.50,6
1830,"PO001830",113,986,20231225,20240110,50,10.82,541.00,16
1831,"PO001831",70,664,20240723,20240820,1000,49.13,49130.00,28
1832,"PO001832",91,795,20250320,20250412,750,15.02,11265.00,23
1833,"PO001833",118,673,20230826,20231007,100,106.11,10611.00,42
1834,"PO001834",78,367,20250627,20250717,50,308.57,15428.50,20
1835,"PO001835",71,925,20250830,20250919,750,40.87,30652.50,20
1836,"PO001836",59,491,20250816,20250831,150,329.80,49470.00,15
1837,"PO001837",57,917,20250205,20250223,100,591.32,59132.00,18
1838,"PO001838",60,224,20240714,20240809,750,98.12,73590.00,26
1839,"PO001839",19,337,20240820,20240904,100,21.12,2112.00,15
1840,"PO001840",107,760,20240214,20240313,500,331.08,165540.00,28
1841,"PO001841",92,962,20240822,20240828,50,113.09,5654.50,6
1842,"PO001842",44,378,20241020,20241115,100,110.94,11094.00,26
1843,"PO001843",57,349,20231119,20231207,100,641.59,64159.00,18
1844,"PO001844",99,189,20230522,20230602,750,84.19,63142.50,11
1845,"PO001845",58,509,20240726,20240811,300,7.97,2391.00,16
1846,"PO001846",37,357,20230308,20230328,300,371.62,111486.00,20
1847,"PO001847",15,11,20230506,20230520,150,340.62,51093.00,14
1848,"PO001848",58,365,20250428,20250508,50,80.35,4017.50,10
1849,"PO001849",46,785,20250828,20250918,1000,239.09,239090.00,21
1850,"PO001850",91,671,20230210,20230309,100,8.34,834.00,27
1851,"PO001851",50,709,20230517,20230601,500,492.61,246305.00,15
1852,"PO001852",14,974,20230919,20230924,500,205.88,102940.00,5
1853,"PO001853",34,762,20250930,20251015,200,173.77,34754.00,15
1854,"PO001854",73,585,20230906,20230924,750,123.69,92767.50,18
1855,"PO001855",57,386,20230919,20231011,150,235.20,35280.00,22
1856,"PO001856",106,447,20250904,20250928,500,12.61,6305.00,24
1857,"PO001857",73,585,20240818,20240909,1000,119.61,119610.00,22
1858,"PO001858",68,301,20230312,20230324,500,493.06,246530.00,12
1859,"PO001859",85,91,20250610,20250628,1000,139.69,139690.00,18
1860,"PO001860",88,701,20250706,20250726,150,70.09,10513.50,20
1861,"PO001861",13,933,20251229,20260112,500,39.79,19895.00,14
1862,"PO001862",76,647,20230505,20230519,750,30.44,22830.00,14
1863,"PO001863",92,380,20240327,20240405,500,38.19,19095.00,9
1864,"PO001864",82,184,20240712,20240807,200,34.74,6948.00,26
1865,"PO001865",106,257,20240820,20240907,150,53.61,8041.50,18
1866,"PO001866",95,557,20230607,20230613,500,5.72,2860.00,6
1867,"PO001867",114,909,20251101,20251121,750,77.81,58357.50,20
1868,"PO001868",99,19,20250523,20250602,200,262.22,52444.00,10
1869,"PO001869",65,84,20240929,20241017,50,10.64,532.00,18
1870,"PO001870",94,855,20250214,20250307,200,12.65,2530.00,21
1871,"PO001871",101,595,20231007,20231030,100,58.10,5810.00,23
1872,"PO001872",39,430,20240815,20240912,150,31.54,4731.00,28
1873,"PO001873",81,607,20241222,20241230,50,32.06,1603.00,8
1874,"PO001874",3,463,20240923,20241007,1000,27.36,27360.00,14
1875,"PO001875",20,424,20250713,20250715,300,18.86,5658.00,2
1876,"PO001876",27,427,20250105,20250113,500,332.75,166375.00,8
1877,"PO001877",68,150,20230807,20230819,500,62.75,31375.00,12
1878,"PO001878",68,564,20240112,20240119,200,12.80,2560.00,7
1879,"PO001879",95,41,20230213,20230221,500,149.87,74935.00,8
1880,"PO001880",14,608,20240512,20240519,300,58.64,17592.00,7
1881,"PO001881",59,634,20250703,20250721,100,13.82,1382.00,18
1882,"PO001882",93,888,20240829,20240913,100,416.73,41673.00,15
1883,"PO001883",104,542,20230306,20230327,500,30.12,15060.00,21
1884,"PO001884",104,542,20230504,20230524,500,29.37,14685.00,20
1885,"PO001885",21,724,20240507,20240601,100,384.90,38490.00,25
1886,"PO001886",64,6,20250125,20250203,500,139.62,69810.00,9
1887,"PO001887",57,298,20230321,20230405,500,350.24,175120.00,15
1888,"PO001888",55,39,20230520,20230606,200,43.95,8790.00,17
1889,"PO001889",59,50,20250615,20250630,100,142.92,14292.00,15
1890,"PO001890",105,533,20240604,20240624,500,65.19,32595.00,20
1891,"PO001891",44,425,20241225,20250119,500,84.20,42100.00,25
1892,"PO001892",41,279,20250825,20250906,500,15.68,7840.00,12
1893,"PO001893",100,459,20250913,20250927,1000,62.65,62650.00,14
1894,"PO001894",27,583,20240925,20241006,1000,265.14,265140.00,11
1895,"PO001895",42,296,20240222,20240324,50,58.24,2912.00,31
1896,"PO001896",62,111,20250307,20250403,300,34.02,10206.00,27
1897,"PO001897",113,535,20250620,20250629,500,352.00,176000.00,9
1898,"PO001898",20,280,20230313,20230323,300,129.62,38886.00,10
1899,"PO001899",3,463,20240711,20240726,50,27.16,1358.00,15
1900,"PO001900",112,465,20240126,20240217,150,83.44,12516.00,22
1901,"PO001901",14,268,20241130,20241210,750,149.73,112297.50,10
1902,"PO001902",14,906,20230916,20230924,300,30.74,9222.00,8
1903,"PO001903",35,736,20240211,20240304,100,5.24,524.00,22
1904,"PO001904",35,573,20251112,20251203,200,6.05,1210.00,21
1905,"PO001905",53,896,20240909,20240927,150,226.97,34045.50,18
1906,"PO001906",111,70,20250129,20250307,50,339.35,16967.50,37
1907,"PO001907",100,459,20230607,20230621,150,60.21,9031.50,14
1908,"PO001908",61,267,20240526,20240621,200,25.33,5066.00,26
1909,"PO001909",36,144,20251122,20251216,200,59.53,11906.00,24
1910,"PO001910",16,435,20241022,20241107,300,642.12,192636.00,16
1911,"PO001911",111,307,20240630,20240807,500,813.48,406740.00,38
1912,"PO001912",69,370,20230929,20231007,750,768.58,576435.00,8
1913,"PO001913",17,417,20251130,20251224,300,542.18,162654.00,24
1914,"PO001914",3,793,20251114,20251202,100,141.00,14100.00,18
1915,"PO001915",101,488,20240116,20240203,500,14.07,7035.00,18
1916,"PO001916",97,831,20230310,20230328,200,4.14,828.00,18
1917,"PO001917",109,939,20230723,20230730,500,676.48,338240.00,7
1918,"PO001918",62,612,20240513,20240613,750,113.26,84945.00,31
1919,"PO001919",106,139,20240707,20240803,50,91.87,4593.50,27
1920,"PO001920",41,207,20241003,20241015,100,14.24,1424.00,12
1921,"PO001921",109,287,20240123,20240202,150,12.49,1873.50,10
1922,"PO001922",12,423,20230319,20230408,200,60.86,12172.00,20
1923,"PO001923",73,582,20231019,20231107,1000,358.89,358890.00,19
1924,"PO001924",33,59,20230530,20230622,50,17.82,891.00,23
1925,"PO001925",103,734,20251012,20251018,50,168.63,8431.50,6
1926,"PO001926",48,506,20250605,20250623,750,67.02,50265.00,18
1927,"PO001927",26,237,20231011,20231031,500,39.81,19905.00,20
1928,"PO001928",19,788,20240126,20240214,300,16.27,4881.00,19
1929,"PO001929",69,51,20240802,20240813,100,13.62,1362.00,11
1930,"PO001930",57,225,20230228,20230320,150,89.94,13491.00,20
1931,"PO001931",95,531,20250116,20250126,150,381.01,57151.50,10
1932,"PO001932",59,567,20240705,20240720,500,172.09,86045.00,15
1933,"PO001933",18,702,20230505,20230531,300,30.00,9000.00,26
1934,"PO001934",40,235,20230422,20230511,100,76.41,7641.00,19
1935,"PO001935",79,470,20230619,20230723,750,359.50,269625.00,34
1936,"PO001936",14,159,20240619,20240626,200,182.97,36594.00,7
1937,"PO001937",113,914,20240702,20240715,300,10.34,3102.00,13
1938,"PO001938",83,704,20250716,20250812,300,73.09,21927.00,27
1939,"PO001939",12,440,20231124,20231216,100,12.36,1236.00,22
1940,"PO001940",112,465,20250917,20251015,200,85.35,17070.00,28
1941,"PO001941",90,674,20230114,20230129,750,21.61,16207.50,15
1942,"PO001942",29,344,20230122,20230202,1000,36.99,36990.00,11
1943,"PO001943",106,257,20250919,20251012,100,52.55,5255.00,23
1944,"PO001944",77,176,20240915,20240930,300,290.45,87135.00,15
1945,"PO001945",28,692,20251230,20260127,100,322.83,32283.00,28
1946,"PO001946",1,899,20240728,20240826,50,35.00,1750.00,29
1947,"PO001947",52,74,20230422,20230506,500,6.93,3465.00,14
1948,"PO001948",104,880,20250118,20250211,100,54.68,5468.00,24
1949,"PO001949",9,8,20240703,20240707,150,898.37,134755.50,4
1950,"PO001950",43,934,20230804,20230819,200,237.05,47410.00,15
1951,"PO001951",26,988,20231117,20231202,750,42.24,31680.00,15
1952,"PO001952",99,19,20230603,20230610,150,248.36,37254.00,7
1953,"PO001953",109,545,20250803,20250814,100,95.78,9578.00,11
1954,"PO001954",8,577,20230508,20230510,50,11.02,551.00,2
1955,"PO001955",27,583,20251030,20251104,1000,267.12,267120.00,5
1956,"PO001956",47,597,20251222,20260105,200,34.66,6932.00,14
1957,"PO001957",78,318,20250530,20250616,750,57.67,43252.50,17
1958,"PO001958",110,758,20241109,20241124,750,188.02,141015.00,15
1959,"PO001959",80,213,20250207,20250214,1000,336.08,336080.00,7
1960,"PO001960",9,636,20240530,20240609,300,104.22,31266.00,10
1961,"PO001961",32,401,20230407,20230410,750,76.63,57472.50,3
1962,"PO001962",77,530,20241206,20241217,50,161.02,8051.00,11
1963,"PO001963",44,694,20240615,20240713,750,13.80,10350.00,28
1964,"PO001964",115,452,20250925,20251012,150,53.33,7999.50,17
1965,"PO001965",72,306,20231013,20231020,200,101.37,20274.00,7
1966,"PO001966",44,946,20250422,20250516,750,143.07,107302.50,24
1967,"PO001967",75,883,20230417,20230513,750,77.42,58065.00,26
1968,"PO001968",104,35,20240822,20240914,1000,244.99,244990.00,23
1969,"PO001969",83,626,20251021,20251117,150,38.14,5721.00,27
1970,"PO001970",86,394,20250509,20250520,750,9.90,7425.00,11
1971,"PO001971",84,89,20240819,20240911,100,19.23,1923.00,23
1972,"PO001972",41,416,20250821,20250906,500,771.41,385705.00,16
1973,"PO001973",26,687,20250320,20250406,1000,188.30,188300.00,17
1974,"PO001974",77,458,20240111,20240117,750,17.32,12990.00,6
1975,"PO001975",59,645,20240911,20240924,300,29.79,8937.00,13
1976,"PO001976",101,990,20250723,20250811,150,126.87,19030.50,19
1977,"PO001977",100,765,20250405,20250418,50,231.70,11585.00,13
1978,"PO001978",6,581,20240624,20240708,750,22.16,16620.00,14
1979,"PO001979",99,534,20250412,20250422,500,54.96,27480.00,10
1980,"PO001980",101,993,20241227,20250120,150,4.81,721.50,24
1981,"PO001981",20,40,20251025,20251029,50,31.28,1564.00,4
1982,"PO001982",7,42,20230929,20231023,300,318.19,95457.00,24
1983,"PO001983",13,448,20241221,20241231,100,205.09,20509.00,10
1984,"PO001984",15,510,20240704,20240716,300,264.47,79341.00,12
1985,"PO001985",21,639,20230216,20230314,1000,109.77,109770.00,26
1986,"PO001986",87,731,20230721,20230806,500,72.08,36040.00,16
1987,"PO001987",22,605,20240215,20240227,750,38.60,28950.00,12
1988,"PO001988",118,851,20240402,20240506,50,23.87,1193.50,34
1989,"PO001989",83,826,20250617,20250712,750,5.36,4020.00,25
1990,"PO001990",50,227,20241031,20241116,300,80.97,24291.00,16
1991,"PO001991",66,79,20241107,20241110,100,268.10,26810.00,3
1992,"PO001992",83,774,20240228,20240323,500,587.60,293800.00,24
1993,"PO001993",5,462,20251007,20251021,500,57.43,28715.00,14
1994,"PO001994",11,659,20240602,20240702,750,195.51,146632.50,30
1995,"PO001995",15,510,20230830,20230912,1000,264.41,264410.00,13
1996,"PO001996",40,457,20251230,20260117,150,43.28,6492.00,18
1997,"PO001997",36,262,20230614,20230705,50,142.93,7146.50,21
1998,"PO001998",51,802,20240626,20240627,300,385.35,115605.00,1
1999,"PO001999",97,141,20250607,20250625,500,24.49,12245.00,18
2000,"PO002000",33,80,20231227,20240123,300,21.20,6360.00,27
2001,"PO002001",25,352,20240804,20240825,150,136.01,20401.50,21
2002,"PO002002",53,896,20251216,20251228,150,225.60,33840.00,12
2003,"PO002003",56,418,20231003,20231004,100,29.15,2915.00,1
2004,"PO002004",50,847,20231002,20231020,50,37.84,1892.00,18
2005,"PO002005",115,624,20230427,20230506,50,574.36,28718.00,9
2006,"PO002006",76,313,20230713,20230803,50,169.36,8468.00,21
2007,"PO002007",120,197,20240316,20240327,750,34.72,26040.00,11
2008,"PO002008",17,801,20230314,20230327,50,47.19,2359.50,13
2009,"PO002009",54,360,20230527,20230702,100,313.94,31394.00,36
2010,"PO002010",4,590,20241102,20241202,150,15.87,2380.50,30
2011,"PO002011",50,250,20240522,20240609,200,361.45,72290.00,18
2012,"PO002012",99,19,20240221,20240227,150,245.90,36885.00,6
2013,"PO002013",91,787,20240921,20241014,300,253.28,75984.00,23
2014,"PO002014",98,155,20250102,20250119,50,338.34,16917.00,17
2015,"PO002015",109,794,20250313,20250321,100,74.60,7460.00,8
2016,"PO002016",109,492,20231103,20231114,50,71.62,3581.00,11
2017,"PO002017",101,990,20240609,20240630,300,121.99,36597.00,21
2018,"PO002018",28,21,20250526,20250622,1000,62.09,62090.00,27
2019,"PO002019",120,638,20240701,20240716,1000,99.07,99070.00,15
2020,"PO002020",72,961,20250719,20250720,750,649.95,487462.50,1
2021,"PO002021",102,562,20240709,20240807,50,151.95,7597.50,29
2022,"PO002022",46,757,20230819,20230905,500,97.47,48735.00,17
2023,"PO002023",98,745,20251010,20251031,100,3.61,361.00,21
2024,"PO002024",94,912,20230405,20230425,50,228.20,11410.00,20
2025,"PO002025",78,367,20250801,20250817,150,291.85,43777.50,16
2026,"PO002026",9,808,20230823,20230827,50,123.73,6186.50,4
2027,"PO002027",81,7,20231126,20231128,50,594.87,29743.50,2
2028,"PO002028",21,724,20241228,20250119,1000,368.64,368640.00,22
2029,"PO002029",28,700,20230514,20230612,300,150.67,45201.00,29
2030,"PO002030",39,665,20230714,20230730,200,37.80,7560.00,16
2031,"PO002031",13,823,20230320,20230401,50,102.02,5101.00,12
2032,"PO002032",91,787,20240626,20240717,1000,268.89,268890.00,21
2033,"PO002033",82,863,20240516,20240607,300,554.34,166302.00,22
2034,"PO002034",76,454,20230905,20230922,1000,4.11,4110.00,17
2035,"PO002035",62,612,20250111,20250209,100,111.47,11147.00,29
2036,"PO002036",47,242,20250621,20250701,50,51.40,2570.00,10
2037,"PO002037",40,746,20250603,20250621,200,82.74,16548.00,18
2038,"PO002038",118,308,20230415,20230524,300,345.44,103632.00,39
2039,"PO002039",101,595,20240605,20240627,50,59.96,2998.00,22
2040,"PO002040",73,87,20230829,20230917,500,48.66,24330.00,19
2041,"PO002041",99,127,20250220,20250303,150,6.31,946.50,11
2042,"PO002042",18,702,20231124,20231218,300,32.84,9852.00,24
2043,"PO002043",14,764,20231130,20231206,750,17.98,13485.00,6
2044,"PO002044",92,494,20240330,20240407,100,77.39,7739.00,8
2045,"PO002045",92,494,20230816,20230823,50,77.16,3858.00,7
2046,"PO002046",5,519,20230711,20230723,200,14.50,2900.00,12
2047,"PO002047",21,186,20251214,20260109,200,120.64,24128.00,26
2048,"PO002048",119,477,20250107,20250111,750,12.83,9622.50,4
2049,"PO002049",28,37,20250816,20250913,100,155.35,15535.00,28
2050,"PO002050",16,153,20241128,20241211,1000,218.21,218210.00,13
2051,"PO002051",77,44,20240124,20240207,150,700.50,105075.00,14
2052,"PO002052",117,927,20241006,20241023,1000,284.30,284300.00,17
2053,"PO002053",34,882,20230106,20230123,500,173.92,86960.00,17
2054,"PO002054",56,277,20240920,20240921,200,435.26,87052.00,1
2055,"PO002055",88,989,20240419,20240510,100,914.69,91469.00,21
2056,"PO002056",47,82,20240625,20240706,1000,27.61,27610.00,11
2057,"PO002057",111,833,20251227,20260203,500,27.93,13965.00,38
2058,"PO002058",92,22,20240521,20240527,1000,593.66,593660.00,6
2059,"PO002059",18,971,20250807,20250830,750,34.74,26055.00,23
2060,"PO002060",9,369,20230804,20230817,750,189.62,142215.00,13
2061,"PO002061",106,139,20231105,20231128,150,87.64,13146.00,23
2062,"PO002062",76,649,20231123,20231214,50,37.20,1860.00,21
2063,"PO002063",8,109,20241004,20241007,500,64.66,32330.00,3
2064,"PO002064",13,448,20250804,20250820,150,200.79,30118.50,16
2065,"PO002065",67,920,20250810,20250818,750,157.94,118455.00,8
2066,"PO002066",49,677,20230713,20230805,200,105.74,21148.00,23
2067,"PO002067",56,137,20240413,20240416,50,20.74,1037.00,3
2068,"PO002068",7,867,20230715,20230802,50,413.53,20676.50,18
2069,"PO002069",44,378,20250429,20250521,1000,104.51,104510.00,22
2070,"PO002070",117,341,20251106,20251124,50,738.58,36929.00,18
2071,"PO002071",54,487,20251005,20251112,500,218.70,109350.00,38
2072,"PO002072",78,589,20250519,20250608,50,65.46,3273.00,20
2073,"PO002073",73,490,20250405,20250425,500,2.38,1190.00,20
2074,"PO002074",58,365,20230727,20230810,750,80.49,60367.50,14
2075,"PO002075",14,906,20230509,20230516,200,32.78,6556.00,7
2076,"PO002076",101,345,20250516,20250605,300,235.46,70638.00,20
2077,"PO002077",78,432,20230901,20230923,50,195.70,9785.00,22
2078,"PO002078",21,688,20230706,20230730,50,6.12,306.00,24
2079,"PO002079",89,226,20230116,20230204,750,7.00,5250.00,19
2080,"PO002080",58,365,20251126,20251215,750,78.38,58785.00,19
2081,"PO002081",37,876,20240310,20240322,100,10.66,1066.00,12
2082,"PO002082",77,176,20241202,20241219,50,288.89,14444.50,17
2083,"PO002083",6,476,20250131,20250213,500,260.40,130200.00,13
2084,"PO002084",4,987,20230313,20230414,150,442.46,66369.00,32
2085,"PO002085",73,259,20250601,20250624,200,54.54,10908.00,23
2086,"PO002086",81,668,20230305,20230314,300,14.37,4311.00,9
2087,"PO002087",63,162,20230506,20230601,200,431.23,86246.00,26
2088,"PO002088",68,467,20240721,20240730,50,95.16,4758.00,9
2089,"PO002089",56,418,20240914,20240918,500,27.80,13900.00,4
2090,"PO002090",3,463,20250730,20250814,1000,26.91,26910.00,15
2091,"PO002091",48,134,20250616,20250629,50,14.42,721.00,13
2092,"PO002092",72,62,20250526,20250527,500,258.49,129245.00,1
2093,"PO002093",6,581,20240904,20240919,300,23.06,6918.00,15
2094,"PO002094",7,42,20230913,20230930,200,321.21,64242.00,17
2095,"PO002095",72,62,20241219,20241223,750,245.09,183817.50,4
2096,"PO002096",25,967,20251009,20251101,50,495.31,24765.50,23
2097,"PO002097",58,807,20251203,20251219,1000,63.24,63240.00,16
2098,"PO002098",94,269,20231013,20231104,200,31.01,6202.00,22
2099,"PO002099",19,64,20230912,20230929,500,89.49,44745.00,17
2100,"PO002100",53,185,20230723,20230807,50,40.12,2006.00,15
2101,"PO002101",63,676,20240109,20240202,750,548.75,411562.50,24
2102,"PO002102",110,214,20251205,20251218,50,37.15,1857.50,13
2103,"PO002103",18,611,20251213,20260107,1000,293.04,293040.00,25
2104,"PO002104",114,978,20250126,20250211,100,149.41,14941.00,16
2105,"PO002105",26,687,20230302,20230325,50,186.63,9331.50,23
2106,"PO002106",31,376,20251201,20251215,50,672.90,33645.00,14
2107,"PO002107",77,347,20240427,20240512,500,666.70,333350.00,15
2108,"PO002108",81,607,20250311,20250321,500,33.61,16805.00,10
2109,"PO002109",93,945,20250509,20250524,200,67.45,13490.00,15
2110,"PO002110",19,836,20241130,20241223,50,8.49,424.50,23
2111,"PO002111",89,226,20250323,20250414,1000,7.25,7250.00,22
2112,"PO002112",118,981,20241022,20241128,100,13.52,1352.00,37
2113,"PO002113",47,449,20240217,20240301,1000,61.05,61050.00,13
2114,"PO002114",62,695,20230830,20231003,200,38.25,7650.00,34
2115,"PO002115",61,364,20241230,20250124,750,90.32,67740.00,25
2116,"PO002116",47,82,20250518,20250529,300,26.84,8052.00,11
2117,"PO002117",92,728,20230111,20230118,100,26.96,2696.00,7
2118,"PO002118",118,851,20230517,20230621,200,22.34,4468.00,35
2119,"PO002119",3,793,20230302,20230317,100,137.45,13745.00,15
2120,"PO002120",99,534,20240904,20240914,300,56.76,17028.00,10
2121,"PO002121",21,812,20230423,20230519,500,451.99,225995.00,26
2122,"PO002122",18,498,20230214,20230312,1000,63.82,63820.00,26
2123,"PO002123",58,773,20250512,20250528,50,37.55,1877.50,16
2124,"PO002124",115,965,20250914,20250925,300,8.58,2574.00,11
2125,"PO002125",6,476,20240519,20240529,200,268.26,53652.00,10
2126,"PO002126",112,465,20230323,20230415,200,84.10,16820.00,23
2127,"PO002127",62,902,20240126,20240225,200,21.06,4212.00,30
2128,"PO002128",106,526,20230213,20230311,300,108.75,32625.00,26
2129,"PO002129",31,376,20250507,20250517,300,701.89,210567.00,10
2130,"PO002130",94,903,20251231,20260126,200,527.25,105450.00,26
2131,"PO002131",5,660,20230831,20230912,200,94.43,18886.00,12
2132,"PO002132",90,720,20230219,20230308,100,315.38,31538.00,17
2133,"PO002133",39,854,20240730,20240816,300,292.60,87780.00,17
2134,"PO002134",120,205,20230824,20230905,50,138.00,6900.00,12
2135,"PO002135",112,846,20250204,20250226,50,34.67,1733.50,22
2136,"PO002136",64,6,20230326,20230402,500,137.09,68545.00,7
2137,"PO002137",92,274,20250610,20250619,100,6.42,642.00,9
2138,"PO002138",8,577,20230222,20230301,1000,11.33,11330.00,7
2139,"PO002139",75,984,20240319,20240408,50,666.72,33336.00,20
2140,"PO002140",29,344,20230305,20230317,300,35.12,10536.00,12
2141,"PO002141",48,332,20240426,20240512,1000,87.47,87470.00,16
2142,"PO002142",72,306,20230127,20230201,150,107.04,16056.00,5
2143,"PO002143",56,137,20231215,20231217,50,20.12,1006.00,2
2144,"PO002144",31,376,20240323,20240405,100,713.03,71303.00,13
2145,"PO002145",44,877,20230915,20231009,750,321.68,241260.00,24
2146,"PO002146",8,775,20251212,20251214,150,261.96,39294.00,2
2147,"PO002147",37,474,20230215,20230303,200,19.78,3956.00,16
2148,"PO002148",9,8,20230131,20230208,1000,870.38,870380.00,8
2149,"PO002149",94,433,20240213,20240301,100,92.57,9257.00,17
2150,"PO002150",98,182,20231113,20231207,1000,99.26,99260.00,24
2151,"PO002151",101,885,20240502,20240523,200,149.43,29886.00,21
2152,"PO002152",68,100,20241124,20241206,50,276.08,13804.00,12
2153,"PO002153",56,277,20240410,20240411,1000,447.22,447220.00,1
2154,"PO002154",17,413,20230729,20230817,100,86.15,8615.00,19
2155,"PO002155",96,314,20250126,20250207,1000,5.90,5900.00,12
2156,"PO002156",98,900,20250413,20250506,500,46.15,23075.00,23
2157,"PO002157",19,64,20241204,20241223,1000,92.11,92110.00,19
2158,"PO002158",12,769,20250610,20250628,100,5.45,545.00,18
2159,"PO002159",106,175,20240112,20240206,50,102.99,5149.50,25
2160,"PO002160",107,675,20240721,20240814,1000,65.23,65230.00,24
2161,"PO002161",30,26,20230727,20230817,750,315.31,236482.50,21
2162,"PO002162",46,757,20251003,20251017,300,97.99,29397.00,14
2163,"PO002163",18,971,20230815,20230904,500,32.24,16120.00,20
2164,"PO002164",33,152,20230103,20230121,750,264.60,198450.00,18
2165,"PO002165",60,224,20250303,20250331,200,96.17,19234.00,28
2166,"PO002166",19,3,20250204,20250224,500,72.55,36275.00,20
2167,"PO002167",58,509,20250406,20250424,200,7.83,1566.00,18
2168,"PO002168",7,436,20240914,20241001,750,275.60,206700.00,17
2169,"PO002169",76,480,20230821,20230910,750,149.93,112447.50,20
2170,"PO002170",118,673,20251106,20251213,500,102.75,51375.00,37
2171,"PO002171",25,860,20230326,20230414,500,10.56,5280.00,19
2172,"PO002172",13,823,20241002,20241012,100,95.47,9547.00,10
2173,"PO002173",59,645,20240130,20240217,1000,27.83,27830.00,18
2174,"PO002174",94,617,20250314,20250404,750,141.92,106440.00,21
2175,"PO002175",1,743,20230627,20230720,200,59.37,11874.00,23
2176,"PO002176",73,495,20240105,20240124,100,522.95,52295.00,19
2177,"PO002177",31,572,20240909,20240920,100,712.44,71244.00,11
2178,"PO002178",12,236,20250106,20250126,500,543.42,271710.00,20
2179,"PO002179",83,561,20240727,20240822,200,426.30,85260.00,26
2180,"PO002180",99,19,20240917,20240923,500,266.95,133475.00,6
2181,"PO002181",66,382,20240823,20240827,100,2.70,270.00,4
2182,"PO002182",42,739,20240614,20240715,150,24.54,3681.00,31
2183,"PO002183",13,933,20240324,20240406,750,38.07,28552.50,13
2184,"PO002184",84,123,20250826,20250920,300,108.08,32424.00,25
2185,"PO002185",120,420,20230723,20230731,300,122.77,36831.00,8
2186,"PO002186",35,114,20240815,20240831,50,32.87,1643.50,16
2187,"PO002187",89,387,20251121,20251209,50,65.86,3293.00,18
2188,"PO002188",48,332,20230406,20230419,200,92.24,18448.00,13
2189,"PO002189",88,989,20251111,20251129,100,860.42,86042.00,18
2190,"PO002190",99,415,20240502,20240511,500,202.06,101030.00,9
2191,"PO002191",33,544,20241211,20250104,750,52.03,39022.50,24
2192,"PO002192",61,94,20240208,20240302,750,147.47,110602.50,23
2193,"PO002193",15,174,20250721,20250801,50,38.30,1915.00,11
2194,"PO002194",80,958,20230604,20230610,300,5.51,1653.00,6
2195,"PO002195",83,626,20240610,20240706,750,36.20,27150.00,26
2196,"PO002196",87,737,20250930,20251020,750,56.56,42420.00,20
2197,"PO002197",80,191,20240218,20240226,1000,259.51,259510.00,8
2198,"PO002198",44,877,20230313,20230412,100,322.58,32258.00,30
2199,"PO002199",61,322,20240925,20241014,300,30.05,9015.00,19
2200,"PO002200",5,848,20231029,20231116,150,82.66,12399.00,18
2201,"PO002201",56,277,20240111,20240112,1000,439.33,439330.00,1
2202,"PO002202",95,998,20230105,20230117,500,86.17,43085.00,12
2203,"PO002203",107,937,20230602,20230622,200,5.03,1006.00,20
2204,"PO002204",87,985,20250225,20250312,100,26.26,2626.00,15
2205,"PO002205",66,729,20250921,20250927,150,73.23,10984.50,6
2206,"PO002206",29,481,20230708,20230717,1000,104.71,104710.00,9
2207,"PO002207",39,820,20250427,20250515,100,40.58,4058.00,18
2208,"PO002208",45,78,20230501,20230514,500,752.22,376110.00,13
2209,"PO002209",95,557,20231022,20231031,50,5.78,289.00,9
2210,"PO002210",108,655,20230121,20230203,100,82.12,8212.00,13
2211,"PO002211",120,362,20240927,20241007,300,23.23,6969.00,10
2212,"PO002212",17,273,20240112,20240129,300,35.95,10785.00,17
2213,"PO002213",78,817,20240818,20240905,100,239.14,23914.00,18
2214,"PO002214",69,670,20231002,20231007,1000,708.65,708650.00,5
2215,"PO002215",92,128,20240914,20240929,1000,92.29,92290.00,15
2216,"PO002216",77,176,20250420,20250430,50,305.43,15271.50,10
2217,"PO002217",33,366,20240101,20240127,100,449.24,44924.00,26
2218,"PO002218",95,41,20240216,20240301,750,148.74,111555.00,14
2219,"PO002219",90,918,20250212,20250302,150,120.03,18004.50,18
2220,"PO002220",56,797,20230302,20230303,1000,192.82,192820.00,1
2221,"PO002221",115,475,20240203,20240219,300,11.17,3351.00,16
2222,"PO002222",64,96,20250924,20250930,500,83.87,41935.00,6
2223,"PO002223",78,817,20240130,20240223,50,228.08,11404.00,24
2224,"PO002224",41,897,20250427,20250513,100,7.06,706.00,16
2225,"PO002225",11,659,20231101,20231129,500,210.02,105010.00,28
2226,"PO002226",97,121,20241224,20250108,200,487.79,97558.00,15
2227,"PO002227",101,595,20241003,20241022,750,62.75,47062.50,19
2228,"PO002228",117,927,20230113,20230131,100,281.08,28108.00,18
2229,"PO002229",4,117,20230614,20230716,100,9.61,961.00,32
2230,"PO002230",31,376,20240327,20240413,150,724.10,108615.00,17
2231,"PO002231",64,96,20230128,20230209,500,84.46,42230.00,12
2232,"PO002232",1,170,20250724,20250818,200,189.34,37868.00,25
2233,"PO002233",87,619,20250115,20250130,750,764.46,573345.00,15
2234,"PO002234",39,834,20251026,20251110,150,33.08,4962.00,15
2235,"PO002235",15,174,20241201,20241213,300,35.66,10698.00,12
2236,"PO002236",104,696,20230311,20230408,100,146.32,14632.00,28
2237,"PO002237",50,652,20240409,20240424,150,50.43,7564.50,15
2238,"PO002238",105,852,20241104,20241125,750,34.87,26152.50,21
2239,"PO002239",77,44,20251231,20260113,200,718.38,143676.00,13
2240,"PO002240",21,53,20250605,20250629,150,25.19,3778.50,24
2241,"PO002241",67,629,20250123,20250202,100,102.81,10281.00,10
2242,"PO002242",75,460,20231210,20231225,300,117.06,35118.00,15
2243,"PO002243",90,85,20231112,20231127,200,94.18,18836.00,15
2244,"PO002244",66,382,20250328,20250331,1000,2.55,2550.00,3
2245,"PO002245",54,299,20240215,20240319,200,238.03,47606.00,33
2246,"PO002246",88,989,20230202,20230219,100,846.45,84645.00,17
2247,"PO002247",92,494,20230801,20230803,1000,73.51,73510.00,2
2248,"PO002248",33,620,20230530,20230623,1000,19.26,19260.00,24
2249,"PO002249",44,201,20250913,20251011,100,31.72,3172.00,28
2250,"PO002250",73,574,20231007,20231028,200,567.72,113544.00,21
2251,"PO002251",4,291,20230222,20230327,200,28.12,5624.00,33
2252,"PO002252",23,13,20250716,20250723,750,11.67,8752.50,7
2253,"PO002253",58,324,20240112,20240201,500,151.68,75840.00,20
2254,"PO002254",80,92,20240316,20240319,100,43.62,4362.00,3
2255,"PO002255",57,917,20240625,20240716,200,599.87,119974.00,21
2256,"PO002256",20,821,20240202,20240208,100,82.19,8219.00,6
2257,"PO002257",28,532,20230113,20230211,200,73.65,14730.00,29
2258,"PO002258",9,907,20240322,20240328,100,289.68,28968.00,6
2259,"PO002259",60,439,20230212,20230312,100,604.44,60444.00,28
2260,"PO002260",12,769,20250201,20250214,500,5.92,2960.00,13
2261,"PO002261",90,172,20230829,20230910,200,87.84,17568.00,12
2262,"PO002262",32,164,20231003,20231010,300,488.64,146592.00,7
2263,"PO002263",80,67,20230204,20230214,200,34.22,6844.00,10
2264,"PO002264",37,285,20230427,20230507,1000,2.05,2050.00,10
2265,"PO002265",7,42,20250329,20250418,1000,315.92,315920.00,20
2266,"PO002266",114,246,20230402,20230416,50,110.85,5542.50,14
2267,"PO002267",68,150,20251207,20251213,750,59.48,44610.00,6
2268,"PO002268",92,728,20250214,20250221,300,27.14,8142.00,7
2269,"PO002269",20,163,20230305,20230306,750,15.74,11805.00,1
2270,"PO002270",43,934,20250904,20250912,750,241.60,181200.00,8
2271,"PO002271",84,89,20240728,20240818,1000,18.46,18460.00,21
2272,"PO002272",58,324,20251109,20251128,300,158.32,47496.00,19
2273,"PO002273",117,549,20240131,20240220,100,216.79,21679.00,20
2274,"PO002274",37,876,20251216,20260104,200,11.66,2332.00,19
2275,"PO002275",39,49,20240207,20240226,150,37.40,5610.00,19
2276,"PO002276",99,593,20250909,20250920,100,74.40,7440.00,11
2277,"PO002277",85,293,20230828,20230912,750,167.16,125370.00,15
2278,"PO002278",48,399,20230519,20230608,500,102.77,51385.00,20
2279,"PO002279",60,190,20231206,20240106,1000,31.29,31290.00,31
2280,"PO002280",84,501,20230726,20230820,500,40.19,20095.00,25
2281,"PO002281",94,680,20231030,20231115,300,18.16,5448.00,16
2282,"PO002282",20,163,20240714,20240717,100,15.81,1581.00,3
2283,"PO002283",51,516,20250104,20250107,750,29.35,22012.50,3
2284,"PO002284",8,577,20250512,20250514,500,10.91,5455.00,2
2285,"PO002285",46,991,20250418,20250507,200,159.17,31834.00,19
2286,"PO002286",33,620,20241225,20250121,750,18.79,14092.50,27
2287,"PO002287",87,619,20240531,20240618,500,755.91,377955.00,18
2288,"PO002288",23,523,20241001,20241007,500,124.38,62190.00,6
2289,"PO002289",99,469,20251108,20251117,500,13.21,6605.00,9
2290,"PO002290",44,560,20250421,20250516,500,190.21,95105.00,25
2291,"PO002291",62,612,20251218,20260117,300,113.59,34077.00,30
2292,"PO002292",35,192,20240718,20240810,100,53.76,5376.00,23
2293,"PO002293",26,740,20230508,20230526,200,11.92,2384.00,18
2294,"PO002294",44,201,20230511,20230606,150,31.91,4786.50,26
2295,"PO002295",100,459,20250102,20250122,50,65.41,3270.50,20
2296,"PO002296",19,337,20250712,20250730,50,20.40,1020.00,18
2297,"PO002297",59,861,20251116,20251204,500,198.78,99390.00,18
2298,"PO002298",106,447,20240317,20240416,500,12.31,6155.00,30
2299,"PO002299",21,169,20250819,20250913,200,60.16,12032.00,25
2300,"PO002300",97,141,20250405,20250421,500,25.21,12605.00,16
2301,"PO002301",14,608,20240124,20240130,200,61.71,12342.00,6
2302,"PO002302",40,235,20250423,20250513,500,76.01,38005.00,20
2303,"PO002303",83,325,20240122,20240217,1000,150.34,150340.00,26
2304,"PO002304",115,475,20230818,20230824,150,11.43,1714.50,6
2305,"PO002305",109,939,20250623,20250704,1000,699.35,699350.00,11
2306,"PO002306",70,623,20241015,20241109,100,29.24,2924.00,25
2307,"PO002307",48,15,20241020,20241104,1000,139.00,139000.00,15
2308,"PO002308",93,884,20231223,20240110,100,10.41,1041.00,18
2309,"PO002309",101,799,20230220,20230305,750,39.59,29692.50,13
2310,"PO002310",101,606,20230224,20230318,200,14.37,2874.00,22
2311,"PO002311",38,558,20240430,20240501,100,821.62,82162.00,1
2312,"PO002312",73,582,20231229,20240122,300,364.00,109200.00,24
2313,"PO002313",21,53,20240823,20240915,150,24.54,3681.00,23
2314,"PO002314",66,27,20241103,20241107,200,19.31,3862.00,4
2315,"PO002315",3,713,20250901,20250912,50,62.76,3138.00,11
2316,"PO002316",83,247,20250812,20250907,100,86.41,8641.00,26
2317,"PO002317",91,787,20230902,20230926,750,262.02,196515.00,24
2318,"PO002318",51,584,20251030,20251104,200,212.09,42418.00,5
2319,"PO002319",59,968,20231220,20240106,200,34.15,6830.00,17
2320,"PO002320",44,425,20250909,20250925,1000,84.70,84700.00,16
2321,"PO002321",78,232,20250205,20250223,100,136.65,13665.00,18
2322,"PO002322",66,27,20231218,20231219,750,19.73,14797.50,1
2323,"PO002323",37,876,20250626,20250713,200,11.41,2282.00,17
2324,"PO002324",44,560,20230727,20230824,100,194.82,19482.00,28
2325,"PO002325",88,10,20251129,20251222,150,16.65,2497.50,23
2326,"PO002326",21,812,20240519,20240617,100,447.00,44700.00,29
2327,"PO002327",77,179,20230104,20230113,1000,32.12,32120.00,9
2328,"PO002328",63,203,20250909,20250928,150,314.05,47107.50,19
2329,"PO002329",30,790,20230127,20230215,200,227.18,45436.00,19
2330,"PO002330",80,83,20240609,20240616,300,438.14,131442.00,7
2331,"PO002331",42,739,20251007,20251102,200,26.70,5340.00,26
2332,"PO002332",39,796,20231030,20231110,300,51.30,15390.00,11
2333,"PO002333",26,740,20230421,20230509,150,11.29,1693.50,18
2334,"PO002334",39,665,20240329,20240416,500,41.10,20550.00,18
2335,"PO002335",114,252,20251127,20251215,750,19.28,14460.00,18
2336,"PO002336",91,157,20250707,20250730,200,35.10,7020.00,23
2337,"PO002337",44,425,20250928,20251021,100,86.57,8657.00,23
2338,"PO002338",35,178,20251124,20251215,500,50.81,25405.00,21
2339,"PO002339",60,326,20241121,20241220,300,10.61,3183.00,29
2340,"PO002340",42,485,20231027,20231127,300,48.41,14523.00,31
2341,"PO002341",81,7,20240813,20240817,50,592.97,29648.50,4
2342,"PO002342",97,124,20230523,20230607,750,147.59,110692.50,15
2343,"PO002343",114,252,20251203,20251221,1000,19.14,19140.00,18
2344,"PO002344",109,545,20250619,20250629,50,94.88,4744.00,10
2345,"PO002345",22,654,20230430,20230517,50,41.40,2070.00,17
2346,"PO002346",11,689,20251120,20251222,1000,743.07,743070.00,32
2347,"PO002347",50,374,20240821,20240913,150,610.24,91536.00,23
2348,"PO002348",23,319,20240731,20240802,1000,147.11,147110.00,2
2349,"PO002349",19,220,20251009,20251027,750,129.74,97305.00,18
2350,"PO002350",71,925,20251213,20251230,500,40.93,20465.00,17
2351,"PO002351",62,942,20250117,20250219,750,65.18,48885.00,33
2352,"PO002352",62,695,20240507,20240606,750,38.26,28695.00,30
2353,"PO002353",59,567,20230604,20230622,1000,164.64,164640.00,18
2354,"PO002354",106,960,20250821,20250913,100,32.05,3205.00,23
2355,"PO002355",22,20,20240119,20240201,50,103.26,5163.00,13
2356,"PO002356",29,72,20230327,20230409,750,345.65,259237.50,13
2357,"PO002357",115,106,20250404,20250415,150,88.24,13236.00,11
2358,"PO002358",101,133,20240518,20240608,500,82.95,41475.00,21
2359,"PO002359",29,344,20240215,20240226,500,35.02,17510.00,11
2360,"PO002360",45,300,20230105,20230120,300,68.15,20445.00,15
2361,"PO002361",18,498,20240402,20240425,500,63.14,31570.00,23
2362,"PO002362",116,65,20230402,20230413,500,177.05,88525.00,11
2363,"PO002363",51,584,20231010,20231019,750,195.30,146475.00,9
2364,"PO002364",118,673,20240723,20240830,300,103.10,30930.00,38
2365,"PO002365",60,502,20231209,20240108,500,221.61,110805.00,30
2366,"PO002366",19,64,20250701,20250720,750,91.20,68400.00,19
2367,"PO002367",12,312,20230125,20230209,100,305.52,30552.00,15
2368,"PO002368",16,45,20241017,20241026,750,72.23,54172.50,9
2369,"PO002369",96,314,20230110,20230128,100,6.15,615.00,18
2370,"PO002370",31,350,20240621,20240710,50,24.18,1209.00,19
2371,"PO002371",83,561,20240406,20240429,1000,441.22,441220.00,23
2372,"PO002372",39,49,20230521,20230609,50,34.89,1744.50,19
2373,"PO002373",8,256,20240830,20240904,300,92.56,27768.00,5
2374,"PO002374",106,839,20230302,20230321,100,29.69,2969.00,19
2375,"PO002375",39,132,20241220,20250106,500,62.98,31490.00,17
2376,"PO002376",3,122,20250815,20250826,150,81.67,12250.50,11
2377,"PO002377",48,15,20231204,20231217,300,148.19,44457.00,13
2378,"PO002378",119,994,20230710,20230713,150,35.98,5397.00,3
2379,"PO002379",30,591,20231126,20231219,1000,39.29,39290.00,23
2380,"PO002380",50,652,20250719,20250806,150,47.95,7192.50,18
2381,"PO002381",112,522,20250422,20250516,1000,41.52,41520.00,24
2382,"PO002382",99,127,20230731,20230813,1000,6.06,6060.00,13
2383,"PO002383",13,30,20250629,20250711,150,191.71,28756.50,12
2384,"PO002384",79,901,20230804,20230907,500,45.71,22855.00,34
2385,"PO002385",85,338,20250911,20250923,100,105.39,10539.00,12
2386,"PO002386",54,95,20230302,20230405,750,898.99,674242.50,34
2387,"PO002387",65,835,20240830,20240910,150,80.75,12112.50,11
2388,"PO002388",72,515,20240427,20240428,1000,8.44,8440.00,1
2389,"PO002389",14,129,20241001,20241008,300,383.81,115143.00,7
2390,"PO002390",45,78,20240507,20240519,1000,782.88,782880.00,12
2391,"PO002391",93,966,20241015,20241031,200,245.83,49166.00,16
2392,"PO002392",58,977,20250712,20250730,50,130.01,6500.50,18
2393,"PO002393",72,283,20250524,20250527,300,6.85,2055.00,3
2394,"PO002394",119,845,20230603,20230605,300,10.98,3294.00,2
2395,"PO002395",19,220,20241201,20241224,300,141.89,42567.00,23
2396,"PO002396",119,81,20240331,20240402,750,14.30,10725.00,2
2397,"PO002397",78,367,20241107,20241203,150,309.08,46362.00,26
2398,"PO002398",45,392,20250317,20250330,100,188.62,18862.00,13
2399,"PO002399",91,157,20240425,20240519,100,36.05,3605.00,24
2400,"PO002400",40,235,20251007,20251030,100,75.47,7547.00,23
2401,"PO002401",26,988,20250227,20250320,150,42.25,6337.50,21
2402,"PO002402",77,333,20230622,20230630,300,4.60,1380.00,8
2403,"PO002403",63,203,20230729,20230821,50,341.68,17084.00,23
2404,"PO002404",60,439,20230505,20230601,500,639.55,319775.00,27
2405,"PO002405",96,314,20240705,20240718,750,6.35,4762.50,13
2406,"PO002406",27,583,20240826,20240830,100,263.10,26310.00,4
2407,"PO002407",32,99,20240204,20240212,750,284.63,213472.50,8
2408,"PO002408",41,279,20250624,20250714,100,15.13,1513.00,20
2409,"PO002409",5,848,20231217,20240101,300,87.56,26268.00,15
2410,"PO002410",28,343,20241121,20241218,1000,308.57,308570.00,27
2411,"PO002411",28,343,20240520,20240615,150,309.85,46477.50,26
2412,"PO002412",68,564,20250627,20250706,150,12.89,1933.50,9
2413,"PO002413",37,404,20230411,20230425,300,44.04,13212.00,14
2414,"PO002414",50,847,20230105,20230124,300,38.09,11427.00,19
2415,"PO002415",39,500,20231221,20240112,500,52.10,26050.00,22
2416,"PO002416",48,556,20230505,20230519,1000,97.09,97090.00,14
2417,"PO002417",103,113,20230901,20230905,50,93.16,4658.00,4
2418,"PO002418",2,919,20241009,20241031,300,123.54,37062.00,22
2419,"PO002419",67,629,20231008,20231018,50,97.98,4899.00,10
2420,"PO002420",47,82,20240103,20240114,50,27.86,1393.00,11
2421,"PO002421",75,441,20240209,20240304,100,27.08,2708.00,24
2422,"PO002422",76,767,20241114,20241206,750,17.72,13290.00,22
2423,"PO002423",11,824,20251108,20251210,500,160.45,80225.00,32
2424,"PO002424",41,279,20230202,20230218,500,15.72,7860.00,16
2425,"PO002425",23,648,20240822,20240823,200,7.96,1592.00,1
2426,"PO002426",28,343,20250916,20251013,1000,299.31,299310.00,27
2427,"PO002427",32,783,20250304,20250305,300,28.38,8514.00,1
2428,"PO002428",118,183,20241124,20241231,1000,123.86,123860.00,37
2429,"PO002429",115,965,20240330,20240412,150,9.26,1389.00,13
2430,"PO002430",54,543,20230304,20230406,1000,13.73,13730.00,33
2431,"PO002431",64,6,20250204,20250206,300,138.63,41589.00,2
2432,"PO002432",66,678,20240904,20240909,300,813.87,244161.00,5
2433,"PO002433",112,465,20230327,20230422,300,84.43,25329.00,26
2434,"PO002434",99,127,20240302,20240312,100,6.18,618.00,10
2435,"PO002435",40,457,20230207,20230227,300,43.71,13113.00,20
2436,"PO002436",94,908,20250713,20250730,200,144.54,28908.00,17
2437,"PO002437",101,885,20250911,20251004,500,151.79,75895.00,23
2438,"PO002438",37,474,20230928,20231016,200,18.98,3796.00,18
2439,"PO002439",104,542,20231114,20231214,300,29.85,8955.00,30
2440,"PO002440",16,45,20241220,20241230,750,74.27,55702.50,10
2441,"PO002441",14,329,20251121,20251129,100,186.58,18658.00,8
2442,"PO002442",101,684,20240111,20240201,50,13.60,680.00,21
2443,"PO002443",103,388,20250915,20250919,500,80.93,40465.00,4
2444,"PO002444",53,185,20251025,20251112,50,38.77,1938.50,18
2445,"PO002445",76,843,20240923,20241012,50,29.62,1481.00,19
2446,"PO002446",18,505,20250506,20250601,500,8.84,4420.00,26
2447,"PO002447",48,134,20230407,20230418,100,15.09,1509.00,11
2448,"PO002448",83,704,20251101,20251125,750,74.23,55672.50,24
2449,"PO002449",14,245,20230823,20230903,1000,86.24,86240.00,11
2450,"PO002450",106,526,20240126,20240217,500,114.75,57375.00,22
2451,"PO002451",29,481,20230228,20230311,300,108.94,32682.00,11
2452,"PO002452",22,770,20230218,20230303,100,218.37,21837.00,13
2453,"PO002453",59,295,20230823,20230904,1000,5.25,5250.00,12
2454,"PO002454",41,416,20241012,20241028,500,748.26,374130.00,16
2455,"PO002455",57,225,20240501,20240520,150,91.63,13744.50,19
2456,"PO002456",26,687,20250522,20250611,500,190.58,95290.00,20
2457,"PO002457",87,525,20251024,20251111,1000,274.31,274310.00,18
2458,"PO002458",76,647,20250812,20250901,50,31.17,1558.50,20
2459,"PO002459",5,528,20250430,20250509,1000,30.40,30400.00,9
2460,"PO002460",10,710,20240501,20240513,150,119.31,17896.50,12
2461,"PO002461",63,162,20240914,20241007,50,418.61,20930.50,23
2462,"PO002462",118,673,20250220,20250331,300,101.56,30468.00,39
2463,"PO002463",17,417,20240927,20241016,1000,573.97,573970.00,19
2464,"PO002464",88,575,20250327,20250418,50,9.64,482.00,22
2465,"PO002465",42,735,20250123,20250227,750,111.17,83377.50,35
2466,"PO002466",39,49,20251010,20251025,200,35.04,7008.00,15
2467,"PO002467",67,466,20240827,20240905,300,341.10,102330.00,9
2468,"PO002468",60,502,20250928,20251025,500,219.36,109680.00,27
2469,"PO002469",8,109,20240923,20240924,750,65.15,48862.50,1
2470,"PO002470",119,503,20250808,20250809,500,121.56,60780.00,1
2471,"PO002471",16,894,20241004,20241016,150,183.94,27591.00,12
2472,"PO002472",35,604,20250315,20250404,100,267.68,26768.00,20
2473,"PO002473",108,655,20250106,20250127,100,82.64,8264.00,21
2474,"PO002474",28,343,20240925,20241021,500,303.67,151835.00,26
2475,"PO002475",38,156,20251231,20260103,500,25.02,12510.00,3
2476,"PO002476",2,569,20240817,20240903,100,558.06,55806.00,17
2477,"PO002477",18,702,20251128,20251224,150,32.12,4818.00,26
2478,"PO002478",91,795,20240616,20240708,200,14.69,2938.00,22
2479,"PO002479",54,354,20230904,20231008,300,184.91,55473.00,34
2480,"PO002480",57,218,20240703,20240721,200,193.72,38744.00,18
2481,"PO002481",91,671,20240331,20240423,500,7.97,3985.00,23
2482,"PO002482",43,898,20250430,20250509,50,205.76,10288.00,9
2483,"PO002483",101,488,20250606,20250627,150,14.34,2151.00,21
2484,"PO002484",116,406,20250903,20250914,100,36.73,3673.00,11
2485,"PO002485",92,274,20251130,20251207,300,6.56,1968.00,7
2486,"PO002486",116,602,20230217,20230227,200,84.24,16848.00,10
2487,"PO002487",36,717,20231027,20231114,50,621.03,31051.50,18
2488,"PO002488",16,723,20230829,20230912,300,770.41,231123.00,14
2489,"PO002489",117,359,20230314,20230401,100,208.98,20898.00,18
2490,"PO002490",118,851,20250628,20250804,50,24.04,1202.00,37
2491,"PO002491",11,824,20250915,20251017,750,169.93,127447.50,32
2492,"PO002492",78,180,20250703,20250724,100,8.66,866.00,21
2493,"PO002493",37,715,20240625,20240709,100,15.92,1592.00,14
2494,"PO002494",9,334,20230116,20230131,200,559.42,111884.00,15
2495,"PO002495",46,757,20230829,20230919,1000,91.99,91990.00,21
2496,"PO002496",65,886,20251002,20251019,100,2.01,201.00,17
2497,"PO002497",41,416,20250606,20250624,500,768.66,384330.00,18
2498,"PO002498",84,916,20240617,20240712,100,31.40,3140.00,25
2499,"PO002499",88,255,20250106,20250128,300,3.15,945.00,22
2500,"PO002500",11,659,20241125,20250102,750,203.19,152392.50,38
2501,"PO002501",31,350,20231221,20240109,150,23.27,3490.50,19
2502,"PO002502",28,692,20240216,20240315,750,339.85,254887.50,28
2503,"PO002503",82,744,20250916,20251014,500,572.96,286480.00,28
2504,"PO002504",59,188,20240318,20240405,500,852.33,426165.00,18
2505,"PO002505",43,926,20250731,20250811,500,26.73,13365.00,11
2506,"PO002506",71,408,20250930,20251016,300,66.92,20076.00,16
2507,"PO002507",28,37,20250820,20250914,200,157.32,31464.00,25
2508,"PO002508",96,956,20250129,20250213,50,222.14,11107.00,15
2509,"PO002509",9,808,20250610,20250618,150,114.68,17202.00,8
2510,"PO002510",88,10,20250704,20250723,50,17.13,856.50,19
2511,"PO002511",104,282,20231010,20231029,300,532.34,159702.00,19
2512,"PO002512",79,699,20251007,20251115,750,539.15,404362.50,39
2513,"PO002513",44,425,20241111,20241210,200,87.89,17578.00,29
2514,"PO002514",101,133,20251008,20251029,150,82.97,12445.50,21
2515,"PO002515",66,678,20241116,20241120,100,786.89,78689.00,4
2516,"PO002516",13,933,20230726,20230810,150,36.81,5521.50,15
2517,"PO002517",1,483,20240702,20240724,500,143.54,71770.00,22
2518,"PO002518",48,556,20250828,20250911,500,100.41,50205.00,14
2519,"PO002519",14,599,20240117,20240124,500,68.68,34340.00,7
2520,"PO002520",79,722,20230930,20231104,150,1.50,225.00,35
2521,"PO002521",55,691,20230808,20230901,1000,19.43,19430.00,24
2522,"PO002522",25,860,20250323,20250416,750,11.35,8512.50,24
2523,"PO002523",109,681,20230921,20231002,300,41.83,12549.00,11
2524,"PO002524",87,698,20230502,20230513,100,427.66,42766.00,11
2525,"PO002525",81,7,20240116,20240128,100,627.93,62793.00,12
2526,"PO002526",119,81,20250529,20250530,150,14.62,2193.00,1
2527,"PO002527",44,201,20240519,20240612,100,31.19,3119.00,24
2528,"PO002528",30,790,20241225,20250112,100,215.14,21514.00,18
2529,"PO002529",38,156,20240423,20240428,150,24.74,3711.00,5
2530,"PO002530",31,805,20251204,20251221,100,101.45,10145.00,17
2531,"PO002531",77,442,20231014,20231022,1000,279.07,279070.00,8
2532,"PO002532",85,338,20240527,20240610,150,112.27,16840.50,14
2533,"PO002533",54,658,20250415,20250519,50,55.48,2774.00,34
2534,"PO002534",101,993,20240712,20240804,1000,4.84,4840.00,23
2535,"PO002535",28,532,20230510,20230609,200,80.06,16012.00,30
2536,"PO002536",31,650,20240426,20240509,50,24.88,1244.00,13
2537,"PO002537",115,475,20230206,20230217,300,11.41,3423.00,11
2538,"PO002538",97,141,20250305,20250324,200,24.08,4816.00,19
2539,"PO002539",9,768,20230704,20230705,50,36.80,1840.00,1
2540,"PO002540",48,23,20251122,20251209,500,8.62,4310.00,17
2541,"PO002541",38,275,20240113,20240116,1000,52.11,52110.00,3
2542,"PO002542",37,876,20230202,20230222,750,10.73,8047.50,20
2543,"PO002543",29,871,20250610,20250620,750,45.14,33855.00,10
2544,"PO002544",99,289,20250810,20250822,1000,79.74,79740.00,12
2545,"PO002545",6,426,20251016,20251028,150,655.21,98281.50,12
2546,"PO002546",90,853,20250207,20250219,1000,84.45,84450.00,12
2547,"PO002547",78,391,20230115,20230130,100,92.35,9235.00,15
2548,"PO002548",14,608,20250327,20250405,200,57.37,11474.00,9
2549,"PO002549",11,689,20230110,20230210,500,710.68,355340.00,31
2550,"PO002550",54,658,20251022,20251124,200,58.43,11686.00,33
2551,"PO002551",70,664,20250927,20251027,100,52.01,5201.00,30
2552,"PO002552",67,693,20230924,20231001,200,315.28,63056.00,7
2553,"PO002553",77,176,20231220,20231231,50,300.59,15029.50,11
2554,"PO002554",80,958,20231026,20231101,200,5.65,1130.00,6
2555,"PO002555",19,788,20240122,20240210,200,15.75,3150.00,19
2556,"PO002556",9,369,20250418,20250428,750,201.04,150780.00,10
2557,"PO002557",47,136,20240220,20240306,500,446.97,223485.00,15
2558,"PO002558",80,874,20240726,20240806,750,73.78,55335.00,11
2559,"PO002559",40,339,20250617,20250706,200,170.75,34150.00,19
2560,"PO002560",37,357,20240316,20240405,100,387.44,38744.00,20
2561,"PO002561",75,460,20230103,20230124,500,117.85,58925.00,21
2562,"PO002562",112,355,20250319,20250414,100,797.87,79787.00,26
2563,"PO002563",89,387,20240811,20240902,100,63.70,6370.00,22
2564,"PO002564",80,46,20240604,20240612,200,19.71,3942.00,8
2565,"PO002565",46,761,20250131,20250214,150,243.64,36546.00,14
2566,"PO002566",25,967,20230221,20230310,200,453.35,90670.00,17
2567,"PO002567",107,281,20250207,20250304,1000,16.21,16210.00,25
2568,"PO002568",107,281,20230706,20230801,50,15.12,756.00,26
2569,"PO002569",29,72,20241018,20241027,300,331.49,99447.00,9
2570,"PO002570",63,143,20250519,20250612,750,280.62,210465.00,24
2571,"PO002571",30,911,20230917,20231008,750,46.65,34987.50,21
2572,"PO002572",101,615,20240822,20240915,150,31.33,4699.50,24
2573,"PO002573",8,270,20250305,20250307,500,61.51,30755.00,2
2574,"PO002574",14,608,20240423,20240429,500,58.66,29330.00,6
2575,"PO002575",40,167,20240223,20240316,100,37.30,3730.00,22
2576,"PO002576",63,676,20250405,20250501,500,539.41,269705.00,26
2577,"PO002577",92,494,20240415,20240428,100,73.47,7347.00,13
2578,"PO002578",85,293,20241104,20241119,50,173.38,8669.00,15
2579,"PO002579",45,292,20230128,20230210,1000,128.73,128730.00,13
2580,"PO002580",82,184,20231215,20240112,500,35.78,17890.00,28
2581,"PO002581",72,471,20240209,20240210,200,208.13,41626.00,1
2582,"PO002582",35,178,20230424,20230513,300,49.97,14991.00,19
2583,"PO002583",36,393,20250629,20250726,1000,200.79,200790.00,27
2584,"PO002584",2,264,20240829,20240923,50,700.52,35026.00,25
2585,"PO002585",57,254,20240602,20240620,200,460.19,92038.00,18
2586,"PO002586",46,372,20250605,20250622,500,146.45,73225.00,17
2587,"PO002587",23,523,20240824,20240902,200,125.39,25078.00,9
2588,"PO002588",23,800,20240422,20240423,100,52.23,5223.00,1
2589,"PO002589",22,837,20250815,20250829,100,19.57,1957.00,14
2590,"PO002590",38,275,20250511,20250512,1000,52.52,52520.00,1
2591,"PO002591",25,967,20250919,20251008,300,459.34,137802.00,19
2592,"PO002592",26,687,20230411,20230501,150,190.50,28575.00,20
2593,"PO002593",99,189,20240604,20240614,750,84.56,63420.00,10
2594,"PO002594",62,111,20231223,20240118,1000,33.25,33250.00,26
2595,"PO002595",92,494,20230805,20230812,200,72.94,14588.00,7
2596,"PO002596",85,338,20250127,20250211,150,106.75,16012.50,15
2597,"PO002597",43,727,20240323,20240406,150,47.08,7062.00,14
2598,"PO002598",110,758,20250415,20250428,200,199.41,39882.00,13
2599,"PO002599",92,728,20230101,20230115,50,25.48,1274.00,14
2600,"PO002600",32,24,20251220,20251227,150,2.07,310.50,7
2601,"PO002601",93,12,20240924,20241005,150,10.45,1567.50,11
2602,"PO002602",67,693,20240101,20240108,200,292.98,58596.00,7
2603,"PO002603",14,159,20230507,20230523,300,186.01,55803.00,16
2604,"PO002604",51,552,20251215,20251219,300,115.85,34755.00,4
2605,"PO002605",8,775,20250908,20250912,750,259.92,194940.00,4
2606,"PO002606",27,529,20250821,20250830,500,64.73,32365.00,9
2607,"PO002607",68,150,20250303,20250312,50,64.69,3234.50,9
2608,"PO002608",103,311,20251116,20251119,200,125.55,25110.00,3
2609,"PO002609",85,568,20230312,20230327,300,707.69,212307.00,15
2610,"PO002610",26,237,20240317,20240406,750,43.22,32415.00,20
2611,"PO002611",87,525,20240223,20240309,500,263.02,131510.00,15
2612,"PO002612",91,795,20251031,20251122,50,14.43,721.50,22
2613,"PO002613",66,27,20231216,20231219,150,18.81,2821.50,3
2614,"PO002614",96,956,20251210,20251223,300,220.98,66294.00,13
2615,"PO002615",48,399,20230704,20230721,1000,101.97,101970.00,17
2616,"PO002616",31,805,20250310,20250321,50,101.55,5077.50,11
2617,"PO002617",90,749,20250515,20250603,100,28.11,2811.00,19
2618,"PO002618",111,307,20250703,20250808,500,847.19,423595.00,36
2619,"PO002619",33,383,20250305,20250326,100,39.23,3923.00,21
2620,"PO002620",30,591,20240724,20240811,1000,38.82,38820.00,18
2621,"PO002621",15,288,20240623,20240701,500,75.50,37750.00,8
2622,"PO002622",87,525,20250219,20250303,150,262.73,39409.50,12
2623,"PO002623",72,62,20240809,20240812,300,244.11,73233.00,3
2624,"PO002624",101,71,20250817,20250909,300,724.27,217281.00,23
2625,"PO002625",31,572,20251116,20251202,200,700.06,140012.00,16
2626,"PO002626",48,456,20250810,20250823,100,115.32,11532.00,13
2627,"PO002627",100,459,20240222,20240306,200,60.83,12166.00,13
2628,"PO002628",41,473,20250110,20250123,150,167.28,25092.00,13
2629,"PO002629",38,613,20250831,20250901,50,109.35,5467.50,1
2630,"PO002630",54,543,20250510,20250613,200,14.01,2802.00,34
2631,"PO002631",26,237,20240822,20240909,100,40.31,4031.00,18
2632,"PO002632",30,911,20230226,20230320,100,45.99,4599.00,22
2633,"PO002633",59,188,20250531,20250618,1000,823.56,823560.00,18
2634,"PO002634",77,347,20230422,20230507,150,725.47,108820.50,15
2635,"PO002635",80,958,20250516,20250523,150,5.26,789.00,7
2636,"PO002636",48,827,20231203,20231216,50,76.79,3839.50,13
2637,"PO002637",112,465,20240321,20240414,1000,82.86,82860.00,24
2638,"PO002638",59,491,20240327,20240415,50,331.33,16566.50,19
2639,"PO002639",14,644,20241117,20241127,100,265.67,26567.00,10
2640,"PO002640",1,483,20240910,20241001,100,145.55,14555.00,21
2641,"PO002641",15,288,20241231,20250116,1000,73.94,73940.00,16
2642,"PO002642",21,169,20241220,20250111,100,59.57,5957.00,22
2643,"PO002643",97,121,20250325,20250413,750,502.43,376822.50,19
2644,"PO002644",9,768,20250516,20250525,100,36.26,3626.00,9
2645,"PO002645",108,949,20250317,20250402,750,31.00,23250.00,16
2646,"PO002646",91,997,20240830,20240922,200,479.06,95812.00,23
2647,"PO002647",3,637,20231030,20231113,300,479.19,143757.00,14
2648,"PO002648",60,353,20230111,20230209,100,74.48,7448.00,29
2649,"PO002649",42,120,20250215,20250317,100,48.26,4826.00,30
2650,"PO002650",80,213,20250905,20250910,750,348.64,261480.00,5
2651,"PO002651",120,362,20240624,20240702,50,22.69,1134.50,8
2652,"PO002652",110,758,20230315,20230330,1000,198.39,198390.00,15
2653,"PO002653",85,338,20240626,20240710,50,110.87,5543.50,14
2654,"PO002654",111,70,20230419,20230526,300,368.27,110481.00,37
2655,"PO002655",116,602,20250209,20250218,300,82.62,24786.00,9
2656,"PO002656",10,710,20250114,20250119,100,121.36,12136.00,5
2657,"PO002657",21,724,20240507,20240531,100,378.71,37871.00,24
2658,"PO002658",74,511,20231227,20240101,300,513.22,153966.00,5
2659,"PO002659",19,788,20251126,20251216,500,16.34,8170.00,20
2660,"PO002660",83,330,20240414,20240510,150,22.90,3435.00,26
2661,"PO002661",98,900,20241030,20241113,750,46.25,34687.50,14
2662,"PO002662",37,876,20250217,20250305,50,11.59,579.50,16
2663,"PO002663",120,711,20240812,20240824,100,12.68,1268.00,12
2664,"PO002664",1,963,20240901,20240923,750,533.61,400207.50,22
2665,"PO002665",14,644,20240714,20240716,150,277.51,41626.50,2
2666,"PO002666",92,962,20240124,20240201,100,109.49,10949.00,8
2667,"PO002667",100,765,20250314,20250405,500,242.66,121330.00,22
2668,"PO002668",93,12,20230808,20230822,100,9.83,983.00,14
2669,"PO002669",120,420,20241028,20241107,50,124.94,6247.00,10
2670,"PO002670",7,436,20230401,20230421,100,276.50,27650.00,20
2671,"PO002671",66,651,20250602,20250606,300,721.87,216561.00,4
2672,"PO002672",115,452,20230202,20230212,500,52.93,26465.00,10
2673,"PO002673",65,84,20240830,20240918,200,10.38,2076.00,19
2674,"PO002674",55,691,20250115,20250129,300,20.66,6198.00,14
2675,"PO002675",28,700,20240302,20240401,150,153.90,23085.00,30
2676,"PO002676",48,134,20241009,20241021,50,14.92,746.00,12
2677,"PO002677",103,388,20230418,20230419,100,86.47,8647.00,1
2678,"PO002678",115,106,20230826,20230906,200,91.44,18288.00,11
2679,"PO002679",18,859,20240305,20240401,750,585.13,438847.50,27
2680,"PO002680",32,721,20251008,20251015,200,225.29,45058.00,7
2681,"PO002681",115,624,20231106,20231118,300,543.00,162900.00,12
2682,"PO002682",73,582,20250118,20250207,100,344.09,34409.00,20
2683,"PO002683",36,393,20240624,20240713,750,202.61,151957.50,19
2684,"PO002684",116,358,20250412,20250416,50,845.72,42286.00,4
2685,"PO002685",63,162,20231024,20231114,1000,414.62,414620.00,21
2686,"PO002686",73,87,20230225,20230318,500,46.12,23060.00,21
2687,"PO002687",95,531,20230717,20230728,750,390.65,292987.50,11
2688,"PO002688",81,215,20240211,20240216,100,17.52,1752.00,5
2689,"PO002689",43,151,20250419,20250428,1000,17.52,17520.00,9
2690,"PO002690",96,200,20250720,20250801,50,23.56,1178.00,12
2691,"PO002691",12,576,20240208,20240226,200,40.08,8016.00,18
2692,"PO002692",41,279,20251226,20260110,200,15.39,3078.00,15
2693,"PO002693",69,370,20230331,20230411,150,777.58,116637.00,11
2694,"PO002694",17,413,20230427,20230510,200,79.42,15884.00,13
2695,"PO002695",98,976,20231122,20231206,750,68.03,51022.50,14
2696,"PO002696",22,837,20240607,20240626,100,19.14,1914.00,19
2697,"PO002697",106,526,20241208,20241231,200,114.30,22860.00,23
2698,"PO002698",63,679,20230223,20230319,1000,36.23,36230.00,24
2699,"PO002699",8,323,20231226,20231229,50,43.47,2173.50,3
2700,"PO002700",111,979,20250225,20250404,300,173.02,51906.00,38
2701,"PO002701",12,513,20250616,20250704,1000,741.61,741610.00,18
2702,"PO002702",62,902,20230523,20230622,750,21.79,16342.50,30
2703,"PO002703",58,754,20230508,20230526,500,273.04,136520.00,18
2704,"PO002704",79,722,20240323,20240422,50,1.48,74.00,30
2705,"PO002705",32,783,20250330,20250405,200,30.37,6074.00,6
2706,"PO002706",97,627,20240928,20241019,1000,630.36,630360.00,21
2707,"PO002707",31,650,20230120,20230129,500,26.69,13345.00,9
2708,"PO002708",18,505,20230106,20230128,100,9.54,954.00,22
2709,"PO002709",94,680,20250825,20250916,100,16.79,1679.00,22
2710,"PO002710",50,227,20250818,20250903,100,77.20,7720.00,16
2711,"PO002711",100,755,20231006,20231024,750,98.43,73822.50,18
2712,"PO002712",26,980,20250526,20250613,100,101.85,10185.00,18
2713,"PO002713",78,180,20250924,20251014,500,8.54,4270.00,20
2714,"PO002714",120,420,20230524,20230605,1000,132.42,132420.00,12
2715,"PO002715",3,813,20230330,20230411,50,527.48,26374.00,12
2716,"PO002716",23,800,20250105,20250109,50,51.72,2586.00,4
2717,"PO002717",70,664,20250929,20251029,500,49.41,24705.00,30
2718,"PO002718",102,784,20250930,20251027,100,88.55,8855.00,27
2719,"PO002719",72,961,20250129,20250131,100,698.89,69889.00,2
2720,"PO002720",9,334,20241031,20241108,150,523.24,78486.00,8
2721,"PO002721",34,882,20240118,20240204,500,179.43,89715.00,17
2722,"PO002722",54,354,20250617,20250721,50,188.28,9414.00,34
2723,"PO002723",69,670,20241113,20241127,200,729.89,145978.00,14
2724,"PO002724",59,968,20230714,20230731,1000,34.50,34500.00,17
2725,"PO002725",10,212,20231206,20231217,750,61.58,46185.00,11
2726,"PO002726",73,490,20251030,20251120,50,2.38,119.00,21
2727,"PO002727",119,994,20240531,20240601,1000,38.59,38590.00,1
2728,"PO002728",116,272,20230102,20230117,300,89.83,26949.00,15
2729,"PO002729",90,379,20241223,20250103,1000,63.33,63330.00,11
2730,"PO002730",106,257,20230115,20230209,150,51.12,7668.00,25
2731,"PO002731",25,879,20240628,20240720,750,9.10,6825.00,22
2732,"PO002732",22,810,20230629,20230715,1000,60.61,60610.00,16
2733,"PO002733",85,208,20230122,20230206,150,177.00,26550.00,15
2734,"PO002734",81,7,20250427,20250510,150,579.22,86883.00,13
2735,"PO002735",27,427,20250625,20250703,750,333.24,249930.00,8
2736,"PO002736",95,266,20240802,20240811,200,11.04,2208.00,9
2737,"PO002737",83,708,20240722,20240822,750,176.51,132382.50,31
2738,"PO002738",106,175,20251226,20260116,300,95.27,28581.00,21
2739,"PO002739",61,328,20241205,20241231,300,31.53,9459.00,26
2740,"PO002740",67,603,20230312,20230320,500,9.02,4510.00,8
2741,"PO002741",74,511,20230929,20231006,200,519.01,103802.00,7
2742,"PO002742",76,313,20230331,20230415,300,181.82,54546.00,15
2743,"PO002743",44,142,20241214,20250112,200,23.90,4780.00,29
2744,"PO002744",14,245,20240102,20240112,1000,87.41,87410.00,10
2745,"PO002745",81,7,20250116,20250121,200,578.53,115706.00,5
2746,"PO002746",64,428,20230930,20231014,100,16.35,1635.00,14
2747,"PO002747",94,520,20230508,20230531,500,86.77,43385.00,23
2748,"PO002748",13,30,20231028,20231110,150,204.22,30633.00,13
2749,"PO002749",77,442,20241002,20241010,1000,274.93,274930.00,8
2750,"PO002750",29,890,20250812,20250823,500,79.89,39945.00,11
2751,"PO002751",59,645,20250501,20250521,100,30.07,3007.00,20
2752,"PO002752",99,289,20230306,20230314,50,83.29,4164.50,8
2753,"PO002753",46,757,20250619,20250709,300,90.25,27075.00,20
2754,"PO002754",8,256,20240806,20240807,100,92.42,9242.00,1
2755,"PO002755",90,853,20241201,20241221,50,81.89,4094.50,20
2756,"PO002756",95,377,20230804,20230817,300,80.48,24144.00,13
2757,"PO002757",54,299,20250717,20250820,150,236.54,35481.00,34
2758,"PO002758",109,794,20231018,20231030,200,75.89,15178.00,12
2759,"PO002759",69,243,20250722,20250730,1000,41.71,41710.00,8
2760,"PO002760",96,992,20251125,20251210,300,181.21,54363.00,15
2761,"PO002761",7,258,20230518,20230609,1000,416.56,416560.00,22
2762,"PO002762",99,534,20231016,20231022,750,57.92,43440.00,6
2763,"PO002763",29,344,20230117,20230126,150,36.63,5494.50,9
2764,"PO002764",91,983,20240914,20241007,500,110.94,55470.00,23
2765,"PO002765",102,562,20231001,20231027,150,143.60,21540.00,26
2766,"PO002766",92,728,20251216,20251218,750,27.70,20775.00,2
2767,"PO002767",10,446,20240804,20240814,300,185.86,55758.00,10
2768,"PO002768",9,907,20241127,20241204,50,295.30,14765.00,7
2769,"PO002769",87,737,20240803,20240814,50,59.87,2993.50,11
2770,"PO002770",18,881,20250620,20250719,150,66.54,9981.00,29
2771,"PO002771",109,706,20250819,20250829,50,26.27,1313.50,10
2772,"PO002772",88,989,20250605,20250620,200,910.32,182064.00,15
2773,"PO002773",33,223,20250407,20250504,750,42.83,32122.50,27
2774,"PO002774",56,571,20240605,20240607,500,152.31,76155.00,2
2775,"PO002775",48,456,20250225,20250310,50,116.17,5808.50,13
2776,"PO002776",71,815,20230121,20230208,500,19.90,9950.00,18
2777,"PO002777",39,55,20240214,20240306,500,79.09,39545.00,21
2778,"PO002778",15,56,20240329,20240410,500,629.96,314980.00,12
2779,"PO002779",103,388,20230205,20230212,50,88.76,4438.00,7
2780,"PO002780",87,396,20230819,20230907,200,3.23,646.00,19
2781,"PO002781",65,657,20241116,20241202,50,140.13,7006.50,16
2782,"PO002782",28,478,20250503,20250529,500,4.24,2120.00,26
2783,"PO002783",111,979,20250413,20250528,300,185.74,55722.00,45
2784,"PO002784",104,786,20250721,20250812,1000,181.46,181460.00,22
2785,"PO002785",42,952,20250623,20250721,100,1.74,174.00,28
2786,"PO002786",58,807,20230225,20230312,500,63.61,31805.00,15
2787,"PO002787",50,374,20250602,20250620,50,647.89,32394.50,18
2788,"PO002788",93,12,20230924,20231005,100,10.05,1005.00,11
2789,"PO002789",91,944,20240712,20240802,300,70.65,21195.00,21
2790,"PO002790",50,250,20250819,20250910,750,356.06,267045.00,22
2791,"PO002791",57,331,20230705,20230723,1000,556.86,556860.00,18
2792,"PO002792",15,11,20240213,20240302,150,329.24,49386.00,18
2793,"PO002793",33,620,20231014,20231105,50,18.06,903.00,22
2794,"PO002794",54,198,20240612,20240716,750,13.54,10155.00,34
2795,"PO002795",4,987,20230610,20230706,750,423.48,317610.00,26
2796,"PO002796",111,833,20250414,20250523,300,28.40,8520.00,39
2797,"PO002797",95,998,20231018,20231029,1000,83.00,83000.00,11
2798,"PO002798",13,635,20240122,20240204,100,75.70,7570.00,13
2799,"PO002799",7,690,20250623,20250712,200,59.69,11938.00,19
2800,"PO002800",25,154,20231109,20231128,50,10.96,548.00,19
2801,"PO002801",103,932,20250529,20250605,300,8.12,2436.00,7
2802,"PO002802",57,254,20250127,20250214,200,480.75,96150.00,18
2803,"PO002803",103,113,20250127,20250131,50,89.17,4458.50,4
2804,"PO002804",60,353,20250623,20250723,300,70.67,21201.00,30
2805,"PO002805",14,271,20230829,20230907,1000,87.01,87010.00,9
2806,"PO002806",38,558,20240525,20240530,750,782.42,586815.00,5
2807,"PO002807",106,663,20250731,20250829,50,116.15,5807.50,29
2808,"PO002808",46,384,20230718,20230806,100,350.10,35010.00,19
2809,"PO002809",72,515,20230526,20230530,150,8.70,1305.00,4
2810,"PO002810",59,188,20241017,20241103,50,831.51,41575.50,17
2811,"PO002811",30,911,20250205,20250225,1000,48.64,48640.00,20
2812,"PO002812",65,657,20230609,20230628,50,145.15,7257.50,19
2813,"PO002813",106,257,20250723,20250815,200,52.09,10418.00,23
2814,"PO002814",79,722,20240807,20240915,200,1.43,286.00,39
2815,"PO002815",78,707,20230213,20230309,300,12.57,3771.00,24
2816,"PO002816",97,508,20251231,20260119,750,863.67,647752.50,19
2817,"PO002817",48,891,20231230,20240113,750,32.34,24255.00,14
2818,"PO002818",30,217,20250122,20250209,150,584.90,87735.00,18
2819,"PO002819",100,459,20240416,20240504,1000,60.44,60440.00,18
2820,"PO002820",114,850,20250113,20250204,100,34.46,3446.00,22
2821,"PO002821",48,15,20250812,20250826,150,147.36,22104.00,14
2822,"PO002822",21,453,20241031,20241124,100,172.58,17258.00,24
2823,"PO002823",37,876,20230812,20230827,200,11.23,2246.00,15
2824,"PO002824",5,848,20241001,20241016,1000,89.55,89550.00,15
2825,"PO002825",110,496,20231203,20231215,300,50.38,15114.00,12
2826,"PO002826",70,623,20230707,20230806,750,30.78,23085.00,30
2827,"PO002827",86,340,20240501,20240511,100,24.31,2431.00,10
2828,"PO002828",77,600,20251105,20251114,500,492.51,246255.00,9
2829,"PO002829",3,813,20230902,20230915,750,536.28,402210.00,13
2830,"PO002830",117,359,20230926,20231016,150,223.70,33555.00,20
2831,"PO002831",16,405,20240102,20240114,1000,11.90,11900.00,12
2832,"PO002832",68,467,20250317,20250324,1000,93.41,93410.00,7
2833,"PO002833",95,998,20240831,20240913,200,81.53,16306.00,13
2834,"PO002834",22,770,20250728,20250817,150,233.71,35056.50,20
2835,"PO002835",26,980,20250329,20250416,1000,107.66,107660.00,18
2836,"PO002836",44,378,20240120,20240215,300,113.38,34014.00,26
2837,"PO002837",61,825,20240610,20240701,300,563.25,168975.00,21
2838,"PO002838",101,615,20230807,20230828,50,32.13,1606.50,21
2839,"PO002839",29,93,20251022,20251030,500,371.18,185590.00,8
2840,"PO002840",88,989,20240331,20240417,300,831.36,249408.00,17
2841,"PO002841",110,579,20240530,20240612,100,101.74,10174.00,13
2842,"PO002842",22,837,20240715,20240730,200,18.80,3760.00,15
2843,"PO002843",34,882,20240418,20240501,150,167.22,25083.00,13
2844,"PO002844",33,9,20251029,20251121,300,51.53,15459.00,23
2845,"PO002845",65,975,20230208,20230222,750,32.82,24615.00,14
2846,"PO002846",54,299,20230324,20230428,750,254.02,190515.00,35
2847,"PO002847",92,962,20250804,20250813,300,103.95,31185.00,9
2848,"PO002848",87,525,20250624,20250711,1000,273.88,273880.00,17
2849,"PO002849",50,361,20250613,20250630,750,5.19,3892.50,17
2850,"PO002850",81,777,20250629,20250708,100,8.09,809.00,9
2851,"PO002851",57,225,20250823,20250913,750,85.64,64230.00,21
2852,"PO002852",76,616,20251017,20251110,50,67.11,3355.50,24
2853,"PO002853",84,484,20240506,20240531,50,10.81,540.50,25
2854,"PO002854",117,779,20250214,20250301,150,9.30,1395.00,15
2855,"PO002855",23,800,20251005,20251012,100,51.55,5155.00,7
2856,"PO002856",100,261,20250218,20250301,500,227.19,113595.00,11
2857,"PO002857",60,240,20240305,20240329,150,192.46,28869.00,24
2858,"PO002858",49,621,20240425,20240515,150,247.79,37168.50,20
2859,"PO002859",96,231,20230523,20230610,500,119.10,59550.00,18
2860,"PO002860",50,733,20240422,20240509,100,120.03,12003.00,17
2861,"PO002861",30,351,20230518,20230607,750,23.27,17452.50,20
2862,"PO002862",63,679,20231230,20240120,500,36.30,18150.00,21
2863,"PO002863",5,957,20230629,20230710,200,90.67,18134.00,11
2864,"PO002864",38,613,20250723,20250724,100,112.82,11282.00,1
2865,"PO002865",112,336,20240320,20240410,300,134.32,40296.00,21
2866,"PO002866",41,416,20251220,20260105,50,769.57,38478.50,16
2867,"PO002867",89,387,20230613,20230705,300,65.43,19629.00,22
2868,"PO002868",66,672,20231024,20231029,50,41.73,2086.50,5
2869,"PO002869",115,965,20241104,20241109,750,9.17,6877.50,5
2870,"PO002870",21,53,20241203,20241222,100,25.09,2509.00,19
2871,"PO002871",66,651,20230828,20230831,300,700.20,210060.00,3
2872,"PO002872",120,638,20240729,20240813,200,98.63,19726.00,15
2873,"PO002873",39,430,20241210,20241228,150,29.34,4401.00,18
2874,"PO002874",19,836,20250506,20250525,750,8.57,6427.50,19
2875,"PO002875",94,908,20230717,20230811,500,152.55,76275.00,25
2876,"PO002876",40,457,20250902,20250921,300,43.81,13143.00,19
2877,"PO002877",60,353,20230811,20230906,750,68.21,51157.50,26
2878,"PO002878",13,685,20241111,20241119,50,7.95,397.50,8
2879,"PO002879",87,525,20240224,20240314,300,262.60,78780.00,19
2880,"PO002880",114,246,20250427,20250515,150,105.97,15895.50,18
2881,"PO002881",78,318,20250918,20251005,1000,56.57,56570.00,17
2882,"PO002882",51,584,20250304,20250306,1000,209.28,209280.00,2
2883,"PO002883",90,716,20230131,20230219,750,327.88,245910.00,19
2884,"PO002884",32,783,20230309,20230314,100,30.26,3026.00,5
2885,"PO002885",30,486,20250821,20250910,150,65.67,9850.50,20
2886,"PO002886",54,354,20240202,20240309,50,181.65,9082.50,36
2887,"PO002887",62,942,20230710,20230808,750,70.62,52965.00,29
2888,"PO002888",40,167,20240903,20240923,300,33.97,10191.00,20
2889,"PO002889",28,873,20230926,20231023,50,34.75,1737.50,27
2890,"PO002890",33,9,20230625,20230720,50,49.22,2461.00,25
2891,"PO002891",8,270,20231024,20231025,1000,62.21,62210.00,1
2892,"PO002892",102,784,20230222,20230319,750,86.19,64642.50,25
2893,"PO002893",45,78,20251129,20251211,100,773.00,77300.00,12
2894,"PO002894",101,799,20230608,20230701,500,38.92,19460.00,23
2895,"PO002895",57,225,20230308,20230326,200,89.00,17800.00,18
2896,"PO002896",38,156,20251111,20251115,200,25.51,5102.00,4
2897,"PO002897",42,952,20240318,20240416,100,1.69,169.00,29
2898,"PO002898",114,252,20250224,20250317,150,17.55,2632.50,21
2899,"PO002899",66,382,20240428,20240502,1000,2.63,2630.00,4
2900,"PO002900",39,49,20231211,20240101,150,35.83,5374.50,21
2901,"PO002901",115,781,20241126,20241207,150,126.15,18922.50,11
2902,"PO002902",13,448,20241220,20241231,200,209.22,41844.00,11
2903,"PO002903",3,463,20250227,20250317,500,26.06,13030.00,18
2904,"PO002904",45,292,20230429,20230516,50,130.57,6528.50,17
2905,"PO002905",84,916,20231020,20231117,500,33.66,16830.00,28
2906,"PO002906",59,50,20240505,20240524,100,140.85,14085.00,19
2907,"PO002907",90,716,20230705,20230720,300,338.87,101661.00,15
2908,"PO002908",15,56,20240824,20240906,200,668.18,133636.00,13
2909,"PO002909",8,829,20230304,20230305,500,30.91,15455.00,1
2910,"PO002910",21,453,20250202,20250301,1000,173.26,173260.00,27
2911,"PO002911",23,982,20241020,20241026,500,130.19,65095.00,6
2912,"PO002912",96,956,20250617,20250626,300,218.39,65517.00,9
2913,"PO002913",48,730,20240721,20240804,750,308.64,231480.00,14
2914,"PO002914",45,392,20240413,20240424,300,191.50,57450.00,11
2915,"PO002915",54,299,20251212,20260111,200,256.45,51290.00,30
2916,"PO002916",3,463,20240815,20240831,200,27.72,5544.00,16
2917,"PO002917",84,878,20250920,20251014,1000,8.05,8050.00,24
2918,"PO002918",119,81,20230809,20230812,100,15.12,1512.00,3
2919,"PO002919",73,87,20250807,20250902,300,46.99,14097.00,26
2920,"PO002920",54,95,20241027,20241204,750,880.90,660675.00,38
2921,"PO002921",107,633,20251202,20251228,200,21.94,4388.00,26
2922,"PO002922",81,607,20230812,20230820,100,32.62,3262.00,8
2923,"PO002923",75,883,20250227,20250317,100,76.28,7628.00,18
2924,"PO002924",34,499,20250515,20250602,100,111.45,11145.00,18
2925,"PO002925",26,988,20230825,20230912,1000,42.97,42970.00,18
2926,"PO002926",20,928,20230527,20230602,300,436.28,130884.00,6
2927,"PO002927",7,867,20250719,20250810,1000,442.21,442210.00,22
2928,"PO002928",102,410,20250420,20250517,300,153.41,46023.00,27
2929,"PO002929",75,517,20250830,20250918,100,812.89,81289.00,19
2930,"PO002930",57,349,20241101,20241115,150,612.81,91921.50,14
2931,"PO002931",39,249,20251119,20251210,50,739.96,36998.00,21
2932,"PO002932",68,564,20240202,20240212,750,13.08,9810.00,10
2933,"PO002933",11,824,20231123,20231226,1000,171.35,171350.00,33
2934,"PO002934",61,267,20240618,20240709,150,24.78,3717.00,21
2935,"PO002935",111,70,20240201,20240310,750,360.10,270075.00,38
2936,"PO002936",89,348,20241031,20241119,50,195.17,9758.50,19
2937,"PO002937",63,563,20240514,20240605,750,43.81,32857.50,22
2938,"PO002938",42,735,20250113,20250214,300,111.42,33426.00,32
2939,"PO002939",31,48,20240527,20240605,300,13.51,4053.00,9
2940,"PO002940",2,919,20230328,20230420,50,115.88,5794.00,23
2941,"PO002941",54,487,20230511,20230611,500,227.80,113900.00,31
2942,"PO002942",103,618,20240423,20240424,500,39.39,19695.00,1
2943,"PO002943",21,812,20230320,20230410,100,442.58,44258.00,21
2944,"PO002944",83,708,20250419,20250515,1000,171.34,171340.00,26
2945,"PO002945",62,902,20250212,20250310,100,19.96,1996.00,26
2946,"PO002946",68,400,20231007,20231014,100,625.93,62593.00,7
2947,"PO002947",113,17,20240829,20240919,750,54.55,40912.50,21
2948,"PO002948",57,349,20230902,20230919,500,628.27,314135.00,17
2949,"PO002949",32,24,20251026,20251103,300,2.09,627.00,8
2950,"PO002950",94,912,20250611,20250630,300,217.68,65304.00,19
2951,"PO002951",61,322,20251023,20251117,1000,31.42,31420.00,25
2952,"PO002952",120,550,20241207,20241220,150,89.10,13365.00,13
2953,"PO002953",5,848,20240818,20240831,50,85.38,4269.00,13
2954,"PO002954",20,928,20250526,20250603,1000,432.42,432420.00,8
2955,"PO002955",91,997,20240819,20240911,300,462.63,138789.00,23
2956,"PO002956",32,24,20251220,20251228,500,2.05,1025.00,8
2957,"PO002957",58,365,20230106,20230125,750,83.10,62325.00,19
2958,"PO002958",90,379,20231107,20231120,1000,66.76,66760.00,13
2959,"PO002959",99,534,20230707,20230718,200,56.31,11262.00,11
2960,"PO002960",12,748,20251110,20251202,150,15.08,2262.00,22
2961,"PO002961",60,196,20250708,20250806,1000,47.92,47920.00,29
2962,"PO002962",3,637,20250120,20250203,200,503.89,100778.00,14
2963,"PO002963",81,777,20230412,20230421,150,8.29,1243.50,9
2964,"PO002964",22,20,20240701,20240717,100,102.47,10247.00,16
2965,"PO002965",72,515,20230618,20230621,750,8.39,6292.50,3
2966,"PO002966",16,385,20251026,20251110,750,9.37,7027.50,15
2967,"PO002967",30,911,20230105,20230125,100,46.97,4697.00,20
2968,"PO002968",22,605,20230118,20230201,750,41.52,31140.00,14
2969,"PO002969",67,419,20240716,20240726,200,30.58,6116.00,10
2970,"PO002970",61,147,20241122,20241210,500,56.41,28205.00,18
2971,"PO002971",7,915,20231226,20240115,150,33.05,4957.50,20
2972,"PO002972",36,75,20231023,20231110,500,13.26,6630.00,18
2973,"PO002973",103,640,20240731,20240803,1000,56.15,56150.00,3
2974,"PO002974",113,537,20231220,20240103,150,145.83,21874.50,14
2975,"PO002975",14,644,20230919,20230926,300,261.31,78393.00,7
2976,"PO002976",77,442,20230822,20230831,300,285.38,85614.00,9
2977,"PO002977",63,203,20250907,20251002,50,339.33,16966.50,25
2978,"PO002978",32,99,20251005,20251013,100,276.74,27674.00,8
2979,"PO002979",74,228,20250704,20250712,500,42.96,21480.00,8
2980,"PO002980",7,42,20250117,20250206,750,321.87,241402.50,20
2981,"PO002981",77,347,20251121,20251202,200,695.20,139040.00,11
2982,"PO002982",46,910,20230406,20230418,50,36.75,1837.50,12
2983,"PO002983",108,949,20250217,20250302,50,29.52,1476.00,13
2984,"PO002984",81,607,20241218,20241226,50,33.30,1665.00,8
2985,"PO002985",109,287,20250505,20250514,100,13.27,1327.00,9
2986,"PO002986",104,282,20251116,20251208,50,502.91,25145.50,22
2987,"PO002987",91,944,20240214,20240310,150,72.94,10941.00,25
2988,"PO002988",104,718,20230812,20230903,150,68.45,10267.50,22
2989,"PO002989",92,494,20250713,20250721,100,77.78,7778.00,8
2990,"PO002990",67,603,20230510,20230519,750,8.84,6630.00,9
2991,"PO002991",112,522,20230519,20230612,200,41.86,8372.00,24
2992,"PO002992",72,515,20240223,20240226,50,7.99,399.50,3
2993,"PO002993",29,93,20240708,20240719,1000,360.14,360140.00,11
2994,"PO002994",54,108,20231217,20240118,100,201.35,20135.00,32
2995,"PO002995",12,955,20230102,20230118,300,717.29,215187.00,16
2996,"PO002996",31,317,20240210,20240224,300,58.67,17601.00,14
2997,"PO002997",31,317,20230327,20230404,750,58.39,43792.50,8
2998,"PO002998",112,465,20230227,20230321,100,86.88,8688.00,22
2999,"PO002999",93,12,20250207,20250217,100,10.73,1073.00,10
3000,"PO003000",41,416,20230221,20230313,50,741.20,37060.00,20
3001,"PO003001",71,925,20251018,20251105,300,42.34,12702.00,18
3002,"PO003002",87,244,20230210,20230227,500,288.47,144235.00,17
3003,"PO003003",5,957,20240124,20240208,750,86.60,64950.00,15
3004,"PO003004",66,434,20250123,20250127,500,30.84,15420.00,4
3005,"PO003005",66,342,20250622,20250623,500,231.97,115985.00,1
3006,"PO003006",37,922,20231211,20240101,50,213.41,10670.50,21
3007,"PO003007",36,144,20230905,20230926,500,59.12,29560.00,21
3008,"PO003008",107,131,20231223,20240118,500,133.37,66685.00,26
3009,"PO003009",106,139,20230829,20230921,200,86.88,17376.00,23
3010,"PO003010",34,103,20241017,20241101,300,27.21,8163.00,15
3011,"PO003011",107,140,20250929,20251025,50,19.78,989.00,26
3012,"PO003012",21,186,20240824,20240918,150,123.48,18522.00,25
3013,"PO003013",119,845,20250211,20250212,100,10.88,1088.00,1
3014,"PO003014",77,176,20241122,20241203,50,293.55,14677.50,11
3015,"PO003015",7,436,20241025,20241117,300,277.39,83217.00,23
3016,"PO003016",13,823,20230411,20230422,50,103.32,5166.00,11
3017,"PO003017",56,797,20250908,20250909,200,197.38,39476.00,1
3018,"PO003018",107,937,20240717,20240815,500,5.14,2570.00,29
3019,"PO003019",34,103,20240623,20240715,100,27.91,2791.00,22
3020,"PO003020",16,45,20250614,20250629,150,79.17,11875.50,15
3021,"PO003021",88,766,20250313,20250410,750,98.90,74175.00,28
3022,"PO003022",29,871,20230629,20230708,100,49.59,4959.00,9
3023,"PO003023",32,99,20251129,20251209,300,268.74,80622.00,10
3024,"PO003024",41,840,20230327,20230412,1000,109.50,109500.00,16
3025,"PO003025",54,360,20240320,20240421,750,294.49,220867.50,32
3026,"PO003026",109,492,20230320,20230401,1000,67.78,67780.00,12
3027,"PO003027",11,390,20250703,20250803,500,124.41,62205.00,31
3028,"PO003028",65,286,20230403,20230422,300,40.07,12021.00,19
3029,"PO003029",12,236,20250731,20250820,200,546.46,109292.00,20
3030,"PO003030",17,273,20231108,20231120,750,33.38,25035.00,12
3031,"PO003031",56,418,20231105,20231108,100,27.53,2753.00,3
3032,"PO003032",20,424,20250313,20250320,500,17.97,8985.00,7
3033,"PO003033",99,19,20230705,20230710,200,248.75,49750.00,5
3034,"PO003034",36,527,20250415,20250506,200,90.87,18174.00,21
3035,"PO003035",6,969,20250414,20250427,200,34.03,6806.00,13
3036,"PO003036",81,7,20230414,20230423,500,622.90,311450.00,9
3037,"PO003037",54,543,20230423,20230529,100,14.84,1484.00,36
3038,"PO003038",113,17,20230530,20230615,500,54.47,27235.00,16
3039,"PO003039",39,665,20240804,20240820,300,39.26,11778.00,16
3040,"PO003040",48,456,20231124,20231207,200,118.00,23600.00,13
3041,"PO003041",50,250,20231211,20231228,50,359.47,17973.50,17
3042,"PO003042",6,969,20230512,20230526,150,35.82,5373.00,14
3043,"PO003043",33,80,20250725,20250820,500,21.11,10555.00,26
3044,"PO003044",24,34,20231206,20231222,50,99.13,4956.50,16
3045,"PO003045",57,331,20250301,20250317,100,540.32,54032.00,16
3046,"PO003046",42,739,20230125,20230227,100,25.79,2579.00,33
3047,"PO003047",39,249,20230616,20230701,150,768.59,115288.50,15
3048,"PO003048",118,308,20230531,20230707,500,354.81,177405.00,37
3049,"PO003049",82,646,20230424,20230515,100,32.68,3268.00,21
3050,"PO003050",110,496,20240330,20240410,50,52.12,2606.00,11
3051,"PO003051",21,724,20231119,20231211,500,400.42,200210.00,22
3052,"PO003052",76,649,20240611,20240708,100,36.33,3633.00,27
3053,"PO003053",29,905,20240204,20240214,750,10.69,8017.50,10
3054,"PO003054",98,181,20241012,20241029,200,145.92,29184.00,17
3055,"PO003055",101,345,20250327,20250424,1000,231.38,231380.00,28
3056,"PO003056",44,201,20240220,20240317,1000,29.66,29660.00,26
3057,"PO003057",116,406,20230114,20230131,50,34.28,1714.00,17
3058,"PO003058",30,486,20240628,20240718,500,64.39,32195.00,20
3059,"PO003059",18,611,20230718,20230813,300,288.89,86667.00,26
3060,"PO003060",1,483,20230320,20230408,100,143.30,14330.00,19
3061,"PO003061",57,298,20240901,20240919,300,349.60,104880.00,18
3062,"PO003062",8,256,20250618,20250624,1000,92.94,92940.00,6
3063,"PO003063",21,453,20250505,20250529,1000,180.93,180930.00,24
3064,"PO003064",48,891,20230803,20230810,1000,31.65,31650.00,7
3065,"PO003065",103,734,20230814,20230819,500,179.02,89510.00,5
3066,"PO003066",82,863,20230523,20230615,50,571.13,28556.50,23
3067,"PO003067",100,403,20251216,20251230,500,23.61,11805.00,14
3068,"PO003068",115,965,20231119,20231129,200,8.79,1758.00,10
3069,"PO003069",95,266,20240724,20240803,1000,10.66,10660.00,10
3070,"PO003070",60,190,20250724,20250823,500,31.95,15975.00,30
3071,"PO003071",39,796,20230419,20230508,1000,51.14,51140.00,19
3072,"PO003072",102,562,20250105,20250131,500,151.89,75945.00,26
3073,"PO003073",51,130,20240412,20240413,150,720.72,108108.00,1
3074,"PO003074",21,724,20250921,20251015,1000,387.98,387980.00,24
3075,"PO003075",84,123,20230921,20231015,100,109.25,10925.00,24
3076,"PO003076",92,274,20240720,20240728,150,6.37,955.50,8
3077,"PO003077",31,752,20251112,20251125,100,34.60,3460.00,13
3078,"PO003078",8,829,20231216,20231217,300,31.79,9537.00,1
3079,"PO003079",2,569,20250127,20250220,100,557.87,55787.00,24
3080,"PO003080",41,438,20250323,20250408,300,117.23,35169.00,16
3081,"PO003081",77,179,20230101,20230110,750,32.68,24510.00,9
3082,"PO003082",79,901,20250919,20251023,500,49.72,24860.00,34
3083,"PO003083",36,527,20250919,20251006,300,92.88,27864.00,17
3084,"PO003084",32,721,20251011,20251020,1000,213.63,213630.00,9
3085,"PO003085",37,285,20251023,20251109,100,2.09,209.00,17
3086,"PO003086",12,513,20250506,20250526,150,766.74,115011.00,20
3087,"PO003087",109,939,20230405,20230414,750,718.00,538500.00,9
3088,"PO003088",10,710,20231029,20231111,50,119.08,5954.00,13
3089,"PO003089",67,603,20250911,20250920,750,8.85,6637.50,9
3090,"PO003090",64,578,20240204,20240209,750,792.52,594390.00,5
3091,"PO003091",38,275,20240802,20240805,50,49.60,2480.00,3
3092,"PO003092",70,251,20250214,20250315,200,86.94,17388.00,29
3093,"PO003093",91,787,20241214,20250108,50,259.91,12995.50,25
3094,"PO003094",87,698,20251121,20251206,200,398.83,79766.00,15
3095,"PO003095",91,944,20230924,20231015,1000,71.45,71450.00,21
3096,"PO003096",13,685,20240615,20240702,1000,8.09,8090.00,17
3097,"PO003097",25,154,20240623,20240713,200,10.60,2120.00,20
3098,"PO003098",6,547,20230119,20230201,100,5.00,500.00,13
3099,"PO003099",66,79,20250620,20250626,50,261.89,13094.50,6
3100,"PO003100",16,723,20240626,20240707,150,817.09,122563.50,11
3101,"PO003101",7,565,20250707,20250801,1000,207.82,207820.00,25
3102,"PO003102",93,945,20250519,20250527,150,68.11,10216.50,8
3103,"PO003103",10,446,20240217,20240226,50,184.50,9225.00,9
3104,"PO003104",99,127,20250605,20250612,750,6.51,4882.50,7
3105,"PO003105",40,339,20231202,20231220,50,178.72,8936.00,18
3106,"PO003106",44,378,20240506,20240604,300,106.19,31857.00,29
3107,"PO003107",103,388,20230529,20230601,50,86.42,4321.00,3
3108,"PO003108",27,959,20250126,20250201,1000,47.87,47870.00,6
3109,"PO003109",30,911,20251119,20251209,200,47.29,9458.00,20
3110,"PO003110",82,646,20230802,20230829,500,34.16,17080.00,27
3111,"PO003111",44,142,20231201,20231222,150,24.68,3702.00,21
3112,"PO003112",19,337,20250202,20250220,50,21.04,1052.00,18
3113,"PO003113",65,286,20240404,20240424,1000,39.78,39780.00,20
3114,"PO003114",16,304,20250907,20250920,200,290.84,58168.00,13
3115,"PO003115",8,270,20250124,20250125,200,60.61,12122.00,1
3116,"PO003116",53,896,20241203,20241219,150,218.43,32764.50,16
3117,"PO003117",72,471,20230310,20230317,100,203.44,20344.00,7
3118,"PO003118",16,45,20241206,20241218,200,78.56,15712.00,12
3119,"PO003119",27,427,20250308,20250314,750,311.47,233602.50,6
3120,"PO003120",96,956,20230928,20231013,50,205.67,10283.50,15
3121,"PO003121",35,192,20240909,20240930,50,52.62,2631.00,21
3122,"PO003122",3,463,20250927,20251011,1000,27.58,27580.00,14
3123,"PO003123",56,797,20250728,20250731,1000,183.54,183540.00,3
3124,"PO003124",61,328,20230601,20230630,750,29.49,22117.50,29
3125,"PO003125",40,73,20240801,20240816,100,118.72,11872.00,15
3126,"PO003126",59,634,20230319,20230404,50,14.33,716.50,16
3127,"PO003127",39,820,20241115,20241207,300,43.69,13107.00,22
3128,"PO003128",89,631,20240901,20240921,500,55.63,27815.00,20
3129,"PO003129",112,846,20241229,20250121,150,34.89,5233.50,23
3130,"PO003130",61,364,20231228,20240121,500,87.89,43945.00,24
3131,"PO003131",56,571,20231205,20231206,150,153.48,23022.00,1
3132,"PO003132",30,486,20250717,20250806,300,63.54,19062.00,20
3133,"PO003133",115,624,20230328,20230408,200,570.74,114148.00,11
3134,"PO003134",6,714,20240603,20240618,500,372.02,186010.00,15
3135,"PO003135",39,368,20240423,20240511,200,262.61,52522.00,18
3136,"PO003136",26,776,20241004,20241024,500,120.05,60025.00,20
3137,"PO003137",100,261,20250322,20250409,200,212.57,42514.00,18
3138,"PO003138",86,340,20230209,20230218,200,23.06,4612.00,9
3139,"PO003139",106,960,20230401,20230424,200,33.36,6672.00,23
3140,"PO003140",109,681,20230928,20231010,1000,40.37,40370.00,12
3141,"PO003141",13,947,20250515,20250528,1000,55.44,55440.00,13
3142,"PO003142",9,369,20231030,20231109,500,202.71,101355.00,10
3143,"PO003143",67,920,20231016,20231103,50,148.37,7418.50,18
3144,"PO003144",80,191,20250211,20250216,500,279.71,139855.00,5
3145,"PO003145",26,988,20250518,20250611,750,41.28,30960.00,24
3146,"PO003146",78,389,20250803,20250825,100,247.64,24764.00,22
3147,"PO003147",93,202,20251116,20251203,100,73.70,7370.00,17
3148,"PO003148",85,568,20240424,20240509,150,730.00,109500.00,15
3149,"PO003149",79,54,20240118,20240218,200,283.72,56744.00,31
3150,"PO003150",34,103,20240811,20240831,100,27.22,2722.00,20
3151,"PO003151",33,9,20230503,20230530,1000,48.82,48820.00,27
3152,"PO003152",54,299,20240531,20240704,50,243.29,12164.50,34
3153,"PO003153",118,851,20240619,20240727,50,22.82,1141.00,38
3154,"PO003154",7,565,20250112,20250201,750,192.01,144007.50,20
3155,"PO003155",94,903,20231208,20231230,300,504.70,151410.00,22
3156,"PO003156",104,880,20230824,20230911,100,53.77,5377.00,18
3157,"PO003157",42,219,20240509,20240611,150,166.69,25003.50,33
3158,"PO003158",110,951,20230605,20230617,750,29.82,22365.00,12
3159,"PO003159",110,112,20240326,20240405,1000,40.01,40010.00,10
3160,"PO003160",38,558,20250223,20250227,300,760.37,228111.00,4
3161,"PO003161",53,536,20240329,20240410,750,7.39,5542.50,12
3162,"PO003162",7,42,20240609,20240702,750,316.61,237457.50,23
3163,"PO003163",50,847,20230608,20230624,50,36.12,1806.00,16
3164,"PO003164",81,777,20230415,20230425,750,7.73,5797.50,10
3165,"PO003165",71,408,20250713,20250725,300,67.17,20151.00,12
3166,"PO003166",5,528,20250727,20250809,50,28.81,1440.50,13
3167,"PO003167",3,122,20241226,20250113,50,83.33,4166.50,18
3168,"PO003168",37,88,20251229,20260115,300,53.30,15990.00,17
3169,"PO003169",78,391,20240713,20240805,300,92.95,27885.00,23
3170,"PO003170",44,683,20230912,20231008,50,237.19,11859.50,26
3171,"PO003171",112,465,20230303,20230328,300,85.60,25680.00,25
3172,"PO003172",31,541,20241011,20241027,500,22.14,11070.00,16
3173,"PO003173",40,339,20230828,20230916,300,177.35,53205.00,19
3174,"PO003174",68,301,20250227,20250310,50,480.97,24048.50,11
3175,"PO003175",114,978,20240613,20240703,150,160.69,24103.50,20
3176,"PO003176",46,384,20230409,20230427,200,378.07,75614.00,18
3177,"PO003177",10,751,20230321,20230330,150,208.97,31345.50,9
3178,"PO003178",59,50,20230415,20230504,50,131.21,6560.50,19
3179,"PO003179",37,474,20230406,20230419,500,18.92,9460.00,13
3180,"PO003180",89,464,20231221,20240109,750,130.20,97650.00,19
3181,"PO003181",57,666,20230823,20230911,300,172.51,51753.00,19
3182,"PO003182",116,272,20230904,20230915,200,93.82,18764.00,11
3183,"PO003183",91,944,20230327,20230417,750,75.28,56460.00,21
3184,"PO003184",20,280,20240124,20240128,1000,131.38,131380.00,4
3185,"PO003185",71,972,20240803,20240826,200,531.51,106302.00,23
3186,"PO003186",15,11,20240218,20240228,300,334.18,100254.00,10
3187,"PO003187",109,287,20241116,20241127,200,12.51,2502.00,11
3188,"PO003188",104,880,20231218,20240106,50,53.69,2684.50,19
3189,"PO003189",106,447,20230507,20230601,50,12.66,633.00,25
3190,"PO003190",102,562,20251031,20251128,50,146.66,7333.00,28
3191,"PO003191",56,137,20250109,20250110,200,19.22,3844.00,1
3192,"PO003192",99,19,20230331,20230415,150,251.82,37773.00,15
3193,"PO003193",18,859,20250215,20250307,300,581.25,174375.00,20
3194,"PO003194",63,563,20241116,20241208,500,43.58,21790.00,22
3195,"PO003195",80,92,20240606,20240612,200,44.52,8904.00,6
3196,"PO003196",55,703,20230305,20230325,150,10.93,1639.50,20
3197,"PO003197",78,391,20231115,20231203,750,95.45,71587.50,18
3198,"PO003198",109,421,20241221,20250102,150,106.14,15921.00,12
3199,"PO003199",62,942,20250320,20250418,100,68.15,6815.00,29
3200,"PO003200",29,72,20251121,20251203,50,336.29,16814.50,12
3201,"PO003201",16,686,20231129,20231211,300,334.29,100287.00,12
3202,"PO003202",60,828,20251016,20251107,300,167.59,50277.00,22
3203,"PO003203",96,231,20240703,20240716,100,122.33,12233.00,13
3204,"PO003204",58,324,20240823,20240908,200,160.78,32156.00,16
3205,"PO003205",8,32,20241117,20241119,300,4.75,1425.00,2
3206,"PO003206",93,705,20240711,20240726,100,150.62,15062.00,15
3207,"PO003207",76,642,20240610,20240627,1000,60.73,60730.00,17
3208,"PO003208",99,469,20230826,20230907,300,14.19,4257.00,12
3209,"PO003209",21,169,20230827,20230917,50,59.04,2952.00,21
3210,"PO003210",77,347,20240229,20240310,1000,703.47,703470.00,10
3211,"PO003211",101,71,20251016,20251102,150,729.99,109498.50,17
3212,"PO003212",92,494,20230819,20230827,200,74.75,14950.00,8
3213,"PO003213",31,541,20251227,20260109,500,23.16,11580.00,13
3214,"PO003214",64,96,20230307,20230317,300,87.00,26100.00,10
3215,"PO003215",80,83,20250403,20250411,300,438.62,131586.00,8
3216,"PO003216",90,853,20240918,20240930,500,78.65,39325.00,12
3217,"PO003217",36,862,20230318,20230411,100,18.75,1875.00,24
3218,"PO003218",54,108,20240717,20240820,750,213.94,160455.00,34
3219,"PO003219",90,479,20240204,20240217,750,365.36,274020.00,13
3220,"PO003220",89,226,20231003,20231020,100,7.25,725.00,17
3221,"PO003221",82,719,20231023,20231115,200,6.06,1212.00,23
3222,"PO003222",83,826,20241206,20241231,50,5.71,285.50,25
3223,"PO003223",4,290,20230615,20230715,50,13.28,664.00,30
3224,"PO003224",86,340,20240524,20240605,200,23.18,4636.00,12
3225,"PO003225",11,830,20231019,20231119,100,313.97,31397.00,31
3226,"PO003226",68,467,20231011,20231019,750,91.13,68347.50,8
3227,"PO003227",94,855,20240128,20240218,150,12.07,1810.50,21
3228,"PO003228",28,532,20240725,20240819,500,79.55,39775.00,25
3229,"PO003229",15,288,20240528,20240615,300,70.84,21252.00,18
3230,"PO003230",103,734,20241014,20241019,50,183.11,9155.50,5
3231,"PO003231",12,440,20250119,20250209,100,13.17,1317.00,21
3232,"PO003232",1,791,20250212,20250304,200,32.67,6534.00,20
3233,"PO003233",34,762,20230322,20230410,100,172.30,17230.00,19
3234,"PO003234",21,812,20241125,20241216,750,460.03,345022.50,21
3235,"PO003235",50,847,20240706,20240728,50,36.05,1802.50,22
3236,"PO003236",103,932,20240325,20240329,300,8.15,2445.00,4
3237,"PO003237",13,947,20240517,20240531,200,51.83,10366.00,14
3238,"PO003238",91,787,20250713,20250806,200,260.81,52162.00,24
3239,"PO003239",52,74,20250426,20250511,750,6.57,4927.50,15
3240,"PO003240",103,734,20230620,20230629,1000,172.99,172990.00,9
3241,"PO003241",103,555,20250210,20250215,100,19.17,1917.00,5
3242,"PO003242",36,75,20251007,20251028,300,12.60,3780.00,21
3243,"PO003243",107,937,20240206,20240304,150,5.03,754.50,27
3244,"PO003244",93,202,20230706,20230720,1000,73.70,73700.00,14
3245,"PO003245",88,10,20240817,20240906,500,17.56,8780.00,20
3246,"PO003246",75,77,20231212,20240103,150,589.67,88450.50,22
3247,"PO003247",96,992,20241117,20241129,1000,184.16,184160.00,12
3248,"PO003248",3,713,20231201,20231216,150,59.29,8893.50,15
3249,"PO003249",17,801,20240717,20240803,300,48.55,14565.00,17
3250,"PO003250",87,395,20230812,20230827,1000,68.61,68610.00,15
3251,"PO003251",72,62,20240730,20240803,300,242.46,72738.00,4
3252,"PO003252",70,811,20240607,20240701,500,172.58,86290.00,24
3253,"PO003253",35,604,20250804,20250825,100,250.10,25010.00,21
3254,"PO003254",19,3,20230401,20230416,150,75.99,11398.50,15
3255,"PO003255",43,926,20230908,20230918,300,27.61,8283.00,10
3256,"PO003256",49,677,20230915,20231006,750,112.47,84352.50,21
3257,"PO003257",76,649,20230807,20230824,50,36.57,1828.50,17
3258,"PO003258",103,618,20250611,20250618,750,37.69,28267.50,7
3259,"PO003259",71,356,20250519,20250608,50,570.19,28509.50,20
3260,"PO003260",109,545,20250607,20250618,750,98.61,73957.50,11
3261,"PO003261",96,956,20251027,20251113,300,216.10,64830.00,17
3262,"PO003262",104,718,20240830,20240923,200,65.15,13030.00,24
3263,"PO003263",61,892,20240429,20240523,1000,26.54,26540.00,24
3264,"PO003264",76,649,20250309,20250325,500,36.93,18465.00,16
3265,"PO003265",61,267,20240902,20241001,100,24.10,2410.00,29
3266,"PO003266",52,738,20240608,20240623,1000,165.65,165650.00,15
3267,"PO003267",93,888,20250828,20250910,100,423.47,42347.00,13
3268,"PO003268",88,766,20240813,20240902,300,98.68,29604.00,20
3269,"PO003269",80,213,20240614,20240621,300,349.87,104961.00,7
3270,"PO003270",54,198,20230805,20230908,200,14.62,2924.00,34
3271,"PO003271",80,213,20251110,20251117,200,345.09,69018.00,7
3272,"PO003272",28,532,20250423,20250524,150,76.99,11548.50,31
3273,"PO003273",50,832,20230316,20230404,500,46.63,23315.00,19
3274,"PO003274",45,292,20250903,20250914,300,121.05,36315.00,11
3275,"PO003275",120,711,20230327,20230408,1000,12.36,12360.00,12
3276,"PO003276",80,46,20251008,20251018,500,19.89,9945.00,10
3277,"PO003277",119,489,20241210,20241212,500,29.13,14565.00,2
3278,"PO003278",102,562,20230526,20230623,200,145.23,29046.00,28
3279,"PO003279",97,141,20240517,20240609,1000,25.95,25950.00,23
3280,"PO003280",18,881,20231109,20231205,300,67.60,20280.00,26
3281,"PO003281",56,797,20230424,20230427,200,198.24,39648.00,3
3282,"PO003282",22,810,20240914,20241003,50,56.52,2826.00,19
3283,"PO003283",73,87,20230411,20230504,50,48.24,2412.00,23
3284,"PO003284",61,29,20231216,20240111,200,390.47,78094.00,26
3285,"PO003285",7,42,20240910,20240930,750,320.62,240465.00,20
3286,"PO003286",3,793,20241130,20241217,100,146.97,14697.00,17
3287,"PO003287",49,677,20241018,20241106,100,107.12,10712.00,19
3288,"PO003288",103,940,20240213,20240220,150,630.79,94618.50,7
3289,"PO003289",69,670,20230405,20230415,150,701.89,105283.50,10
3290,"PO003290",120,638,20240719,20240801,1000,103.35,103350.00,13
3291,"PO003291",99,469,20250712,20250722,300,13.99,4197.00,10
3292,"PO003292",120,711,20241116,20241130,300,13.51,4053.00,14
3293,"PO003293",105,931,20250602,20250625,150,100.60,15090.00,23
3294,"PO003294",58,773,20231130,20231214,300,37.90,11370.00,14
3295,"PO003295",6,60,20231016,20231030,100,280.79,28079.00,14
3296,"PO003296",72,763,20250721,20250728,150,636.18,95427.00,7
3297,"PO003297",14,245,20231114,20231118,50,80.72,4036.00,4
3298,"PO003298",14,129,20250424,20250430,300,356.06,106818.00,6
3299,"PO003299",67,47,20250716,20250724,200,46.14,9228.00,8
3300,"PO003300",26,740,20230329,20230415,500,12.09,6045.00,17
3301,"PO003301",8,775,20251214,20251216,1000,241.95,241950.00,2
3302,"PO003302",58,320,20230130,20230214,200,254.65,50930.00,15
3303,"PO003303",57,218,20230412,20230429,500,204.62,102310.00,17
3304,"PO003304",39,796,20251211,20251229,150,48.30,7245.00,18
3305,"PO003305",23,982,20251011,20251015,100,120.35,12035.00,4
3306,"PO003306",14,764,20240214,20240223,750,18.92,14190.00,9
3307,"PO003307",39,500,20240926,20241009,150,54.40,8160.00,13
3308,"PO003308",93,929,20250418,20250507,100,596.11,59611.00,19
3309,"PO003309",40,167,20230924,20231012,200,36.81,7362.00,18
3310,"PO003310",28,478,20231228,20240127,200,4.08,816.00,30
3311,"PO003311",97,141,20230801,20230815,1000,24.35,24350.00,14
3312,"PO003312",112,846,20230323,20230416,500,34.24,17120.00,24
3313,"PO003313",102,363,20250213,20250314,500,89.38,44690.00,29
3314,"PO003314",60,502,20230712,20230811,100,223.52,22352.00,30
3315,"PO003315",13,947,20251222,20260103,50,51.46,2573.00,12
3316,"PO003316",83,868,20240227,20240321,150,33.80,5070.00,23
3317,"PO003317",67,512,20250711,20250715,100,60.86,6086.00,4
3318,"PO003318",59,634,20250722,20250817,750,13.84,10380.00,26
3319,"PO003319",116,272,20250916,20250930,100,90.33,9033.00,14
3320,"PO003320",16,153,20230412,20230420,750,217.61,163207.50,8
3321,"PO003321",58,509,20240830,20240920,50,7.86,393.00,21
3322,"PO003322",66,27,20240327,20240331,50,17.97,898.50,4
3323,"PO003323",5,519,20251003,20251014,150,14.03,2104.50,11
3324,"PO003324",43,204,20240724,20240803,100,246.11,24611.00,10
3325,"PO003325",67,512,20240630,20240709,750,65.08,48810.00,9
3326,"PO003326",5,660,20230702,20230716,200,86.36,17272.00,14
3327,"PO003327",90,749,20250602,20250615,750,26.90,20175.00,13
3328,"PO003328",73,574,20230607,20230627,300,531.05,159315.00,20
3329,"PO003329",93,705,20231230,20240114,200,140.25,28050.00,15
3330,"PO003330",95,69,20241111,20241127,500,38.01,19005.00,16
3331,"PO003331",86,548,20230107,20230114,500,161.46,80730.00,7
3332,"PO003332",78,318,20250410,20250504,300,59.47,17841.00,24
3333,"PO003333",110,496,20230509,20230525,50,53.58,2679.00,16
3334,"PO003334",59,645,20230823,20230906,50,29.37,1468.50,14
3335,"PO003335",119,489,20241019,20241020,1000,28.70,28700.00,1
3336,"PO003336",75,984,20241203,20241225,300,660.24,198072.00,22
3337,"PO003337",31,752,20230312,20230320,150,33.47,5020.50,8
3338,"PO003338",110,758,20230930,20231014,100,196.79,19679.00,14
3339,"PO003339",2,195,20250701,20250724,500,72.30,36150.00,23
3340,"PO003340",104,880,20230225,20230316,750,52.78,39585.00,19
3341,"PO003341",117,468,20240111,20240128,300,114.11,34233.00,17
3342,"PO003342",22,810,20241223,20250104,1000,60.89,60890.00,12
3343,"PO003343",44,560,20230813,20230905,1000,188.46,188460.00,23
3344,"PO003344",73,582,20250908,20250928,200,349.00,69800.00,20
3345,"PO003345",27,427,20240614,20240628,200,322.53,64506.00,14
3346,"PO003346",43,151,20241113,20241121,200,18.09,3618.00,8
3347,"PO003347",36,75,20250203,20250226,300,13.72,4116.00,23
3348,"PO003348",8,829,20231017,20231018,100,32.19,3219.00,1
3349,"PO003349",43,151,20240317,20240327,50,18.32,916.00,10
3350,"PO003350",120,362,20240314,20240321,100,21.36,2136.00,7
3351,"PO003351",33,233,20240206,20240229,100,201.58,20158.00,23
3352,"PO003352",88,255,20240211,20240301,500,3.21,1605.00,19
3353,"PO003353",51,516,20251205,20251206,150,29.02,4353.00,1
3354,"PO003354",14,644,20241203,20241216,50,256.29,12814.50,13
3355,"PO003355",49,941,20240625,20240716,200,27.19,5438.00,21
3356,"PO003356",77,347,20240723,20240804,500,726.43,363215.00,12
3357,"PO003357",24,887,20240101,20240111,500,440.11,220055.00,10
3358,"PO003358",48,456,20231204,20231215,1000,113.70,113700.00,11
3359,"PO003359",70,623,20230816,20230910,150,31.05,4657.50,25
3360,"PO003360",46,757,20230814,20230829,50,94.04,4702.00,15
3361,"PO003361",115,475,20250922,20251003,200,11.88,2376.00,11
3362,"PO003362",104,239,20250619,20250712,50,553.60,27680.00,23
3363,"PO003363",65,835,20240419,20240512,300,76.10,22830.00,23
3364,"PO003364",7,258,20240826,20240915,750,447.87,335902.50,20
3365,"PO003365",32,401,20240815,20240825,750,72.43,54322.50,10
3366,"PO003366",101,345,20231130,20231222,200,231.33,46266.00,22
3367,"PO003367",83,325,20230930,20231021,50,149.44,7472.00,21
3368,"PO003368",24,592,20230210,20230301,750,30.06,22545.00,19
3369,"PO003369",100,397,20231231,20240115,300,693.44,208032.00,15
3370,"PO003370",74,309,20230319,20230326,300,11.85,3555.00,7
3371,"PO003371",54,95,20250516,20250615,750,903.82,677865.00,30
3372,"PO003372",51,516,20240625,20240703,1000,29.00,29000.00,8
3373,"PO003373",113,535,20231127,20231212,100,332.67,33267.00,15
3374,"PO003374",21,68,20240706,20240801,50,199.24,9962.00,26
3375,"PO003375",28,343,20250730,20250828,200,303.32,60664.00,29
3376,"PO003376",50,709,20240616,20240703,50,481.82,24091.00,17
3377,"PO003377",42,296,20231026,20231128,300,55.43,16629.00,33
3378,"PO003378",74,228,20230414,20230420,150,40.68,6102.00,6
3379,"PO003379",44,946,20240319,20240416,750,139.64,104730.00,28
3380,"PO003380",82,184,20251124,20251222,300,35.27,10581.00,28
3381,"PO003381",33,383,20230730,20230826,300,38.56,11568.00,27
3382,"PO003382",2,145,20250618,20250716,50,84.30,4215.00,28
3383,"PO003383",103,451,20250121,20250129,200,337.18,67436.00,8
3384,"PO003384",116,358,20241204,20241217,100,823.97,82397.00,13
3385,"PO003385",83,708,20240130,20240224,500,166.79,83395.00,25
3386,"PO003386",56,598,20230910,20230912,500,304.50,152250.00,2
3387,"PO003387",100,403,20251027,20251111,750,25.00,18750.00,15
3388,"PO003388",28,90,20240902,20241005,500,282.72,141360.00,33
3389,"PO003389",60,240,20240513,20240610,100,181.05,18105.00,28
3390,"PO003390",18,702,20230317,20230414,200,30.05,6010.00,28
3391,"PO003391",63,455,20231220,20240114,200,192.80,38560.00,25
3392,"PO003392",9,808,20251217,20251225,150,121.49,18223.50,8
3393,"PO003393",46,384,20250204,20250222,500,359.12,179560.00,18
3394,"PO003394",98,181,20241113,20241202,200,153.31,30662.00,19
3395,"PO003395",44,201,20240121,20240218,150,29.38,4407.00,28
3396,"PO003396",5,216,20240901,20240912,200,19.15,3830.00,11
3397,"PO003397",84,916,20250319,20250414,1000,32.92,32920.00,26
3398,"PO003398",78,923,20240414,20240502,50,112.77,5638.50,18
3399,"PO003399",71,995,20250916,20251006,100,11.52,1152.00,20
3400,"PO003400",63,747,20230226,20230322,300,97.23,29169.00,24
3401,"PO003401",113,193,20230430,20230511,750,34.40,25800.00,11
3402,"PO003402",81,668,20250517,20250526,200,13.96,2792.00,9
3403,"PO003403",31,541,20230927,20231006,150,22.02,3303.00,9
3404,"PO003404",58,754,20241203,20241219,500,287.04,143520.00,16
3405,"PO003405",114,246,20250121,20250207,750,109.36,82020.00,17
3406,"PO003406",32,99,20240418,20240425,300,279.52,83856.00,7
3407,"PO003407",67,629,20250802,20250807,150,99.61,14941.50,5
3408,"PO003408",10,710,20241021,20241029,500,127.45,63725.00,8
3409,"PO003409",12,148,20230613,20230628,1000,54.51,54510.00,15
3410,"PO003410",75,441,20230215,20230309,150,25.00,3750.00,22
3411,"PO003411",118,308,20230115,20230221,1000,343.29,343290.00,37
3412,"PO003412",101,133,20240828,20240917,50,89.71,4485.50,20
3413,"PO003413",97,627,20230716,20230731,150,637.94,95691.00,15
3414,"PO003414",18,697,20230320,20230414,1000,252.85,252850.00,25
3415,"PO003415",68,400,20240327,20240406,300,609.30,182790.00,10
3416,"PO003416",78,232,20231021,20231111,750,133.65,100237.50,21
3417,"PO003417",36,717,20241028,20241123,750,641.58,481185.00,26
3418,"PO003418",79,138,20240221,20240321,300,262.93,78879.00,29
3419,"PO003419",4,291,20250405,20250506,300,28.52,8556.00,31
3420,"PO003420",61,892,20230218,20230313,1000,28.97,28970.00,23
3421,"PO003421",107,633,20240216,20240313,100,21.06,2106.00,26
3422,"PO003422",68,564,20241025,20241105,750,12.49,9367.50,11
3423,"PO003423",81,607,20250624,20250701,1000,33.36,33360.00,7
3424,"PO003424",44,142,20240306,20240401,500,24.68,12340.00,26
3425,"PO003425",60,502,20240423,20240518,1000,222.20,222200.00,25
3426,"PO003426",60,224,20230715,20230813,150,95.29,14293.50,29
3427,"PO003427",65,657,20230204,20230225,300,146.43,43929.00,21
3428,"PO003428",40,149,20250804,20250822,300,34.75,10425.00,18
3429,"PO003429",59,634,20240827,20240915,750,13.87,10402.50,19
3430,"PO003430",99,534,20240319,20240320,200,56.12,11224.00,1
3431,"PO003431",90,918,20250619,20250702,100,117.46,11746.00,13
3432,"PO003432",33,152,20240512,20240606,200,265.88,53176.00,25
3433,"PO003433",21,453,20240702,20240721,750,169.70,127275.00,19
3434,"PO003434",33,59,20250712,20250806,150,18.08,2712.00,25
3435,"PO003435",118,308,20230915,20231023,50,346.84,17342.00,38
3436,"PO003436",42,739,20241123,20241223,300,27.04,8112.00,30
3437,"PO003437",43,610,20240116,20240127,50,73.81,3690.50,11
3438,"PO003438",56,137,20250630,20250705,50,21.21,1060.50,5
3439,"PO003439",99,415,20251017,20251101,100,190.65,19065.00,15
3440,"PO003440",28,580,20231102,20231201,1000,34.38,34380.00,29
3441,"PO003441",29,344,20250906,20250913,200,35.99,7198.00,7
3442,"PO003442",61,825,20251105,20251129,300,566.19,169857.00,24
3443,"PO003443",77,16,20230104,20230114,750,62.10,46575.00,10
3444,"PO003444",9,768,20250307,20250316,1000,36.22,36220.00,9
3445,"PO003445",78,849,20241009,20241023,200,73.65,14730.00,14
3446,"PO003446",105,101,20240906,20240928,150,76.26,11439.00,22
3447,"PO003447",3,637,20230130,20230216,50,458.57,22928.50,17
3448,"PO003448",51,641,20230110,20230115,500,68.22,34110.00,5
3449,"PO003449",25,154,20230329,20230419,100,11.46,1146.00,21
3450,"PO003450",43,493,20240411,20240421,200,233.41,46682.00,10
3451,"PO003451",80,213,20241027,20241104,50,347.25,17362.50,8
3452,"PO003452",76,260,20230425,20230510,750,564.63,423472.50,15
3453,"PO003453",51,802,20230214,20230218,50,394.24,19712.00,4
3454,"PO003454",50,227,20241214,20250106,100,78.54,7854.00,23
3455,"PO003455",101,614,20240131,20240225,200,78.45,15690.00,25
3456,"PO003456",78,232,20240201,20240219,50,130.49,6524.50,18
3457,"PO003457",56,571,20241215,20241216,300,146.71,44013.00,1
3458,"PO003458",23,319,20240730,20240803,750,151.43,113572.50,4
3459,"PO003459",38,613,20250817,20250818,150,108.23,16234.50,1
3460,"PO003460",18,611,20230105,20230131,50,297.49,14874.50,26
3461,"PO003461",59,968,20251116,20251205,300,35.45,10635.00,19
3462,"PO003462",8,577,20250819,20250821,750,10.94,8205.00,2
3463,"PO003463",105,852,20230902,20230916,1000,36.79,36790.00,14
3464,"PO003464",50,841,20240710,20240728,500,30.22,15110.00,18
3465,"PO003465",105,533,20230124,20230214,750,64.74,48555.00,21
3466,"PO003466",31,376,20230915,20230924,100,723.74,72374.00,9
3467,"PO003467",88,701,20250106,20250122,1000,67.71,67710.00,16
3468,"PO003468",78,318,20240204,20240223,300,58.08,17424.00,19
3469,"PO003469",26,988,20241218,20250109,50,43.96,2198.00,22
3470,"PO003470",83,774,20250427,20250519,150,633.90,95085.00,22
3471,"PO003471",58,327,20241004,20241020,100,32.54,3254.00,16
3472,"PO003472",34,103,20240831,20240917,150,26.28,3942.00,17
3473,"PO003473",26,740,20230109,20230130,150,11.84,1776.00,21
3474,"PO003474",94,903,20230115,20230209,500,510.43,255215.00,25
3475,"PO003475",82,504,20230729,20230823,500,507.09,253545.00,25
3476,"PO003476",109,421,20230816,20230901,750,111.93,83947.50,16
3477,"PO003477",84,938,20250504,20250527,500,257.40,128700.00,23
3478,"PO003478",63,864,20240506,20240603,1000,53.02,53020.00,28
3479,"PO003479",58,977,20230919,20231004,1000,140.93,140930.00,15
3480,"PO003480",28,532,20240910,20241004,100,77.42,7742.00,24
3481,"PO003481",77,333,20230605,20230616,150,4.85,727.50,11
3482,"PO003482",40,149,20251114,20251129,1000,34.20,34200.00,15
3483,"PO003483",33,375,20230420,20230515,750,402.54,301905.00,25
3484,"PO003484",1,791,20250508,20250529,750,31.09,23317.50,21
3485,"PO003485",119,503,20251101,20251103,1000,112.00,112000.00,2
3486,"PO003486",120,197,20241206,20241218,150,36.59,5488.50,12
3487,"PO003487",44,814,20251006,20251030,200,45.03,9006.00,24
3488,"PO003488",2,950,20230710,20230805,1000,12.02,12020.00,26
3489,"PO003489",75,441,20240505,20240601,500,25.34,12670.00,27
3490,"PO003490",95,531,20231109,20231119,50,403.34,20167.00,10
3491,"PO003491",7,690,20241231,20250121,150,60.69,9103.50,21
3492,"PO003492",22,605,20240511,20240526,100,38.49,3849.00,15
3493,"PO003493",39,132,20251130,20251222,50,60.56,3028.00,22
3494,"PO003494",15,56,20230124,20230205,200,655.62,131124.00,12
3495,"PO003495",69,51,20230902,20230911,200,13.15,2630.00,9
3496,"PO003496",48,15,20230318,20230403,150,139.86,20979.00,16
3497,"PO003497",72,283,20230509,20230512,300,7.00,2100.00,3
3498,"PO003498",94,269,20241231,20250124,150,30.03,4504.50,24
3499,"PO003499",31,376,20230802,20230811,100,717.53,71753.00,9
3500,"PO003500",44,560,20241110,20241201,50,202.05,10102.50,21
3501,"PO003501",16,686,20250329,20250411,200,324.97,64994.00,13
3502,"PO003502",106,257,20250302,20250329,50,54.43,2721.50,27
3503,"PO003503",51,516,20230918,20230923,100,28.04,2804.00,5
3504,"PO003504",67,47,20251031,20251108,200,45.77,9154.00,8
3505,"PO003505",57,386,20230701,20230719,150,243.85,36577.50,18
3506,"PO003506",28,580,20250109,20250203,50,36.03,1801.50,25
3507,"PO003507",14,644,20240509,20240514,750,269.73,202297.50,5
3508,"PO003508",57,218,20250730,20250816,100,203.80,20380.00,17
3509,"PO003509",75,883,20250127,20250215,150,79.81,11971.50,19
3510,"PO003510",18,498,20241027,20241122,300,63.05,18915.00,26
3511,"PO003511",58,327,20230206,20230222,300,33.90,10170.00,16
3512,"PO003512",92,962,20230815,20230821,1000,105.94,105940.00,6
3513,"PO003513",94,680,20251207,20251227,150,17.60,2640.00,20
3514,"PO003514",63,162,20240329,20240421,150,401.95,60292.50,23
3515,"PO003515",120,804,20240912,20240923,300,137.53,41259.00,11
3516,"PO003516",103,932,20251210,20251211,50,7.46,373.00,1
3517,"PO003517",91,816,20240402,20240425,300,12.94,3882.00,23
3518,"PO003518",77,176,20240414,20240424,750,290.74,218055.00,10
3519,"PO003519",37,876,20240715,20240728,150,11.38,1707.00,13
3520,"PO003520",88,255,20240103,20240118,1000,3.27,3270.00,15
3521,"PO003521",104,786,20230424,20230520,1000,171.88,171880.00,26
3522,"PO003522",77,333,20230911,20230917,50,4.61,230.50,6
3523,"PO003523",58,773,20250513,20250529,150,37.32,5598.00,16
3524,"PO003524",103,98,20230621,20230627,150,618.77,92815.50,6
3525,"PO003525",66,678,20250712,20250716,1000,789.45,789450.00,4
3526,"PO003526",56,418,20240929,20241005,50,30.07,1503.50,6
3527,"PO003527",6,732,20230127,20230211,200,725.14,145028.00,15
3528,"PO003528",107,937,20250411,20250509,50,5.08,254.00,28
3529,"PO003529",46,761,20230827,20230917,150,248.45,37267.50,21
3530,"PO003530",14,268,20250818,20250824,300,149.79,44937.00,6
3531,"PO003531",37,404,20250417,20250504,1000,43.62,43620.00,17
3532,"PO003532",95,41,20250508,20250518,750,154.59,115942.50,10
3533,"PO003533",33,9,20230531,20230621,200,52.27,10454.00,21
3534,"PO003534",7,119,20250911,20250930,750,37.92,28440.00,19
3535,"PO003535",28,90,20251102,20251130,750,299.61,224707.50,28
3536,"PO003536",78,849,20240107,20240129,300,71.25,21375.00,22
3537,"PO003537",98,155,20250724,20250814,500,322.53,161265.00,21
3538,"PO003538",117,468,20230321,20230406,50,118.95,5947.50,16
3539,"PO003539",37,57,20240419,20240506,200,45.41,9082.00,17
3540,"PO003540",31,752,20230814,20230827,150,33.52,5028.00,13
3541,"PO003541",120,197,20240629,20240711,300,35.73,10719.00,12
3542,"PO003542",18,971,20230322,20230419,750,34.97,26227.50,28
3543,"PO003543",66,342,20250123,20250127,150,222.13,33319.50,4
3544,"PO003544",105,931,20240924,20241012,300,102.07,30621.00,18
3545,"PO003545",100,397,20250804,20250821,500,684.26,342130.00,17
3546,"PO003546",106,806,20241224,20250118,500,27.51,13755.00,25
3547,"PO003547",8,829,20240309,20240311,50,31.11,1555.50,2
3548,"PO003548",2,569,20230403,20230428,300,562.36,168708.00,25
3549,"PO003549",101,606,20250724,20250812,100,14.14,1414.00,19
3550,"PO003550",28,478,20250904,20250929,300,4.05,1215.00,25
3551,"PO003551",104,696,20250619,20250717,1000,143.40,143400.00,28
3552,"PO003552",110,214,20240424,20240507,150,36.56,5484.00,13
3553,"PO003553",92,380,20250731,20250807,200,38.40,7680.00,7
3554,"PO003554",80,461,20240712,20240725,1000,226.70,226700.00,13
3555,"PO003555",109,135,20230622,20230704,150,145.35,21802.50,12
3556,"PO003556",44,142,20240529,20240628,750,25.42,19065.00,30
3557,"PO003557",5,848,20250702,20250710,200,81.88,16376.00,8
3558,"PO003558",26,980,20230828,20230916,50,102.38,5119.00,19
3559,"PO003559",101,488,20250124,20250213,50,14.06,703.00,20
3560,"PO003560",72,515,20240421,20240424,750,8.36,6270.00,3
3561,"PO003561",20,540,20250930,20251002,150,144.32,21648.00,2
3562,"PO003562",32,401,20250130,20250209,50,72.40,3620.00,10
3563,"PO003563",17,413,20230609,20230626,750,79.50,59625.00,17
3564,"PO003564",40,789,20230116,20230206,50,1.30,65.00,21
3565,"PO003565",107,131,20230731,20230826,150,126.59,18988.50,26
3566,"PO003566",31,650,20240923,20241010,750,24.54,18405.00,17
3567,"PO003567",5,848,20240824,20240907,200,84.87,16974.00,14
3568,"PO003568",64,428,20240709,20240721,200,15.41,3082.00,12
3569,"PO003569",46,910,20250609,20250626,50,36.48,1824.00,17
3570,"PO003570",55,682,20230211,20230228,50,787.16,39358.00,17
3571,"PO003571",31,805,20230127,20230206,300,97.75,29325.00,10
3572,"PO003572",29,905,20241030,20241109,150,10.61,1591.50,10
3573,"PO003573",90,479,20230704,20230715,100,354.56,35456.00,11
3574,"PO003574",9,768,20240422,20240501,100,38.42,3842.00,9
3575,"PO003575",8,109,20230215,20230218,1000,65.00,65000.00,3
3576,"PO003576",68,564,20240528,20240604,750,13.01,9757.50,7
3577,"PO003577",14,906,20250928,20251006,500,33.70,16850.00,8
3578,"PO003578",78,707,20231113,20231203,100,12.62,1262.00,20
3579,"PO003579",26,776,20230608,20230626,750,117.86,88395.00,18
3580,"PO003580",5,398,20250523,20250602,750,87.93,65947.50,10
3581,"PO003581",61,322,20240502,20240529,200,29.13,5826.00,27
3582,"PO003582",98,168,20230530,20230622,200,15.05,3010.00,23
3583,"PO003583",120,550,20231106,20231116,150,89.14,13371.00,10
3584,"PO003584",93,146,20230121,20230203,300,7.74,2322.00,13
3585,"PO003585",14,159,20240810,20240815,200,188.57,37714.00,5
3586,"PO003586",99,189,20230109,20230122,100,91.32,9132.00,13
3587,"PO003587",2,950,20230224,20230322,150,12.27,1840.50,26
3588,"PO003588",24,34,20250626,20250710,750,100.31,75232.50,14
3589,"PO003589",88,255,20231003,20231022,300,3.29,987.00,19
3590,"PO003590",37,335,20240701,20240717,500,414.72,207360.00,16
3591,"PO003591",75,441,20251021,20251109,150,25.43,3814.50,19
3592,"PO003592",78,180,20230808,20230828,500,7.90,3950.00,20
3593,"PO003593",73,259,20250614,20250704,500,54.68,27340.00,20
3594,"PO003594",21,186,20251014,20251103,100,121.46,12146.00,20
3595,"PO003595",103,618,20241001,20241006,150,39.84,5976.00,5
3596,"PO003596",103,113,20240117,20240122,200,91.35,18270.00,5
3597,"PO003597",90,918,20230810,20230825,150,123.78,18567.00,15
3598,"PO003598",20,821,20230321,20230328,300,87.59,26277.00,7
3599,"PO003599",57,331,20250524,20250611,100,544.44,54444.00,18
3600,"PO003600",28,90,20240210,20240310,50,275.06,13753.00,29
3601,"PO003601",10,710,20231021,20231027,1000,119.45,119450.00,6
3602,"PO003602",90,918,20241231,20250113,50,124.79,6239.50,13
3603,"PO003603",86,115,20250425,20250503,500,143.42,71710.00,8
3604,"PO003604",70,664,20250413,20250511,300,48.39,14517.00,28
3605,"PO003605",119,994,20251214,20251215,150,37.66,5649.00,1
3606,"PO003606",99,782,20240630,20240710,1000,426.44,426440.00,10
3607,"PO003607",111,230,20250912,20251017,150,33.49,5023.50,35
3608,"PO003608",60,326,20250624,20250722,150,11.07,1660.50,28
3609,"PO003609",39,368,20230619,20230707,750,265.45,199087.50,18
3610,"PO003610",95,557,20250831,20250910,1000,5.75,5750.00,10
3611,"PO003611",72,961,20251108,20251110,300,681.96,204588.00,2
3612,"PO003612",5,848,20240111,20240124,300,87.74,26322.00,13
3613,"PO003613",84,501,20230605,20230630,150,39.47,5920.50,25
3614,"PO003614",100,661,20230211,20230228,50,118.18,5909.00,17
3615,"PO003615",9,334,20241009,20241017,300,561.25,168375.00,8
3616,"PO003616",56,598,20230805,20230806,1000,299.03,299030.00,1
3617,"PO003617",104,542,20250313,20250405,200,30.51,6102.00,23
3618,"PO003618",6,581,20230831,20230915,300,23.64,7092.00,15
3619,"PO003619",61,328,20230605,20230701,150,30.53,4579.50,26
3620,"PO003620",113,17,20230511,20230521,100,58.36,5836.00,10
3621,"PO003621",37,285,20240101,20240113,300,1.96,588.00,12
3622,"PO003622",50,250,20230708,20230726,300,366.17,109851.00,18
3623,"PO003623",42,497,20240502,20240530,100,2.93,293.00,28
3624,"PO003624",110,214,20250316,20250329,50,36.43,1821.50,13
3625,"PO003625",40,746,20241101,20241115,1000,88.08,88080.00,14
3626,"PO003626",97,121,20230311,20230330,500,459.14,229570.00,19
3627,"PO003627",38,558,20231226,20231227,500,792.29,396145.00,1
3628,"PO003628",36,144,20251225,20260118,500,60.92,30460.00,24
3629,"PO003629",8,829,20250828,20250829,200,32.77,6554.00,1
3630,"PO003630",50,733,20251202,20251220,500,119.32,59660.00,18
3631,"PO003631",21,453,20250907,20251001,1000,173.84,173840.00,24
3632,"PO003632",20,163,20230123,20230130,200,17.07,3414.00,7
3633,"PO003633",86,66,20230307,20230322,50,4.40,220.00,15
3634,"PO003634",88,58,20230822,20230907,200,22.99,4598.00,16
3635,"PO003635",13,947,20240208,20240221,100,53.57,5357.00,13
3636,"PO003636",21,688,20240617,20240714,50,6.27,313.50,27
3637,"PO003637",6,426,20250919,20250925,100,654.06,65406.00,6
3638,"PO003638",52,74,20241219,20250101,200,6.60,1320.00,13
3639,"PO003639",24,780,20230805,20230820,1000,44.02,44020.00,15
3640,"PO003640",92,371,20230522,20230528,750,84.18,63135.00,6
3641,"PO003641",50,709,20240413,20240501,300,466.25,139875.00,18
3642,"PO003642",47,449,20240131,20240212,1000,63.23,63230.00,12
3643,"PO003643",73,559,20241018,20241104,1000,9.07,9070.00,17
3644,"PO003644",36,422,20250804,20250825,750,104.72,78540.00,21
3645,"PO003645",74,511,20240422,20240426,200,526.05,105210.00,4
3646,"PO003646",76,616,20251016,20251113,100,61.38,6138.00,28
3647,"PO003647",13,933,20240727,20240811,500,39.27,19635.00,15
3648,"PO003648",60,224,20230501,20230529,150,91.51,13726.50,28
3649,"PO003649",50,733,20230518,20230604,150,115.45,17317.50,17
3650,"PO003650",94,908,20230204,20230226,500,141.21,70605.00,22
3651,"PO003651",58,324,20240713,20240729,50,155.60,7780.00,16
3652,"PO003652",68,301,20231227,20240105,1000,490.57,490570.00,9
3653,"PO003653",113,935,20241011,20241022,1000,27.20,27200.00,11
3654,"PO003654",17,413,20251214,20251231,150,86.56,12984.00,17
3655,"PO003655",7,258,20240318,20240407,50,444.12,22206.00,20
3656,"PO003656",47,444,20231216,20231227,300,287.99,86397.00,11
3657,"PO003657",33,9,20240215,20240311,50,48.81,2440.50,25
3658,"PO003658",94,520,20230318,20230405,100,85.85,8585.00,18
3659,"PO003659",11,659,20231013,20231115,500,201.12,100560.00,33
3660,"PO003660",63,104,20250728,20250819,100,363.50,36350.00,22
3661,"PO003661",54,95,20250817,20250917,500,907.83,453915.00,31
3662,"PO003662",7,119,20240807,20240823,300,38.98,11694.00,16
3663,"PO003663",38,999,20250903,20250904,500,29.40,14700.00,1
3664,"PO003664",118,183,20230425,20230601,200,128.02,25604.00,37
3665,"PO003665",106,278,20250314,20250406,50,16.65,832.50,23
3666,"PO003666",45,78,20240525,20240606,750,767.34,575505.00,12
3667,"PO003667",99,782,20240509,20240517,150,431.70,64755.00,8
3668,"PO003668",19,337,20231125,20231214,150,20.89,3133.50,19
3669,"PO003669",72,306,20230718,20230719,1000,105.03,105030.00,1
3670,"PO003670",39,132,20250526,20250613,500,63.09,31545.00,18
3671,"PO003671",45,78,20250118,20250202,200,796.00,159200.00,15
3672,"PO003672",73,574,20250514,20250601,50,536.01,26800.50,18
3673,"PO003673",6,60,20250724,20250805,100,277.69,27769.00,12
3674,"PO003674",43,934,20250311,20250320,750,225.09,168817.50,9
3675,"PO003675",97,627,20230517,20230603,1000,632.29,632290.00,17
3676,"PO003676",83,247,20230318,20230413,100,84.60,8460.00,26
3677,"PO003677",35,573,20240301,20240322,50,5.66,283.00,21
3678,"PO003678",115,106,20230306,20230317,100,87.40,8740.00,11
3679,"PO003679",90,716,20231121,20231201,200,339.07,67814.00,10
3680,"PO003680",72,538,20250814,20250817,300,26.17,7851.00,3
3681,"PO003681",97,627,20230418,20230510,150,605.25,90787.50,22
3682,"PO003682",88,766,20250204,20250224,1000,101.73,101730.00,20
3683,"PO003683",14,608,20230213,20230217,300,59.04,17712.00,4
3684,"PO003684",108,655,20230814,20230901,100,85.45,8545.00,18
3685,"PO003685",67,419,20230916,20230925,300,30.80,9240.00,9
3686,"PO003686",37,876,20240421,20240510,1000,10.66,10660.00,19
3687,"PO003687",94,520,20241202,20241221,100,86.85,8685.00,19
3688,"PO003688",28,21,20230224,20230324,150,60.10,9015.00,28
3689,"PO003689",114,246,20240705,20240723,200,104.52,20904.00,18
3690,"PO003690",99,289,20230731,20230807,100,83.23,8323.00,7
3691,"PO003691",14,906,20240212,20240220,750,33.35,25012.50,8
3692,"PO003692",72,961,20240312,20240315,750,676.01,507007.50,3
3693,"PO003693",82,719,20251005,20251102,750,6.18,4635.00,28
3694,"PO003694",18,697,20240228,20240328,100,261.54,26154.00,29
3695,"PO003695",40,73,20250414,20250429,150,118.36,17754.00,15
3696,"PO003696",58,773,20230226,20230316,200,35.62,7124.00,18
3697,"PO003697",118,308,20231014,20231120,1000,351.00,351000.00,37
3698,"PO003698",99,782,20230630,20230711,300,431.87,129561.00,11
3699,"PO003699",37,285,20241029,20241122,300,2.15,645.00,24
3700,"PO003700",11,118,20241106,20241208,200,74.13,14826.00,32
3701,"PO003701",112,522,20230115,20230210,200,41.96,8392.00,26
3702,"PO003702",114,246,20230106,20230125,100,111.91,11191.00,19
3703,"PO003703",74,228,20241007,20241014,200,42.39,8478.00,7
3704,"PO003704",71,199,20241204,20241224,200,13.57,2714.00,20
3705,"PO003705",20,163,20251019,20251022,1000,16.35,16350.00,3
3706,"PO003706",100,459,20250109,20250127,300,63.52,19056.00,18
3707,"PO003707",61,825,20241224,20250112,1000,582.00,582000.00,19
3708,"PO003708",63,679,20240501,20240524,300,34.39,10317.00,23
3709,"PO003709",75,517,20251124,20251216,300,789.02,236706.00,22
3710,"PO003710",114,909,20230927,20231017,1000,80.86,80860.00,20
3711,"PO003711",80,83,20230312,20230313,300,415.54,124662.00,1
3712,"PO003712",32,783,20250128,20250203,1000,30.80,30800.00,6
3713,"PO003713",53,536,20251202,20251223,150,7.24,1086.00,21
3714,"PO003714",98,745,20250220,20250309,300,3.64,1092.00,17
3715,"PO003715",49,941,20250927,20251024,300,29.65,8895.00,27
3716,"PO003716",101,539,20250520,20250609,500,648.47,324235.00,20
3717,"PO003717",70,623,20240518,20240616,50,30.26,1513.00,29
3718,"PO003718",20,40,20240524,20240527,50,29.15,1457.50,3
3719,"PO003719",68,100,20230131,20230209,100,285.97,28597.00,9
3720,"PO003720",76,454,20240523,20240609,50,4.42,221.00,17
3721,"PO003721",107,131,20250522,20250618,50,131.12,6556.00,27
3722,"PO003722",42,321,20230619,20230719,1000,24.29,24290.00,30
3723,"PO003723",78,318,20250904,20250926,750,58.85,44137.50,22
3724,"PO003724",101,725,20230523,20230609,200,5.07,1014.00,17
3725,"PO003725",75,984,20250207,20250301,100,687.41,68741.00,22
3726,"PO003726",28,1,20240421,20240521,1000,66.70,66700.00,30
3727,"PO003727",7,915,20240723,20240812,100,33.39,3339.00,20
3728,"PO003728",44,201,20231210,20240106,1000,31.75,31750.00,27
3729,"PO003729",42,497,20250406,20250507,300,2.95,885.00,31
3730,"PO003730",47,913,20250122,20250202,200,90.23,18046.00,11
3731,"PO003731",23,319,20241105,20241111,750,140.49,105367.50,6
3732,"PO003732",93,211,20250721,20250802,100,147.11,14711.00,12
3733,"PO003733",80,46,20240327,20240405,100,20.10,2010.00,9
3734,"PO003734",106,960,20251116,20251213,1000,30.61,30610.00,27
3735,"PO003735",41,840,20250705,20250721,1000,113.18,113180.00,16
3736,"PO003736",23,800,20241212,20241218,50,53.00,2650.00,6
3737,"PO003737",96,992,20230804,20230817,100,169.80,16980.00,13
3738,"PO003738",37,472,20240128,20240212,100,21.26,2126.00,15
3739,"PO003739",63,143,20241212,20250104,300,257.41,77223.00,23
3740,"PO003740",94,908,20250816,20250905,500,145.37,72685.00,20
3741,"PO003741",43,482,20231222,20240106,100,123.20,12320.00,15
3742,"PO003742",31,350,20230618,20230702,300,23.71,7113.00,14
3743,"PO003743",51,753,20240401,20240409,50,16.44,822.00,8
3744,"PO003744",21,169,20231219,20240113,300,62.58,18774.00,25
3745,"PO003745",66,79,20230611,20230615,1000,269.13,269130.00,4
3746,"PO003746",59,188,20230104,20230121,100,827.85,82785.00,17
3747,"PO003747",25,860,20250814,20250903,150,10.97,1645.50,20
3748,"PO003748",85,568,20240227,20240313,200,705.72,141144.00,15
3749,"PO003749",40,339,20230722,20230807,200,173.17,34634.00,16
3750,"PO003750",40,149,20231101,20231122,500,33.48,16740.00,21
3751,"PO003751",45,292,20230827,20230909,200,130.13,26026.00,13
3752,"PO003752",107,281,20230307,20230404,200,15.31,3062.00,28
3753,"PO003753",67,920,20250629,20250706,50,150.69,7534.50,7
3754,"PO003754",54,354,20230220,20230331,50,187.14,9357.00,39
3755,"PO003755",98,900,20240705,20240723,150,43.28,6492.00,18
3756,"PO003756",8,32,20250214,20250218,100,4.67,467.00,4
3757,"PO003757",80,83,20240328,20240406,750,440.06,330045.00,9
3758,"PO003758",96,992,20241029,20241112,500,181.67,90835.00,14
3759,"PO003759",96,314,20251230,20260112,750,5.93,4447.50,13
3760,"PO003760",93,884,20231010,20231029,500,9.99,4995.00,19
3761,"PO003761",64,96,20231216,20231225,500,83.32,41660.00,9
3762,"PO003762",119,819,20240612,20240615,300,38.75,11625.00,3
3763,"PO003763",96,231,20250324,20250408,300,126.11,37833.00,15
3764,"PO003764",60,553,20250505,20250602,300,65.57,19671.00,28
3765,"PO003765",63,455,20250226,20250322,100,202.77,20277.00,24
3766,"PO003766",104,239,20240824,20240915,150,552.00,82800.00,22
3767,"PO003767",91,816,20231219,20240110,750,12.89,9667.50,22
3768,"PO003768",1,899,20240804,20240830,1000,35.74,35740.00,26
3769,"PO003769",73,445,20230818,20230908,150,70.59,10588.50,21
3770,"PO003770",54,95,20250221,20250329,100,840.21,84021.00,36
3771,"PO003771",16,435,20230211,20230226,1000,616.84,616840.00,15
3772,"PO003772",60,196,20240425,20240522,150,49.23,7384.50,27
3773,"PO003773",40,339,20231021,20231112,300,175.28,52584.00,22
3774,"PO003774",40,339,20241112,20241130,50,169.70,8485.00,18
3775,"PO003775",85,338,20250206,20250221,1000,108.70,108700.00,15
3776,"PO003776",80,213,20230622,20230630,750,341.57,256177.50,8
3777,"PO003777",60,224,20230613,20230715,750,92.34,69255.00,32
3778,"PO003778",78,180,20230609,20230626,50,8.69,434.50,17
3779,"PO003779",28,37,20230114,20230216,50,156.68,7834.00,33
3780,"PO003780",42,321,20241020,20241120,300,24.97,7491.00,31
3781,"PO003781",109,287,20230103,20230113,100,12.58,1258.00,10
3782,"PO003782",10,212,20230821,20230830,750,60.64,45480.00,9
3783,"PO003783",65,886,20240227,20240317,1000,2.12,2120.00,19
3784,"PO003784",93,884,20231219,20240103,150,10.76,1614.00,15
3785,"PO003785",94,855,20230213,20230306,150,12.74,1911.00,21
3786,"PO003786",1,170,20230402,20230419,50,203.94,10197.00,17
3787,"PO003787",104,282,20240126,20240215,300,541.15,162345.00,20
3788,"PO003788",9,369,20230622,20230701,100,202.26,20226.00,9
3789,"PO003789",67,629,20251109,20251120,50,103.38,5169.00,11
3790,"PO003790",33,233,20240408,20240505,150,205.79,30868.50,27
3791,"PO003791",70,811,20251018,20251113,300,177.67,53301.00,26
3792,"PO003792",63,864,20230815,20230908,200,55.56,11112.00,24
3793,"PO003793",78,389,20240419,20240503,100,241.36,24136.00,14
3794,"PO003794",72,283,20250715,20250718,300,6.84,2052.00,3
3795,"PO003795",13,30,20231218,20240102,750,194.20,145650.00,15
3796,"PO003796",12,294,20240625,20240714,300,234.04,70212.00,19
3797,"PO003797",51,130,20240210,20240216,50,710.17,35508.50,6
3798,"PO003798",67,920,20250927,20251005,50,147.99,7399.50,8
3799,"PO003799",58,521,20250626,20250713,300,35.26,10578.00,17
3800,"PO003800",95,41,20241122,20241201,100,146.64,14664.00,9
3801,"PO003801",21,186,20230822,20230915,300,121.52,36456.00,24
3802,"PO003802",46,778,20241015,20241102,500,865.33,432665.00,18
3803,"PO003803",1,170,20250602,20250625,150,206.13,30919.50,23
3804,"PO003804",100,459,20240723,20240808,750,64.23,48172.50,16
3805,"PO003805",15,510,20240812,20240826,1000,255.50,255500.00,14
3806,"PO003806",91,787,20241129,20241221,150,269.15,40372.50,22
3807,"PO003807",90,749,20230217,20230306,50,25.96,1298.00,17
3808,"PO003808",8,577,20240910,20240911,100,11.60,1160.00,1
3809,"PO003809",54,299,20231224,20240131,150,255.20,38280.00,38
3810,"PO003810",27,669,20230927,20231009,500,38.45,19225.00,12
3811,"PO003811",18,697,20240201,20240222,1000,249.14,249140.00,21
3812,"PO003812",99,593,20250329,20250409,100,70.38,7038.00,11
3813,"PO003813",42,296,20250627,20250726,50,58.14,2907.00,29
3814,"PO003814",18,498,20251231,20260125,300,63.10,18930.00,25
3815,"PO003815",36,75,20250503,20250524,150,13.61,2041.50,21
3816,"PO003816",79,138,20240526,20240629,200,252.76,50552.00,34
3817,"PO003817",101,885,20240309,20240402,50,154.56,7728.00,24
3818,"PO003818",53,896,20250322,20250407,50,222.90,11145.00,16
3819,"PO003819",81,777,20240924,20241003,1000,7.94,7940.00,9
3820,"PO003820",36,422,20230205,20230219,200,105.00,21000.00,14
3821,"PO003821",76,616,20230904,20230921,150,64.31,9646.50,17
3822,"PO003822",16,304,20240923,20241009,750,280.21,210157.50,16
3823,"PO003823",9,808,20230731,20230806,750,119.21,89407.50,6
3824,"PO003824",37,357,20240913,20240927,150,358.05,53707.50,14
3825,"PO003825",88,58,20231220,20240108,1000,22.55,22550.00,19
3826,"PO003826",120,638,20230119,20230204,300,97.05,29115.00,16
3827,"PO003827",1,791,20240304,20240327,200,31.68,6336.00,23
3828,"PO003828",13,947,20230608,20230619,500,51.67,25835.00,11
3829,"PO003829",69,370,20240617,20240626,100,804.01,80401.00,9
3830,"PO003830",19,3,20251016,20251108,50,76.35,3817.50,23
3831,"PO003831",99,534,20240506,20240516,50,54.13,2706.50,10
3832,"PO003832",13,933,20230803,20230814,500,37.65,18825.00,11
3833,"PO003833",40,746,20250604,20250624,500,83.47,41735.00,20
3834,"PO003834",30,486,20250902,20250922,50,61.66,3083.00,20
3835,"PO003835",81,215,20230701,20230715,300,18.59,5577.00,14
3836,"PO003836",78,367,20250820,20250909,200,315.43,63086.00,20
3837,"PO003837",3,793,20231112,20231128,150,135.74,20361.00,16
3838,"PO003838",72,961,20240110,20240114,1000,645.45,645450.00,4
3839,"PO003839",115,965,20241214,20241229,200,8.60,1720.00,15
3840,"PO003840",42,296,20240928,20241103,1000,55.63,55630.00,36
3841,"PO003841",101,595,20240220,20240308,200,61.37,12274.00,17
3842,"PO003842",16,45,20250714,20250726,200,76.37,15274.00,12
3843,"PO003843",59,634,20230131,20230214,1000,13.36,13360.00,14
3844,"PO003844",61,147,20250105,20250201,300,58.36,17508.00,27
3845,"PO003845",34,61,20250406,20250423,300,24.60,7380.00,17
3846,"PO003846",81,7,20240409,20240417,200,630.05,126010.00,8
3847,"PO003847",66,672,20251230,20260104,300,44.79,13437.00,5
3848,"PO003848",7,436,20240110,20240204,500,292.68,146340.00,25
3849,"PO003849",29,524,20240620,20240703,500,77.78,38890.00,13
3850,"PO003850",84,2,20250401,20250423,300,1.95,585.00,22
3851,"PO003851",114,909,20250814,20250831,150,75.60,11340.00,17
3852,"PO003852",36,717,20230918,20231005,200,591.83,118366.00,17
3853,"PO003853",97,831,20230422,20230512,100,4.32,432.00,20
3854,"PO003854",7,565,20230204,20230221,50,201.41,10070.50,17
3855,"PO003855",81,777,20240615,20240623,50,7.98,399.00,8
3856,"PO003856",3,122,20250311,20250326,300,82.28,24684.00,15
3857,"PO003857",58,166,20250904,20250920,150,7.96,1194.00,16
3858,"PO003858",31,752,20230322,20230405,150,36.27,5440.50,14
3859,"PO003859",37,876,20250903,20250921,1000,11.23,11230.00,18
3860,"PO003860",95,998,20250913,20250921,150,87.51,13126.50,8
3861,"PO003861",18,881,20230429,20230522,750,70.19,52642.50,23
3862,"PO003862",99,415,20230217,20230227,150,203.85,30577.50,10
3863,"PO003863",94,742,20240306,20240325,200,48.77,9754.00,19
3864,"PO003864",68,564,20230827,20230909,100,13.01,1301.00,13
3865,"PO003865",73,585,20230714,20230731,200,124.73,24946.00,17
3866,"PO003866",92,274,20240210,20240212,750,6.57,4927.50,2
3867,"PO003867",86,340,20250509,20250513,150,23.63,3544.50,4
3868,"PO003868",39,820,20250508,20250522,200,43.06,8612.00,14
3869,"PO003869",17,417,20250820,20250907,500,566.64,283320.00,18
3870,"PO003870",101,614,20250512,20250526,100,82.17,8217.00,14
3871,"PO003871",115,475,20240125,20240210,150,11.63,1744.50,16
3872,"PO003872",112,284,20250203,20250227,50,74.51,3725.50,24
3873,"PO003873",12,148,20251104,20251125,1000,57.08,57080.00,21
3874,"PO003874",77,16,20251026,20251105,300,61.75,18525.00,10
3875,"PO003875",37,472,20231023,20231107,50,21.63,1081.50,15
3876,"PO003876",109,794,20230913,20230924,200,74.33,14866.00,11
3877,"PO003877",109,545,20251220,20251231,50,98.98,4949.00,11
3878,"PO003878",4,987,20240126,20240224,50,421.69,21084.50,29
3879,"PO003879",79,138,20230820,20230922,150,250.78,37617.00,33
3880,"PO003880",99,534,20241218,20241229,300,54.69,16407.00,11
3881,"PO003881",65,835,20230111,20230202,200,77.29,15458.00,22
3882,"PO003882",72,283,20250628,20250703,100,6.86,686.00,5
3883,"PO003883",77,165,20230201,20230211,300,36.87,11061.00,10
3884,"PO003884",68,301,20231109,20231118,100,483.90,48390.00,9
3885,"PO003885",23,13,20250115,20250121,50,12.23,611.50,6
3886,"PO003886",44,142,20250622,20250719,750,25.64,19230.00,27
3887,"PO003887",14,764,20250326,20250404,750,19.38,14535.00,9
3888,"PO003888",116,406,20230611,20230621,1000,37.33,37330.00,10
3889,"PO003889",85,568,20230509,20230518,1000,692.49,692490.00,9
3890,"PO003890",32,401,20231213,20231221,750,74.18,55635.00,8
3891,"PO003891",36,144,20250602,20250619,50,62.99,3149.50,17
3892,"PO003892",37,335,20230808,20230824,100,410.55,41055.00,16
3893,"PO003893",29,93,20241205,20241217,150,367.62,55143.00,12
3894,"PO003894",58,324,20240713,20240801,300,154.15,46245.00,19
3895,"PO003895",2,145,20240319,20240413,750,85.14,63855.00,25
3896,"PO003896",106,960,20231115,20231204,300,32.96,9888.00,19
3897,"PO003897",45,78,20230715,20230728,50,755.85,37792.50,13
3898,"PO003898",108,14,20240818,20240902,150,32.75,4912.50,15
3899,"PO003899",106,278,20250918,20251007,50,16.47,823.50,19
3900,"PO003900",27,818,20240128,20240208,100,196.57,19657.00,11
3901,"PO003901",14,764,20230103,20230110,100,18.34,1834.00,7
3902,"PO003902",116,889,20250202,20250207,50,113.65,5682.50,5
3903,"PO003903",24,1000,20240921,20241003,200,36.00,7200.00,12
3904,"PO003904",58,756,20250528,20250616,300,177.15,53145.00,19
3905,"PO003905",67,693,20240624,20240702,500,306.55,153275.00,8
3906,"PO003906",48,730,20251203,20251216,500,303.34,151670.00,13
3907,"PO003907",115,475,20240730,20240811,1000,10.95,10950.00,12
3908,"PO003908",112,465,20230714,20230809,100,90.77,9077.00,26
3909,"PO003909",55,691,20240408,20240428,150,19.68,2952.00,20
3910,"PO003910",109,794,20250503,20250516,1000,72.83,72830.00,13
3911,"PO003911",64,96,20240807,20240811,1000,84.75,84750.00,4
3912,"PO003912",41,897,20241113,20241124,200,7.13,1426.00,11
3913,"PO003913",94,908,20230117,20230211,300,140.67,42201.00,25
3914,"PO003914",120,711,20251128,20251210,50,13.27,663.50,12
3915,"PO003915",54,360,20240909,20241011,500,292.85,146425.00,32
3916,"PO003916",117,468,20251124,20251210,500,113.50,56750.00,16
3917,"PO003917",25,352,20250226,20250318,150,148.46,22269.00,20
3918,"PO003918",93,211,20250602,20250619,750,148.28,111210.00,17
3919,"PO003919",79,901,20250428,20250531,1000,46.67,46670.00,33
3920,"PO003920",47,82,20240426,20240509,200,27.81,5562.00,13
3921,"PO003921",80,191,20250720,20250728,100,256.96,25696.00,8
3922,"PO003922",28,37,20250109,20250206,100,159.47,15947.00,28
3923,"PO003923",116,889,20240208,20240222,200,113.39,22678.00,14
3924,"PO003924",116,272,20241117,20241127,1000,90.76,90760.00,10
3925,"PO003925",103,388,20240505,20240509,300,82.63,24789.00,4
3926,"PO003926",99,289,20240302,20240313,1000,82.60,82600.00,11
3927,"PO003927",16,723,20250122,20250203,500,784.22,392110.00,12
3928,"PO003928",1,38,20240409,20240501,1000,30.77,30770.00,22
3929,"PO003929",63,203,20250902,20250922,500,336.75,168375.00,20
3930,"PO003930",66,729,20251004,20251008,500,73.34,36670.00,4
3931,"PO003931",103,618,20251217,20251222,100,38.33,3833.00,5
3932,"PO003932",90,716,20241016,20241028,750,345.55,259162.50,12
3933,"PO003933",85,568,20251107,20251123,50,697.24,34862.00,16
3934,"PO003934",110,214,20231116,20231202,500,34.81,17405.00,16
3935,"PO003935",57,856,20240331,20240417,100,93.27,9327.00,17
3936,"PO003936",34,499,20230204,20230227,1000,112.94,112940.00,23
3937,"PO003937",86,86,20250619,20250627,150,77.63,11644.50,8
3938,"PO003938",71,158,20240330,20240420,200,157.23,31446.00,21
3939,"PO003939",81,777,20230104,20230114,200,7.85,1570.00,10
3940,"PO003940",49,941,20240407,20240425,100,28.09,2809.00,18
3941,"PO003941",75,984,20250712,20250728,300,672.81,201843.00,16
3942,"PO003942",63,747,20250524,20250616,1000,89.56,89560.00,23
3943,"PO003943",65,953,20231203,20231218,1000,105.44,105440.00,15
3944,"PO003944",101,990,20231025,20231114,50,128.35,6417.50,20
3945,"PO003945",98,182,20250615,20250702,200,94.64,18928.00,17
3946,"PO003946",46,372,20250424,20250511,500,138.98,69490.00,17
3947,"PO003947",101,799,20231125,20231219,200,39.89,7978.00,24
3948,"PO003948",67,419,20230522,20230530,300,30.69,9207.00,8
3949,"PO003949",80,46,20250413,20250424,150,20.10,3015.00,11
3950,"PO003950",85,293,20230318,20230406,200,162.85,32570.00,19
3951,"PO003951",104,542,20230311,20230404,150,30.19,4528.50,24
3952,"PO003952",107,633,20241118,20241218,1000,20.51,20510.00,30
3953,"PO003953",57,666,20240823,20240908,50,167.25,8362.50,16
3954,"PO003954",11,830,20230306,20230409,300,313.85,94155.00,34
3955,"PO003955",109,706,20240426,20240507,150,24.49,3673.50,11
3956,"PO003956",35,736,20230613,20230705,1000,5.25,5250.00,22
3957,"PO003957",62,902,20230610,20230710,1000,20.02,20020.00,30
3958,"PO003958",66,434,20240305,20240306,50,31.55,1577.50,1
3959,"PO003959",70,63,20251019,20251112,300,80.42,24126.00,24
3960,"PO003960",81,668,20240717,20240726,50,14.66,733.00,9
3961,"PO003961",112,210,20241013,20241106,150,9.10,1365.00,24
3962,"PO003962",61,870,20250830,20250921,500,22.52,11260.00,22
3963,"PO003963",116,889,20230805,20230817,150,116.31,17446.50,12
3964,"PO003964",106,526,20250723,20250816,1000,111.03,111030.00,24
3965,"PO003965",112,336,20240418,20240513,300,145.39,43617.00,25
3966,"PO003966",67,629,20240416,20240424,200,105.85,21170.00,8
3967,"PO003967",14,608,20231223,20231230,500,59.42,29710.00,7
3968,"PO003968",107,866,20231108,20231209,50,73.37,3668.50,31
3969,"PO003969",58,630,20240622,20240710,200,77.21,15442.00,18
3970,"PO003970",39,368,20240522,20240609,100,266.14,26614.00,18
3971,"PO003971",120,550,20240504,20240510,500,91.98,45990.00,6
3972,"PO003972",75,622,20230409,20230506,200,243.01,48602.00,27
3973,"PO003973",75,441,20240414,20240430,750,25.79,19342.50,16
3974,"PO003974",101,990,20250730,20250820,500,120.97,60485.00,21
3975,"PO003975",2,919,20241210,20250104,1000,118.33,118330.00,25
3976,"PO003976",115,965,20250322,20250404,500,9.05,4525.00,13
3977,"PO003977",56,797,20250502,20250505,50,194.34,9717.00,3
3978,"PO003978",73,582,20240416,20240509,1000,359.64,359640.00,23
3979,"PO003979",110,579,20230830,20230913,50,97.76,4888.00,14
3980,"PO003980",28,580,20230725,20230822,500,33.30,16650.00,28
3981,"PO003981",63,563,20250626,20250718,750,40.47,30352.50,22
3982,"PO003982",61,267,20230801,20230827,300,24.31,7293.00,26
3983,"PO003983",47,554,20240404,20240418,500,6.72,3360.00,14
3984,"PO003984",27,427,20240107,20240114,200,327.81,65562.00,7
3985,"PO003985",1,170,20230501,20230517,200,193.72,38744.00,16
3986,"PO003986",99,534,20240121,20240204,150,52.88,7932.00,14
3987,"PO003987",15,310,20250719,20250729,500,249.43,124715.00,10
3988,"PO003988",67,402,20230910,20230919,200,196.13,39226.00,9
3989,"PO003989",77,530,20241125,20241206,750,155.68,116760.00,11
3990,"PO003990",68,467,20250309,20250322,50,92.64,4632.00,13
3991,"PO003991",27,529,20251203,20251215,50,64.12,3206.00,12
3992,"PO003992",31,572,20250106,20250119,1000,671.20,671200.00,13
3993,"PO003993",91,997,20230916,20231007,100,483.25,48325.00,21
3994,"PO003994",23,800,20240704,20240705,50,53.16,2658.00,1
3995,"PO003995",38,822,20250608,20250609,750,54.43,40822.50,1
3996,"PO003996",96,314,20240813,20240827,750,6.22,4665.00,14
3997,"PO003997",111,230,20251001,20251106,1000,32.32,32320.00,36
3998,"PO003998",42,497,20230819,20230918,50,2.91,145.50,30
3999,"PO003999",14,764,20250318,20250327,1000,18.32,18320.00,9
4000,"PO004000",79,699,20230617,20230715,200,540.87,108174.00,28
4001,"PO004001",7,42,20250423,20250517,1000,293.39,293390.00,24
4002,"PO004002",1,743,20250901,20250923,200,61.34,12268.00,22
4003,"PO004003",101,615,20240720,20240811,200,31.60,6320.00,22
4004,"PO004004",35,178,20250210,20250303,50,51.35,2567.50,21
4005,"PO004005",80,67,20230213,20230220,1000,35.96,35960.00,7
4006,"PO004006",104,667,20230116,20230207,200,493.07,98614.00,22
4007,"PO004007",21,186,20230411,20230509,500,127.67,63835.00,28
4008,"PO004008",45,292,20230618,20230628,100,126.23,12623.00,10
4009,"PO004009",17,801,20230821,20230904,150,51.71,7756.50,14
4010,"PO004010",106,139,20251112,20251201,50,87.08,4354.00,19
4011,"PO004011",106,806,20250820,20250912,200,29.06,5812.00,23
4012,"PO004012",29,905,20250707,20250722,300,10.74,3222.00,15
4013,"PO004013",4,117,20251224,20260122,100,9.90,990.00,29
4014,"PO004014",78,389,20241129,20241219,300,255.03,76509.00,20
4015,"PO004015",3,122,20250825,20250908,150,88.58,13287.00,14
4016,"PO004016",66,315,20240419,20240421,500,22.70,11350.00,2
4017,"PO004017",69,243,20241230,20250109,1000,39.68,39680.00,10
4018,"PO004018",19,220,20250902,20250924,300,131.45,39435.00,22
4019,"PO004019",60,502,20230403,20230501,50,231.52,11576.00,28
4020,"PO004020",114,246,20240705,20240722,200,109.43,21886.00,17
4021,"PO004021",36,393,20240107,20240124,750,195.72,146790.00,17
4022,"PO004022",118,673,20250616,20250727,150,105.75,15862.50,41
4023,"PO004023",77,600,20240804,20240815,300,510.61,153183.00,11
4024,"PO004024",39,665,20240430,20240523,300,37.77,11331.00,23
4025,"PO004025",59,188,20240710,20240727,1000,861.92,861920.00,17
4026,"PO004026",103,640,20240424,20240502,300,54.96,16488.00,8
4027,"PO004027",100,973,20231009,20231024,300,832.34,249702.00,15
4028,"PO004028",57,331,20230118,20230205,100,518.34,51834.00,18
4029,"PO004029",51,130,20230802,20230807,100,718.27,71827.00,5
4030,"PO004030",99,469,20230608,20230617,100,13.16,1316.00,9
4031,"PO004031",12,312,20230330,20230416,750,293.41,220057.50,17
4032,"PO004032",13,947,20250303,20250317,750,51.95,38962.50,14
4033,"PO004033",59,491,20231018,20231104,300,329.22,98766.00,17
4034,"PO004034",27,643,20241004,20241015,200,66.47,13294.00,11
4035,"PO004035",33,59,20230205,20230227,150,18.53,2779.50,22
4036,"PO004036",92,105,20240702,20240707,750,149.89,112417.50,5
4037,"PO004037",107,633,20241224,20250120,750,21.50,16125.00,27
4038,"PO004038",109,706,20240620,20240702,750,26.61,19957.50,12
4039,"PO004039",96,200,20250302,20250319,500,24.58,12290.00,17
4040,"PO004040",12,440,20250219,20250310,150,12.61,1891.50,19
4041,"PO004041",63,455,20251202,20251225,1000,188.81,188810.00,23
4042,"PO004042",1,38,20240312,20240406,200,28.21,5642.00,25
4043,"PO004043",15,174,20240507,20240519,1000,35.75,35750.00,12
4044,"PO004044",39,49,20240801,20240817,150,34.91,5236.50,16
4045,"PO004045",100,755,20240312,20240401,1000,98.38,98380.00,20
4046,"PO004046",20,280,20250116,20250118,50,126.47,6323.50,2
4047,"PO004047",43,926,20231230,20240111,1000,26.24,26240.00,12
4048,"PO004048",111,307,20250806,20250917,500,789.77,394885.00,42
4049,"PO004049",80,996,20231223,20231227,750,660.50,495375.00,4
4050,"PO004050",108,949,20250912,20250927,100,29.83,2983.00,15
4051,"PO004051",30,911,20250712,20250727,500,45.45,22725.00,15
4052,"PO004052",9,907,20240325,20240401,150,278.03,41704.50,7
4053,"PO004053",57,254,20240611,20240629,200,457.87,91574.00,18
4054,"PO004054",34,103,20240725,20240816,300,26.30,7890.00,22
4055,"PO004055",49,941,20250904,20250919,50,27.57,1378.50,15
4056,"PO004056",96,726,20230821,20230903,50,70.16,3508.00,13
4057,"PO004057",82,744,20230221,20230322,1000,578.85,578850.00,29
4058,"PO004058",97,831,20230204,20230225,200,4.32,864.00,21
4059,"PO004059",111,833,20250108,20250212,150,28.11,4216.50,35
4060,"PO004060",44,694,20250830,20250925,300,14.10,4230.00,26
4061,"PO004061",84,484,20231031,20231129,1000,10.64,10640.00,29
4062,"PO004062",107,140,20251229,20260125,50,19.47,973.50,27
4063,"PO004063",114,346,20230522,20230609,1000,62.99,62990.00,18
4064,"PO004064",43,898,20250405,20250417,750,195.36,146520.00,12
4065,"PO004065",9,808,20250528,20250604,50,116.07,5803.50,7
4066,"PO004066",1,38,20240621,20240715,50,29.27,1463.50,24
4067,"PO004067",84,501,20230918,20231013,300,42.50,12750.00,25
4068,"PO004068",71,925,20231208,20231228,200,43.57,8714.00,20
4069,"PO004069",91,671,20240528,20240620,150,8.17,1225.50,23
4070,"PO004070",95,69,20250914,20250923,500,39.73,19865.00,9
4071,"PO004071",38,156,20230518,20230520,1000,25.43,25430.00,2
4072,"PO004072",47,554,20240726,20240804,150,6.48,972.00,9
4073,"PO004073",101,725,20230728,20230817,50,5.05,252.50,20
4074,"PO004074",83,704,20250625,20250720,150,75.09,11263.50,25
4075,"PO004075",16,435,20250125,20250208,150,629.14,94371.00,14
4076,"PO004076",41,473,20250424,20250510,1000,179.57,179570.00,16
4077,"PO004077",58,756,20250406,20250418,750,180.78,135585.00,12
4078,"PO004078",101,725,20250123,20250217,300,5.14,1542.00,25
4079,"PO004079",50,832,20230420,20230506,200,43.69,8738.00,16
4080,"PO004080",14,632,20240429,20240507,750,190.25,142687.50,8
4081,"PO004081",28,700,20241023,20241119,300,162.06,48618.00,27
4082,"PO004082",8,43,20250406,20250413,300,108.80,32640.00,7
4083,"PO004083",21,812,20230507,20230530,150,457.87,68680.50,23
4084,"PO004084",8,43,20250728,20250729,300,101.16,30348.00,1
4085,"PO004085",40,235,20230711,20230722,300,74.81,22443.00,11
4086,"PO004086",38,822,20230731,20230801,750,53.86,40395.00,1
4087,"PO004087",116,358,20250721,20250729,100,823.23,82323.00,8
4088,"PO004088",104,786,20250117,20250205,200,182.80,36560.00,19
4089,"PO004089",61,147,20240106,20240131,500,58.21,29105.00,25
4090,"PO004090",63,747,20230711,20230803,1000,98.03,98030.00,23
4091,"PO004091",71,199,20230816,20230906,200,13.17,2634.00,21
4092,"PO004092",105,931,20250308,20250329,150,104.41,15661.50,21
4093,"PO004093",43,926,20250906,20250915,200,26.80,5360.00,9
4094,"PO004094",1,809,20250418,20250511,500,93.97,46985.00,23
4095,"PO004095",95,266,20231221,20240103,150,11.50,1725.00,13
4096,"PO004096",63,676,20251126,20251226,300,538.87,161661.00,30
4097,"PO004097",7,42,20251020,20251110,50,316.76,15838.00,21
4098,"PO004098",21,724,20251116,20251210,750,375.58,281685.00,24
4099,"PO004099",54,108,20240929,20241031,100,202.62,20262.00,32
4100,"PO004100",95,998,20250624,20250704,750,86.68,65010.00,10
4101,"PO004101",95,69,20250915,20250926,50,39.35,1967.50,11
4102,"PO004102",72,471,20240220,20240221,750,205.61,154207.50,1
4103,"PO004103",63,864,20250417,20250508,50,52.75,2637.50,21
4104,"PO004104",118,308,20230318,20230425,200,348.26,69652.00,38
4105,"PO004105",100,459,20240522,20240604,100,64.74,6474.00,13
4106,"PO004106",11,587,20240412,20240512,300,141.98,42594.00,30
4107,"PO004107",115,475,20240920,20240930,100,11.67,1167.00,10
4108,"PO004108",56,797,20240422,20240423,1000,182.99,182990.00,1
4109,"PO004109",104,696,20250104,20250126,1000,149.65,149650.00,22
4110,"PO004110",9,768,20240927,20241005,500,37.60,18800.00,8
4111,"PO004111",79,699,20250120,20250223,1000,501.84,501840.00,34
4112,"PO004112",118,803,20250531,20250707,100,359.82,35982.00,37
4113,"PO004113",90,85,20251112,20251127,750,94.59,70942.50,15
4114,"PO004114",69,51,20251107,20251122,100,14.04,1404.00,15
4115,"PO004115",58,365,20250305,20250326,200,85.72,17144.00,21
4116,"PO004116",90,716,20250527,20250612,200,321.83,64366.00,16
4117,"PO004117",15,11,20230104,20230116,100,322.98,32298.00,12
4118,"PO004118",9,566,20251011,20251019,50,91.71,4585.50,8
4119,"PO004119",85,187,20231024,20231109,50,16.59,829.50,16
4120,"PO004120",96,726,20230523,20230606,1000,69.31,69310.00,14
4121,"PO004121",37,876,20231122,20231211,750,11.20,8400.00,19
4122,"PO004122",74,511,20240328,20240410,1000,507.47,507470.00,13
4123,"PO004123",64,578,20231101,20231110,50,814.51,40725.50,9
4124,"PO004124",44,694,20251228,20260123,100,13.75,1375.00,26
4125,"PO004125",101,595,20240216,20240313,500,58.17,29085.00,26
4126,"PO004126",23,648,20241027,20241029,1000,8.37,8370.00,2
4127,"PO004127",106,278,20240512,20240608,1000,16.66,16660.00,27
4128,"PO004128",68,564,20240927,20241005,750,12.86,9645.00,8
4129,"PO004129",37,57,20231112,20231128,300,44.34,13302.00,16
4130,"PO004130",48,730,20250316,20250401,300,306.72,92016.00,16
4131,"PO004131",66,434,20231124,20231125,200,30.36,6072.00,1
4132,"PO004132",34,882,20240824,20240910,50,181.65,9082.50,17
4133,"PO004133",92,371,20241219,20241229,200,88.77,17754.00,10
4134,"PO004134",63,656,20251025,20251120,150,46.46,6969.00,26
4135,"PO004135",59,634,20230319,20230403,150,13.38,2007.00,15
4136,"PO004136",103,388,20250606,20250609,1000,83.18,83180.00,3
4137,"PO004137",15,288,20250821,20250901,500,72.58,36290.00,11
4138,"PO004138",20,540,20241022,20241104,1000,148.65,148650.00,13
4139,"PO004139",14,159,20251230,20260106,100,184.20,18420.00,7
4140,"PO004140",33,620,20230208,20230306,750,17.71,13282.50,26
4141,"PO004141",45,292,20230119,20230203,200,123.27,24654.00,15
4142,"PO004142",24,887,20231018,20231030,100,438.20,43820.00,12
4143,"PO004143",105,852,20230902,20230919,50,37.31,1865.50,17
4144,"PO004144",12,36,20240203,20240220,150,109.73,16459.50,17
4145,"PO004145",78,817,20250328,20250412,500,227.04,113520.00,15
4146,"PO004146",116,316,20250509,20250522,1000,241.14,241140.00,13
4147,"PO004147",48,506,20240502,20240513,750,66.35,49762.50,11
4148,"PO004148",42,739,20251120,20251222,500,24.94,12470.00,32
4149,"PO004149",12,513,20251112,20251127,750,811.66,608745.00,15
4150,"PO004150",90,479,20250614,20250623,500,379.44,189720.00,9
4151,"PO004151",105,931,20231018,20231107,200,101.23,20246.00,20
4152,"PO004152",74,206,20241006,20241011,100,37.07,3707.00,5
4153,"PO004153",16,177,20240408,20240420,200,535.01,107002.00,12
4154,"PO004154",21,724,20250128,20250222,750,380.02,285015.00,25
4155,"PO004155",42,497,20240620,20240721,300,3.08,924.00,31
4156,"PO004156",14,644,20240309,20240317,300,266.31,79893.00,8
4157,"PO004157",63,162,20230416,20230509,1000,426.52,426520.00,23
4158,"PO004158",115,624,20251012,20251026,100,536.51,53651.00,14
4159,"PO004159",27,583,20250506,20250521,100,266.46,26646.00,15
4160,"PO004160",66,342,20251201,20251209,500,227.30,113650.00,8
4161,"PO004161",85,91,20230716,20230730,200,139.57,27914.00,14
4162,"PO004162",40,149,20241208,20241222,300,36.30,10890.00,14
4163,"PO004163",84,916,20230629,20230724,50,32.58,1629.00,25
4164,"PO004164",44,378,20241002,20241105,100,106.59,10659.00,34
4165,"PO004165",89,226,20250209,20250227,50,6.73,336.50,18
4166,"PO004166",50,652,20230920,20231008,50,50.05,2502.50,18
4167,"PO004167",40,746,20250314,20250402,200,83.71,16742.00,19
4168,"PO004168",73,490,20231113,20231202,200,2.37,474.00,19
4169,"PO004169",74,228,20240807,20240816,200,40.13,8026.00,9
4170,"PO004170",106,139,20240914,20241007,1000,86.95,86950.00,23
4171,"PO004171",51,516,20240513,20240518,500,27.46,13730.00,5
4172,"PO004172",101,799,20251008,20251029,50,38.75,1937.50,21
4173,"PO004173",89,464,20241220,20250107,750,135.48,101610.00,18
4174,"PO004174",31,650,20231230,20240113,300,26.07,7821.00,14
4175,"PO004175",58,773,20240105,20240120,150,35.14,5271.00,15
4176,"PO004176",61,364,20251213,20260105,100,89.98,8998.00,23
4177,"PO004177",58,977,20250501,20250518,150,137.42,20613.00,17
4178,"PO004178",97,124,20251118,20251207,150,136.62,20493.00,19
4179,"PO004179",24,887,20240304,20240316,150,428.02,64203.00,12
4180,"PO004180",98,857,20250907,20250925,100,38.31,3831.00,18
4181,"PO004181",12,36,20230625,20230716,750,109.48,82110.00,21
4182,"PO004182",50,733,20230403,20230422,200,115.88,23176.00,19
4183,"PO004183",2,195,20240426,20240516,50,71.53,3576.50,20
4184,"PO004184",47,554,20240720,20240805,300,6.81,2043.00,16
4185,"PO004185",80,874,20241112,20241120,500,71.62,35810.00,8
4186,"PO004186",27,818,20231119,20231130,150,190.10,28515.00,11
4187,"PO004187",96,200,20240525,20240607,100,24.50,2450.00,13
4188,"PO004188",35,114,20250510,20250531,50,33.35,1667.50,21
4189,"PO004189",44,814,20251219,20260113,100,44.45,4445.00,25
4190,"PO004190",87,619,20241205,20241222,500,746.79,373395.00,17
4191,"PO004191",73,585,20250618,20250709,300,115.50,34650.00,21
4192,"PO004192",17,801,20230101,20230119,150,49.57,7435.50,18
4193,"PO004193",92,962,20250828,20250905,500,110.78,55390.00,8
4194,"PO004194",14,608,20231104,20231116,50,59.06,2953.00,12
4195,"PO004195",71,964,20231206,20231229,750,81.15,60862.50,23
4196,"PO004196",61,892,20251130,20251224,500,28.69,14345.00,24
4197,"PO004197",94,742,20231101,20231127,150,45.99,6898.50,26
4198,"PO004198",86,86,20230308,20230312,1000,75.21,75210.00,4
4199,"PO004199",115,965,20250209,20250222,750,8.93,6697.50,13
4200,"PO004200",53,253,20240224,20240306,1000,91.15,91150.00,11
4201,"PO004201",84,938,20230112,20230206,150,268.63,40294.50,25
4202,"PO004202",9,636,20250215,20250219,50,104.81,5240.50,4
4203,"PO004203",46,924,20250617,20250705,200,143.99,28798.00,18
4204,"PO004204",61,870,20240614,20240708,750,21.47,16102.50,24
4205,"PO004205",67,47,20240212,20240220,150,44.35,6652.50,8
4206,"PO004206",115,781,20250827,20250907,500,127.52,63760.00,11
4207,"PO004207",75,517,20240323,20240415,50,747.58,37379.00,23
4208,"PO004208",93,12,20250620,20250708,500,9.80,4900.00,18
4209,"PO004209",109,939,20230404,20230415,750,710.18,532635.00,11
4210,"PO004210",39,834,20231018,20231110,50,33.89,1694.50,23
4211,"PO004211",23,13,20240716,20240717,200,11.73,2346.00,1
4212,"PO004212",28,37,20240914,20241008,1000,162.95,162950.00,24
4213,"PO004213",80,83,20250630,20250708,50,427.64,21382.00,8
4214,"PO004214",99,19,20231117,20231125,1000,248.52,248520.00,8
4215,"PO004215",22,810,20241125,20241212,500,59.59,29795.00,17
4216,"PO004216",88,701,20240430,20240520,100,67.69,6769.00,20
4217,"PO004217",99,534,20251108,20251120,50,53.53,2676.50,12
4218,"PO004218",14,268,20250323,20250330,50,159.69,7984.50,7
4219,"PO004219",41,473,20251003,20251022,1000,167.91,167910.00,19
4220,"PO004220",11,689,20230523,20230621,300,709.95,212985.00,29
4221,"PO004221",19,3,20241103,20241117,1000,79.01,79010.00,14
4222,"PO004222",78,923,20230319,20230408,50,118.19,5909.50,20
4223,"PO004223",102,363,20250509,20250605,1000,88.65,88650.00,27
4224,"PO004224",3,793,20230130,20230213,100,137.42,13742.00,14
4225,"PO004225",21,169,20231122,20231211,150,63.25,9487.50,19
4226,"PO004226",46,757,20250511,20250529,1000,91.13,91130.00,18
4227,"PO004227",120,205,20230501,20230513,150,133.30,19995.00,12
4228,"PO004228",116,358,20230810,20230821,750,857.66,643245.00,11
4229,"PO004229",1,170,20250111,20250203,200,197.77,39554.00,23
4230,"PO004230",22,605,20240805,20240821,200,40.14,8028.00,16
4231,"PO004231",78,707,20240126,20240211,500,12.39,6195.00,16
4232,"PO004232",10,751,20240209,20240218,500,199.38,99690.00,9
4233,"PO004233",106,278,20231209,20231231,200,15.95,3190.00,22
4234,"PO004234",8,43,20250524,20250525,50,102.44,5122.00,1
4235,"PO004235",55,682,20231105,20231127,50,764.64,38232.00,22
4236,"PO004236",21,169,20230614,20230704,100,63.58,6358.00,20
4237,"PO004237",84,123,20240817,20240908,50,108.52,5426.00,22
4238,"PO004238",94,855,20240807,20240829,200,12.58,2516.00,22
4239,"PO004239",97,121,20241209,20241228,100,460.12,46012.00,19
4240,"PO004240",12,36,20230119,20230209,1000,110.34,110340.00,21
4241,"PO004241",80,996,20250310,20250318,300,636.56,190968.00,8
4242,"PO004242",58,365,20230317,20230331,100,86.10,8610.00,14
4243,"PO004243",29,890,20230128,20230212,500,86.59,43295.00,15
4244,"PO004244",2,628,20250804,20250826,1000,33.48,33480.00,22
4245,"PO004245",67,603,20230421,20230429,500,8.90,4450.00,8
4246,"PO004246",15,288,20231120,20231202,150,69.25,10387.50,12
4247,"PO004247",25,33,20230327,20230412,50,37.33,1866.50,16
4248,"PO004248",94,912,20241217,20250104,500,229.19,114595.00,18
4249,"PO004249",29,890,20230826,20230904,50,80.46,4023.00,9
4250,"PO004250",93,211,20231122,20231207,750,150.52,112890.00,15
4251,"PO004251",72,961,20251008,20251011,150,702.03,105304.50,3
4252,"PO004252",105,533,20250228,20250322,200,67.98,13596.00,22
4253,"PO004253",31,48,20250408,20250419,1000,13.92,13920.00,11
4254,"PO004254",14,644,20230207,20230212,750,268.05,201037.50,5
4255,"PO004255",59,295,20240830,20240917,1000,5.66,5660.00,18
4256,"PO004256",99,189,20250725,20250805,300,86.59,25977.00,11
4257,"PO004257",27,643,20250826,20250830,150,66.52,9978.00,4
4258,"PO004258",19,788,20230804,20230823,100,15.85,1585.00,19
4259,"PO004259",89,348,20241115,20241209,200,195.30,39060.00,24
4260,"PO004260",38,558,20251010,20251011,1000,780.41,780410.00,1
4261,"PO004261",9,636,20231004,20231006,200,97.65,19530.00,2
4262,"PO004262",23,648,20230317,20230320,750,8.03,6022.50,3
4263,"PO004263",28,580,20230805,20230831,750,35.14,26355.00,26
4264,"PO004264",101,684,20240408,20240503,300,12.91,3873.00,25
4265,"PO004265",104,282,20230731,20230820,50,545.94,27297.00,20
4266,"PO004266",109,706,20250428,20250511,200,26.39,5278.00,13
4267,"PO004267",1,97,20250107,20250129,150,50.60,7590.00,22
4268,"PO004268",73,559,20230531,20230622,1000,8.87,8870.00,22
4269,"PO004269",49,941,20231012,20231103,1000,28.35,28350.00,22
4270,"PO004270",87,396,20240109,20240125,1000,3.36,3360.00,16
4271,"PO004271",110,758,20250504,20250526,750,202.97,152227.50,22
4272,"PO004272",109,287,20250702,20250713,500,13.22,6610.00,11
4273,"PO004273",120,205,20250916,20251001,50,136.27,6813.50,15
4274,"PO004274",96,992,20241007,20241016,150,173.86,26079.00,9
4275,"PO004275",77,44,20241216,20241228,750,695.88,521910.00,12
4276,"PO004276",66,662,20250109,20250111,150,85.02,12753.00,2
4277,"PO004277",20,280,20240923,20240925,750,130.67,98002.50,2
4278,"PO004278",70,251,20250908,20251006,150,92.91,13936.50,28
4279,"PO004279",41,416,20230415,20230425,100,732.38,73238.00,10
4280,"PO004280",109,794,20240513,20240524,300,72.41,21723.00,11
4281,"PO004281",48,23,20230918,20231002,100,8.00,800.00,14
4282,"PO004282",97,508,20240106,20240122,750,917.12,687840.00,16
4283,"PO004283",91,671,20240223,20240318,100,7.90,790.00,24
4284,"PO004284",3,463,20250511,20250526,50,26.48,1324.00,15
4285,"PO004285",68,564,20230414,20230426,500,13.11,6555.00,12
4286,"PO004286",79,470,20231206,20240102,200,372.54,74508.00,27
4287,"PO004287",21,453,20250127,20250220,500,174.55,87275.00,24
4288,"PO004288",28,692,20240623,20240722,1000,322.58,322580.00,29
4289,"PO004289",82,504,20230128,20230227,500,508.69,254345.00,30
4290,"PO004290",107,131,20230316,20230411,200,128.58,25716.00,26
4291,"PO004291",53,31,20250616,20250630,100,12.78,1278.00,14
4292,"PO004292",19,836,20250516,20250529,50,8.13,406.50,13
4293,"PO004293",6,969,20240214,20240225,300,34.73,10419.00,11
4294,"PO004294",22,605,20241227,20250112,750,40.52,30390.00,16
4295,"PO004295",120,420,20230523,20230604,750,133.13,99847.50,12
4296,"PO004296",94,520,20250306,20250325,750,89.78,67335.00,19
4297,"PO004297",99,593,20230812,20230820,750,76.80,57600.00,8
4298,"PO004298",73,445,20240611,20240701,750,68.56,51420.00,20
4299,"PO004299",71,815,20230708,20230729,500,20.22,10110.00,21
4300,"PO004300",28,21,20250910,20251004,500,64.99,32495.00,24
4301,"PO004301",30,591,20240622,20240715,300,39.63,11889.00,23
4302,"PO004302",39,132,20230217,20230307,1000,61.08,61080.00,18
4303,"PO004303",89,348,20230711,20230729,300,206.23,61869.00,18
4304,"PO004304",115,965,20240218,20240301,200,8.73,1746.00,12
4305,"PO004305",56,137,20230228,20230302,200,20.98,4196.00,2
4306,"PO004306",35,604,20240124,20240215,50,275.60,13780.00,22
4307,"PO004307",55,838,20240220,20240315,300,145.37,43611.00,24
4308,"PO004308",84,248,20230121,20230215,1000,45.25,45250.00,25
4309,"PO004309",1,483,20250714,20250805,300,145.69,43707.00,22
4310,"PO004310",34,103,20230529,20230614,50,27.56,1378.00,16
4311,"PO004311",40,746,20250828,20250908,750,86.14,64605.00,11
4312,"PO004312",25,879,20241014,20241105,200,8.68,1736.00,22
4313,"PO004313",71,964,20240214,20240303,1000,82.13,82130.00,18
4314,"PO004314",61,147,20240203,20240228,150,58.18,8727.00,25
4315,"PO004315",74,206,20250626,20250630,200,36.53,7306.00,4
4316,"PO004316",25,904,20240517,20240608,500,18.67,9335.00,22
4317,"PO004317",118,673,20230711,20230817,200,105.12,21024.00,37
4318,"PO004318",5,216,20241020,20241106,150,18.53,2779.50,17
4319,"PO004319",64,222,20230518,20230527,1000,518.35,518350.00,9
4320,"PO004320",70,623,20230209,20230304,50,31.36,1568.00,23
4321,"PO004321",35,604,20240424,20240515,1000,268.31,268310.00,21
4322,"PO004322",101,539,20230214,20230307,50,642.72,32136.00,21
4323,"PO004323",101,725,20240627,20240719,500,5.04,2520.00,22
4324,"PO004324",90,479,20251216,20251231,200,381.31,76262.00,15
4325,"PO004325",85,293,20251129,20251211,750,167.95,125962.50,12
4326,"PO004326",94,908,20250825,20250916,1000,144.82,144820.00,22
4327,"PO004327",101,725,20230530,20230625,50,5.51,275.50,26
4328,"PO004328",19,337,20251121,20251213,500,20.20,10100.00,22
4329,"PO004329",115,106,20240823,20240831,100,89.78,8978.00,8
4330,"PO004330",61,94,20240819,20240913,500,145.25,72625.00,25
4331,"PO004331",46,761,20250502,20250520,150,234.88,35232.00,18
4332,"PO004332",58,320,20241203,20241224,150,271.36,40704.00,21
4333,"PO004333",90,110,20230410,20230423,150,76.20,11430.00,13
4334,"PO004334",28,873,20251026,20251125,200,33.10,6620.00,30
4335,"PO004335",17,273,20250811,20250828,1000,36.31,36310.00,17
4336,"PO004336",39,132,20240223,20240315,500,62.54,31270.00,21
4337,"PO004337",86,394,20231214,20231221,300,10.05,3015.00,7
4338,"PO004338",56,277,20250105,20250107,50,430.40,21520.00,2
4339,"PO004339",93,884,20230228,20230317,200,10.63,2126.00,17
4340,"PO004340",26,237,20230218,20230307,50,41.42,2071.00,17
4341,"PO004341",23,648,20240831,20240907,200,7.80,1560.00,7
4342,"PO004342",47,554,20251203,20251212,100,6.96,696.00,9
4343,"PO004343",107,675,20240616,20240710,500,59.82,29910.00,24
4344,"PO004344",59,930,20240227,20240314,100,26.89,2689.00,16
4345,"PO004345",7,258,20240216,20240307,100,444.89,44489.00,20
4346,"PO004346",11,118,20240820,20240928,150,78.12,11718.00,39
4347,"PO004347",101,488,20230220,20230313,200,13.63,2726.00,21
4348,"PO004348",29,871,20250428,20250505,500,48.25,24125.00,7
4349,"PO004349",39,796,20230409,20230430,300,52.69,15807.00,21
4350,"PO004350",17,273,20230112,20230129,50,34.78,1739.00,17
4351,"PO004351",76,649,20240120,20240215,750,36.26,27195.00,26
4352,"PO004352",115,965,20230219,20230306,50,8.79,439.50,15
4353,"PO004353",50,847,20230914,20231003,200,35.16,7032.00,19
4354,"PO004354",63,455,20240708,20240731,500,189.69,94845.00,23
4355,"PO004355",84,501,20250612,20250704,300,40.10,12030.00,22
4356,"PO004356",45,292,20250819,20250901,100,123.51,12351.00,13
4357,"PO004357",73,490,20250811,20250901,200,2.27,454.00,21
4358,"PO004358",120,420,20230716,20230730,1000,129.61,129610.00,14
4359,"PO004359",112,336,20241218,20250110,750,136.22,102165.00,23
4360,"PO004360",43,204,20231126,20231209,50,254.95,12747.50,13
4361,"PO004361",20,163,20250907,20250913,750,16.78,12585.00,6
4362,"PO004362",65,975,20251124,20251214,1000,33.51,33510.00,20
4363,"PO004363",87,985,20240224,20240311,1000,26.58,26580.00,16
4364,"PO004364",4,290,20250212,20250319,300,12.32,3696.00,35
4365,"PO004365",64,222,20240210,20240221,750,522.47,391852.50,11
4366,"PO004366",91,816,20230609,20230708,300,13.98,4194.00,29
4367,"PO004367",56,137,20251113,20251115,500,19.66,9830.00,2
4368,"PO004368",87,985,20240524,20240612,500,26.70,13350.00,19
4369,"PO004369",87,525,20230907,20230924,50,263.26,13163.00,17
4370,"PO004370",106,526,20230909,20230929,300,104.96,31488.00,20
4371,"PO004371",51,130,20240802,20240811,100,735.33,73533.00,9
4372,"PO004372",29,344,20250110,20250120,50,36.95,1847.50,10
4373,"PO004373",109,407,20251014,20251027,750,249.00,186750.00,13
4374,"PO004374",26,776,20230321,20230415,100,119.23,11923.00,25
4375,"PO004375",42,321,20231022,20231123,500,24.05,12025.00,32
4376,"PO004376",2,628,20240812,20240908,100,32.71,3271.00,27
4377,"PO004377",78,194,20240426,20240517,200,93.74,18748.00,21
4378,"PO004378",113,193,20250110,20250127,100,34.33,3433.00,17
4379,"PO004379",98,857,20230311,20230330,300,35.72,10716.00,19
4380,"PO004380",89,387,20250427,20250509,1000,68.24,68240.00,12
4381,"PO004381",112,465,20250322,20250419,750,89.15,66862.50,28
4382,"PO004382",99,593,20250725,20250806,100,74.06,7406.00,12
4383,"PO004383",106,960,20230309,20230328,1000,32.60,32600.00,19
4384,"PO004384",31,541,20241111,20241124,150,22.87,3430.50,13
4385,"PO004385",110,579,20231222,20240105,750,101.70,76275.00,14
4386,"PO004386",30,217,20240301,20240319,500,579.73,289865.00,18
4387,"PO004387",22,837,20230630,20230715,150,18.87,2830.50,15
4388,"PO004388",39,665,20240629,20240717,50,38.74,1937.00,18
4389,"PO004389",113,17,20231015,20231027,1000,58.95,58950.00,12
4390,"PO004390",33,9,20240630,20240726,150,48.28,7242.00,26
4391,"PO004391",70,518,20230303,20230324,150,583.55,87532.50,21
4392,"PO004392",7,915,20250509,20250526,1000,31.96,31960.00,17
4393,"PO004393",61,870,20230902,20230927,50,21.25,1062.50,25
4394,"PO004394",53,185,20250512,20250526,500,39.07,19535.00,14
4395,"PO004395",12,236,20231029,20231116,750,582.46,436845.00,18
4396,"PO004396",111,70,20240419,20240525,1000,367.97,367970.00,36
4397,"PO004397",67,47,20231207,20231213,1000,47.39,47390.00,6
4398,"PO004398",110,758,20230901,20230914,100,196.49,19649.00,13
4399,"PO004399",79,470,20230302,20230404,300,378.94,113682.00,33
4400,"PO004400",66,662,20230120,20230121,50,82.72,4136.00,1
4401,"PO004401",67,47,20240311,20240321,300,45.50,13650.00,10
4402,"PO004402",116,316,20241109,20241120,50,221.70,11085.00,11
4403,"PO004403",33,233,20231112,20231210,100,208.24,20824.00,28
4404,"PO004404",51,552,20250805,20250810,750,115.67,86752.50,5
4405,"PO004405",14,271,20230713,20230716,500,81.22,40610.00,3
4406,"PO004406",25,860,20240618,20240709,300,11.45,3435.00,21
4407,"PO004407",62,111,20230221,20230325,300,32.42,9726.00,32
4408,"PO004408",19,337,20250823,20250911,200,21.16,4232.00,19
4409,"PO004409",103,113,20250722,20250723,500,97.54,48770.00,1
4410,"PO004410",14,245,20250521,20250525,300,82.85,24855.00,4
4411,"PO004411",66,79,20241110,20241113,300,272.68,81804.00,3
4412,"PO004412",32,437,20240813,20240818,1000,26.38,26380.00,5
4413,"PO004413",97,627,20230531,20230619,150,646.09,96913.50,19
4414,"PO004414",35,192,20251021,20251108,50,50.17,2508.50,18
4415,"PO004415",58,509,20250725,20250810,50,8.36,418.00,16
4416,"PO004416",32,164,20250302,20250308,200,506.57,101314.00,6
4417,"PO004417",46,757,20230119,20230203,150,91.26,13689.00,15
4418,"PO004418",25,33,20241218,20250109,100,38.22,3822.00,22
4419,"PO004419",59,491,20250118,20250205,100,314.29,31429.00,18
4420,"PO004420",112,522,20250612,20250704,500,39.77,19885.00,22
4421,"PO004421",40,235,20250917,20251008,100,71.74,7174.00,21
4422,"PO004422",113,535,20250530,20250611,150,333.94,50091.00,12
4423,"PO004423",30,911,20230915,20231005,150,48.65,7297.50,20
4424,"PO004424",2,919,20231123,20231208,300,114.49,34347.00,15
4425,"PO004425",16,723,20250712,20250724,50,754.39,37719.50,12
4426,"PO004426",22,770,20231215,20231229,50,229.60,11480.00,14
4427,"PO004427",61,892,20241231,20250126,1000,26.69,26690.00,26
4428,"PO004428",33,383,20230427,20230524,200,39.54,7908.00,27
4429,"PO004429",74,228,20241031,20241107,500,40.65,20325.00,7
4430,"PO004430",91,671,20250415,20250510,750,8.49,6367.50,25
4431,"PO004431",50,832,20240912,20240930,500,45.96,22980.00,18
4432,"PO004432",101,173,20250407,20250428,1000,348.94,348940.00,21
4433,"PO004433",13,30,20240809,20240826,200,203.04,40608.00,17
4434,"PO004434",66,434,20250513,20250517,500,31.50,15750.00,4
4435,"PO004435",42,219,20241204,20250102,300,161.06,48318.00,29
4436,"PO004436",80,893,20240926,20240928,500,12.38,6190.00,2
4437,"PO004437",29,93,20230325,20230406,300,392.78,117834.00,12
4438,"PO004438",101,799,20251210,20260103,100,37.57,3757.00,24
4439,"PO004439",41,438,20251213,20260101,200,117.60,23520.00,19
4440,"PO004440",77,179,20250427,20250508,150,32.16,4824.00,11
4441,"PO004441",43,493,20230823,20230902,100,250.64,25064.00,10
4442,"PO004442",77,179,20250810,20250821,200,32.33,6466.00,11
4443,"PO004443",37,335,20230316,20230404,50,402.33,20116.50,19
4444,"PO004444",62,429,20240403,20240507,50,97.89,4894.50,34
4445,"PO004445",16,385,20230622,20230702,150,9.69,1453.50,10
4446,"PO004446",67,466,20250805,20250815,1000,348.66,348660.00,10
4447,"PO004447",70,63,20230917,20231013,1000,79.65,79650.00,26
4448,"PO004448",72,306,20240507,20240511,150,109.83,16474.50,4
4449,"PO004449",5,462,20250620,20250704,50,60.30,3015.00,14
4450,"PO004450",54,95,20250319,20250418,200,882.76,176552.00,30
4451,"PO004451",74,228,20240810,20240813,200,39.39,7878.00,3
4452,"PO004452",92,962,20230424,20230504,1000,108.92,108920.00,10
4453,"PO004453",81,215,20230716,20230725,50,17.66,883.00,9
4454,"PO004454",34,882,20230729,20230819,150,175.17,26275.50,21
4455,"PO004455",76,616,20250429,20250520,150,66.96,10044.00,21
4456,"PO004456",8,32,20250517,20250518,100,4.54,454.00,1
4457,"PO004457",120,205,20230817,20230829,750,136.03,102022.50,12
4458,"PO004458",23,648,20251005,20251009,200,7.71,1542.00,4
4459,"PO004459",119,477,20250627,20250628,200,12.70,2540.00,1
4460,"PO004460",6,581,20250208,20250216,100,23.35,2335.00,8
4461,"PO004461",43,926,20240917,20240927,200,25.90,5180.00,10
4462,"PO004462",120,804,20231222,20231227,750,133.51,100132.50,5
4463,"PO004463",20,280,20231114,20231120,100,128.99,12899.00,6
4464,"PO004464",20,844,20231001,20231007,200,900.06,180012.00,6
4465,"PO004465",54,487,20230815,20230920,150,224.56,33684.00,36
4466,"PO004466",111,70,20240217,20240403,300,336.86,101058.00,46
4467,"PO004467",4,590,20230115,20230219,150,15.40,2310.00,35
4468,"PO004468",38,999,20240724,20240728,500,27.70,13850.00,4
4469,"PO004469",14,906,20240710,20240720,150,31.13,4669.50,10
4470,"PO004470",76,616,20230619,20230711,200,64.78,12956.00,22
4471,"PO004471",92,494,20240529,20240607,50,78.87,3943.50,9
4472,"PO004472",67,512,20240724,20240729,300,61.01,18303.00,5
4473,"PO004473",110,214,20250811,20250824,750,35.61,26707.50,13
4474,"PO004474",72,538,20241126,20241130,100,25.97,2597.00,4
4475,"PO004475",118,183,20230413,20230513,500,129.84,64920.00,30
4476,"PO004476",12,36,20240629,20240723,500,106.83,53415.00,24
4477,"PO004477",29,905,20250106,20250117,100,11.44,1144.00,11
4478,"PO004478",5,848,20250925,20251007,1000,82.95,82950.00,12
4479,"PO004479",61,328,20231011,20231108,100,31.92,3192.00,28
4480,"PO004480",91,944,20230508,20230602,1000,74.57,74570.00,25
4481,"PO004481",50,733,20241109,20241124,200,121.30,24260.00,15
4482,"PO004482",16,304,20251203,20251217,50,279.79,13989.50,14
4483,"PO004483",55,691,20251125,20251215,50,19.91,995.50,20
4484,"PO004484",43,898,20231107,20231114,300,195.33,58599.00,7
4485,"PO004485",4,290,20250609,20250708,750,13.18,9885.00,29
4486,"PO004486",89,387,20251021,20251106,150,63.18,9477.00,16
4487,"PO004487",76,642,20240627,20240717,750,58.94,44205.00,20
4488,"PO004488",14,599,20250803,20250814,750,70.51,52882.50,11
4489,"PO004489",13,30,20250708,20250718,50,189.40,9470.00,10
4490,"PO004490",93,888,20230617,20230704,50,426.97,21348.50,17
4491,"PO004491",87,737,20231115,20231203,750,57.35,43012.50,18
4492,"PO004492",9,369,20251008,20251012,100,204.25,20425.00,4
4493,"PO004493",29,72,20250830,20250907,300,342.99,102897.00,8
4494,"PO004494",76,843,20230102,20230123,50,31.14,1557.00,21
4495,"PO004495",56,571,20230606,20230607,750,159.41,119557.50,1
4496,"PO004496",99,303,20240226,20240306,300,459.97,137991.00,9
4497,"PO004497",46,991,20241005,20241026,500,156.16,78080.00,21
4498,"PO004498",10,751,20241014,20241023,200,200.63,40126.00,9
4499,"PO004499",99,415,20241102,20241113,100,206.65,20665.00,11
4500,"PO004500",56,418,20230625,20230626,500,27.72,13860.00,1
4501,"PO004501",104,667,20250418,20250512,150,470.51,70576.50,24
4502,"PO004502",100,459,20250313,20250331,500,59.79,29895.00,18
4503,"PO004503",7,436,20240901,20240923,50,291.49,14574.50,22
4504,"PO004504",50,652,20240512,20240527,100,48.81,4881.00,15
4505,"PO004505",46,757,20240229,20240318,500,90.25,45125.00,18
4506,"PO004506",18,881,20241025,20241115,300,69.16,20748.00,21
4507,"PO004507",81,215,20240526,20240605,100,17.96,1796.00,10
4508,"PO004508",100,397,20251223,20260114,750,732.82,549615.00,22
4509,"PO004509",104,880,20241002,20241020,50,53.44,2672.00,18
4510,"PO004510",7,436,20230114,20230207,100,298.09,29809.00,24
4511,"PO004511",56,797,20231107,20231109,100,192.86,19286.00,2
4512,"PO004512",108,655,20240321,20240404,150,86.43,12964.50,14
4513,"PO004513",67,466,20250624,20250705,300,357.70,107310.00,11
4514,"PO004514",65,450,20230418,20230509,50,71.83,3591.50,21
4515,"PO004515",91,983,20250321,20250413,500,109.43,54715.00,23
4516,"PO004516",37,715,20230623,20230707,750,14.79,11092.50,14
4517,"PO004517",76,313,20240811,20240828,1000,179.60,179600.00,17
4518,"PO004518",116,358,20240113,20240122,150,889.11,133366.50,9
4519,"PO004519",9,369,20251127,20251205,500,205.01,102505.00,8
4520,"PO004520",53,896,20241102,20241117,100,238.42,23842.00,15
4521,"PO004521",41,438,20251102,20251115,300,115.34,34602.00,13
4522,"PO004522",17,209,20250818,20250902,750,6.73,5047.50,15
4523,"PO004523",90,720,20250601,20250617,200,300.42,60084.00,16
4524,"PO004524",83,868,20241026,20241121,100,34.58,3458.00,26
4525,"PO004525",80,125,20250503,20250506,1000,31.78,31780.00,3
4526,"PO004526",99,19,20230323,20230402,1000,251.60,251600.00,10
4527,"PO004527",54,658,20250221,20250326,100,59.55,5955.00,33
4528,"PO004528",75,517,20250409,20250429,300,766.12,229836.00,20
4529,"PO004529",120,420,20250524,20250605,150,127.72,19158.00,12
4530,"PO004530",41,207,20230718,20230803,300,14.44,4332.00,16
4531,"PO004531",22,20,20230315,20230401,500,101.73,50865.00,17
4532,"PO004532",107,866,20230420,20230516,300,77.02,23106.00,26
4533,"PO004533",39,834,20250726,20250809,500,33.37,16685.00,14
4534,"PO004534",91,671,20240218,20240312,50,8.46,423.00,23
4535,"PO004535",83,826,20230606,20230629,750,5.45,4087.50,23
4536,"PO004536",112,465,20231211,20231230,300,89.68,26904.00,19
4537,"PO004537",39,665,20251012,20251101,300,39.84,11952.00,20
4538,"PO004538",66,662,20250125,20250131,150,80.44,12066.00,6
4539,"PO004539",28,90,20230311,20230407,50,272.15,13607.50,27
4540,"PO004540",2,145,20250803,20250826,100,84.27,8427.00,23
4541,"PO004541",58,977,20230903,20230925,200,138.65,27730.00,22
4542,"PO004542",105,533,20230804,20230820,200,70.06,14012.00,16
4543,"PO004543",22,20,20250610,20250701,1000,96.35,96350.00,21
4544,"PO004544",99,127,20240224,20240310,1000,6.32,6320.00,15
4545,"PO004545",39,49,20250710,20250727,200,35.23,7046.00,17
4546,"PO004546",58,166,20230414,20230501,50,7.64,382.00,17
4547,"PO004547",5,660,20250817,20250830,1000,92.27,92270.00,13
4548,"PO004548",47,554,20241212,20241224,1000,6.64,6640.00,12
4549,"PO004549",71,865,20250920,20251012,100,71.22,7122.00,22
4550,"PO004550",71,815,20230627,20230719,100,21.42,2142.00,22
4551,"PO004551",117,341,20250203,20250219,150,743.97,111595.50,16
4552,"PO004552",67,920,20250427,20250504,300,153.10,45930.00,7
4553,"PO004553",3,813,20240827,20240911,500,535.42,267710.00,15
4554,"PO004554",45,292,20251113,20251129,150,120.90,18135.00,16
4555,"PO004555",30,790,20240315,20240407,1000,226.99,226990.00,23
4556,"PO004556",75,883,20251222,20260115,50,81.03,4051.50,24
4557,"PO004557",75,622,20231228,20240121,300,236.01,70803.00,24
4558,"PO004558",49,677,20240424,20240518,500,110.32,55160.00,24
4559,"PO004559",57,917,20240323,20240412,1000,561.63,561630.00,20
4560,"PO004560",90,172,20240411,20240424,200,87.24,17448.00,13
4561,"PO004561",51,641,20250321,20250324,100,67.19,6719.00,3
4562,"PO004562",5,462,20240305,20240318,150,60.79,9118.50,13
4563,"PO004563",8,270,20251231,20260101,750,60.35,45262.50,1
4564,"PO004564",83,626,20240317,20240406,100,36.73,3673.00,20
4565,"PO004565",4,590,20250520,20250618,500,15.57,7785.00,29
4566,"PO004566",69,4,20240323,20240401,200,111.55,22310.00,9
4567,"PO004567",117,779,20230731,20230817,150,9.35,1402.50,17
4568,"PO004568",40,167,20250422,20250512,300,35.52,10656.00,20
4569,"PO004569",75,517,20231019,20231108,300,758.93,227679.00,20
4570,"PO004570",56,137,20250505,20250507,750,20.87,15652.50,2
4571,"PO004571",58,324,20231204,20231217,500,162.85,81425.00,13
4572,"PO004572",24,34,20250511,20250525,1000,106.64,106640.00,14
4573,"PO004573",37,285,20250502,20250518,200,2.11,422.00,16
4574,"PO004574",38,275,20241017,20241025,200,54.23,10846.00,8
4575,"PO004575",119,845,20240816,20240817,750,10.68,8010.00,1
4576,"PO004576",59,50,20230905,20230918,300,140.53,42159.00,13
4577,"PO004577",101,488,20231001,20231024,1000,13.35,13350.00,23
4578,"PO004578",102,784,20240701,20240725,150,92.01,13801.50,24
4579,"PO004579",23,13,20251029,20251030,500,11.40,5700.00,1
4580,"PO004580",31,350,20240424,20240504,200,23.00,4600.00,10
4581,"PO004581",80,92,20230427,20230502,200,44.54,8908.00,5
4582,"PO004582",3,637,20230507,20230520,750,487.44,365580.00,13
4583,"PO004583",58,773,20240209,20240226,300,38.56,11568.00,17
4584,"PO004584",56,598,20241103,20241104,100,298.48,29848.00,1
4585,"PO004585",102,410,20230309,20230401,1000,158.70,158700.00,23
4586,"PO004586",77,442,20240812,20240831,500,300.61,150305.00,19
4587,"PO004587",109,794,20250106,20250113,500,74.86,37430.00,7
4588,"PO004588",16,686,20240925,20241005,150,319.63,47944.50,10
4589,"PO004589",58,630,20251029,20251119,500,75.85,37925.00,21
4590,"PO004590",69,51,20250720,20250730,150,14.12,2118.00,10
4591,"PO004591",30,911,20240104,20240124,50,47.60,2380.00,20
4592,"PO004592",95,266,20241217,20241225,200,10.86,2172.00,8
4593,"PO004593",50,841,20230112,20230131,200,30.11,6022.00,19
4594,"PO004594",43,151,20240826,20240908,100,18.05,1805.00,13
4595,"PO004595",58,327,20250604,20250620,300,31.42,9426.00,16
4596,"PO004596",77,333,20240607,20240615,150,4.69,703.50,8
4597,"PO004597",6,732,20240329,20240410,1000,681.70,681700.00,12
4598,"PO004598",111,307,20241004,20241105,200,775.74,155148.00,32
4599,"PO004599",85,875,20230820,20230904,100,78.79,7879.00,15
4600,"PO004600",23,319,20250814,20250822,300,150.81,45243.00,8
4601,"PO004601",111,979,20230728,20230905,50,180.75,9037.50,39
4602,"PO004602",3,713,20230712,20230729,200,62.10,12420.00,17
4603,"PO004603",66,678,20241203,20241205,50,754.16,37708.00,2
4604,"PO004604",110,579,20240318,20240331,200,101.21,20242.00,13
4605,"PO004605",2,950,20240121,20240216,750,12.53,9397.50,26
4606,"PO004606",104,667,20250227,20250320,100,491.91,49191.00,21
4607,"PO004607",22,20,20250105,20250121,750,100.66,75495.00,16
4608,"PO004608",113,537,20250906,20250917,50,146.10,7305.00,11
4609,"PO004609",74,309,20230528,20230603,50,11.68,584.00,6
4610,"PO004610",32,24,20230520,20230531,150,2.12,318.00,11
4611,"PO004611",87,731,20230314,20230330,200,74.32,14864.00,16
4612,"PO004612",28,692,20230417,20230516,200,324.94,64988.00,29
4613,"PO004613",13,933,20240908,20240923,100,36.55,3655.00,15
4614,"PO004614",12,748,20230213,20230302,100,14.47,1447.00,17
4615,"PO004615",88,575,20251031,20251121,500,9.82,4910.00,21
4616,"PO004616",92,128,20251121,20251205,500,95.72,47860.00,14
4617,"PO004617",57,917,20230219,20230306,150,549.77,82465.50,15
4618,"PO004618",66,662,20250329,20250406,750,77.15,57862.50,8
4619,"PO004619",2,443,20240117,20240208,1000,7.66,7660.00,22
4620,"PO004620",99,782,20240926,20241010,50,402.05,20102.50,14
4621,"PO004621",90,918,20230713,20230726,150,118.82,17823.00,13
4622,"PO004622",88,575,20230317,20230408,100,9.50,950.00,22
4623,"PO004623",56,797,20240731,20240802,750,192.37,144277.50,2
4624,"PO004624",14,764,20240701,20240710,50,19.24,962.00,9
4625,"PO004625",61,322,20240809,20240907,500,31.39,15695.00,29
4626,"PO004626",69,243,20241119,20241129,1000,39.74,39740.00,10
4627,"PO004627",63,563,20241217,20250102,200,43.00,8600.00,16
4628,"PO004628",14,974,20240419,20240426,200,208.18,41636.00,7
4629,"PO004629",26,980,20240221,20240312,500,107.33,53665.00,20
4630,"PO004630",83,330,20231205,20240103,50,24.02,1201.00,29
4631,"PO004631",79,901,20240106,20240130,150,48.87,7330.50,24
4632,"PO004632",74,206,20230721,20230801,50,36.29,1814.50,11
4633,"PO004633",115,475,20230922,20231003,300,11.10,3330.00,11
4634,"PO004634",35,736,20240828,20240914,200,5.39,1078.00,17
4635,"PO004635",67,402,20230622,20230701,200,199.68,39936.00,9
4636,"PO004636",107,937,20240301,20240318,150,5.09,763.50,17
4637,"PO004637",114,850,20231228,20240115,300,35.10,10530.00,18
4638,"PO004638",54,198,20231106,20231210,300,14.35,4305.00,34
4639,"PO004639",7,895,20240510,20240531,200,72.13,14426.00,21
4640,"PO004640",88,58,20231221,20240107,1000,22.39,22390.00,17
4641,"PO004641",92,962,20230615,20230619,200,104.82,20964.00,4
4642,"PO004642",96,200,20240718,20240802,750,24.77,18577.50,15
4643,"PO004643",101,539,20241001,20241025,50,633.84,31692.00,24
4644,"PO004644",77,165,20241026,20241108,750,36.08,27060.00,13
4645,"PO004645",120,197,20251217,20251226,300,34.75,10425.00,9
4646,"PO004646",9,566,20250507,20250511,500,89.23,44615.00,4
4647,"PO004647",5,528,20240704,20240714,750,29.94,22455.00,10
4648,"PO004648",107,760,20240207,20240306,100,336.38,33638.00,28
4649,"PO004649",109,681,20250117,20250126,200,38.45,7690.00,9
4650,"PO004650",59,645,20250715,20250728,200,28.12,5624.00,13
4651,"PO004651",25,154,20240708,20240730,100,11.63,1163.00,22
4652,"PO004652",24,592,20230611,20230626,150,30.91,4636.50,15
4653,"PO004653",12,440,20251125,20251209,50,13.07,653.50,14
4654,"PO004654",94,742,20230512,20230603,1000,49.29,49290.00,22
4655,"PO004655",92,274,20240424,20240430,300,6.35,1905.00,6
4656,"PO004656",108,14,20230108,20230122,100,34.04,3404.00,14
4657,"PO004657",95,69,20250917,20250930,150,37.82,5673.00,13
4658,"PO004658",77,530,20240616,20240625,100,150.31,15031.00,9
4659,"PO004659",87,241,20250104,20250120,1000,44.37,44370.00,16
4660,"PO004660",57,254,20250309,20250324,750,460.04,345030.00,15
4661,"PO004661",65,657,20250602,20250623,300,141.70,42510.00,21
4662,"PO004662",103,263,20240915,20240923,200,19.46,3892.00,8
4663,"PO004663",74,206,20250116,20250119,150,38.29,5743.50,3
4664,"PO004664",30,591,20250510,20250530,300,40.40,12120.00,20
4665,"PO004665",70,63,20230722,20230816,500,76.99,38495.00,25
4666,"PO004666",44,946,20250420,20250518,1000,147.76,147760.00,28
4667,"PO004667",87,395,20250425,20250515,300,73.56,22068.00,20
4668,"PO004668",90,918,20240510,20240525,200,117.60,23520.00,15
4669,"PO004669",26,988,20231005,20231024,100,40.78,4078.00,19
4670,"PO004670",17,801,20250922,20251011,150,49.79,7468.50,19
4671,"PO004671",77,165,20230320,20230403,1000,35.44,35440.00,14
4672,"PO004672",20,844,20241120,20241126,300,898.46,269538.00,6
4673,"PO004673",50,733,20250725,20250812,500,118.64,59320.00,18
4674,"PO004674",47,913,20250202,20250213,100,86.80,8680.00,11
4675,"PO004675",58,324,20230207,20230224,150,152.58,22887.00,17
4676,"PO004676",78,432,20251008,20251028,200,186.98,37396.00,20
4677,"PO004677",29,344,20240215,20240225,100,37.56,3756.00,10
4678,"PO004678",46,372,20251022,20251111,100,136.85,13685.00,20
4679,"PO004679",38,601,20241214,20241215,200,720.51,144102.00,1
4680,"PO004680",92,380,20240518,20240523,500,36.43,18215.00,5
4681,"PO004681",57,331,20230713,20230730,100,531.41,53141.00,17
4682,"PO004682",90,379,20240531,20240614,1000,62.53,62530.00,14
4683,"PO004683",20,40,20251121,20251126,1000,31.29,31290.00,5
4684,"PO004684",119,81,20241204,20241209,500,14.92,7460.00,5
4685,"PO004685",23,319,20250905,20250910,100,140.85,14085.00,5
4686,"PO004686",96,200,20241124,20241209,150,24.72,3708.00,15
4687,"PO004687",6,60,20251008,20251022,1000,302.15,302150.00,14
4688,"PO004688",44,814,20240309,20240402,50,45.84,2292.00,24
4689,"PO004689",53,896,20250314,20250328,500,231.34,115670.00,14
4690,"PO004690",87,619,20250311,20250322,750,744.22,558165.00,11
4691,"PO004691",20,424,20240728,20240804,300,17.58,5274.00,7
4692,"PO004692",23,319,20241020,20241022,200,144.06,28812.00,2
4693,"PO004693",116,602,20240926,20241003,150,90.02,13503.00,7
4694,"PO004694",42,497,20250311,20250409,50,2.91,145.50,29
4695,"PO004695",33,223,20251006,20251029,300,39.76,11928.00,23
4696,"PO004696",104,282,20230215,20230313,300,518.73,155619.00,26
4697,"PO004697",27,427,20240917,20240929,500,331.25,165625.00,12
4698,"PO004698",14,906,20231205,20231209,50,32.05,1602.50,4
4699,"PO004699",88,58,20240528,20240615,300,22.92,6876.00,18
4700,"PO004700",30,217,20241123,20241209,200,622.25,124450.00,16
4701,"PO004701",25,904,20250331,20250426,1000,17.39,17390.00,26
4702,"PO004702",12,36,20250716,20250803,300,106.78,32034.00,18
4703,"PO004703",39,55,20251002,20251024,50,82.26,4113.00,22
4704,"PO004704",71,158,20250829,20250916,300,157.12,47136.00,18
4705,"PO004705",28,692,20250819,20250917,200,313.07,62614.00,29
4706,"PO004706",27,583,20251114,20251129,500,283.12,141560.00,15
4707,"PO004707",24,34,20240927,20241007,200,106.55,21310.00,10
4708,"PO004708",6,476,20230307,20230317,200,247.93,49586.00,10
4709,"PO004709",97,831,20251004,20251026,750,4.21,3157.50,22
4710,"PO004710",26,687,20251216,20260105,500,195.83,97915.00,20
4711,"PO004711",21,724,20230219,20230319,500,371.72,185860.00,28
4712,"PO004712",116,65,20251106,20251116,200,180.86,36172.00,10
4713,"PO004713",1,97,20231128,20231220,200,48.31,9662.00,22
4714,"PO004714",119,845,20240218,20240223,300,10.74,3222.00,5
4715,"PO004715",1,743,20231013,20231104,200,59.55,11910.00,22
4716,"PO004716",27,583,20240509,20240520,150,272.13,40819.50,11
4717,"PO004717",108,14,20240816,20240902,300,34.52,10356.00,17
4718,"PO004718",120,362,20240911,20240924,300,22.20,6660.00,13
4719,"PO004719",116,65,20241024,20241101,50,183.86,9193.00,8
4720,"PO004720",31,350,20251103,20251114,750,24.13,18097.50,11
4721,"PO004721",102,410,20240216,20240312,300,158.73,47619.00,25
4722,"PO004722",6,426,20250625,20250703,750,687.89,515917.50,8
4723,"PO004723",61,870,20231029,20231123,200,21.37,4274.00,25
4724,"PO004724",63,455,20230223,20230318,150,202.67,30400.50,23
4725,"PO004725",11,659,20250607,20250706,750,201.60,151200.00,29
4726,"PO004726",12,513,20240714,20240803,750,792.38,594285.00,20
4727,"PO004727",8,577,20250224,20250306,100,10.91,1091.00,10
4728,"PO004728",1,791,20230310,20230402,200,32.51,6502.00,23
4729,"PO004729",78,589,20250411,20250428,1000,61.92,61920.00,17
4730,"PO004730",91,671,20240714,20240808,150,7.95,1192.50,25
4731,"PO004731",83,868,20240901,20240927,100,35.93,3593.00,26
4732,"PO004732",5,528,20230306,20230319,150,30.03,4504.50,13
4733,"PO004733",87,525,20231008,20231025,500,279.86,139930.00,17
4734,"PO004734",7,895,20241112,20241202,1000,74.42,74420.00,20
4735,"PO004735",31,317,20230402,20230410,1000,57.38,57380.00,8
4736,"PO004736",80,996,20250311,20250317,300,633.33,189999.00,6
4737,"PO004737",12,513,20230109,20230201,750,789.36,592020.00,23
4738,"PO004738",114,246,20240418,20240505,100,109.85,10985.00,17
4739,"PO004739",32,437,20250820,20250831,500,24.87,12435.00,11
4740,"PO004740",50,652,20251022,20251113,200,46.46,9292.00,22
4741,"PO004741",73,87,20240211,20240302,150,46.45,6967.50,20
4742,"PO004742",90,674,20250208,20250223,300,22.30,6690.00,15
4743,"PO004743",54,354,20240619,20240724,750,177.92,133440.00,35
4744,"PO004744",74,228,20241201,20241208,750,42.10,31575.00,7
4745,"PO004745",11,587,20250325,20250426,150,133.81,20071.50,32
4746,"PO004746",57,856,20240121,20240208,300,92.93,27879.00,18
4747,"PO004747",32,783,20250308,20250318,200,29.65,5930.00,10
4748,"PO004748",18,881,20250423,20250518,500,68.75,34375.00,25
4749,"PO004749",113,537,20250801,20250816,500,140.62,70310.00,15
4750,"PO004750",76,647,20231025,20231113,300,30.52,9156.00,19
4751,"PO004751",6,547,20250718,20250731,500,5.25,2625.00,13
4752,"PO004752",1,170,20240409,20240505,100,190.05,19005.00,26
4753,"PO004753",23,13,20230929,20231002,750,11.31,8482.50,3
4754,"PO004754",60,553,20230104,20230207,1000,67.18,67180.00,34
4755,"PO004755",104,667,20250731,20250821,1000,475.02,475020.00,21
4756,"PO004756",71,158,20251017,20251103,50,153.64,7682.00,17
4757,"PO004757",16,153,20240227,20240310,500,226.75,113375.00,12
4758,"PO004758",14,268,20250110,20250115,200,149.94,29988.00,5
4759,"PO004759",28,873,20250324,20250421,750,35.19,26392.50,28
4760,"PO004760",119,819,20241106,20241110,150,41.26,6189.00,4
4761,"PO004761",95,531,20241112,20241130,100,382.64,38264.00,18
4762,"PO004762",116,358,20250601,20250612,1000,854.32,854320.00,11
4763,"PO004763",5,528,20250617,20250630,100,30.10,3010.00,13
4764,"PO004764",80,191,20230509,20230514,1000,258.60,258600.00,5
4765,"PO004765",25,352,20230205,20230227,100,145.75,14575.00,22
4766,"PO004766",76,647,20251216,20260111,500,29.83,14915.00,26
4767,"PO004767",42,321,20240120,20240218,500,25.58,12790.00,29
4768,"PO004768",36,262,20240205,20240226,300,141.42,42426.00,21
4769,"PO004769",93,884,20230112,20230125,750,10.10,7575.00,13
4770,"PO004770",58,102,20250317,20250402,300,35.57,10671.00,16
4771,"PO004771",106,139,20240705,20240728,750,88.36,66270.00,23
4772,"PO004772",112,284,20230721,20230816,100,73.80,7380.00,26
4773,"PO004773",21,688,20250914,20251008,500,6.35,3175.00,24
4774,"PO004774",42,219,20231103,20231208,750,164.07,123052.50,35
4775,"PO004775",3,122,20230203,20230215,150,88.91,13336.50,12
4776,"PO004776",17,209,20230902,20230923,300,6.33,1899.00,21
4777,"PO004777",57,331,20251202,20251218,300,552.57,165771.00,16
4778,"PO004778",39,834,20241125,20241213,750,35.76,26820.00,18
4779,"PO004779",75,460,20250407,20250426,500,116.80,58400.00,19
4780,"PO004780",12,312,20250404,20250423,750,285.56,214170.00,19
4781,"PO004781",116,889,20251104,20251118,750,118.69,89017.50,14
4782,"PO004782",67,512,20240410,20240412,1000,61.71,61710.00,2
4783,"PO004783",13,635,20230420,20230504,200,71.15,14230.00,14
4784,"PO004784",100,755,20240316,20240406,750,96.39,72292.50,21
4785,"PO004785",5,519,20250710,20250728,200,14.90,2980.00,18
4786,"PO004786",115,475,20250805,20250814,500,10.90,5450.00,9
4787,"PO004787",25,33,20241106,20241127,300,39.16,11748.00,21
4788,"PO004788",99,415,20241220,20250103,300,195.95,58785.00,14
4789,"PO004789",17,801,20250606,20250627,150,49.53,7429.50,21
4790,"PO004790",96,314,20230904,20230919,150,5.95,892.50,15
4791,"PO004791",77,600,20240718,20240727,200,491.75,98350.00,9
4792,"PO004792",26,776,20240701,20240719,500,117.65,58825.00,18
4793,"PO004793",76,649,20240918,20241009,500,36.82,18410.00,21
4794,"PO004794",60,439,20231018,20231111,500,599.42,299710.00,24
4795,"PO004795",42,120,20230502,20230601,50,48.36,2418.00,30
4796,"PO004796",27,818,20251218,20260101,1000,193.29,193290.00,14
4797,"PO004797",91,983,20250327,20250420,500,110.60,55300.00,24
4798,"PO004798",83,330,20230201,20230302,300,23.50,7050.00,29
4799,"PO004799",70,518,20230106,20230124,500,616.58,308290.00,18
4800,"PO004800",37,472,20240711,20240728,1000,21.58,21580.00,17
4801,"PO004801",62,612,20230514,20230617,150,112.48,16872.00,34
4802,"PO004802",117,927,20240603,20240615,50,287.37,14368.50,12
4803,"PO004803",14,159,20230906,20230914,200,198.49,39698.00,8
4804,"PO004804",46,785,20241022,20241103,750,252.97,189727.50,12
4805,"PO004805",11,587,20240730,20240830,300,134.09,40227.00,31
4806,"PO004806",38,999,20230918,20230923,300,30.13,9039.00,5
4807,"PO004807",47,242,20250126,20250207,500,50.41,25205.00,12
4808,"PO004808",8,829,20251020,20251022,150,31.34,4701.00,2
4809,"PO004809",5,848,20241208,20241223,150,82.87,12430.50,15
4810,"PO004810",94,855,20231022,20231114,150,12.42,1863.00,23
4811,"PO004811",98,745,20251124,20251211,200,3.82,764.00,17
4812,"PO004812",112,284,20250705,20250727,750,70.28,52710.00,22
4813,"PO004813",37,715,20250213,20250303,500,15.23,7615.00,18
4814,"PO004814",113,535,20230706,20230719,100,347.31,34731.00,13
4815,"PO004815",22,770,20230613,20230630,500,227.57,113785.00,17
4816,"PO004816",110,758,20240119,20240201,150,186.78,28017.00,13
4817,"PO004817",94,903,20231016,20231108,300,545.12,163536.00,23
4818,"PO004818",37,876,20250901,20250920,100,11.22,1122.00,19
4819,"PO004819",118,551,20250130,20250308,200,9.25,1850.00,37
4820,"PO004820",60,240,20240208,20240307,300,194.40,58320.00,28
4821,"PO004821",51,584,20231023,20231026,500,212.66,106330.00,3
4822,"PO004822",65,238,20250115,20250203,750,190.97,143227.50,19
4823,"PO004823",47,596,20250409,20250420,750,136.30,102225.00,11
4824,"PO004824",90,110,20250905,20250914,500,76.15,38075.00,9
4825,"PO004825",73,585,20240915,20241005,300,115.01,34503.00,20
4826,"PO004826",27,643,20240427,20240509,100,63.35,6335.00,12
4827,"PO004827",37,335,20230308,20230325,150,410.32,61548.00,17
4828,"PO004828",1,743,20231224,20240118,500,61.32,30660.00,25
4829,"PO004829",54,360,20250626,20250730,100,315.64,31564.00,34
4830,"PO004830",63,864,20251219,20260111,500,53.59,26795.00,23
4831,"PO004831",90,716,20250601,20250617,750,337.70,253275.00,16
4832,"PO004832",50,374,20240816,20240831,300,626.36,187908.00,15
4833,"PO004833",27,643,20230502,20230507,300,64.35,19305.00,5
4834,"PO004834",12,748,20240821,20240908,200,14.30,2860.00,18
4835,"PO004835",91,787,20230823,20230914,500,269.69,134845.00,22
4836,"PO004836",21,186,20230522,20230619,500,121.40,60700.00,28
4837,"PO004837",106,806,20241027,20241117,200,29.16,5832.00,21
4838,"PO004838",76,313,20231222,20240114,50,170.23,8511.50,23
4839,"PO004839",69,370,20251111,20251122,500,823.68,411840.00,11
4840,"PO004840",82,744,20240712,20240810,50,560.14,28007.00,29
4841,"PO004841",31,572,20250730,20250817,150,730.33,109549.50,18
4842,"PO004842",2,264,20250627,20250723,200,711.04,142208.00,26
4843,"PO004843",19,220,20250328,20250418,150,134.20,20130.00,21
4844,"PO004844",103,507,20251201,20251206,200,333.59,66718.00,5
4845,"PO004845",50,374,20250608,20250626,500,599.26,299630.00,18
4846,"PO004846",32,783,20250331,20250404,750,31.03,23272.50,4
4847,"PO004847",58,630,20231217,20240104,1000,78.71,78710.00,18
4848,"PO004848",12,148,20231208,20231223,50,58.99,2949.50,15
4849,"PO004849",54,543,20230423,20230530,500,13.88,6940.00,37
4850,"PO004850",43,926,20251110,20251122,100,27.66,2766.00,12
4851,"PO004851",68,150,20230917,20230929,750,61.23,45922.50,12
4852,"PO004852",76,260,20250118,20250203,100,603.12,60312.00,16
4853,"PO004853",58,773,20230829,20230915,1000,37.23,37230.00,17
4854,"PO004854",76,649,20230202,20230219,150,36.48,5472.00,17
4855,"PO004855",77,458,20250802,20250815,500,18.09,9045.00,13
4856,"PO004856",65,975,20241203,20241220,150,34.51,5176.50,17
4857,"PO004857",114,252,20240629,20240717,100,18.09,1809.00,18
4858,"PO004858",23,798,20230608,20230614,500,29.51,14755.00,6
4859,"PO004859",45,392,20231007,20231021,1000,191.81,191810.00,14
4860,"PO004860",101,614,20241016,20241107,100,82.38,8238.00,22
4861,"PO004861",4,117,20250726,20250827,1000,10.20,10200.00,32
4862,"PO004862",82,744,20240909,20241007,200,557.89,111578.00,28
4863,"PO004863",116,406,20250619,20250627,150,35.97,5395.50,8
4864,"PO004864",104,667,20250831,20250924,50,498.07,24903.50,24
4865,"PO004865",11,118,20251001,20251031,1000,72.84,72840.00,30
4866,"PO004866",55,703,20230125,20230214,50,10.53,526.50,20
4867,"PO004867",1,809,20240212,20240306,50,89.65,4482.50,23
4868,"PO004868",64,222,20251006,20251020,1000,489.65,489650.00,14
4869,"PO004869",18,697,20230808,20230829,500,268.99,134495.00,21
4870,"PO004870",50,107,20240721,20240805,1000,751.13,751130.00,15
4871,"PO004871",65,657,20230501,20230516,50,145.39,7269.50,15
4872,"PO004872",90,172,20250113,20250127,100,93.54,9354.00,14
4873,"PO004873",44,201,20230214,20230316,200,31.99,6398.00,30
4874,"PO004874",53,31,20230805,20230820,750,12.52,9390.00,15
4875,"PO004875",23,982,20241006,20241010,50,123.68,6184.00,4
4876,"PO004876",109,135,20250613,20250628,500,148.54,74270.00,15
4877,"PO004877",78,923,20240322,20240409,750,113.72,85290.00,18
4878,"PO004878",77,442,20240908,20240918,50,276.94,13847.00,10
4879,"PO004879",48,827,20241119,20241201,300,76.95,23085.00,12
4880,"PO004880",104,239,20230809,20230903,100,541.46,54146.00,25
4881,"PO004881",85,208,20240731,20240811,300,174.97,52491.00,11
4882,"PO004882",50,374,20250314,20250329,300,621.39,186417.00,15
4883,"PO004883",111,979,20240920,20241027,100,171.19,17119.00,37
4884,"PO004884",23,648,20230722,20230725,750,7.93,5947.50,3
4885,"PO004885",38,999,20251201,20251207,100,28.64,2864.00,6
4886,"PO004886",53,536,20240802,20240815,200,7.63,1526.00,13
4887,"PO004887",22,20,20231005,20231028,200,94.50,18900.00,23
4888,"PO004888",43,482,20231216,20231226,750,122.48,91860.00,10
4889,"PO004889",90,853,20230201,20230216,1000,82.72,82720.00,15
4890,"PO004890",19,836,20230314,20230406,1000,8.37,8370.00,23
4891,"PO004891",21,812,20241116,20241211,1000,464.61,464610.00,25
4892,"PO004892",114,909,20251217,20260108,300,75.32,22596.00,22
4893,"PO004893",17,273,20231024,20231110,500,35.13,17565.00,17
4894,"PO004894",7,565,20231025,20231117,50,204.85,10242.50,23
4895,"PO004895",83,708,20240503,20240529,150,179.40,26910.00,26
4896,"PO004896",63,143,20231106,20231123,50,258.98,12949.00,17
4897,"PO004897",6,547,20230322,20230401,300,5.00,1500.00,10
4898,"PO004898",20,40,20230529,20230604,100,30.99,3099.00,6
4899,"PO004899",1,791,20250828,20250925,750,32.06,24045.00,28
4900,"PO004900",14,129,20230817,20230827,150,383.43,57514.50,10
4901,"PO004901",89,464,20231015,20231101,1000,135.55,135550.00,17
4902,"PO004902",71,865,20250417,20250504,200,75.84,15168.00,17
4903,"PO004903",106,257,20231214,20240109,50,53.80,2690.00,26
4904,"PO004904",16,405,20230606,20230622,300,11.91,3573.00,16
4905,"PO004905",61,147,20250709,20250731,500,56.29,28145.00,22
4906,"PO004906",50,733,20240709,20240727,200,122.57,24514.00,18
4907,"PO004907",12,236,20241014,20241103,100,552.75,55275.00,20
4908,"PO004908",16,435,20250509,20250519,500,584.59,292295.00,10
4909,"PO004909",68,373,20250802,20250813,300,119.36,35808.00,11
4910,"PO004910",14,159,20250205,20250211,1000,199.74,199740.00,6
4911,"PO004911",13,933,20230802,20230812,500,36.70,18350.00,10
4912,"PO004912",106,960,20240326,20240418,300,31.57,9471.00,23
4913,"PO004913",25,352,20240925,20241015,50,139.88,6994.00,20
4914,"PO004914",67,419,20231020,20231028,100,30.62,3062.00,8
4915,"PO004915",60,828,20240108,20240205,750,169.18,126885.00,28
4916,"PO004916",89,653,20240215,20240301,150,87.87,13180.50,15
4917,"PO004917",119,845,20251208,20251210,100,10.35,1035.00,2
4918,"PO004918",73,445,20241017,20241107,100,70.25,7025.00,21
4919,"PO004919",12,576,20251217,20260104,200,42.96,8592.00,18
4920,"PO004920",87,244,20230726,20230812,1000,275.28,275280.00,17
4921,"PO004921",48,23,20240702,20240715,750,8.10,6075.00,13
4922,"PO004922",37,88,20231220,20240103,300,55.26,16578.00,14
4923,"PO004923",84,938,20230424,20230518,500,272.05,136025.00,24
4924,"PO004924",114,346,20230311,20230331,750,57.93,43447.50,20
4925,"PO004925",37,715,20230528,20230614,50,15.64,782.00,17
4926,"PO004926",90,110,20240411,20240424,1000,76.18,76180.00,13
4927,"PO004927",98,745,20250729,20250817,200,3.60,720.00,19
4928,"PO004928",105,101,20251025,20251113,750,73.02,54765.00,19
4929,"PO004929",15,510,20240524,20240603,200,274.87,54974.00,10
4930,"PO004930",92,962,20251214,20251222,1000,110.26,110260.00,8
4931,"PO004931",94,742,20250502,20250521,200,45.31,9062.00,19
4932,"PO004932",43,727,20230127,20230206,200,48.42,9684.00,10
4933,"PO004933",103,311,20241022,20241029,300,120.03,36009.00,7
4934,"PO004934",28,21,20240609,20240706,150,59.57,8935.50,27
4935,"PO004935",118,551,20250720,20250829,500,8.80,4400.00,40
4936,"PO004936",58,324,20230807,20230823,300,161.69,48507.00,16
4937,"PO004937",66,27,20230530,20230606,750,19.71,14782.50,7
4938,"PO004938",50,832,20241129,20241216,500,43.83,21915.00,17
4939,"PO004939",15,288,20230418,20230504,150,70.04,10506.00,16
4940,"PO004940",67,47,20250110,20250115,100,45.16,4516.00,5
4941,"PO004941",57,218,20231228,20240114,200,193.06,38612.00,17
4942,"PO004942",43,610,20230619,20230630,100,70.31,7031.00,11
4943,"PO004943",33,544,20230902,20230925,500,53.83,26915.00,23
4944,"PO004944",10,446,20230429,20230507,500,196.50,98250.00,8
4945,"PO004945",31,350,20241123,20241210,500,23.25,11625.00,17
4946,"PO004946",97,508,20240313,20240403,50,879.93,43996.50,21
4947,"PO004947",67,603,20230824,20230830,100,8.89,889.00,6
4948,"PO004948",120,420,20241103,20241114,50,132.24,6612.00,11
4949,"PO004949",75,517,20230115,20230204,150,755.16,113274.00,20
4950,"PO004950",66,342,20230728,20230802,1000,237.84,237840.00,5
4951,"PO004951",119,489,20230517,20230525,300,29.16,8748.00,8
4952,"PO004952",28,37,20231205,20240101,750,162.25,121687.50,27
4953,"PO004953",15,288,20250310,20250329,500,74.83,37415.00,19
4954,"PO004954",33,59,20240930,20241020,100,18.67,1867.00,20
4955,"PO004955",72,283,20241031,20241105,1000,6.60,6600.00,5
4956,"PO004956",97,124,20250914,20251003,200,140.24,28048.00,19
4957,"PO004957",33,233,20250110,20250208,150,197.45,29617.50,29
4958,"PO004958",26,988,20240130,20240217,100,43.72,4372.00,18
4959,"PO004959",102,363,20250319,20250415,750,89.67,67252.50,27
4960,"PO004960",86,394,20250712,20250720,1000,9.25,9250.00,8
4961,"PO004961",114,850,20251108,20251126,300,36.19,10857.00,18
4962,"PO004962",96,956,20240708,20240725,750,216.30,162225.00,17
4963,"PO004963",40,73,20230121,20230209,200,127.72,25544.00,19
4964,"PO004964",115,452,20250724,20250730,1000,53.06,53060.00,6
4965,"PO004965",58,977,20250927,20251013,300,131.46,39438.00,16
4966,"PO004966",2,950,20240106,20240204,50,11.83,591.50,29
4967,"PO004967",41,438,20230507,20230519,50,115.85,5792.50,12
4968,"PO004968",39,834,20250914,20250927,150,33.23,4984.50,13
4969,"PO004969",39,430,20250404,20250422,500,30.94,15470.00,18
4970,"PO004970",48,827,20240305,20240318,100,74.08,7408.00,13
4971,"PO004971",116,272,20240417,20240501,500,95.13,47565.00,14
4972,"PO004972",4,987,20230217,20230321,750,425.23,318922.50,32
4973,"PO004973",74,511,20250921,20250927,200,520.26,104052.00,6
4974,"PO004974",104,542,20240722,20240815,100,29.53,2953.00,24
4975,"PO004975",8,32,20250216,20250217,150,4.87,730.50,1
4976,"PO004976",41,207,20240903,20240923,50,14.79,739.50,20
4977,"PO004977",84,123,20240817,20240910,150,105.87,15880.50,24
4978,"PO004978",3,637,20230516,20230526,500,471.19,235595.00,10
4979,"PO004979",21,639,20251031,20251126,750,107.95,80962.50,26
4980,"PO004980",9,8,20250215,20250221,150,862.41,129361.50,6
4981,"PO004981",99,469,20230102,20230114,200,12.97,2594.00,12
4982,"PO004982",58,509,20230523,20230606,1000,8.13,8130.00,14
4983,"PO004983",46,757,20251029,20251111,1000,97.38,97380.00,13
4984,"PO004984",76,313,20251111,20251129,50,181.59,9079.50,18
4985,"PO004985",21,68,20241001,20241021,200,212.29,42458.00,20
4986,"PO004986",48,556,20250724,20250807,1000,94.72,94720.00,14
4987,"PO004987",94,520,20251222,20260110,50,91.42,4571.00,19
4988,"PO004988",102,562,20231009,20231105,500,155.09,77545.00,27
4989,"PO004989",64,771,20230806,20230815,500,93.74,46870.00,9
4990,"PO004990",14,632,20240713,20240720,50,188.39,9419.50,7
4991,"PO004991",69,370,20240520,20240527,500,817.29,408645.00,7
4992,"PO004992",93,966,20231129,20231218,200,232.51,46502.00,19
4993,"PO004993",6,714,20250907,20250917,300,381.79,114537.00,10
4994,"PO004994",116,602,20250429,20250512,750,83.84,62880.00,13
4995,"PO004995",75,622,20251228,20260119,50,249.79,12489.50,22
4996,"PO004996",63,679,20240729,20240820,1000,35.85,35850.00,22
4997,"PO004997",18,611,20240403,20240426,500,305.99,152995.00,23
4998,"PO004998",7,436,20240930,20241023,200,292.27,58454.00,23
4999,"PO004999",94,855,20240426,20240514,150,12.11,1816.50,18
5000,"PO005000",21,812,20241115,20241210,750,453.34,340005.00,25
5001,"PO005001",43,76,20230717,20230728,100,13.83,1383.00,11
5002,"PO005002",33,383,20241221,20250115,50,40.51,2025.50,25
5003,"PO005003",46,772,20230710,20230729,50,75.71,3785.50,19
5004,"PO005004",31,317,20240928,20241011,100,59.43,5943.00,13
5005,"PO005005",82,646,20240716,20240816,300,32.13,9639.00,31
5006,"PO005006",101,614,20230221,20230318,300,80.72,24216.00,25
5007,"PO005007",71,199,20250807,20250825,1000,13.95,13950.00,18
5008,"PO005008",23,648,20230518,20230521,300,8.17,2451.00,3
5009,"PO005009",7,895,20241008,20241028,500,70.89,35445.00,20
5010,"PO005010",15,174,20240622,20240707,50,35.88,1794.00,15
5011,"PO005011",109,421,20250516,20250604,1000,111.14,111140.00,19
5012,"PO005012",112,210,20250223,20250314,150,8.89,1333.50,19
5013,"PO005013",6,732,20231027,20231115,300,680.17,204051.00,19
5014,"PO005014",96,726,20230617,20230705,300,71.91,21573.00,18
5015,"PO005015",7,42,20250609,20250702,100,318.51,31851.00,23
5016,"PO005016",58,977,20240310,20240323,200,136.69,27338.00,13
5017,"PO005017",57,298,20241108,20241128,200,348.82,69764.00,20
5018,"PO005018",61,322,20250530,20250620,500,31.50,15750.00,21
5019,"PO005019",94,855,20250924,20251018,150,12.36,1854.00,24
5020,"PO005020",57,917,20251015,20251101,750,587.29,440467.50,17
5021,"PO005021",70,811,20251202,20251225,50,184.39,9219.50,23
5022,"PO005022",10,212,20231230,20240107,500,61.03,30515.00,8
5023,"PO005023",16,45,20230726,20230807,500,74.80,37400.00,12
5024,"PO005024",44,142,20251115,20251211,50,24.75,1237.50,26
5025,"PO005025",5,216,20250409,20250417,500,18.90,9450.00,8
5026,"PO005026",113,986,20250428,20250511,750,10.93,8197.50,13
5027,"PO005027",114,246,20240808,20240824,500,108.71,54355.00,16
5028,"PO005028",57,386,20250806,20250824,500,244.65,122325.00,18
5029,"PO005029",90,85,20240120,20240127,200,96.51,19302.00,7
5030,"PO005030",32,783,20240530,20240606,200,29.98,5996.00,7
5031,"PO005031",28,532,20230404,20230501,500,76.11,38055.00,27
5032,"PO005032",55,872,20240104,20240123,50,18.42,921.00,19
5033,"PO005033",101,133,20240203,20240224,300,86.22,25866.00,21
5034,"PO005034",99,19,20251208,20251221,1000,255.69,255690.00,13
5035,"PO005035",106,139,20230902,20230922,200,95.20,19040.00,20
5036,"PO005036",104,880,20251102,20251123,200,55.74,11148.00,21
5037,"PO005037",80,83,20240615,20240622,200,430.56,86112.00,7
5038,"PO005038",4,987,20251026,20251202,150,459.29,68893.50,37
5039,"PO005039",20,280,20250118,20250121,750,131.74,98805.00,3
5040,"PO005040",78,707,20240919,20241009,50,12.35,617.50,20
5041,"PO005041",15,510,20230531,20230609,500,271.82,135910.00,9
5042,"PO005042",108,655,20230428,20230513,200,82.03,16406.00,15
5043,"PO005043",114,909,20240401,20240415,1000,79.02,79020.00,14
5044,"PO005044",42,120,20230527,20230624,300,46.48,13944.00,28
5045,"PO005045",65,975,20250409,20250428,500,33.25,16625.00,19
5046,"PO005046",95,69,20240315,20240404,750,37.62,28215.00,20
5047,"PO005047",105,931,20250211,20250302,750,101.48,76110.00,19
5048,"PO005048",77,179,20250708,20250719,50,34.01,1700.50,11
5049,"PO005049",62,942,20251017,20251114,50,66.99,3349.50,28
5050,"PO005050",58,977,20250331,20250412,50,133.74,6687.00,12
5051,"PO005051",91,944,20240316,20240403,500,73.86,36930.00,18
5052,"PO005052",44,814,20250817,20250911,200,43.18,8636.00,25
5053,"PO005053",65,450,20240406,20240423,1000,70.62,70620.00,17
5054,"PO005054",40,167,20240626,20240709,300,36.79,11037.00,13
5055,"PO005055",103,263,20230703,20230704,100,20.64,2064.00,1
5056,"PO005056",94,433,20240803,20240827,1000,100.49,100490.00,24
5057,"PO005057",12,148,20250722,20250807,300,54.67,16401.00,16
5058,"PO005058",78,180,20251226,20260121,50,8.65,432.50,26
5059,"PO005059",3,793,20241004,20241019,200,148.01,29602.00,15
5060,"PO005060",26,988,20230313,20230402,150,43.33,6499.50,20
5061,"PO005061",63,455,20251101,20251128,500,200.53,100265.00,27
5062,"PO005062",83,868,20240917,20241009,200,34.35,6870.00,22
5063,"PO005063",40,149,20231007,20231022,200,35.33,7066.00,15
5064,"PO005064",118,803,20230907,20231010,100,366.17,36617.00,33
5065,"PO005065",41,279,20241008,20241026,200,15.32,3064.00,18
5066,"PO005066",34,61,20240905,20240925,500,26.82,13410.00,20
5067,"PO005067",99,782,20231109,20231120,1000,421.24,421240.00,11
5068,"PO005068",2,950,20230626,20230721,1000,12.96,12960.00,25
5069,"PO005069",5,848,20240228,20240312,750,90.20,67650.00,13
5070,"PO005070",103,640,20250916,20250922,150,52.96,7944.00,6
5071,"PO005071",115,781,20230313,20230323,100,122.12,12212.00,10
5072,"PO005072",39,796,20230512,20230606,750,51.82,38865.00,25
5073,"PO005073",51,552,20240423,20240501,500,117.50,58750.00,8
5074,"PO005074",105,954,20240917,20241006,1000,104.94,104940.00,19
5075,"PO005075",62,612,20231231,20240131,100,105.04,10504.00,31
5076,"PO005076",46,761,20230704,20230721,150,252.26,37839.00,17
5077,"PO005077",106,806,20230207,20230224,200,28.65,5730.00,17
5078,"PO005078",18,702,20241130,20241220,500,30.69,15345.00,20
5079,"PO005079",92,371,20230204,20230211,300,85.72,25716.00,7
5080,"PO005080",79,722,20250218,20250324,50,1.48,74.00,34
5081,"PO005081",32,721,20240616,20240620,1000,217.29,217290.00,4
5082,"PO005082",24,34,20251228,20260108,750,98.40,73800.00,11
5083,"PO005083",79,54,20231210,20240114,300,267.55,80265.00,35
5084,"PO005084",45,948,20250725,20250810,750,71.88,53910.00,16
5085,"PO005085",93,12,20240407,20240422,100,9.88,988.00,15
5086,"PO005086",83,247,20230403,20230425,50,91.05,4552.50,22
5087,"PO005087",71,865,20230807,20230817,500,69.48,34740.00,10
5088,"PO005088",85,875,20241215,20241226,200,80.62,16124.00,11
5089,"PO005089",4,987,20240325,20240421,50,449.12,22456.00,27
5090,"PO005090",41,416,20250319,20250407,1000,767.64,767640.00,19
5091,"PO005091",99,970,20250115,20250124,100,535.09,53509.00,9
5092,"PO005092",78,180,20240927,20241018,750,8.49,6367.50,21
5093,"PO005093",2,950,20240707,20240728,50,12.33,616.50,21
5094,"PO005094",16,153,20250414,20250428,50,224.65,11232.50,14
5095,"PO005095",103,98,20250410,20250416,300,642.26,192678.00,6
5096,"PO005096",32,783,20240102,20240106,300,28.33,8499.00,4
5097,"PO005097",66,27,20250226,20250302,300,19.44,5832.00,4
5098,"PO005098",46,910,20240803,20240821,50,36.19,1809.50,18
5099,"PO005099",46,772,20250305,20250328,50,74.76,3738.00,23
5100,"PO005100",63,747,20250819,20250917,750,96.88,72660.00,29
5101,"PO005101",2,950,20230325,20230416,200,12.38,2476.00,22
5102,"PO005102",80,996,20250904,20250915,150,649.96,97494.00,11
5103,"PO005103",113,537,20240711,20240722,1000,142.00,142000.00,11
5104,"PO005104",111,161,20241101,20241209,1000,186.69,186690.00,38
5105,"PO005105",41,207,20241017,20241030,100,13.93,1393.00,13
5106,"PO005106",97,627,20241010,20241024,750,603.25,452437.50,14
5107,"PO005107",39,820,20250423,20250508,500,41.47,20735.00,15
5108,"PO005108",91,787,20240722,20240819,500,259.60,129800.00,28
5109,"PO005109",16,304,20230505,20230513,100,271.37,27137.00,8
5110,"PO005110",8,109,20230213,20230217,500,62.89,31445.00,4
5111,"PO005111",20,821,20250629,20250703,500,84.91,42455.00,4
5112,"PO005112",102,410,20231211,20240102,50,156.22,7811.00,22
5113,"PO005113",42,485,20240815,20240919,500,49.03,24515.00,35
5114,"PO005114",97,831,20240616,20240706,150,3.94,591.00,20
5115,"PO005115",65,835,20240914,20241002,200,77.66,15532.00,18
5116,"PO005116",28,692,20240726,20240824,500,326.32,163160.00,29
5117,"PO005117",57,160,20251013,20251031,100,8.66,866.00,18
5118,"PO005118",103,263,20230515,20230525,50,19.67,983.50,10
5119,"PO005119",17,273,20231114,20231203,200,36.06,7212.00,19
5120,"PO005120",57,386,20250328,20250417,500,232.12,116060.00,20
5121,"PO005121",6,547,20250819,20250831,150,5.22,783.00,12
5122,"PO005122",72,471,20240305,20240306,1000,197.84,197840.00,1
5123,"PO005123",37,922,20240908,20240929,50,221.57,11078.50,21
5124,"PO005124",59,968,20250721,20250808,750,35.46,26595.00,18
5125,"PO005125",72,283,20251224,20251229,1000,6.88,6880.00,5
5126,"PO005126",51,130,20250625,20250627,50,753.85,37692.50,2
5127,"PO005127",57,349,20230112,20230201,750,626.17,469627.50,20
5128,"PO005128",114,246,20250225,20250318,300,107.63,32289.00,21
5129,"PO005129",97,627,20240217,20240308,1000,649.22,649220.00,20
5130,"PO005130",5,462,20251216,20251228,200,62.08,12416.00,12
5131,"PO005131",34,499,20250411,20250501,750,113.88,85410.00,20
5132,"PO005132",54,543,20230821,20230924,150,14.40,2160.00,34
5133,"PO005133",11,18,20240629,20240801,200,65.15,13030.00,33
5134,"PO005134",96,314,20230913,20231004,1000,6.10,6100.00,21
5135,"PO005135",84,123,20251102,20251124,500,110.33,55165.00,22
5136,"PO005136",80,996,20230523,20230527,500,661.87,330935.00,4
5137,"PO005137",115,965,20240409,20240418,750,9.12,6840.00,9
5138,"PO005138",93,705,20230227,20230319,300,150.25,45075.00,20
5139,"PO005139",9,808,20230908,20230915,500,124.84,62420.00,7
5140,"PO005140",62,111,20250802,20250831,300,33.08,9924.00,29
5141,"PO005141",84,916,20230204,20230305,500,31.77,15885.00,29
5142,"PO005142",99,19,20240704,20240714,150,253.48,38022.00,10
5143,"PO005143",77,600,20241225,20250105,200,513.78,102756.00,11
5144,"PO005144",53,253,20241002,20241014,500,91.56,45780.00,12
5145,"PO005145",117,549,20230910,20231001,50,213.31,10665.50,21
5146,"PO005146",41,207,20250227,20250315,200,14.79,2958.00,16
5147,"PO005147",87,731,20240703,20240716,50,74.35,3717.50,13
5148,"PO005148",63,162,20230106,20230129,200,422.43,84486.00,23
5149,"PO005149",93,929,20250421,20250506,150,567.16,85074.00,15
5150,"PO005150",72,62,20240727,20240728,750,260.22,195165.00,1
5151,"PO005151",22,605,20240623,20240709,500,40.27,20135.00,16
5152,"PO005152",106,447,20250322,20250411,100,12.64,1264.00,20
5153,"PO005153",46,910,20230103,20230119,50,34.49,1724.50,16
5154,"PO005154",77,530,20251211,20251225,500,153.82,76910.00,14
5155,"PO005155",82,504,20241101,20241129,500,467.66,233830.00,28
5156,"PO005156",99,19,20251220,20260104,300,250.27,75081.00,15
5157,"PO005157",8,577,20240130,20240131,1000,11.28,11280.00,1
5158,"PO005158",93,12,20231116,20231201,1000,10.52,10520.00,15
5159,"PO005159",31,541,20251025,20251112,50,22.11,1105.50,18
5160,"PO005160",19,220,20231019,20231108,750,141.41,106057.50,20
5161,"PO005161",18,498,20240425,20240520,1000,66.53,66530.00,25
5162,"PO005162",62,695,20250311,20250410,750,37.80,28350.00,30
5163,"PO005163",44,946,20251209,20260106,50,141.86,7093.00,28
5164,"PO005164",12,294,20240912,20241001,1000,235.19,235190.00,19
5165,"PO005165",20,821,20250720,20250722,200,88.09,17618.00,2
5166,"PO005166",75,883,20251221,20260112,300,79.59,23877.00,22
5167,"PO005167",72,471,20241223,20241228,300,195.87,58761.00,5
5168,"PO005168",98,182,20231113,20231202,150,90.96,13644.00,19
5169,"PO005169",24,592,20250524,20250601,750,29.24,21930.00,8
5170,"PO005170",19,788,20250726,20250814,500,16.85,8425.00,19
5171,"PO005171",82,504,20230523,20230620,100,486.73,48673.00,28
5172,"PO005172",116,406,20250511,20250523,1000,36.61,36610.00,12
5173,"PO005173",54,299,20231018,20231115,200,247.88,49576.00,28
5174,"PO005174",33,383,20241008,20241104,300,39.90,11970.00,27
5175,"PO005175",8,323,20250502,20250509,1000,43.35,43350.00,7
5176,"PO005176",90,674,20240712,20240730,500,21.51,10755.00,18
5177,"PO005177",98,857,20240827,20240915,1000,38.88,38880.00,19
5178,"PO005178",23,523,20250907,20250911,750,122.83,92122.50,4
5179,"PO005179",45,292,20240521,20240603,1000,121.25,121250.00,13
5180,"PO005180",57,331,20241124,20241210,150,542.67,81400.50,16
5181,"PO005181",92,274,20230628,20230706,100,6.67,667.00,8
5182,"PO005182",44,560,20231104,20231204,200,202.01,40402.00,30
5183,"PO005183",40,789,20240105,20240121,150,1.40,210.00,16
5184,"PO005184",58,521,20230506,20230521,750,34.02,25515.00,15
5185,"PO005185",116,316,20240822,20240901,200,235.89,47178.00,10
5186,"PO005186",20,928,20250602,20250606,1000,429.64,429640.00,4
5187,"PO005187",40,149,20250616,20250705,500,34.67,17335.00,19
5188,"PO005188",15,126,20250831,20250909,500,108.74,54370.00,9
5189,"PO005189",53,896,20240323,20240411,750,219.42,164565.00,19
5190,"PO005190",8,32,20241023,20241027,50,4.57,228.50,4
5191,"PO005191",100,765,20250530,20250620,300,238.99,71697.00,21
5192,"PO005192",6,714,20230530,20230609,1000,371.25,371250.00,10
5193,"PO005193",41,840,20230408,20230428,500,110.89,55445.00,20
5194,"PO005194",15,56,20230325,20230401,200,621.35,124270.00,7
5195,"PO005195",53,536,20250318,20250404,750,7.28,5460.00,17
5196,"PO005196",67,512,20230730,20230807,500,61.22,30610.00,8
5197,"PO005197",7,119,20241111,20241129,200,41.12,8224.00,18
5198,"PO005198",2,628,20251117,20251208,100,33.90,3390.00,21
5199,"PO005199",50,847,20231119,20231205,200,35.00,7000.00,16
5200,"PO005200",7,690,20250414,20250504,1000,64.80,64800.00,20
5201,"PO005201",23,13,20240521,20240525,1000,12.14,12140.00,4
5202,"PO005202",100,397,20230616,20230708,500,707.88,353940.00,22
5203,"PO005203",82,744,20240618,20240715,1000,594.27,594270.00,27
5204,"PO005204",33,383,20230411,20230503,750,40.42,30315.00,22
5205,"PO005205",58,977,20251023,20251110,50,136.54,6827.00,18
5206,"PO005206",63,676,20241129,20241222,1000,568.15,568150.00,23
5207,"PO005207",96,726,20241007,20241018,500,70.87,35435.00,11
5208,"PO005208",51,753,20240922,20240927,500,16.98,8490.00,5
5209,"PO005209",12,148,20250828,20250918,750,57.79,43342.50,21
5210,"PO005210",50,841,20231227,20240114,300,31.91,9573.00,18
5211,"PO005211",103,618,20240117,20240123,150,37.63,5644.50,6
5212,"PO005212",108,234,20230710,20230725,750,232.15,174112.50,15
5213,"PO005213",51,802,20240823,20240824,1000,402.03,402030.00,1
5214,"PO005214",103,507,20230926,20230929,1000,341.55,341550.00,3
5215,"PO005215",60,353,20231115,20231213,500,73.39,36695.00,28
5216,"PO005216",19,337,20250430,20250517,1000,20.65,20650.00,17
5217,"PO005217",9,907,20240206,20240212,150,294.18,44127.00,6
5218,"PO005218",119,994,20251210,20251215,500,37.27,18635.00,5
5219,"PO005219",83,868,20240223,20240319,200,35.15,7030.00,25
5220,"PO005220",15,288,20240916,20240926,1000,75.36,75360.00,10
5221,"PO005221",89,653,20230831,20230918,50,92.47,4623.50,18
5222,"PO005222",85,875,20251012,20251029,200,81.00,16200.00,17
5223,"PO005223",93,929,20250125,20250209,500,556.27,278135.00,15
5224,"PO005224",76,313,20250924,20251015,750,183.49,137617.50,21
5225,"PO005225",109,545,20251111,20251118,200,96.05,19210.00,7
5226,"PO005226",113,935,20250619,20250630,1000,29.16,29160.00,11
5227,"PO005227",20,821,20230308,20230311,500,87.70,43850.00,3
5228,"PO005228",16,385,20251007,20251021,300,9.54,2862.00,14
5229,"PO005229",72,283,20250319,20250323,500,6.95,3475.00,4
5230,"PO005230",107,866,20241019,20241114,200,76.09,15218.00,26
5231,"PO005231",50,847,20250206,20250228,1000,35.98,35980.00,22
5232,"PO005232",102,410,20250204,20250304,50,156.94,7847.00,28
5233,"PO005233",46,772,20230519,20230605,100,78.92,7892.00,17
5234,"PO005234",13,823,20240730,20240813,500,101.81,50905.00,14
5235,"PO005235",28,37,20250107,20250203,100,158.26,15826.00,27
5236,"PO005236",15,174,20230812,20230823,150,37.77,5665.50,11
5237,"PO005237",47,412,20230601,20230612,100,17.40,1740.00,11
5238,"PO005238",14,329,20250213,20250219,500,183.85,91925.00,6
5239,"PO005239",19,220,20241211,20250102,1000,132.42,132420.00,22
5240,"PO005240",54,354,20240512,20240615,50,174.87,8743.50,34
5241,"PO005241",22,221,20240217,20240306,100,16.91,1691.00,18
5242,"PO005242",88,10,20240104,20240127,1000,17.60,17600.00,23
5243,"PO005243",78,589,20240827,20240915,100,60.67,6067.00,19
5244,"PO005244",107,866,20231121,20231214,750,75.06,56295.00,23
5245,"PO005245",103,113,20240703,20240708,1000,96.69,96690.00,5
5246,"PO005246",6,547,20240807,20240819,50,5.31,265.50,12
5247,"PO005247",37,876,20230129,20230216,100,11.16,1116.00,18
5248,"PO005248",101,799,20231007,20231028,200,36.83,7366.00,21
5249,"PO005249",73,490,20250530,20250619,1000,2.28,2280.00,20
5250,"PO005250",93,884,20230929,20231012,150,10.29,1543.50,13
5251,"PO005251",68,301,20231010,20231013,50,464.92,23246.00,3
5252,"PO005252",115,452,20250328,20250411,300,55.66,16698.00,14
5253,"PO005253",91,787,20251219,20260113,300,255.94,76782.00,25
5254,"PO005254",16,177,20250619,20250701,200,553.51,110702.00,12
5255,"PO005255",48,15,20240422,20240505,750,144.32,108240.00,13
5256,"PO005256",14,599,20231222,20240101,150,68.05,10207.50,10
5257,"PO005257",35,178,20250714,20250804,1000,50.28,50280.00,21
5258,"PO005258",12,769,20250412,20250430,500,5.62,2810.00,18
5259,"PO005259",45,292,20230318,20230331,750,128.35,96262.50,13
5260,"PO005260",64,428,20231217,20231226,1000,16.66,16660.00,9
5261,"PO005261",100,973,20240705,20240724,100,769.39,76939.00,19
5262,"PO005262",45,292,20231204,20231220,300,122.54,36762.00,16
5263,"PO005263",50,250,20240215,20240302,1000,368.05,368050.00,16
5264,"PO005264",21,297,20241224,20250117,1000,25.79,25790.00,24
5265,"PO005265",84,248,20240527,20240623,1000,43.07,43070.00,27
5266,"PO005266",63,747,20250523,20250615,500,92.03,46015.00,23
5267,"PO005267",106,839,20230827,20230922,1000,30.49,30490.00,26
5268,"PO005268",13,933,20240414,20240425,500,39.67,19835.00,11
5269,"PO005269",43,926,20230317,20230322,150,25.45,3817.50,5
5270,"PO005270",48,456,20240621,20240707,750,108.73,81547.50,16
5271,"PO005271",114,978,20241206,20241219,150,154.52,23178.00,13
5272,"PO005272",25,967,20240615,20240709,750,474.68,356010.00,24
5273,"PO005273",113,935,20250625,20250705,150,27.53,4129.50,10
5274,"PO005274",38,822,20240908,20240910,500,54.48,27240.00,2
5275,"PO005275",39,834,20230725,20230812,1000,35.75,35750.00,18
5276,"PO005276",46,761,20250406,20250425,100,244.87,24487.00,19
5277,"PO005277",91,997,20230916,20231008,100,492.50,49250.00,22
5278,"PO005278",64,578,20230506,20230520,1000,776.39,776390.00,14
5279,"PO005279",91,997,20251020,20251112,150,480.88,72132.00,23
5280,"PO005280",45,292,20240902,20240917,150,125.84,18876.00,15
5281,"PO005281",102,276,20231022,20231118,1000,229.93,229930.00,27
5282,"PO005282",48,556,20250526,20250610,200,94.55,18910.00,15
5283,"PO005283",33,152,20241208,20250102,500,252.99,126495.00,25
5284,"PO005284",92,128,20230829,20230906,200,89.94,17988.00,8
5285,"PO005285",22,20,20250701,20250718,200,100.28,20056.00,17
5286,"PO005286",53,536,20240831,20240916,50,7.65,382.50,16
5287,"PO005287",47,597,20240621,20240703,500,35.00,17500.00,12
5288,"PO005288",39,854,20230425,20230513,1000,282.91,282910.00,18
5289,"PO005289",57,917,20250119,20250209,500,596.30,298150.00,21
5290,"PO005290",67,920,20231026,20231103,500,152.36,76180.00,8
5291,"PO005291",88,766,20231124,20231216,150,99.95,14992.50,22
5292,"PO005292",46,991,20241004,20241017,50,150.86,7543.00,13
5293,"PO005293",63,864,20230813,20230907,50,51.93,2596.50,25
5294,"PO005294",83,330,20241230,20250127,750,24.20,18150.00,28
5295,"PO005295",86,548,20240521,20240530,750,173.23,129922.50,9
5296,"PO005296",80,874,20251004,20251010,300,74.07,22221.00,6
5297,"PO005297",28,692,20240807,20240904,750,338.20,253650.00,28
5298,"PO005298",25,904,20240105,20240127,50,17.37,868.50,22
5299,"PO005299",79,138,20231221,20240124,100,262.43,26243.00,34
5300,"PO005300",14,632,20251205,20251212,100,180.44,18044.00,7
5301,"PO005301",111,70,20250417,20250601,100,362.88,36288.00,45
5302,"PO005302",90,853,20250405,20250418,300,78.83,23649.00,13
5303,"PO005303",48,556,20250128,20250212,1000,97.09,97090.00,15
5304,"PO005304",28,580,20231024,20231122,50,35.55,1777.50,29
5305,"PO005305",101,539,20240226,20240321,50,609.46,30473.00,24
5306,"PO005306",23,319,20251025,20251028,1000,139.76,139760.00,3
5307,"PO005307",58,773,20230308,20230330,300,36.91,11073.00,22
5308,"PO005308",61,364,20250216,20250311,750,93.31,69982.50,23
5309,"PO005309",42,120,20230129,20230301,100,46.86,4686.00,31
5310,"PO005310",22,20,20240331,20240418,500,99.92,49960.00,18
5311,"PO005311",106,839,20250705,20250728,200,30.35,6070.00,23
5312,"PO005312",66,678,20240516,20240524,1000,816.55,816550.00,8
5313,"PO005313",20,280,20230328,20230403,1000,125.36,125360.00,6
5314,"PO005314",117,468,20250802,20250823,1000,120.43,120430.00,21
5315,"PO005315",47,596,20230304,20230312,1000,138.50,138500.00,8
5316,"PO005316",29,344,20230918,20230924,200,37.72,7544.00,6
5317,"PO005317",37,57,20250410,20250428,50,44.68,2234.00,18
5318,"PO005318",102,363,20241025,20241121,1000,95.80,95800.00,27
5319,"PO005319",45,392,20230618,20230624,200,192.73,38546.00,6
5320,"PO005320",75,77,20240505,20240531,200,602.75,120550.00,26
5321,"PO005321",5,660,20240506,20240519,750,92.29,69217.50,13
5322,"PO005322",108,234,20240915,20241002,1000,226.00,226000.00,17
5323,"PO005323",89,464,20231106,20231128,200,132.50,26500.00,22
5324,"PO005324",9,566,20250917,20250922,200,83.72,16744.00,5
5325,"PO005325",47,712,20250720,20250802,150,137.91,20686.50,13
5326,"PO005326",115,624,20241212,20241223,200,585.21,117042.00,11
5327,"PO005327",21,169,20240327,20240423,1000,58.48,58480.00,27
5328,"PO005328",14,129,20230321,20230329,100,359.28,35928.00,8
5329,"PO005329",36,422,20230806,20230826,50,110.37,5518.50,20
5330,"PO005330",109,135,20230725,20230805,100,144.64,14464.00,11
5331,"PO005331",67,402,20251004,20251012,750,195.97,146977.50,8
5332,"PO005332",58,320,20240801,20240816,50,272.95,13647.50,15
5333,"PO005333",118,981,20240405,20240512,50,12.52,626.00,37
5334,"PO005334",66,315,20250814,20250817,750,22.35,16762.50,3
5335,"PO005335",65,886,20231219,20240105,50,2.06,103.00,17
5336,"PO005336",32,783,20250530,20250604,750,28.65,21487.50,5
5337,"PO005337",5,398,20251116,20251126,200,88.86,17772.00,10
5338,"PO005338",80,893,20240407,20240415,750,11.65,8737.50,8
5339,"PO005339",7,258,20230825,20230914,200,445.07,89014.00,20
5340,"PO005340",45,392,20251009,20251021,200,178.90,35780.00,12
5341,"PO005341",54,658,20240824,20240930,750,59.32,44490.00,37
5342,"PO005342",36,144,20240831,20240922,500,63.30,31650.00,22
5343,"PO005343",103,618,20240617,20240622,200,37.13,7426.00,5
5344,"PO005344",5,528,20230711,20230726,100,29.08,2908.00,15
5345,"PO005345",100,755,20250306,20250320,1000,97.37,97370.00,14
5346,"PO005346",60,502,20230113,20230210,150,233.68,35052.00,28
5347,"PO005347",38,275,20250606,20250609,750,50.93,38197.50,3
5348,"PO005348",72,62,20231213,20231214,750,247.04,185280.00,1
5349,"PO005349",8,256,20251008,20251011,1000,99.17,99170.00,3
5350,"PO005350",34,499,20241216,20241230,750,104.87,78652.50,14
5351,"PO005351",28,700,20251222,20260120,1000,155.30,155300.00,29
5352,"PO005352",16,723,20230510,20230521,50,744.89,37244.50,11
5353,"PO005353",113,537,20230709,20230722,200,148.36,29672.00,13
5354,"PO005354",16,45,20250911,20250923,300,74.53,22359.00,12
5355,"PO005355",95,266,20240523,20240605,50,11.62,581.00,13
5356,"PO005356",14,632,20230801,20230807,500,188.14,94070.00,6
5357,"PO005357",24,780,20231031,20231116,750,44.67,33502.50,16
5358,"PO005358",67,920,20241101,20241117,100,155.85,15585.00,16
5359,"PO005359",70,811,20231016,20231109,150,168.56,25284.00,24
5360,"PO005360",19,788,20230210,20230301,500,16.00,8000.00,19
5361,"PO005361",71,972,20230918,20231004,150,521.78,78267.00,16
5362,"PO005362",31,650,20241009,20241025,1000,25.11,25110.00,16
5363,"PO005363",30,911,20241028,20241118,150,45.47,6820.50,21
5364,"PO005364",58,807,20250322,20250406,200,65.75,13150.00,15
5365,"PO005365",65,450,20251102,20251120,300,74.61,22383.00,18
5366,"PO005366",96,200,20240326,20240408,50,23.90,1195.00,13
5367,"PO005367",30,591,20240507,20240531,50,40.88,2044.00,24
5368,"PO005368",47,596,20251015,20251025,300,127.27,38181.00,10
5369,"PO005369",54,354,20250605,20250705,1000,173.88,173880.00,30
5370,"PO005370",110,496,20240223,20240304,750,52.97,39727.50,10
5371,"PO005371",19,3,20250525,20250608,1000,77.84,77840.00,14
5372,"PO005372",43,482,20231115,20231125,50,114.71,5735.50,10
5373,"PO005373",55,838,20250218,20250310,1000,147.33,147330.00,20
5374,"PO005374",9,768,20240110,20240115,500,37.84,18920.00,5
5375,"PO005375",99,415,20251010,20251020,100,192.83,19283.00,10
5376,"PO005376",99,593,20241203,20241214,1000,71.55,71550.00,11
5377,"PO005377",43,482,20250825,20250906,500,116.04,58020.00,12
5378,"PO005378",97,121,20240630,20240724,500,467.44,233720.00,24
5379,"PO005379",101,133,20231117,20231208,500,84.68,42340.00,21
5380,"PO005380",40,235,20240723,20240807,200,70.54,14108.00,15
5381,"PO005381",71,158,20231122,20231217,500,163.63,81815.00,25
5382,"PO005382",10,751,20251001,20251014,1000,200.48,200480.00,13
5383,"PO005383",22,605,20240122,20240208,300,41.36,12408.00,17
5384,"PO005384",5,957,20240903,20240912,750,86.57,64927.50,9
5385,"PO005385",10,446,20241007,20241016,750,189.18,141885.00,9
5386,"PO005386",89,348,20240516,20240531,750,202.39,151792.50,15
5387,"PO005387",61,328,20250726,20250823,200,30.59,6118.00,28
5388,"PO005388",60,353,20230116,20230213,500,68.81,34405.00,28
5389,"PO005389",7,690,20240625,20240719,150,64.86,9729.00,24
5390,"PO005390",46,757,20230410,20230427,50,93.52,4676.00,17
5391,"PO005391",22,20,20250514,20250603,500,99.93,49965.00,20
5392,"PO005392",106,175,20231206,20231229,1000,100.93,100930.00,23
5393,"PO005393",79,722,20231114,20231218,50,1.47,73.50,34
5394,"PO005394",50,586,20230228,20230319,300,83.70,25110.00,19
5395,"PO005395",31,317,20230519,20230527,500,57.50,28750.00,8
5396,"PO005396",89,653,20241228,20250115,200,86.75,17350.00,18
5397,"PO005397",47,449,20231229,20240106,50,59.94,2997.00,8
5398,"PO005398",37,335,20250718,20250802,1000,416.10,416100.00,15
5399,"PO005399",4,290,20250506,20250612,150,12.72,1908.00,37
5400,"PO005400",40,149,20240316,20240405,1000,36.01,36010.00,20
5401,"PO005401",84,484,20250306,20250405,300,10.34,3102.00,30
5402,"PO005402",113,537,20230505,20230518,500,144.21,72105.00,13
5403,"PO005403",50,832,20230702,20230722,750,42.68,32010.00,20
5404,"PO005404",88,58,20250427,20250523,300,22.80,6840.00,26
5405,"PO005405",67,842,20230414,20230421,1000,58.40,58400.00,7
5406,"PO005406",97,831,20250903,20250923,100,4.25,425.00,20
5407,"PO005407",114,909,20251018,20251108,50,75.22,3761.00,21
5408,"PO005408",14,159,20250414,20250421,200,197.89,39578.00,7
5409,"PO005409",8,270,20230306,20230308,500,61.84,30920.00,2
5410,"PO005410",83,868,20230603,20230707,500,34.63,17315.00,34
5411,"PO005411",106,759,20230305,20230326,750,45.57,34177.50,21
5412,"PO005412",120,362,20230703,20230715,1000,22.53,22530.00,12
5413,"PO005413",62,942,20241209,20250107,200,66.97,13394.00,29
5414,"PO005414",98,745,20240928,20241015,300,3.86,1158.00,17
5415,"PO005415",92,105,20241128,20241205,200,149.95,29990.00,7
5416,"PO005416",40,235,20250311,20250323,300,75.36,22608.00,12
5417,"PO005417",13,635,20241126,20241209,150,74.50,11175.00,13
5418,"PO005418",54,108,20240806,20240910,200,208.60,41720.00,35
5419,"PO005419",78,180,20250124,20250220,750,8.06,6045.00,27
5420,"PO005420",8,109,20250213,20250218,100,63.07,6307.00,5
5421,"PO005421",39,834,20240218,20240308,50,32.82,1641.00,19
5422,"PO005422",59,861,20250331,20250414,1000,197.19,197190.00,14
5423,"PO005423",51,552,20241123,20241130,200,114.35,22870.00,7
5424,"PO005424",47,712,20250911,20250925,150,131.24,19686.00,14
5425,"PO005425",81,215,20250613,20250622,100,18.89,1889.00,9
5426,"PO005426",98,155,20250420,20250507,50,333.63,16681.50,17
5427,"PO005427",73,495,20250703,20250719,500,524.56,262280.00,16
5428,"PO005428",22,221,20240909,20240924,50,17.19,859.50,15
5429,"PO005429",75,460,20240104,20240124,500,113.81,56905.00,20
5430,"PO005430",114,909,20240228,20240320,1000,74.07,74070.00,21
5431,"PO005431",36,262,20240116,20240207,50,148.01,7400.50,22
5432,"PO005432",116,65,20230411,20230425,50,177.50,8875.00,14
5433,"PO005433",77,600,20251221,20260101,500,472.52,236260.00,11
5434,"PO005434",44,946,20250305,20250329,500,141.22,70610.00,24
5435,"PO005435",98,181,20231025,20231111,1000,144.18,144180.00,17
5436,"PO005436",64,222,20241216,20241229,50,509.81,25490.50,13
5437,"PO005437",40,235,20230920,20231005,500,71.12,35560.00,15
5438,"PO005438",116,602,20251024,20251104,500,88.82,44410.00,11
5439,"PO005439",109,492,20240609,20240618,150,72.62,10893.00,9
5440,"PO005440",45,78,20250214,20250301,1000,785.34,785340.00,15
5441,"PO005441",54,299,20250715,20250824,300,241.07,72321.00,40
5442,"PO005442",55,703,20240713,20240802,750,10.52,7890.00,20
5443,"PO005443",15,288,20230716,20230726,150,74.89,11233.50,10
5444,"PO005444",73,582,20231123,20231210,150,343.59,51538.50,17
5445,"PO005445",51,516,20240512,20240521,750,27.03,20272.50,9
5446,"PO005446",40,235,20250518,20250608,750,72.52,54390.00,21
5447,"PO005447",21,812,20250608,20250703,50,447.38,22369.00,25
5448,"PO005448",67,466,20241012,20241023,300,345.24,103572.00,11
5449,"PO005449",28,37,20240911,20241007,750,161.65,121237.50,26
5450,"PO005450",34,762,20250601,20250616,150,181.54,27231.00,15
5451,"PO005451",65,238,20231217,20240102,50,192.21,9610.50,16
5452,"PO005452",9,8,20230822,20230827,200,820.15,164030.00,5
5453,"PO005453",40,457,20231107,20231129,150,45.50,6825.00,22
5454,"PO005454",9,8,20241121,20241130,50,899.27,44963.50,9
5455,"PO005455",8,775,20251223,20251224,500,241.03,120515.00,1
5456,"PO005456",50,250,20240916,20241004,1000,372.03,372030.00,18
5457,"PO005457",65,238,20241114,20241204,150,176.16,26424.00,20
5458,"PO005458",57,254,20250129,20250214,1000,473.18,473180.00,16
5459,"PO005459",93,884,20250223,20250312,750,9.85,7387.50,17
5460,"PO005460",68,400,20231026,20231101,100,652.25,65225.00,6
5461,"PO005461",57,254,20230308,20230328,150,469.77,70465.50,20
5462,"PO005462",12,294,20250318,20250405,500,251.81,125905.00,18
5463,"PO005463",16,435,20241028,20241103,1000,620.72,620720.00,6
5464,"PO005464",101,539,20250706,20250728,300,643.00,192900.00,22
5465,"PO005465",38,601,20240202,20240209,500,762.26,381130.00,7
5466,"PO005466",70,63,20230629,20230728,500,79.97,39985.00,29
5467,"PO005467",77,458,20240819,20240828,100,17.03,1703.00,9
5468,"PO005468",68,100,20240125,20240206,50,293.85,14692.50,12
5469,"PO005469",20,844,20250817,20250823,500,875.50,437750.00,6
5470,"PO005470",14,245,20231217,20231228,300,84.43,25329.00,11
5471,"PO005471",116,65,20251210,20251222,300,176.24,52872.00,12
5472,"PO005472",96,956,20230710,20230726,300,222.43,66729.00,16
5473,"PO005473",109,135,20240303,20240319,300,149.66,44898.00,16
5474,"PO005474",73,87,20250204,20250224,50,48.34,2417.00,20
5475,"PO005475",98,976,20240331,20240421,750,66.95,50212.50,21
5476,"PO005476",73,259,20240413,20240502,500,57.28,28640.00,19
5477,"PO005477",37,570,20230703,20230719,300,115.62,34686.00,16
5478,"PO005478",6,426,20250930,20251010,1000,642.43,642430.00,10
5479,"PO005479",54,487,20240525,20240624,200,221.93,44386.00,30
5480,"PO005480",17,209,20240422,20240507,50,6.19,309.50,15
5481,"PO005481",65,84,20231028,20231114,100,9.87,987.00,17
5482,"PO005482",6,714,20230618,20230705,500,370.01,185005.00,17
5483,"PO005483",101,595,20230822,20230905,200,59.07,11814.00,14
5484,"PO005484",73,495,20230928,20231021,300,508.27,152481.00,23
5485,"PO005485",68,100,20230519,20230528,500,270.99,135495.00,9
5486,"PO005486",58,630,20241209,20241222,300,75.09,22527.00,13
5487,"PO005487",37,472,20240801,20240813,50,21.40,1070.00,12
5488,"PO005488",36,75,20250211,20250308,500,12.72,6360.00,25
5489,"PO005489",84,2,20240522,20240617,200,1.96,392.00,26
5490,"PO005490",118,308,20240908,20241014,500,335.46,167730.00,36
5491,"PO005491",55,872,20250622,20250705,150,18.56,2784.00,13
5492,"PO005492",67,466,20230409,20230419,750,341.36,256020.00,10
5493,"PO005493",91,157,20250708,20250731,1000,33.19,33190.00,23
5494,"PO005494",54,921,20230802,20230909,100,35.08,3508.00,38
5495,"PO005495",5,519,20250812,20250828,100,14.72,1472.00,16
5496,"PO005496",76,767,20230328,20230418,150,18.01,2701.50,21
5497,"PO005497",58,365,20231121,20231130,100,81.88,8188.00,9
5498,"PO005498",114,252,20250509,20250526,750,19.00,14250.00,17
5499,"PO005499",40,789,20230118,20230203,300,1.39,417.00,16
5500,"PO005500",98,181,20251120,20251207,1000,152.72,152720.00,17
5501,"PO005501",88,701,20240731,20240823,100,66.41,6641.00,23
5502,"PO005502",101,614,20240412,20240503,300,81.71,24513.00,21
5503,"PO005503",86,394,20230104,20230112,50,9.88,494.00,8
5504,"PO005504",50,709,20230506,20230526,300,485.77,145731.00,20
5505,"PO005505",100,765,20230312,20230324,1000,237.40,237400.00,12
5506,"PO005506",18,498,20251104,20251205,300,64.04,19212.00,31
5507,"PO005507",22,837,20240602,20240613,750,18.13,13597.50,11
5508,"PO005508",29,890,20241217,20241231,1000,83.02,83020.00,14
5509,"PO005509",57,160,20230601,20230614,150,8.49,1273.50,13
5510,"PO005510",87,731,20240731,20240819,150,70.59,10588.50,19
5511,"PO005511",40,339,20230421,20230510,750,172.32,129240.00,19
5512,"PO005512",101,799,20230825,20230915,750,39.12,29340.00,21
5513,"PO005513",101,615,20250705,20250727,200,30.74,6148.00,22
5514,"PO005514",43,493,20230513,20230521,200,249.80,49960.00,8
5515,"PO005515",92,22,20250705,20250717,500,606.05,303025.00,12
5516,"PO005516",78,367,20250521,20250610,750,303.60,227700.00,20
5517,"PO005517",11,659,20230322,20230419,50,204.38,10219.00,28
5518,"PO005518",120,362,20231205,20231215,300,23.22,6966.00,10
5519,"PO005519",80,893,20250510,20250517,150,12.42,1863.00,7
5520,"PO005520",21,453,20250423,20250516,1000,168.55,168550.00,23
5521,"PO005521",12,312,20250501,20250521,150,301.07,45160.50,20
5522,"PO005522",91,816,20240514,20240605,500,13.89,6945.00,22
5523,"PO005523",74,228,20250521,20250529,100,42.48,4248.00,8
5524,"PO005524",11,587,20240418,20240519,300,137.45,41235.00,31
5525,"PO005525",99,289,20240325,20240405,300,79.63,23889.00,11
5526,"PO005526",79,138,20241016,20241112,50,264.38,13219.00,27
5527,"PO005527",97,508,20241011,20241026,500,876.48,438240.00,15
5528,"PO005528",32,99,20230907,20230916,200,276.34,55268.00,9
5529,"PO005529",65,450,20231221,20240110,150,71.40,10710.00,20
5530,"PO005530",78,849,20250410,20250427,750,68.81,51607.50,17
5531,"PO005531",47,913,20251112,20251123,300,91.67,27501.00,11
5532,"PO005532",97,124,20231107,20231128,1000,141.38,141380.00,21
5533,"PO005533",27,818,20251222,20260103,1000,199.77,199770.00,12
5534,"PO005534",54,95,20240515,20240615,300,903.00,270900.00,31
5535,"PO005535",45,392,20230410,20230425,1000,187.64,187640.00,15
5536,"PO005536",75,750,20230304,20230327,500,58.46,29230.00,23
5537,"PO005537",68,467,20240114,20240122,150,91.36,13704.00,8
5538,"PO005538",99,782,20241026,20241112,200,425.26,85052.00,17
5539,"PO005539",27,529,20250427,20250506,150,62.43,9364.50,9
5540,"PO005540",113,914,20250427,20250512,50,10.71,535.50,15
5541,"PO005541",37,285,20240208,20240226,50,1.97,98.50,18
5542,"PO005542",92,371,20250318,20250329,750,87.61,65707.50,11
5543,"PO005543",51,414,20250401,20250405,750,34.04,25530.00,4
5544,"PO005544",8,323,20230130,20230131,750,42.48,31860.00,1
5545,"PO005545",46,910,20230124,20230215,1000,36.59,36590.00,22
5546,"PO005546",25,33,20240818,20240910,150,37.46,5619.00,23
5547,"PO005547",93,966,20240126,20240210,500,249.53,124765.00,15
5548,"PO005548",41,473,20240828,20240915,200,174.69,34938.00,18
5549,"PO005549",46,785,20250522,20250612,300,238.74,71622.00,21
5550,"PO005550",115,781,20230819,20230828,200,118.30,23660.00,9
5551,"PO005551",73,495,20251129,20251219,500,531.98,265990.00,20
5552,"PO005552",92,494,20241229,20250110,200,79.04,15808.00,12
5553,"PO005553",69,4,20250614,20250626,200,104.77,20954.00,12
5554,"PO005554",28,37,20230724,20230822,300,164.79,49437.00,29
5555,"PO005555",15,510,20231018,20231102,50,276.62,13831.00,15
5556,"PO005556",55,39,20230404,20230427,1000,43.78,43780.00,23
5557,"PO005557",44,425,20240928,20241026,200,84.50,16900.00,28
5558,"PO005558",9,8,20250824,20250901,100,841.74,84174.00,8
5559,"PO005559",3,813,20230801,20230813,750,554.05,415537.50,12
5560,"PO005560",98,182,20250115,20250203,300,97.12,29136.00,19
5561,"PO005561",79,699,20230827,20231003,200,540.12,108024.00,37
5562,"PO005562",91,787,20240202,20240225,300,266.59,79977.00,23
5563,"PO005563",72,961,20251019,20251023,500,648.35,324175.00,4
5564,"PO005564",72,515,20240830,20240903,50,8.53,426.50,4
5565,"PO005565",38,822,20240324,20240325,50,56.89,2844.50,1
5566,"PO005566",114,909,20250916,20251004,1000,75.64,75640.00,18
5567,"PO005567",108,14,20250214,20250301,150,34.47,5170.50,15
5568,"PO005568",96,956,20240829,20240911,750,214.13,160597.50,13
5569,"PO005569",56,571,20230928,20231002,150,149.60,22440.00,4
5570,"PO005570",90,172,20251231,20260120,50,89.95,4497.50,20
5571,"PO005571",80,92,20230713,20230720,150,47.38,7107.00,7
5572,"PO005572",112,522,20251005,20251028,150,39.61,5941.50,23
5573,"PO005573",60,353,20230414,20230512,500,72.62,36310.00,28
5574,"PO005574",8,775,20251228,20260104,500,250.90,125450.00,7
5575,"PO005575",27,529,20231104,20231115,100,64.02,6402.00,11
5576,"PO005576",58,102,20250831,20250916,300,35.85,10755.00,16
5577,"PO005577",84,89,20230911,20231006,1000,19.79,19790.00,25
5578,"PO005578",104,239,20240523,20240620,150,509.72,76458.00,28
5579,"PO005579",13,685,20250324,20250404,150,7.74,1161.00,11
5580,"PO005580",37,285,20250531,20250615,50,2.13,106.50,15
5581,"PO005581",94,742,20231230,20240116,150,46.25,6937.50,17
5582,"PO005582",106,257,20251210,20260106,100,53.56,5356.00,27
5583,"PO005583",43,898,20250622,20250704,150,199.26,29889.00,12
5584,"PO005584",55,703,20231201,20231218,300,10.50,3150.00,17
5585,"PO005585",27,818,20250627,20250711,100,191.83,19183.00,14
5586,"PO005586",9,369,20250102,20250110,300,195.62,58686.00,8
5587,"PO005587",17,413,20230215,20230301,200,81.92,16384.00,14
5588,"PO005588",9,808,20250521,20250529,100,120.14,12014.00,8
5589,"PO005589",100,755,20250506,20250522,150,92.30,13845.00,16
5590,"PO005590",40,167,20240218,20240310,200,35.71,7142.00,21
5591,"PO005591",81,668,20231228,20240106,750,14.61,10957.50,9
5592,"PO005592",43,934,20250202,20250217,50,243.70,12185.00,15
5593,"PO005593",114,346,20251115,20251202,200,59.44,11888.00,17
5594,"PO005594",32,164,20250225,20250301,50,510.24,25512.00,4
5595,"PO005595",54,108,20251228,20260131,150,217.18,32577.00,34
5596,"PO005596",115,965,20240124,20240208,150,9.24,1386.00,15
5597,"PO005597",46,785,20241004,20241022,50,245.79,12289.50,18
5598,"PO005598",28,1,20240616,20240717,300,66.49,19947.00,31
5599,"PO005599",9,369,20240608,20240615,500,188.61,94305.00,7
5600,"PO005600",77,302,20250113,20250122,200,95.37,19074.00,9
5601,"PO005601",93,929,20230520,20230604,300,560.46,168138.00,15
5602,"PO005602",98,976,20241210,20250101,150,69.78,10467.00,22
5603,"PO005603",63,104,20240330,20240422,300,361.86,108558.00,23
5604,"PO005604",57,331,20230121,20230207,100,544.40,54440.00,17
5605,"PO005605",1,791,20230923,20231016,100,31.73,3173.00,23
5606,"PO005606",29,905,20250330,20250406,500,11.04,5520.00,7
5607,"PO005607",23,319,20230916,20230921,50,142.20,7110.00,5
5608,"PO005608",9,808,20241210,20241217,500,116.00,58000.00,7
5609,"PO005609",61,29,20231217,20240113,200,373.86,74772.00,27
5610,"PO005610",42,219,20240621,20240721,50,161.32,8066.00,30
5611,"PO005611",76,649,20230217,20230305,300,35.36,10608.00,16
5612,"PO005612",39,49,20250310,20250329,300,37.25,11175.00,19
5613,"PO005613",105,931,20230829,20230918,1000,102.80,102800.00,20
5614,"PO005614",42,120,20240316,20240417,200,48.97,9794.00,32
5615,"PO005615",31,752,20231026,20231111,750,33.74,25305.00,16
5616,"PO005616",68,373,20230227,20230310,50,123.95,6197.50,11
5617,"PO005617",5,957,20240823,20240907,1000,90.42,90420.00,15
5618,"PO005618",80,125,20251114,20251119,100,29.90,2990.00,5
5619,"PO005619",91,787,20231224,20240118,50,251.99,12599.50,25
5620,"PO005620",113,17,20241115,20241123,750,56.43,42322.50,8
5621,"PO005621",14,599,20231117,20231124,300,70.32,21096.00,7
5622,"PO005622",10,446,20241202,20241215,1000,192.72,192720.00,13
5623,"PO005623",40,235,20230603,20230623,200,69.31,13862.00,20
5624,"PO005624",4,291,20230121,20230219,1000,30.20,30200.00,29
5625,"PO005625",47,597,20251011,20251024,50,34.36,1718.00,13
5626,"PO005626",37,88,20231119,20231130,500,55.83,27915.00,11
5627,"PO005627",119,819,20230815,20230817,500,41.27,20635.00,2
5628,"PO005628",65,286,20241118,20241208,200,37.85,7570.00,20
5629,"PO005629",58,977,20240125,20240211,150,129.81,19471.50,17
5630,"PO005630",51,130,20231128,20231201,50,712.59,35629.50,3
5631,"PO005631",14,271,20250728,20250802,50,86.04,4302.00,5
5632,"PO005632",81,215,20240910,20240922,300,17.24,5172.00,12
5633,"PO005633",33,223,20240517,20240612,300,41.75,12525.00,26
5634,"PO005634",14,159,20230517,20230522,50,191.29,9564.50,5
5635,"PO005635",118,851,20230222,20230328,50,22.78,1139.00,34
5636,"PO005636",46,785,20250926,20251012,100,236.35,23635.00,16
5637,"PO005637",10,212,20231013,20231022,300,62.99,18897.00,9
5638,"PO005638",53,896,20250808,20250822,150,232.51,34876.50,14
5639,"PO005639",93,884,20250126,20250204,1000,10.10,10100.00,9
5640,"PO005640",78,589,20250705,20250727,100,64.11,6411.00,22
5641,"PO005641",59,645,20250720,20250804,50,28.62,1431.00,15
5642,"PO005642",30,351,20240623,20240712,100,24.81,2481.00,19
5643,"PO005643",71,964,20231106,20231122,1000,79.82,79820.00,16
5644,"PO005644",21,297,20230603,20230627,750,25.22,18915.00,24
5645,"PO005645",82,863,20230315,20230409,200,541.54,108308.00,25
5646,"PO005646",8,323,20241029,20241102,150,41.97,6295.50,4
5647,"PO005647",76,647,20230729,20230812,50,31.37,1568.50,14
5648,"PO005648",30,591,20230421,20230511,300,37.64,11292.00,20
5649,"PO005649",119,489,20240613,20240614,150,29.82,4473.00,1
5650,"PO005650",59,634,20251030,20251115,750,14.23,10672.50,16
5651,"PO005651",27,583,20240126,20240206,50,271.53,13576.50,11
5652,"PO005652",17,801,20231214,20231227,50,50.86,2543.00,13
5653,"PO005653",71,995,20231203,20231219,100,11.03,1103.00,16
5654,"PO005654",47,449,20241114,20241122,150,65.09,9763.50,8
5655,"PO005655",95,69,20240428,20240508,500,39.63,19815.00,10
5656,"PO005656",2,264,20230102,20230123,750,723.00,542250.00,21
5657,"PO005657",119,994,20240523,20240525,50,38.22,1911.00,2
5658,"PO005658",29,344,20250929,20251016,750,37.48,28110.00,17
5659,"PO005659",76,647,20230403,20230425,200,31.29,6258.00,22
5660,"PO005660",83,868,20230518,20230612,50,35.89,1794.50,25
5661,"PO005661",32,783,20251012,20251016,300,29.06,8718.00,4
5662,"PO005662",83,704,20251122,20251218,500,75.66,37830.00,26
5663,"PO005663",12,513,20230108,20230126,150,799.48,119922.00,18
5664,"PO005664",94,617,20240621,20240710,100,138.88,13888.00,19
5665,"PO005665",81,215,20241213,20241222,750,17.23,12922.50,9
5666,"PO005666",9,334,20250510,20250518,500,533.80,266900.00,8
5667,"PO005667",55,838,20250829,20250917,100,139.84,13984.00,19
5668,"PO005668",21,169,20230804,20230828,150,61.43,9214.50,24
5669,"PO005669",66,434,20230220,20230224,750,31.66,23745.00,4
5670,"PO005670",69,243,20250320,20250331,50,39.99,1999.50,11
5671,"PO005671",17,305,20230621,20230708,300,225.82,67746.00,17
5672,"PO005672",29,344,20230329,20230408,150,37.79,5668.50,10
5673,"PO005673",28,1,20231120,20231220,200,68.17,13634.00,30
5674,"PO005674",1,38,20230213,20230308,200,30.45,6090.00,23
5675,"PO005675",12,236,20230429,20230516,500,583.35,291675.00,17
5676,"PO005676",98,182,20240323,20240411,50,93.55,4677.50,19
5677,"PO005677",58,756,20230613,20230630,300,178.32,53496.00,17
5678,"PO005678",51,552,20250830,20250906,750,110.81,83107.50,7
5679,"PO005679",16,894,20230114,20230128,1000,170.08,170080.00,14
5680,"PO005680",29,93,20250714,20250730,750,392.05,294037.50,16
5681,"PO005681",94,617,20240902,20240919,100,150.66,15066.00,17
5682,"PO005682",14,329,20230729,20230808,50,183.81,9190.50,10
5683,"PO005683",20,540,20250106,20250118,150,139.40,20910.00,12
5684,"PO005684",77,165,20240120,20240130,150,34.15,5122.50,10
5685,"PO005685",58,324,20241109,20241129,300,156.36,46908.00,20
5686,"PO005686",41,279,20250307,20250323,300,14.97,4491.00,16
5687,"PO005687",13,823,20250808,20250819,1000,103.74,103740.00,11
5688,"PO005688",102,381,20250115,20250211,300,247.98,74394.00,27
5689,"PO005689",58,320,20250405,20250421,500,261.40,130700.00,16
5690,"PO005690",13,933,20250805,20250821,1000,38.02,38020.00,16
5691,"PO005691",29,344,20240302,20240307,750,37.74,28305.00,5
5692,"PO005692",102,858,20250110,20250204,300,17.38,5214.00,25
5693,"PO005693",46,991,20230405,20230424,200,156.04,31208.00,19
5694,"PO005694",51,516,20230316,20230323,300,28.68,8604.00,7
5695,"PO005695",99,970,20230203,20230212,150,535.42,80313.00,9
5696,"PO005696",68,400,20251106,20251112,150,665.63,99844.50,6
5697,"PO005697",46,910,20230607,20230623,750,35.55,26662.50,16
5698,"PO005698",86,548,20231013,20231022,300,174.72,52416.00,9
5699,"PO005699",118,851,20230607,20230714,500,22.38,11190.00,37
5700,"PO005700",47,597,20240910,20240922,150,35.83,5374.50,12
5701,"PO005701",46,991,20250110,20250128,100,155.91,15591.00,18
5702,"PO005702",19,788,20240127,20240217,500,15.34,7670.00,21
5703,"PO005703",6,426,20230125,20230212,1000,647.62,647620.00,18
5704,"PO005704",15,56,20240223,20240306,100,667.08,66708.00,12
5705,"PO005705",62,942,20230601,20230628,500,67.31,33655.00,27
5706,"PO005706",94,912,20251120,20251209,50,229.91,11495.50,19
5707,"PO005707",71,972,20251006,20251027,750,545.70,409275.00,21
5708,"PO005708",63,203,20230131,20230304,750,343.88,257910.00,32
5709,"PO005709",33,233,20250930,20251028,500,195.98,97990.00,28
5710,"PO005710",8,323,20241020,20241022,200,42.40,8480.00,2
5711,"PO005711",61,892,20240314,20240411,1000,27.71,27710.00,28
5712,"PO005712",48,15,20240422,20240506,300,138.73,41619.00,14
5713,"PO005713",59,645,20251004,20251023,300,27.45,8235.00,19
5714,"PO005714",27,583,20230510,20230526,300,258.17,77451.00,16
5715,"PO005715",18,498,20231114,20231209,150,66.61,9991.50,25
5716,"PO005716",97,121,20240711,20240727,300,477.86,143358.00,16
5717,"PO005717",12,576,20230629,20230717,100,41.15,4115.00,18
5718,"PO005718",57,349,20231007,20231029,200,607.31,121462.00,22
5719,"PO005719",101,173,20250604,20250623,100,363.32,36332.00,19
5720,"PO005720",106,663,20240418,20240512,1000,112.91,112910.00,24
5721,"PO005721",63,656,20241203,20241225,300,46.50,13950.00,22
5722,"PO005722",43,610,20230616,20230620,50,76.18,3809.00,4
5723,"PO005723",42,952,20230428,20230527,150,1.77,265.50,29
5724,"PO005724",8,829,20251122,20251123,100,32.57,3257.00,1
5725,"PO005725",10,751,20230402,20230406,200,197.51,39502.00,4
5726,"PO005726",92,371,20240828,20240905,1000,83.83,83830.00,8
5727,"PO005727",84,484,20240510,20240604,1000,9.95,9950.00,25
5728,"PO005728",58,365,20250219,20250307,750,83.08,62310.00,16
5729,"PO005729",32,437,20231108,20231118,100,25.86,2586.00,10
5730,"PO005730",26,776,20250521,20250606,150,120.16,18024.00,16
5731,"PO005731",30,217,20230312,20230402,1000,630.13,630130.00,21
5732,"PO005732",93,966,20230109,20230123,200,248.68,49736.00,14
5733,"PO005733",10,710,20250215,20250220,100,129.09,12909.00,5
5734,"PO005734",90,479,20241021,20241108,500,373.95,186975.00,18
5735,"PO005735",33,620,20230528,20230621,500,18.60,9300.00,24
5736,"PO005736",14,608,20241114,20241124,150,58.89,8833.50,10
5737,"PO005737",101,345,20240413,20240503,200,237.32,47464.00,20
5738,"PO005738",66,729,20250417,20250419,50,74.67,3733.50,2
5739,"PO005739",49,677,20230625,20230715,100,110.76,11076.00,20
5740,"PO005740",72,515,20231116,20231121,150,8.07,1210.50,5
5741,"PO005741",14,599,20250430,20250510,500,72.04,36020.00,10
5742,"PO005742",111,979,20231204,20240114,200,176.48,35296.00,41
5743,"PO005743",6,581,20250326,20250406,500,23.00,11500.00,11
5744,"PO005744",103,932,20241114,20241119,500,7.53,3765.00,5
5745,"PO005745",28,343,20240216,20240310,150,309.55,46432.50,23
5746,"PO005746",60,240,20230501,20230529,750,187.27,140452.50,28
5747,"PO005747",12,423,20230221,20230315,200,65.17,13034.00,22
5748,"PO005748",3,813,20240718,20240803,50,526.66,26333.00,16
5749,"PO005749",47,412,20240503,20240515,1000,16.53,16530.00,12
5750,"PO005750",91,944,20251227,20260120,50,70.76,3538.00,24
5751,"PO005751",100,403,20230608,20230625,1000,25.31,25310.00,17
5752,"PO005752",46,991,20240815,20240902,100,151.51,15151.00,18
5753,"PO005753",83,704,20230111,20230211,200,78.55,15710.00,31
5754,"PO005754",25,33,20250213,20250310,750,39.10,29325.00,25
5755,"PO005755",111,833,20251203,20260109,300,27.30,8190.00,37
5756,"PO005756",27,959,20240107,20240118,500,48.17,24085.00,11
5757,"PO005757",39,430,20230119,20230205,200,31.35,6270.00,17
5758,"PO005758",118,981,20241125,20241230,100,12.46,1246.00,35
5759,"PO005759",46,924,20231113,20231209,50,142.99,7149.50,26
5760,"PO005760",22,837,20240604,20240619,150,19.68,2952.00,15
5761,"PO005761",61,825,20240320,20240418,150,600.74,90111.00,29
5762,"PO005762",63,676,20240414,20240507,750,575.79,431842.50,23
5763,"PO005763",18,611,20240708,20240730,750,298.50,223875.00,22
5764,"PO005764",99,534,20240612,20240626,500,58.33,29165.00,14
5765,"PO005765",83,330,20230629,20230725,750,22.58,16935.00,26
5766,"PO005766",36,527,20230305,20230323,150,95.48,14322.00,18
5767,"PO005767",99,189,20241005,20241018,1000,84.24,84240.00,13
5768,"PO005768",23,982,20240829,20240902,750,125.98,94485.00,4
5769,"PO005769",81,607,20230527,20230602,200,32.42,6484.00,6
5770,"PO005770",35,736,20240617,20240704,50,5.18,259.00,17
5771,"PO005771",32,99,20230105,20230110,1000,269.51,269510.00,5
5772,"PO005772",68,150,20241006,20241014,150,65.45,9817.50,8
5773,"PO005773",84,916,20250612,20250710,1000,33.40,33400.00,28
5774,"PO005774",70,28,20230228,20230326,1000,144.23,144230.00,26
5775,"PO005775",85,875,20250102,20250115,300,78.83,23649.00,13
5776,"PO005776",41,473,20241123,20241214,150,176.63,26494.50,21
5777,"PO005777",68,150,20230412,20230417,200,65.49,13098.00,5
5778,"PO005778",71,199,20230914,20231004,500,13.80,6900.00,20
5779,"PO005779",65,238,20250519,20250605,500,190.61,95305.00,17
5780,"PO005780",84,501,20231117,20231212,50,42.84,2142.00,25
5781,"PO005781",107,760,20241029,20241125,1000,334.66,334660.00,27
5782,"PO005782",101,885,20250516,20250608,100,150.01,15001.00,23
5783,"PO005783",111,230,20231203,20240114,100,32.66,3266.00,42
5784,"PO005784",59,634,20240327,20240416,150,13.14,1971.00,20
5785,"PO005785",93,705,20231109,20231126,300,145.85,43755.00,17
5786,"PO005786",86,66,20241230,20250109,500,4.11,2055.00,10
5787,"PO005787",108,949,20251017,20251104,750,29.94,22455.00,18
5788,"PO005788",12,312,20240301,20240318,300,301.14,90342.00,17
5789,"PO005789",62,942,20241102,20241202,150,70.62,10593.00,30
5790,"PO005790",41,473,20230122,20230207,1000,167.27,167270.00,16
5791,"PO005791",106,139,20241001,20241026,300,90.89,27267.00,25
5792,"PO005792",120,362,20240327,20240406,500,21.99,10995.00,10
5793,"PO005793",10,751,20250404,20250415,1000,193.05,193050.00,11
5794,"PO005794",67,419,20240427,20240505,100,32.74,3274.00,8
5795,"PO005795",44,201,20250307,20250401,1000,31.53,31530.00,25
5796,"PO005796",31,317,20250114,20250201,1000,62.03,62030.00,18
5797,"PO005797",21,297,20230923,20231013,1000,24.34,24340.00,20
5798,"PO005798",48,556,20240407,20240420,100,103.59,10359.00,13
5799,"PO005799",71,995,20250228,20250316,300,10.95,3285.00,16
5800,"PO005800",75,441,20230221,20230315,200,25.40,5080.00,22
5801,"PO005801",9,636,20230701,20230709,200,101.10,20220.00,8
5802,"PO005802",61,870,20240101,20240120,750,21.13,15847.50,19
5803,"PO005803",92,128,20240207,20240215,50,95.32,4766.00,8
5804,"PO005804",66,672,20231108,20231117,50,45.29,2264.50,9
5805,"PO005805",8,577,20230824,20230826,300,11.32,3396.00,2
5806,"PO005806",84,123,20240517,20240611,150,103.08,15462.00,25
5807,"PO005807",70,251,20251102,20251128,200,88.35,17670.00,26
5808,"PO005808",44,946,20240117,20240214,100,141.95,14195.00,28
5809,"PO005809",30,591,20230504,20230525,750,38.20,28650.00,21
5810,"PO005810",14,245,20240307,20240310,200,87.47,17494.00,3
5811,"PO005811",22,810,20230130,20230214,100,60.39,6039.00,15
5812,"PO005812",31,350,20230527,20230604,1000,23.76,23760.00,8
5813,"PO005813",52,5,20241218,20250101,750,70.06,52545.00,14
5814,"PO005814",57,160,20250321,20250403,300,8.12,2436.00,13
5815,"PO005815",106,759,20240716,20240804,50,45.86,2293.00,19
5816,"PO005816",110,214,20241017,20241030,500,35.10,17550.00,13
5817,"PO005817",37,285,20231103,20231117,1000,2.14,2140.00,14
5818,"PO005818",104,282,20251129,20251221,500,543.57,271785.00,22
5819,"PO005819",59,968,20250410,20250428,500,33.27,16635.00,18
5820,"PO005820",47,449,20250327,20250405,150,59.31,8896.50,9
5821,"PO005821",78,817,20240604,20240624,300,239.53,71859.00,20
5822,"PO005822",32,99,20250328,20250404,1000,262.67,262670.00,7
5823,"PO005823",58,365,20250226,20250318,100,79.01,7901.00,20
5824,"PO005824",115,106,20240923,20241004,500,94.73,47365.00,11
5825,"PO005825",103,451,20230707,20230712,200,351.37,70274.00,5
5826,"PO005826",1,483,20250919,20251013,150,151.61,22741.50,24
5827,"PO005827",13,685,20230603,20230613,500,7.89,3945.00,10
5828,"PO005828",85,91,20231214,20231228,1000,142.78,142780.00,14
5829,"PO005829",64,771,20250606,20250613,100,86.93,8693.00,7
5830,"PO005830",52,5,20251014,20251027,300,71.21,21363.00,13
5831,"PO005831",7,915,20231016,20231107,200,31.75,6350.00,22
5832,"PO005832",12,440,20251005,20251024,1000,12.36,12360.00,19
5833,"PO005833",65,238,20230823,20230910,50,178.00,8900.00,18
5834,"PO005834",33,152,20231024,20231115,150,265.12,39768.00,22
5835,"PO005835",27,529,20230919,20230927,100,64.16,6416.00,8
5836,"PO005836",120,362,20231113,20231126,750,21.71,16282.50,13
5837,"PO005837",94,520,20240606,20240626,750,87.54,65655.00,20
5838,"PO005838",72,961,20250908,20250910,300,706.13,211839.00,2
5839,"PO005839",25,352,20231018,20231108,750,144.90,108675.00,21
5840,"PO005840",88,255,20240921,20241016,300,3.01,903.00,25
5841,"PO005841",97,627,20240418,20240509,500,639.39,319695.00,21
5842,"PO005842",28,873,20240304,20240401,300,35.19,10557.00,28
5843,"PO005843",38,613,20230310,20230311,1000,111.22,111220.00,1
5844,"PO005844",21,297,20240416,20240510,100,25.11,2511.00,24
5845,"PO005845",86,115,20251227,20260105,200,136.57,27314.00,9
5846,"PO005846",28,37,20250321,20250413,750,164.19,123142.50,23
5847,"PO005847",108,234,20230513,20230525,200,232.73,46546.00,12
5848,"PO005848",58,756,20230719,20230801,200,168.81,33762.00,13
5849,"PO005849",76,647,20241101,20241119,200,29.27,5854.00,18
5850,"PO005850",16,385,20240123,20240204,200,9.80,1960.00,12
5851,"PO005851",22,810,20250811,20250823,750,57.89,43417.50,12
5852,"PO005852",61,825,20240808,20240901,100,593.06,59306.00,24
5853,"PO005853",101,71,20240217,20240311,200,685.72,137144.00,23
5854,"PO005854",43,482,20231022,20231102,100,121.03,12103.00,11
5855,"PO005855",80,874,20251121,20251127,750,71.04,53280.00,6
5856,"PO005856",19,836,20240303,20240322,750,8.28,6210.00,19
5857,"PO005857",51,584,20240606,20240608,200,203.30,40660.00,2
5858,"PO005858",96,956,20250303,20250315,150,222.27,33340.50,12
5859,"PO005859",118,673,20231031,20231202,1000,103.38,103380.00,32
5860,"PO005860",40,149,20230920,20231008,300,35.20,10560.00,18
5861,"PO005861",55,682,20250508,20250526,300,764.64,229392.00,18
5862,"PO005862",92,494,20241108,20241117,200,71.74,14348.00,9
5863,"PO005863",27,583,20240111,20240125,150,278.17,41725.50,14
5864,"PO005864",91,944,20250118,20250211,50,73.77,3688.50,24
5865,"PO005865",95,557,20240325,20240404,100,5.73,573.00,10
5866,"PO005866",109,135,20250501,20250510,1000,148.96,148960.00,9
5867,"PO005867",106,806,20250927,20251019,150,28.78,4317.00,22
5868,"PO005868",106,257,20240710,20240805,750,52.87,39652.50,26
5869,"PO005869",113,52,20250429,20250514,300,290.56,87168.00,15
5870,"PO005870",77,16,20250831,20250911,150,63.28,9492.00,11
5871,"PO005871",7,867,20230208,20230303,750,415.08,311310.00,23
5872,"PO005872",46,772,20240316,20240402,150,77.90,11685.00,17
5873,"PO005873",110,579,20231024,20231104,150,93.83,14074.50,11
5874,"PO005874",60,439,20240808,20240905,150,611.55,91732.50,28
5875,"PO005875",70,251,20240118,20240212,50,90.38,4519.00,25
5876,"PO005876",30,790,20230228,20230315,1000,225.30,225300.00,15
5877,"PO005877",43,610,20250218,20250227,1000,73.18,73180.00,9
5878,"PO005878",8,109,20230820,20230827,150,66.84,10026.00,7
5879,"PO005879",103,311,20230204,20230211,100,130.47,13047.00,7
5880,"PO005880",3,813,20230114,20230128,1000,534.08,534080.00,14
5881,"PO005881",19,788,20250210,20250227,100,15.40,1540.00,17
5882,"PO005882",26,237,20250203,20250223,300,42.31,12693.00,20
5883,"PO005883",18,505,20240213,20240309,500,9.48,4740.00,25
5884,"PO005884",27,583,20240216,20240225,100,261.82,26182.00,9
5885,"PO005885",102,363,20241215,20250112,150,93.68,14052.00,28
5886,"PO005886",101,993,20241030,20241121,300,4.79,1437.00,22
5887,"PO005887",69,51,20240801,20240811,500,13.19,6595.00,10
5888,"PO005888",2,264,20240202,20240226,100,708.17,70817.00,24
5889,"PO005889",46,372,20240515,20240525,150,144.84,21726.00,10
5890,"PO005890",106,759,20251203,20251226,50,46.26,2313.00,23
5891,"PO005891",72,283,20230707,20230708,300,6.60,1980.00,1
5892,"PO005892",99,593,20241103,20241109,500,74.50,37250.00,6
5893,"PO005893",97,141,20230610,20230629,150,25.59,3838.50,19
5894,"PO005894",76,480,20240107,20240124,1000,149.03,149030.00,17
5895,"PO005895",4,290,20250130,20250303,750,12.25,9187.50,32
5896,"PO005896",33,375,20240602,20240627,750,376.95,282712.50,25
5897,"PO005897",75,77,20250516,20250607,1000,601.60,601600.00,22
5898,"PO005898",30,217,20231218,20240104,300,630.32,189096.00,17
5899,"PO005899",101,173,20250529,20250616,300,354.58,106374.00,18
5900,"PO005900",104,667,20240730,20240821,50,475.78,23789.00,22
5901,"PO005901",42,485,20240901,20241002,500,46.23,23115.00,31
5902,"PO005902",43,926,20250307,20250317,100,25.48,2548.00,10
5903,"PO005903",82,744,20230828,20230926,200,583.45,116690.00,29
5904,"PO005904",18,697,20250505,20250527,100,254.59,25459.00,22
5905,"PO005905",119,503,20230417,20230419,50,112.82,5641.00,2
5906,"PO005906",100,973,20240811,20240829,750,823.18,617385.00,18
5907,"PO005907",3,813,20250114,20250127,50,547.89,27394.50,13
5908,"PO005908",53,31,20240722,20240803,750,12.54,9405.00,12
5909,"PO005909",7,867,20230117,20230209,300,414.28,124284.00,23
5910,"PO005910",5,957,20241018,20241031,200,91.09,18218.00,13
5911,"PO005911",80,191,20230221,20230228,300,275.26,82578.00,7
5912,"PO005912",41,279,20241120,20241130,150,15.41,2311.50,10
5913,"PO005913",42,120,20240918,20241014,200,48.92,9784.00,26
5914,"PO005914",115,624,20250404,20250417,50,574.37,28718.50,13
5915,"PO005915",43,898,20230703,20230716,500,208.84,104420.00,13
5916,"PO005916",76,843,20241221,20250111,300,30.90,9270.00,21
5917,"PO005917",43,727,20250528,20250604,500,48.46,24230.00,7
5918,"PO005918",48,15,20230519,20230601,150,140.86,21129.00,13
5919,"PO005919",31,541,20230725,20230804,200,22.02,4404.00,10
5920,"PO005920",43,934,20231224,20240103,500,230.55,115275.00,10
5921,"PO005921",42,321,20250906,20251007,500,23.98,11990.00,31
5922,"PO005922",44,792,20241106,20241203,750,32.20,24150.00,27
5923,"PO005923",2,950,20230509,20230601,1000,12.01,12010.00,23
5924,"PO005924",71,199,20241008,20241027,100,13.20,1320.00,19
5925,"PO005925",33,233,20250720,20250815,500,201.93,100965.00,26
5926,"PO005926",72,306,20250301,20250304,200,100.44,20088.00,3
5927,"PO005927",78,817,20230111,20230130,200,237.80,47560.00,19
5928,"PO005928",88,701,20230311,20230402,150,69.34,10401.00,22
5929,"PO005929",70,251,20230209,20230307,750,86.52,64890.00,26
5930,"PO005930",52,738,20230315,20230401,500,175.93,87965.00,17
5931,"PO005931",50,847,20231230,20240122,150,36.31,5446.50,23
5932,"PO005932",57,298,20230503,20230519,750,340.47,255352.50,16
5933,"PO005933",54,360,20251106,20251209,200,307.63,61526.00,33
5934,"PO005934",110,579,20230206,20230223,1000,94.51,94510.00,17
5935,"PO005935",17,417,20241025,20241112,1000,557.28,557280.00,18
5936,"PO005936",65,84,20250218,20250308,500,10.19,5095.00,18
5937,"PO005937",84,938,20241212,20250106,500,265.14,132570.00,25
5938,"PO005938",102,363,20240425,20240523,200,94.36,18872.00,28
5939,"PO005939",54,360,20250211,20250319,200,289.43,57886.00,36
5940,"PO005940",102,784,20251209,20260107,200,92.72,18544.00,29
5941,"PO005941",92,371,20240303,20240311,50,85.20,4260.00,8
5942,"PO005942",94,912,20250520,20250611,300,218.44,65532.00,22
5943,"PO005943",31,350,20240726,20240808,200,24.37,4874.00,13
5944,"PO005944",108,116,20240328,20240410,500,828.46,414230.00,13
5945,"PO005945",46,991,20241228,20250113,200,154.47,30894.00,16
5946,"PO005946",90,674,20250925,20251010,150,22.19,3328.50,15
5947,"PO005947",73,87,20250503,20250524,50,48.94,2447.00,21
5948,"PO005948",58,327,20251218,20260103,500,32.03,16015.00,16
5949,"PO005949",11,587,20250131,20250227,300,135.15,40545.00,27
5950,"PO005950",66,434,20241029,20241104,750,31.17,23377.50,6
5951,"PO005951",42,120,20240706,20240807,500,48.81,24405.00,32
5952,"PO005952",31,805,20230318,20230330,50,98.23,4911.50,12
5953,"PO005953",106,278,20241209,20241230,100,15.87,1587.00,21
5954,"PO005954",44,877,20240928,20241022,200,322.05,64410.00,24
5955,"PO005955",24,1000,20230430,20230512,1000,36.51,36510.00,12
5956,"PO005956",97,124,20230202,20230221,200,136.69,27338.00,19
5957,"PO005957",68,100,20240915,20240926,300,282.11,84633.00,11
5958,"PO005958",82,504,20240801,20240830,50,462.60,23130.00,29
5959,"PO005959",35,178,20240824,20240914,50,51.28,2564.00,21
5960,"PO005960",80,191,20230729,20230808,100,257.75,25775.00,10
5961,"PO005961",3,713,20231126,20231210,1000,62.38,62380.00,14
5962,"PO005962",70,28,20230617,20230712,750,137.59,103192.50,25
5963,"PO005963",101,799,20250601,20250622,300,36.74,11022.00,21
5964,"PO005964",75,622,20250618,20250711,300,251.19,75357.00,23
5965,"PO005965",32,741,20250721,20250729,300,21.55,6465.00,8
5966,"PO005966",42,952,20230913,20231016,200,1.70,340.00,33
5967,"PO005967",21,409,20251006,20251023,750,17.40,13050.00,17
5968,"PO005968",44,425,20251027,20251121,100,91.00,9100.00,25
5969,"PO005969",94,433,20240307,20240329,300,94.73,28419.00,22
5970,"PO005970",53,185,20240422,20240504,750,40.59,30442.50,12
5971,"PO005971",88,701,20231010,20231101,300,69.08,20724.00,22
5972,"PO005972",91,157,20231111,20231204,50,34.26,1713.00,23
5973,"PO005973",78,817,20230730,20230818,200,226.85,45370.00,19
5974,"PO005974",105,101,20240523,20240611,500,74.32,37160.00,19
5975,"PO005975",47,242,20251228,20260108,150,53.72,8058.00,11
5976,"PO005976",44,792,20230917,20231013,150,32.28,4842.00,26
5977,"PO005977",106,663,20230201,20230228,100,107.81,10781.00,27
5978,"PO005978",18,505,20250928,20251024,150,9.26,1389.00,26
5979,"PO005979",88,766,20230716,20230803,500,94.70,47350.00,18
5980,"PO005980",76,647,20240503,20240524,750,29.23,21922.50,21
5981,"PO005981",9,334,20230628,20230705,150,571.99,85798.50,7
5982,"PO005982",103,734,20250725,20250802,1000,183.00,183000.00,8
5983,"PO005983",59,295,20250724,20250812,50,5.78,289.00,19
5984,"PO005984",46,372,20251020,20251108,200,141.16,28232.00,19
5985,"PO005985",90,853,20241221,20250111,50,81.93,4096.50,21
5986,"PO005986",95,998,20240315,20240329,300,85.55,25665.00,14
5987,"PO005987",86,394,20250926,20251002,150,9.96,1494.00,6
5988,"PO005988",38,558,20241225,20241231,1000,756.70,756700.00,6
5989,"PO005989",58,773,20230731,20230818,100,36.08,3608.00,18
5990,"PO005990",11,18,20230315,20230413,300,61.10,18330.00,29
5991,"PO005991",106,663,20250206,20250226,100,114.55,11455.00,20
5992,"PO005992",25,33,20251015,20251031,50,37.57,1878.50,16
5993,"PO005993",91,997,20231016,20231103,750,471.11,353332.50,18
5994,"PO005994",1,97,20251130,20251222,200,51.37,10274.00,22
5995,"PO005995",106,447,20231231,20240119,50,12.57,628.50,19
5996,"PO005996",29,72,20250627,20250704,500,358.29,179145.00,7
5997,"PO005997",77,530,20230516,20230531,50,152.20,7610.00,15
5998,"PO005998",106,759,20231210,20231231,200,47.97,9594.00,21
5999,"PO005999",114,346,20240111,20240124,1000,61.81,61810.00,13
6000,"PO006000",76,843,20230908,20230928,150,29.73,4459.50,20
6001,"PO006001",93,202,20230413,20230420,1000,70.32,70320.00,7
6002,"PO006002",78,432,20250502,20250521,50,199.40,9970.00,19
6003,"PO006003",55,691,20230206,20230226,50,20.65,1032.50,20
6004,"PO006004",106,278,20251024,20251112,750,16.59,12442.50,19
6005,"PO006005",10,594,20241004,20241017,100,97.59,9759.00,13
6006,"PO006006",51,641,20230911,20230918,500,70.09,35045.00,7
6007,"PO006007",42,952,20250518,20250620,750,1.71,1282.50,33
6008,"PO006008",94,903,20230803,20230826,100,537.84,53784.00,23
6009,"PO006009",87,396,20231224,20240120,150,3.19,478.50,27
6010,"PO006010",35,573,20240610,20240705,1000,6.01,6010.00,25
6011,"PO006011",7,867,20240618,20240708,300,425.81,127743.00,20
6012,"PO006012",16,304,20240331,20240414,300,272.52,81756.00,14
6013,"PO006013",90,720,20230811,20230829,750,296.23,222172.50,18
6014,"PO006014",59,968,20231124,20231211,150,35.51,5326.50,17
6015,"PO006015",99,415,20230211,20230219,150,201.63,30244.50,8
6016,"PO006016",51,552,20240218,20240219,200,112.69,22538.00,1
6017,"PO006017",26,237,20230405,20230425,200,41.76,8352.00,20
6018,"PO006018",82,863,20240326,20240426,100,553.37,55337.00,31
6019,"PO006019",83,826,20231012,20231106,300,5.39,1617.00,25
6020,"PO006020",37,922,20230922,20231009,500,206.04,103020.00,17
6021,"PO006021",57,218,20251025,20251113,150,202.83,30424.50,19
6022,"PO006022",47,82,20240629,20240709,150,26.25,3937.50,10
6023,"PO006023",91,997,20240128,20240217,100,462.63,46263.00,20
6024,"PO006024",28,692,20240306,20240402,200,325.72,65144.00,27
6025,"PO006025",97,627,20231125,20231211,50,641.84,32092.00,16
6026,"PO006026",31,541,20231116,20231125,300,23.24,6972.00,9
6027,"PO006027",76,649,20241226,20250115,200,37.65,7530.00,20
6028,"PO006028",57,431,20230324,20230411,300,490.98,147294.00,18
6029,"PO006029",70,518,20230316,20230406,500,614.68,307340.00,21
6030,"PO006030",6,426,20240329,20240411,500,636.51,318255.00,13
6031,"PO006031",75,460,20230227,20230321,750,119.01,89257.50,22
6032,"PO006032",116,358,20230707,20230718,100,842.09,84209.00,11
6033,"PO006033",53,185,20230224,20230312,1000,40.33,40330.00,16
6034,"PO006034",15,126,20241217,20241229,50,110.76,5538.00,12
6035,"PO006035",25,154,20250202,20250223,750,10.87,8152.50,21
6036,"PO006036",19,3,20230129,20230214,200,77.16,15432.00,16
6037,"PO006037",100,755,20250615,20250707,750,95.49,71617.50,22
6038,"PO006038",85,338,20240315,20240327,150,114.55,17182.50,12
6039,"PO006039",5,957,20240223,20240311,50,95.21,4760.50,17
6040,"PO006040",15,510,20230924,20231006,750,254.79,191092.50,12
6041,"PO006041",82,744,20240426,20240524,50,573.42,28671.00,28
6042,"PO006042",44,378,20250826,20250920,1000,106.07,106070.00,25
6043,"PO006043",41,207,20230704,20230720,50,14.29,714.50,16
6044,"PO006044",53,253,20230406,20230422,150,91.38,13707.00,16
6045,"PO006045",12,312,20250118,20250209,1000,283.26,283260.00,22
6046,"PO006046",39,854,20240612,20240628,200,276.93,55386.00,16
6047,"PO006047",109,706,20241230,20250110,200,26.87,5374.00,11
6048,"PO006048",4,987,20240113,20240217,300,436.34,130902.00,35
6049,"PO006049",60,439,20240104,20240201,150,618.43,92764.50,28
6050,"PO006050",39,796,20231013,20231025,500,48.74,24370.00,12
6051,"PO006051",17,801,20250914,20250927,50,47.44,2372.00,13
6052,"PO006052",71,995,20240416,20240505,100,11.61,1161.00,19
6053,"PO006053",40,149,20230514,20230601,300,35.60,10680.00,18
6054,"PO006054",3,122,20231217,20240101,100,88.91,8891.00,15
6055,"PO006055",92,380,20240602,20240612,150,38.08,5712.00,10
6056,"PO006056",55,872,20230203,20230221,200,19.14,3828.00,18
6057,"PO006057",66,315,20230122,20230125,300,22.82,6846.00,3
6058,"PO006058",77,179,20230412,20230423,750,33.10,24825.00,11
6059,"PO006059",23,800,20250527,20250601,1000,50.63,50630.00,5
6060,"PO006060",2,443,20240103,20240128,750,7.24,5430.00,25
6061,"PO006061",112,465,20230219,20230314,200,88.68,17736.00,23
6062,"PO006062",103,618,20250725,20250728,300,37.10,11130.00,3
6063,"PO006063",113,986,20250528,20250607,100,10.43,1043.00,10
6064,"PO006064",23,982,20230403,20230410,100,130.31,13031.00,7
6065,"PO006065",104,718,20230922,20231010,50,66.85,3342.50,18
6066,"PO006066",102,411,20250416,20250507,200,219.84,43968.00,21
6067,"PO006067",63,656,20250715,20250807,150,48.93,7339.50,23
6068,"PO006068",46,761,20250707,20250725,300,250.60,75180.00,18
6069,"PO006069",78,391,20230511,20230529,200,93.43,18686.00,18
6070,"PO006070",38,601,20230120,20230121,150,766.36,114954.00,1
6071,"PO006071",48,23,20240606,20240617,150,8.45,1267.50,11
6072,"PO006072",37,57,20231029,20231115,1000,47.45,47450.00,17
6073,"PO006073",56,137,20240830,20240831,100,19.75,1975.00,1
6074,"PO006074",95,266,20250129,20250208,200,11.44,2288.00,10
6075,"PO006075",61,322,20241021,20241110,300,29.82,8946.00,20
6076,"PO006076",60,224,20250907,20251004,750,95.35,71512.50,27
6077,"PO006077",5,398,20231229,20240110,200,91.64,18328.00,12
6078,"PO006078",101,684,20230125,20230218,300,13.89,4167.00,24
6079,"PO006079",120,420,20240124,20240205,200,121.93,24386.00,12
6080,"PO006080",82,184,20251127,20251219,50,33.70,1685.00,22
6081,"PO006081",23,523,20231125,20231130,150,129.24,19386.00,5
6082,"PO006082",65,953,20230619,20230703,500,112.88,56440.00,14
6083,"PO006083",72,306,20250225,20250303,100,102.75,10275.00,6
6084,"PO006084",101,993,20241228,20250121,500,4.41,2205.00,24
6085,"PO006085",104,880,20240826,20240917,150,55.97,8395.50,22
6086,"PO006086",84,2,20250402,20250428,100,1.97,197.00,26
6087,"PO006087",31,572,20230716,20230729,150,720.63,108094.50,13
6088,"PO006088",78,391,20240807,20240827,500,98.59,49295.00,20
6089,"PO006089",26,980,20241227,20250116,150,107.61,16141.50,20
6090,"PO006090",102,363,20230228,20230324,300,88.62,26586.00,24
6091,"PO006091",25,154,20250321,20250411,50,11.27,563.50,21
6092,"PO006092",111,161,20230610,20230719,750,185.11,138832.50,39
6093,"PO006093",13,588,20240220,20240304,150,134.27,20140.50,13
6094,"PO006094",57,225,20241003,20241025,300,91.26,27378.00,22
6095,"PO006095",32,783,20251122,20251130,200,30.25,6050.00,8
6096,"PO006096",99,625,20250911,20250915,500,104.33,52165.00,4
6097,"PO006097",68,467,20231124,20231203,200,92.73,18546.00,9
6098,"PO006098",43,926,20241203,20241214,1000,26.34,26340.00,11
6099,"PO006099",23,800,20240830,20240903,50,51.49,2574.50,4
6100,"PO006100",19,836,20240619,20240706,750,8.56,6420.00,17
6101,"PO006101",13,30,20241207,20241219,100,197.19,19719.00,12
6102,"PO006102",33,620,20251030,20251128,200,17.72,3544.00,29
6103,"PO006103",81,7,20241005,20241012,200,580.19,116038.00,7
6104,"PO006104",75,883,20240705,20240728,750,76.66,57495.00,23
6105,"PO006105",62,695,20240701,20240728,750,39.49,29617.50,27
6106,"PO006106",109,287,20241219,20250104,100,12.47,1247.00,16
6107,"PO006107",58,320,20240715,20240729,500,263.31,131655.00,14
6108,"PO006108",111,161,20240229,20240407,1000,176.28,176280.00,38
6109,"PO006109",100,397,20240311,20240328,200,711.32,142264.00,17
6110,"PO006110",102,363,20230804,20230831,750,96.08,72060.00,27
6111,"PO006111",1,743,20230502,20230528,750,61.03,45772.50,26
6112,"PO006112",53,536,20240809,20240822,1000,7.37,7370.00,13
6113,"PO006113",100,973,20241124,20241205,300,788.93,236679.00,11
6114,"PO006114",51,802,20250312,20250322,200,412.05,82410.00,10
6115,"PO006115",29,871,20230530,20230612,1000,47.03,47030.00,13
6116,"PO006116",94,433,20230923,20231017,750,99.81,74857.50,24
6117,"PO006117",42,296,20250918,20251017,500,56.89,28445.00,29
6118,"PO006118",83,708,20251013,20251108,500,183.46,91730.00,26
6119,"PO006119",55,691,20250318,20250409,150,20.50,3075.00,22
6120,"PO006120",29,93,20230831,20230909,50,389.48,19474.00,9
6121,"PO006121",12,955,20250106,20250124,750,679.38,509535.00,18
6122,"PO006122",6,581,20241031,20241111,150,22.08,3312.00,11
6123,"PO006123",73,585,20230821,20230912,500,124.91,62455.00,22
6124,"PO006124",104,786,20230721,20230809,500,169.89,84945.00,19
6125,"PO006125",29,871,20250311,20250320,750,46.04,34530.00,9
6126,"PO006126",5,462,20250708,20250727,150,61.67,9250.50,19
6127,"PO006127",103,451,20251012,20251019,200,346.29,69258.00,7
6128,"PO006128",111,70,20230716,20230825,300,342.60,102780.00,40
6129,"PO006129",47,412,20230627,20230707,1000,16.32,16320.00,10
6130,"PO006130",62,902,20240928,20241024,300,21.63,6489.00,26
6131,"PO006131",57,666,20240228,20240321,200,156.56,31312.00,22
6132,"PO006132",120,550,20230610,20230624,50,94.17,4708.50,14
6133,"PO006133",109,681,20231116,20231127,150,41.03,6154.50,11
6134,"PO006134",20,163,20250210,20250220,500,16.89,8445.00,10
6135,"PO006135",102,381,20240703,20240730,1000,237.77,237770.00,27
6136,"PO006136",37,88,20231218,20240104,50,54.69,2734.50,17
6137,"PO006137",91,795,20250220,20250315,50,14.91,745.50,23
6138,"PO006138",86,86,20241022,20241028,100,74.77,7477.00,6
6139,"PO006139",115,624,20240217,20240228,500,566.78,283390.00,11
6140,"PO006140",43,898,20230321,20230404,200,190.76,38152.00,14
6141,"PO006141",118,851,20250201,20250306,200,23.54,4708.00,33
6142,"PO006142",15,11,20240821,20240903,200,335.75,67150.00,13
6143,"PO006143",11,824,20251213,20260115,750,159.19,119392.50,33
6144,"PO006144",26,687,20240930,20241019,1000,201.73,201730.00,19
6145,"PO006145",46,778,20240922,20241011,100,914.35,91435.00,19
6146,"PO006146",72,62,20250121,20250125,100,243.27,24327.00,4
6147,"PO006147",39,500,20240410,20240501,500,53.28,26640.00,21
6148,"PO006148",40,73,20230712,20230801,200,120.96,24192.00,20
6149,"PO006149",69,370,20251107,20251116,150,817.29,122593.50,9
6150,"PO006150",73,574,20230103,20230123,300,559.76,167928.00,20
6151,"PO006151",118,673,20240901,20241010,750,97.61,73207.50,39
6152,"PO006152",21,639,20250323,20250417,500,108.33,54165.00,25
6153,"PO006153",54,921,20230411,20230514,1000,35.36,35360.00,33
6154,"PO006154",54,299,20240228,20240404,750,235.91,176932.50,36
6155,"PO006155",7,565,20230315,20230405,150,193.04,28956.00,21
6156,"PO006156",33,383,20230403,20230428,1000,38.87,38870.00,25
6157,"PO006157",88,255,20250918,20251009,50,3.21,160.50,21
6158,"PO006158",101,71,20240625,20240718,300,681.04,204312.00,23
6159,"PO006159",30,486,20231223,20240110,300,61.45,18435.00,18
6160,"PO006160",42,485,20241219,20250120,100,46.74,4674.00,32
6161,"PO006161",101,799,20250411,20250508,300,36.87,11061.00,27
6162,"PO006162",100,765,20240421,20240517,150,243.75,36562.50,26
6163,"PO006163",42,497,20241230,20250204,100,2.95,295.00,36
6164,"PO006164",68,100,20231222,20240102,200,293.13,58626.00,11
6165,"PO006165",15,126,20241104,20241113,500,102.49,51245.00,9
6166,"PO006166",10,594,20250913,20250920,150,93.35,14002.50,7
6167,"PO006167",29,871,20240118,20240128,750,49.56,37170.00,10
6168,"PO006168",98,182,20250822,20250907,150,91.85,13777.50,16
6169,"PO006169",103,388,20230620,20230625,50,82.16,4108.00,5
6170,"PO006170",104,718,20240906,20240929,200,67.03,13406.00,23
6171,"PO006171",63,656,20250706,20250802,750,47.21,35407.50,27
6172,"PO006172",110,214,20250514,20250602,1000,37.87,37870.00,19
6173,"PO006173",8,109,20241010,20241014,500,63.74,31870.00,4
6174,"PO006174",17,305,20240802,20240819,1000,220.97,220970.00,17
6175,"PO006175",109,545,20240229,20240309,500,91.40,45700.00,9
6176,"PO006176",60,353,20251031,20251124,750,73.62,55215.00,24
6177,"PO006177",116,65,20240301,20240312,50,171.47,8573.50,11
6178,"PO006178",25,967,20230416,20230507,1000,460.06,460060.00,21
6179,"PO006179",101,799,20250916,20251007,1000,36.86,36860.00,21
6180,"PO006180",99,127,20240821,20240825,750,6.52,4890.00,4
6181,"PO006181",78,232,20250424,20250510,50,130.70,6535.00,16
6182,"PO006182",97,831,20231231,20240121,750,4.33,3247.50,21
6183,"PO006183",64,96,20230924,20231003,750,83.52,62640.00,9
6184,"PO006184",15,126,20250408,20250413,300,102.41,30723.00,5
6185,"PO006185",19,836,20251117,20251203,1000,8.13,8130.00,16
6186,"PO006186",93,929,20231119,20231205,500,569.07,284535.00,16
6187,"PO006187",37,404,20230106,20230123,750,43.55,32662.50,17
6188,"PO006188",58,977,20230103,20230119,750,140.27,105202.50,16
6189,"PO006189",109,407,20230413,20230421,1000,251.36,251360.00,8
6190,"PO006190",19,220,20250316,20250405,750,135.44,101580.00,20
6191,"PO006191",101,595,20240309,20240331,750,61.56,46170.00,22
6192,"PO006192",100,973,20230515,20230602,50,828.82,41441.00,18
6193,"PO006193",102,858,20230803,20230901,100,16.85,1685.00,29
6194,"PO006194",117,927,20240129,20240215,50,283.87,14193.50,17
6195,"PO006195",36,393,20241029,20241119,300,196.34,58902.00,21
6196,"PO006196",104,786,20240417,20240510,1000,168.45,168450.00,23
6197,"PO006197",116,65,20230215,20230302,50,181.62,9081.00,15
6198,"PO006198",14,644,20250805,20250813,50,258.81,12940.50,8
6199,"PO006199",109,407,20230128,20230208,150,261.48,39222.00,11
6200,"PO006200",58,754,20241105,20241123,200,271.79,54358.00,18
6201,"PO006201",106,759,20250414,20250508,150,48.02,7203.00,24
6202,"PO006202",61,328,20231104,20231127,100,31.26,3126.00,23
6203,"PO006203",56,418,20230202,20230203,200,28.94,5788.00,1
6204,"PO006204",14,764,20240429,20240505,150,18.49,2773.50,6
6205,"PO006205",72,283,20250316,20250319,1000,7.28,7280.00,3
6206,"PO006206",25,33,20240905,20240924,150,36.84,5526.00,19
6207,"PO006207",13,30,20250511,20250523,500,193.24,96620.00,12
6208,"PO006208",116,358,20241031,20241113,150,832.43,124864.50,13
6209,"PO006209",70,811,20240123,20240210,300,168.08,50424.00,18
6210,"PO006210",75,77,20230312,20230403,100,622.05,62205.00,22
6211,"PO006211",12,294,20241224,20250111,500,241.92,120960.00,18
6212,"PO006212",29,524,20240121,20240201,100,82.97,8297.00,11
6213,"PO006213",87,244,20251204,20251223,200,266.76,53352.00,19
6214,"PO006214",10,446,20240809,20240815,300,195.05,58515.00,6
6215,"PO006215",18,859,20230703,20230730,500,597.65,298825.00,27
6216,"PO006216",15,510,20230324,20230405,100,264.69,26469.00,12
6217,"PO006217",103,311,20251207,20251214,500,123.04,61520.00,7
6218,"PO006218",46,991,20251116,20251206,150,148.34,22251.00,20
6219,"PO006219",38,601,20250520,20250521,100,771.09,77109.00,1
6220,"PO006220",28,90,20250217,20250318,200,277.11,55422.00,29
6221,"PO006221",60,353,20250117,20250214,200,69.57,13914.00,28
6222,"PO006222",120,197,20251109,20251122,300,34.77,10431.00,13
6223,"PO006223",87,525,20250613,20250630,300,256.74,77022.00,17
6224,"PO006224",66,869,20240301,20240304,100,9.98,998.00,3
6225,"PO006225",40,149,20230821,20230908,750,34.07,25552.50,18
6226,"PO006226",107,675,20231002,20231028,50,63.69,3184.50,26
6227,"PO006227",94,520,20230328,20230419,500,87.64,43820.00,22
6228,"PO006228",92,962,20250309,20250321,500,111.55,55775.00,12
6229,"PO006229",64,771,20240325,20240403,100,88.93,8893.00,9
6230,"PO006230",23,319,20250225,20250302,200,149.36,29872.00,5
6231,"PO006231",31,376,20240413,20240425,150,735.76,110364.00,12
6232,"PO006232",100,459,20230825,20230912,1000,62.47,62470.00,18
6233,"PO006233",106,663,20231206,20231230,750,108.96,81720.00,24
6234,"PO006234",76,647,20240119,20240208,750,28.91,21682.50,20
6235,"PO006235",68,301,20250829,20250902,500,457.97,228985.00,4
6236,"PO006236",42,735,20230821,20230921,1000,106.11,106110.00,31
6237,"PO006237",78,389,20230702,20230724,100,258.51,25851.00,22
6238,"PO006238",25,154,20250921,20251011,200,11.61,2322.00,20
6239,"PO006239",62,902,20230905,20231006,750,20.27,15202.50,31
6240,"PO006240",79,54,20240625,20240727,50,283.53,14176.50,32
6241,"PO006241",9,334,20250206,20250215,100,524.61,52461.00,9
6242,"PO006242",49,941,20250823,20250914,300,29.55,8865.00,22
6243,"PO006243",101,990,20230723,20230816,300,122.49,36747.00,24
6244,"PO006244",113,914,20230318,20230404,1000,10.60,10600.00,17
6245,"PO006245",39,55,20231112,20231130,300,82.39,24717.00,18
6246,"PO006246",87,241,20250812,20250828,300,43.58,13074.00,16
6247,"PO006247",79,54,20230307,20230410,500,270.10,135050.00,34
6248,"PO006248",35,178,20250709,20250725,300,47.29,14187.00,16
6249,"PO006249",46,372,20231114,20231204,750,141.01,105757.50,20
6250,"PO006250",99,469,20240627,20240707,500,13.51,6755.00,10
6251,"PO006251",106,806,20241209,20241229,300,29.18,8754.00,20
6252,"PO006252",31,752,20250601,20250614,200,34.19,6838.00,13
6253,"PO006253",80,213,20251124,20251204,750,347.00,260250.00,10
6254,"PO006254",109,681,20230204,20230214,100,39.67,3967.00,10
6255,"PO006255",8,32,20241230,20241231,150,4.76,714.00,1
6256,"PO006256",117,779,20240417,20240506,300,8.89,2667.00,19
6257,"PO006257",112,210,20240923,20241017,750,9.08,6810.00,24
6258,"PO006258",98,976,20250927,20251016,300,69.63,20889.00,19
6259,"PO006259",62,111,20230713,20230811,50,33.01,1650.50,29
6260,"PO006260",98,155,20230420,20230513,500,324.21,162105.00,23
6261,"PO006261",66,315,20240528,20240602,300,21.80,6540.00,5
6262,"PO006262",43,610,20240915,20240924,150,73.86,11079.00,9
6263,"PO006263",42,735,20250602,20250702,150,110.22,16533.00,30
6264,"PO006264",7,867,20230527,20230619,1000,417.50,417500.00,23
6265,"PO006265",73,582,20230523,20230609,1000,353.92,353920.00,17
6266,"PO006266",48,399,20241217,20250103,300,103.63,31089.00,17
6267,"PO006267",39,500,20230430,20230518,150,56.21,8431.50,18
6268,"PO006268",13,448,20240122,20240206,750,191.71,143782.50,15
6269,"PO006269",28,532,20250729,20250826,200,73.83,14766.00,28
6270,"PO006270",77,44,20251124,20251203,750,710.72,533040.00,9
6271,"PO006271",11,824,20231028,20231201,1000,160.41,160410.00,34
6272,"PO006272",87,525,20241212,20250102,300,277.33,83199.00,21
6273,"PO006273",14,245,20240109,20240114,750,86.08,64560.00,5
6274,"PO006274",56,571,20231020,20231021,150,145.86,21879.00,1
6275,"PO006275",42,952,20230113,20230213,1000,1.77,1770.00,31
6276,"PO006276",117,779,20230510,20230529,500,9.24,4620.00,19
6277,"PO006277",20,163,20251117,20251126,50,16.88,844.00,9
6278,"PO006278",33,152,20250712,20250808,50,242.48,12124.00,27
6279,"PO006279",102,276,20241125,20241221,300,243.16,72948.00,26
6280,"PO006280",47,412,20240520,20240529,150,17.20,2580.00,9
6281,"PO006281",88,989,20241009,20241029,200,859.49,171898.00,20
6282,"PO006282",109,135,20230203,20230215,150,152.77,22915.50,12
6283,"PO006283",108,14,20251126,20251208,200,32.69,6538.00,12
6284,"PO006284",53,31,20240129,20240214,1000,12.52,12520.00,16
6285,"PO006285",118,183,20240220,20240326,750,126.03,94522.50,35
6286,"PO006286",51,414,20231218,20231223,200,34.90,6980.00,5
6287,"PO006287",57,349,20250901,20250920,50,646.99,32349.50,19
6288,"PO006288",92,105,20251014,20251017,1000,149.13,149130.00,3
6289,"PO006289",104,880,20240318,20240409,750,54.11,40582.50,22
6290,"PO006290",15,11,20250613,20250624,500,337.03,168515.00,11
6291,"PO006291",35,178,20230307,20230331,200,51.10,10220.00,24
6292,"PO006292",67,419,20231219,20240102,100,30.86,3086.00,14
6293,"PO006293",47,596,20230531,20230612,500,127.12,63560.00,12
6294,"PO006294",47,82,20230801,20230812,300,28.12,8436.00,11
6295,"PO006295",67,920,20230612,20230624,500,156.43,78215.00,12
6296,"PO006296",12,148,20231120,20231209,1000,55.27,55270.00,19
6297,"PO006297",62,902,20240109,20240212,50,20.91,1045.50,34
6298,"PO006298",12,423,20250118,20250206,750,60.23,45172.50,19
6299,"PO006299",90,716,20250813,20250829,500,335.15,167575.00,16
6300,"PO006300",57,298,20240617,20240704,50,331.42,16571.00,17
6301,"PO006301",66,729,20250513,20250514,100,71.59,7159.00,1
6302,"PO006302",31,805,20240723,20240805,200,101.39,20278.00,13
6303,"PO006303",81,607,20230816,20230821,500,33.18,16590.00,5
6304,"PO006304",104,667,20230626,20230719,750,486.09,364567.50,23
6305,"PO006305",36,75,20251002,20251020,750,12.53,9397.50,18
6306,"PO006306",84,501,20250517,20250612,750,39.78,29835.00,26
6307,"PO006307",112,284,20240717,20240809,100,69.31,6931.00,23
6308,"PO006308",80,893,20251018,20251025,300,12.48,3744.00,7
6309,"PO006309",54,658,20240905,20241010,200,58.53,11706.00,35
6310,"PO006310",31,376,20230927,20231014,100,686.22,68622.00,17
6311,"PO006311",10,751,20230422,20230429,300,206.89,62067.00,7
6312,"PO006312",41,207,20240517,20240602,750,14.13,10597.50,16
6313,"PO006313",71,964,20240516,20240602,750,77.54,58155.00,17
6314,"PO006314",4,291,20240511,20240608,150,30.42,4563.00,28
6315,"PO006315",14,599,20240114,20240121,1000,68.15,68150.00,7
6316,"PO006316",80,125,20240516,20240523,200,30.22,6044.00,7
6317,"PO006317",6,60,20240516,20240529,50,281.89,14094.50,13
6318,"PO006318",92,128,20240902,20240908,750,96.31,72232.50,6
6319,"PO006319",61,267,20250220,20250320,150,23.62,3543.00,28
6320,"PO006320",45,300,20250316,20250329,1000,70.88,70880.00,13
6321,"PO006321",43,482,20240131,20240213,150,119.67,17950.50,13
6322,"PO006322",5,519,20251213,20251226,50,15.13,756.50,13
6323,"PO006323",52,5,20240408,20240422,100,70.85,7085.00,14
6324,"PO006324",27,427,20240926,20241007,500,316.34,158170.00,11
6325,"PO006325",3,637,20250807,20250820,1000,474.42,474420.00,13
6326,"PO006326",43,926,20241105,20241114,150,26.41,3961.50,9
6327,"PO006327",50,832,20240514,20240603,500,44.38,22190.00,20
6328,"PO006328",99,593,20241223,20250105,1000,74.89,74890.00,13
6329,"PO006329",48,730,20250305,20250319,500,300.99,150495.00,14
6330,"PO006330",43,898,20240624,20240704,500,205.11,102555.00,10
6331,"PO006331",19,3,20230726,20230813,150,77.48,11622.00,18
6332,"PO006332",117,359,20250221,20250316,500,216.24,108120.00,23
6333,"PO006333",90,379,20240711,20240725,200,63.80,12760.00,14
6334,"PO006334",58,102,20250529,20250614,100,37.45,3745.00,16
6335,"PO006335",32,164,20250327,20250408,300,480.49,144147.00,12
6336,"PO006336",100,765,20230130,20230215,150,234.44,35166.00,16
6337,"PO006337",77,165,20250604,20250613,50,34.52,1726.00,9
6338,"PO006338",25,879,20230306,20230327,200,8.91,1782.00,21
6339,"PO006339",83,325,20240728,20240825,750,149.56,112170.00,28
6340,"PO006340",101,615,20250602,20250623,200,30.62,6124.00,21
6341,"PO006341",21,53,20240812,20240902,50,24.38,1219.00,21
6342,"PO006342",37,922,20251022,20251108,200,218.16,43632.00,17
6343,"PO006343",14,245,20230607,20230620,200,82.78,16556.00,13
6344,"PO006344",78,180,20240526,20240614,50,8.58,429.00,19
6345,"PO006345",11,18,20251120,20251224,300,62.99,18897.00,34
6346,"PO006346",26,776,20251121,20251213,1000,115.35,115350.00,22
6347,"PO006347",26,740,20251016,20251108,500,11.46,5730.00,23
6348,"PO006348",6,426,20241003,20241014,500,658.89,329445.00,11
6349,"PO006349",64,428,20231126,20231203,100,15.50,1550.00,7
6350,"PO006350",37,335,20230626,20230710,750,400.72,300540.00,14
6351,"PO006351",38,601,20231130,20231201,750,721.78,541335.00,1
6352,"PO006352",99,303,20230518,20230529,500,469.46,234730.00,11
6353,"PO006353",6,547,20231020,20231105,750,5.01,3757.50,16
6354,"PO006354",93,966,20250201,20250221,150,240.02,36003.00,20
6355,"PO006355",27,818,20250603,20250611,200,203.00,40600.00,8
6356,"PO006356",26,980,20240312,20240328,300,105.00,31500.00,16
6357,"PO006357",49,941,20231118,20231210,150,28.50,4275.00,22
6358,"PO006358",113,537,20250728,20250816,100,140.40,14040.00,19
6359,"PO006359",102,363,20230303,20230331,100,89.88,8988.00,28
6360,"PO006360",91,795,20250329,20250418,1000,15.03,15030.00,20
6361,"PO006361",90,674,20230829,20230913,750,23.35,17512.50,15
6362,"PO006362",82,184,20250105,20250203,50,34.09,1704.50,29
6363,"PO006363",96,200,20250411,20250425,750,25.35,19012.50,14
6364,"PO006364",60,196,20250131,20250228,200,48.81,9762.00,28
6365,"PO006365",50,227,20241019,20241101,1000,81.53,81530.00,13
6366,"PO006366",37,335,20240908,20240929,200,390.85,78170.00,21
6367,"PO006367",29,524,20241012,20241026,300,84.02,25206.00,14
6368,"PO006368",43,926,20230603,20230613,200,27.25,5450.00,10
6369,"PO006369",57,160,20230615,20230630,200,8.27,1654.00,15
6370,"PO006370",29,524,20251107,20251117,150,80.51,12076.50,10
6371,"PO006371",43,898,20250624,20250701,150,208.87,31330.50,7
6372,"PO006372",106,663,20231231,20240123,1000,108.11,108110.00,23
6373,"PO006373",62,429,20230221,20230322,50,105.51,5275.50,29
6374,"PO006374",80,92,20250311,20250316,200,46.33,9266.00,5
6375,"PO006375",35,114,20230917,20231006,1000,33.75,33750.00,19
6376,"PO006376",27,959,20250510,20250522,300,47.06,14118.00,12
6377,"PO006377",51,552,20251024,20251028,500,115.29,57645.00,4
6378,"PO006378",34,762,20251103,20251118,100,178.69,17869.00,15
6379,"PO006379",69,670,20231030,20231109,300,678.61,203583.00,10
6380,"PO006380",96,726,20250627,20250710,1000,70.16,70160.00,13
6381,"PO006381",87,395,20250822,20250909,750,69.49,52117.50,18
6382,"PO006382",61,94,20240501,20240526,750,143.24,107430.00,25
6383,"PO006383",14,608,20240415,20240422,50,58.38,2919.00,7
6384,"PO006384",14,644,20250607,20250614,50,271.14,13557.00,7
6385,"PO006385",92,105,20230520,20230526,300,145.38,43614.00,6
6386,"PO006386",117,359,20230819,20230909,150,214.50,32175.00,21
6387,"PO006387",9,334,20240914,20240922,1000,551.50,551500.00,8
6388,"PO006388",32,24,20240626,20240706,200,2.12,424.00,10
6389,"PO006389",46,772,20250307,20250327,300,78.37,23511.00,20
6390,"PO006390",58,327,20250318,20250403,150,31.63,4744.50,16
6391,"PO006391",64,428,20250706,20250711,1000,16.13,16130.00,5
6392,"PO006392",18,971,20231202,20231225,200,34.35,6870.00,23
6393,"PO006393",62,612,20230619,20230719,100,105.68,10568.00,30
6394,"PO006394",74,511,20231026,20231031,500,488.65,244325.00,5
6395,"PO006395",97,627,20230418,20230509,1000,611.69,611690.00,21
6396,"PO006396",75,984,20240420,20240507,1000,660.01,660010.00,17
6397,"PO006397",67,512,20250713,20250724,1000,65.06,65060.00,11
6398,"PO006398",56,571,20240206,20240207,300,151.46,45438.00,1
6399,"PO006399",13,30,20250629,20250711,50,191.61,9580.50,12
6400,"PO006400",41,416,20250823,20250909,1000,744.36,744360.00,17
6401,"PO006401",60,353,20250730,20250827,750,72.22,54165.00,28
6402,"PO006402",21,68,20251209,20251231,150,209.35,31402.50,22
6403,"PO006403",76,260,20241112,20241202,200,604.14,120828.00,20
6404,"PO006404",51,516,20250426,20250502,100,26.84,2684.00,6
6405,"PO006405",91,671,20231113,20231203,500,8.43,4215.00,20
6406,"PO006406",111,833,20240414,20240522,50,28.14,1407.00,38
6407,"PO006407",2,264,20240702,20240725,200,747.97,149594.00,23
6408,"PO006408",88,989,20240322,20240412,1000,872.25,872250.00,21
6409,"PO006409",82,504,20241005,20241103,1000,478.73,478730.00,29
6410,"PO006410",27,529,20231213,20231216,100,64.25,6425.00,3
6411,"PO006411",44,425,20250706,20250804,300,83.73,25119.00,29
6412,"PO006412",104,696,20250612,20250706,300,146.39,43917.00,24
6413,"PO006413",57,431,20250926,20251011,750,496.38,372285.00,15
6414,"PO006414",97,121,20240307,20240330,300,496.09,148827.00,23
6415,"PO006415",37,876,20250617,20250704,100,11.07,1107.00,17
6416,"PO006416",119,819,20241212,20241215,300,41.03,12309.00,3
6417,"PO006417",50,227,20250114,20250201,150,76.07,11410.50,18
6418,"PO006418",107,866,20240506,20240530,150,79.38,11907.00,24
6419,"PO006419",68,301,20250610,20250626,200,501.88,100376.00,16
6420,"PO006420",65,286,20241223,20250111,150,38.55,5782.50,19
6421,"PO006421",18,697,20241217,20250115,500,252.42,126210.00,29
6422,"PO006422",95,41,20250925,20251008,300,146.54,43962.00,13
6423,"PO006423",100,459,20230310,20230331,200,61.71,12342.00,21
6424,"PO006424",67,512,20240222,20240226,200,63.46,12692.00,4
6425,"PO006425",57,386,20240912,20241005,100,244.74,24474.00,23
6426,"PO006426",5,462,20240605,20240618,1000,61.51,61510.00,13
6427,"PO006427",86,394,20250401,20250413,200,9.89,1978.00,12
6428,"PO006428",12,236,20250418,20250509,750,570.86,428145.00,21
6429,"PO006429",16,304,20230205,20230220,50,287.52,14376.00,15
6430,"PO006430",16,435,20250505,20250513,150,632.31,94846.50,8
6431,"PO006431",63,864,20240127,20240218,150,54.38,8157.00,22
6432,"PO006432",119,845,20251110,20251117,750,10.36,7770.00,7
6433,"PO006433",60,326,20230307,20230402,50,10.82,541.00,26
6434,"PO006434",6,943,20230523,20230603,750,102.64,76980.00,11
6435,"PO006435",72,961,20241207,20241215,50,704.92,35246.00,8
6436,"PO006436",7,119,20230617,20230707,500,39.46,19730.00,20
6437,"PO006437",102,411,20251025,20251117,750,227.88,170910.00,23
6438,"PO006438",57,431,20230416,20230504,50,486.99,24349.50,18
6439,"PO006439",6,969,20240330,20240413,200,33.15,6630.00,14
6440,"PO006440",26,740,20240322,20240411,150,11.84,1776.00,20
6441,"PO006441",112,355,20240714,20240806,100,787.22,78722.00,23
6442,"PO006442",98,155,20250221,20250307,100,317.53,31753.00,14
6443,"PO006443",86,548,20230729,20230807,100,171.36,17136.00,9
6444,"PO006444",37,570,20231109,20231121,50,112.87,5643.50,12
6445,"PO006445",12,769,20250728,20250814,100,5.82,582.00,17
6446,"PO006446",56,418,20240223,20240224,150,29.97,4495.50,1
6447,"PO006447",28,37,20230804,20230901,500,162.28,81140.00,28
6448,"PO006448",116,272,20230217,20230228,500,93.05,46525.00,11
6449,"PO006449",99,303,20230104,20230114,1000,437.56,437560.00,10
6450,"PO006450",21,688,20230821,20230914,750,6.07,4552.50,24
6451,"PO006451",5,660,20250520,20250605,500,94.69,47345.00,16
6452,"PO006452",15,126,20240614,20240627,150,104.00,15600.00,13
6453,"PO006453",81,668,20230218,20230226,300,14.39,4317.00,8
6454,"PO006454",67,693,20240824,20240901,1000,314.41,314410.00,8
6455,"PO006455",107,866,20230407,20230504,500,78.18,39090.00,27
6456,"PO006456",23,982,20231123,20231129,1000,127.63,127630.00,6
6457,"PO006457",57,254,20250116,20250131,1000,471.99,471990.00,15
6458,"PO006458",17,305,20250921,20251005,300,233.84,70152.00,14
6459,"PO006459",73,87,20241025,20241115,100,49.02,4902.00,21
6460,"PO006460",59,295,20250325,20250420,750,5.35,4012.50,26
6461,"PO006461",101,133,20250828,20250918,50,86.25,4312.50,21
6462,"PO006462",47,712,20230921,20231007,50,137.76,6888.00,16
6463,"PO006463",87,619,20240910,20240926,150,754.32,113148.00,16
6464,"PO006464",91,157,20231024,20231116,1000,35.72,35720.00,23
6465,"PO006465",72,306,20250120,20250129,300,104.65,31395.00,9
6466,"PO006466",41,279,20231211,20231226,300,15.56,4668.00,15
6467,"PO006467",67,402,20251107,20251117,300,191.82,57546.00,10
6468,"PO006468",57,298,20231130,20231223,200,352.20,70440.00,23
6469,"PO006469",5,528,20240901,20240912,50,30.96,1548.00,11
6470,"PO006470",91,944,20250422,20250516,750,72.10,54075.00,24
6471,"PO006471",71,158,20230403,20230419,100,160.13,16013.00,16
6472,"PO006472",85,293,20230424,20230511,1000,161.95,161950.00,17
6473,"PO006473",3,637,20230405,20230415,750,505.68,379260.00,10
6474,"PO006474",27,669,20230806,20230813,200,38.28,7656.00,7
6475,"PO006475",44,946,20240711,20240806,500,153.07,76535.00,26
6476,"PO006476",96,726,20240622,20240705,50,71.60,3580.00,13
6477,"PO006477",48,332,20240808,20240822,1000,86.21,86210.00,14
6478,"PO006478",58,365,20250315,20250329,200,83.16,16632.00,14
6479,"PO006479",39,834,20230822,20230902,750,34.74,26055.00,11
6480,"PO006480",43,727,20240725,20240811,750,46.92,35190.00,17
6481,"PO006481",7,546,20250225,20250316,1000,145.67,145670.00,19
6482,"PO006482",2,569,20240515,20240602,1000,546.13,546130.00,18
6483,"PO006483",71,865,20250325,20250412,750,69.00,51750.00,18
6484,"PO006484",37,285,20250306,20250323,150,2.13,319.50,17
6485,"PO006485",112,284,20251023,20251116,300,75.52,22656.00,24
6486,"PO006486",50,847,20230504,20230523,1000,36.86,36860.00,19
6487,"PO006487",53,536,20231217,20240103,150,7.02,1053.00,17
6488,"PO006488",65,450,20231229,20240116,1000,74.20,74200.00,18
6489,"PO006489",65,835,20240830,20240921,100,79.50,7950.00,22
6490,"PO006490",68,400,20241001,20241013,500,650.48,325240.00,12
6491,"PO006491",82,744,20230129,20230227,50,564.62,28231.00,29
6492,"PO006492",50,107,20240911,20240927,150,800.02,120003.00,16
6493,"PO006493",21,688,20240912,20241006,750,5.88,4410.00,24
6494,"PO006494",113,193,20250308,20250326,100,36.49,3649.00,18
6495,"PO006495",94,433,20230322,20230410,750,100.95,75712.50,19
6496,"PO006496",25,33,20250226,20250319,750,39.28,29460.00,21
6497,"PO006497",92,22,20230803,20230811,50,626.32,31316.00,8
6498,"PO006498",57,431,20231108,20231129,100,490.13,49013.00,21
6499,"PO006499",58,630,20241204,20241220,1000,77.18,77180.00,16
6500,"PO006500",21,68,20250227,20250326,1000,214.61,214610.00,27
6501,"PO006501",24,780,20251025,20251105,100,44.05,4405.00,11
6502,"PO006502",31,650,20251019,20251101,200,26.40,5280.00,13
6503,"PO006503",117,927,20250710,20250725,300,304.66,91398.00,15
6504,"PO006504",33,223,20231224,20240118,100,40.24,4024.00,25
6505,"PO006505",48,456,20240909,20240922,1000,108.69,108690.00,13
6506,"PO006506",39,430,20230923,20231010,300,30.32,9096.00,17
6507,"PO006507",64,6,20240810,20240825,50,136.01,6800.50,15
6508,"PO006508",81,607,20250503,20250507,300,32.87,9861.00,4
6509,"PO006509",119,845,20251002,20251004,100,10.57,1057.00,2
6510,"PO006510",13,823,20240721,20240730,50,103.19,5159.50,9
6511,"PO006511",61,267,20230429,20230528,500,23.72,11860.00,29
6512,"PO006512",16,894,20231019,20231027,500,175.53,87765.00,8
6513,"PO006513",47,136,20250723,20250725,750,438.51,328882.50,2
6514,"PO006514",35,114,20241111,20241202,150,35.64,5346.00,21
6515,"PO006515",79,138,20240113,20240215,200,248.11,49622.00,33
6516,"PO006516",32,741,20230612,20230620,200,21.85,4370.00,8
6517,"PO006517",57,386,20250331,20250420,750,241.00,180750.00,20
6518,"PO006518",40,457,20230324,20230415,150,43.01,6451.50,22
6519,"PO006519",15,288,20231115,20231129,750,69.93,52447.50,14
6520,"PO006520",28,580,20240221,20240321,300,33.40,10020.00,29
6521,"PO006521",24,592,20230402,20230412,100,29.98,2998.00,10
6522,"PO006522",60,828,20240307,20240404,100,175.66,17566.00,28
6523,"PO006523",76,454,20240907,20240929,200,4.06,812.00,22
6524,"PO006524",29,524,20250904,20250917,100,80.78,8078.00,13
6525,"PO006525",5,398,20240531,20240612,200,90.76,18152.00,12
6526,"PO006526",20,821,20251019,20251028,50,86.65,4332.50,9
6527,"PO006527",29,871,20250927,20251010,750,45.50,34125.00,13
6528,"PO006528",116,406,20251019,20251030,100,34.93,3493.00,11
6529,"PO006529",7,436,20230510,20230605,50,297.09,14854.50,26
6530,"PO006530",58,630,20250613,20250703,750,78.21,58657.50,20
6531,"PO006531",87,737,20240507,20240524,1000,54.81,54810.00,17
6532,"PO006532",37,88,20230314,20230328,300,50.84,15252.00,14
6533,"PO006533",58,521,20250729,20250807,1000,33.68,33680.00,9
6534,"PO006534",37,357,20250202,20250220,200,364.28,72856.00,18
6535,"PO006535",21,169,20240507,20240526,200,58.45,11690.00,19
6536,"PO006536",59,930,20251102,20251116,750,26.44,19830.00,14
6537,"PO006537",28,21,20230608,20230707,300,60.34,18102.00,29
6538,"PO006538",37,357,20230713,20230801,100,352.24,35224.00,19
6539,"PO006539",75,460,20251229,20260120,300,114.92,34476.00,22
6540,"PO006540",7,258,20251122,20251208,300,455.40,136620.00,16
6541,"PO006541",78,194,20250817,20250907,750,95.35,71512.50,21
6542,"PO006542",14,129,20240531,20240607,200,360.49,72098.00,7
6543,"PO006543",105,101,20250412,20250501,750,74.76,56070.00,19
6544,"PO006544",78,707,20250726,20250815,500,12.86,6430.00,20
6545,"PO006545",48,730,20240317,20240331,500,310.11,155055.00,14
6546,"PO006546",73,490,20240111,20240131,200,2.26,452.00,20
6547,"PO006547",4,117,20231014,20231116,300,10.38,3114.00,33
6548,"PO006548",119,994,20230714,20230716,200,35.38,7076.00,2
6549,"PO006549",12,513,20231011,20231028,750,809.63,607222.50,17
6550,"PO006550",45,300,20230821,20230906,150,72.81,10921.50,16
6551,"PO006551",73,585,20231224,20240115,1000,117.98,117980.00,22
6552,"PO006552",83,561,20230102,20230128,500,419.43,209715.00,26
6553,"PO006553",60,553,20230111,20230211,200,64.73,12946.00,31
6554,"PO006554",93,966,20230128,20230214,50,242.34,12117.00,17
6555,"PO006555",66,869,20251228,20260101,150,9.13,1369.50,4
6556,"PO006556",71,356,20240530,20240618,100,549.14,54914.00,19
6557,"PO006557",16,723,20250324,20250405,750,804.23,603172.50,12
6558,"PO006558",67,402,20250908,20250917,1000,197.73,197730.00,9
6559,"PO006559",63,747,20251114,20251207,300,96.95,29085.00,23
6560,"PO006560",86,66,20231208,20231217,300,4.23,1269.00,9
6561,"PO006561",80,874,20230220,20230227,150,75.31,11296.50,7
6562,"PO006562",113,914,20240206,20240219,500,10.59,5295.00,13
6563,"PO006563",37,472,20230223,20230310,50,21.05,1052.50,15
6564,"PO006564",44,814,20251118,20251215,300,42.94,12882.00,27
6565,"PO006565",101,993,20251124,20251216,500,4.68,2340.00,22
6566,"PO006566",9,8,20230402,20230410,50,828.77,41438.50,8
6567,"PO006567",1,170,20250915,20251007,750,205.67,154252.50,22
6568,"PO006568",57,254,20230518,20230602,1000,466.85,466850.00,15
6569,"PO006569",51,584,20230309,20230314,200,204.96,40992.00,5
6570,"PO006570",89,464,20230310,20230328,150,128.89,19333.50,18
6571,"PO006571",97,508,20241231,20250119,750,844.51,633382.50,19
6572,"PO006572",56,277,20240222,20240224,200,433.78,86756.00,2
6573,"PO006573",120,205,20241026,20241110,750,136.12,102090.00,15
6574,"PO006574",42,296,20240318,20240413,100,59.30,5930.00,26
6575,"PO006575",60,224,20241021,20241118,1000,93.01,93010.00,28
6576,"PO006576",33,80,20241217,20250114,150,21.61,3241.50,28
6577,"PO006577",111,161,20231022,20231204,300,175.85,52755.00,43
6578,"PO006578",23,523,20240118,20240119,1000,128.11,128110.00,1
6579,"PO006579",112,210,20240128,20240223,1000,8.63,8630.00,26
6580,"PO006580",80,893,20250724,20250731,300,12.73,3819.00,7
6581,"PO006581",11,587,20231129,20231228,1000,141.14,141140.00,29
6582,"PO006582",33,9,20251126,20251221,1000,51.19,51190.00,25
6583,"PO006583",13,30,20250408,20250419,1000,200.10,200100.00,11
6584,"PO006584",94,680,20250622,20250714,1000,17.60,17600.00,22
6585,"PO006585",11,659,20250830,20251001,500,201.04,100520.00,32
6586,"PO006586",48,134,20250223,20250306,300,14.29,4287.00,11
6587,"PO006587",20,844,20230909,20230910,50,839.90,41995.00,1
6588,"PO006588",86,66,20231208,20231217,200,4.28,856.00,9
6589,"PO006589",20,163,20250621,20250624,50,15.69,784.50,3
6590,"PO006590",120,638,20240621,20240703,1000,97.24,97240.00,12
6591,"PO006591",47,449,20240108,20240123,750,59.27,44452.50,15
6592,"PO006592",97,831,20240313,20240331,300,4.07,1221.00,18
6593,"PO006593",80,461,20241107,20241109,1000,223.73,223730.00,2
6594,"PO006594",79,470,20231222,20240126,100,364.97,36497.00,35
6595,"PO006595",21,186,20250115,20250212,100,127.87,12787.00,28
6596,"PO006596",62,612,20230814,20230915,500,108.62,54310.00,32
6597,"PO006597",103,263,20231215,20231223,500,19.78,9890.00,8
6598,"PO006598",34,103,20240718,20240804,150,27.98,4197.00,17
6599,"PO006599",46,772,20240501,20240515,750,76.22,57165.00,14
6600,"PO006600",70,251,20230823,20230914,1000,87.79,87790.00,22
6601,"PO006601",64,578,20240915,20240924,1000,804.96,804960.00,9
6602,"PO006602",83,774,20250405,20250430,150,594.23,89134.50,25
6603,"PO006603",57,666,20240420,20240506,750,161.71,121282.50,16
6604,"PO006604",85,293,20251218,20251230,1000,171.79,171790.00,12
6605,"PO006605",94,912,20240927,20241019,1000,232.83,232830.00,22
6606,"PO006606",63,679,20230923,20231019,750,36.83,27622.50,26
6607,"PO006607",14,329,20240526,20240602,100,190.65,19065.00,7
6608,"PO006608",29,72,20250112,20250122,500,348.29,174145.00,10
6609,"PO006609",16,405,20250111,20250122,150,11.16,1674.00,11
6610,"PO006610",65,953,20240311,20240319,500,108.20,54100.00,8
6611,"PO006611",32,24,20241211,20241222,200,2.11,422.00,11
6612,"PO006612",100,973,20230703,20230716,150,793.13,118969.50,13
6613,"PO006613",74,206,20230507,20230508,500,37.14,18570.00,1
6614,"PO006614",24,592,20250603,20250614,1000,30.41,30410.00,11
6615,"PO006615",24,1000,20230801,20230813,150,35.17,5275.50,12
6616,"PO006616",26,237,20240113,20240202,100,39.58,3958.00,20
6617,"PO006617",35,736,20230616,20230710,50,5.41,270.50,24
6618,"PO006618",32,783,20250430,20250510,200,29.11,5822.00,10
6619,"PO006619",92,728,20251211,20251213,100,26.47,2647.00,2
6620,"PO006620",68,564,20240814,20240820,500,12.76,6380.00,6
6621,"PO006621",6,943,20231112,20231124,1000,97.55,97550.00,12
6622,"PO006622",21,68,20250517,20250614,50,214.70,10735.00,28
6623,"PO006623",20,540,20240106,20240113,300,151.25,45375.00,7
6624,"PO006624",32,783,20250211,20250225,500,30.75,15375.00,14
6625,"PO006625",21,68,20241216,20250114,750,208.53,156397.50,29
6626,"PO006626",75,984,20230507,20230530,500,698.30,349150.00,23
6627,"PO006627",41,416,20230103,20230117,200,750.77,150154.00,14
6628,"PO006628",48,456,20250129,20250211,750,119.92,89940.00,13
6629,"PO006629",78,707,20230517,20230608,500,13.46,6730.00,22
6630,"PO006630",118,551,20250123,20250301,500,8.58,4290.00,37
6631,"PO006631",16,894,20250313,20250325,300,178.51,53553.00,12
6632,"PO006632",36,262,20230415,20230501,750,145.51,109132.50,16
6633,"PO006633",83,826,20230315,20230410,1000,5.81,5810.00,26
6634,"PO006634",79,699,20250119,20250220,100,498.87,49887.00,32
6635,"PO006635",9,808,20231018,20231029,1000,119.00,119000.00,11
6636,"PO006636",61,825,20250709,20250803,200,582.18,116436.00,25
6637,"PO006637",79,699,20231019,20231126,50,509.72,25486.00,38
6638,"PO006638",82,646,20230118,20230213,100,32.38,3238.00,26
6639,"PO006639",19,220,20230817,20230906,100,136.07,13607.00,20
6640,"PO006640",43,727,20241014,20241022,100,48.86,4886.00,8
6641,"PO006641",3,637,20240708,20240723,50,495.18,24759.00,15
6642,"PO006642",101,799,20250914,20251005,150,38.06,5709.00,21
6643,"PO006643",94,912,20240808,20240826,200,230.96,46192.00,18
6644,"PO006644",87,396,20240729,20240814,1000,3.26,3260.00,16
6645,"PO006645",44,201,20240306,20240401,200,30.52,6104.00,26
6646,"PO006646",109,794,20240329,20240406,50,76.84,3842.00,8
6647,"PO006647",6,426,20230212,20230227,50,678.87,33943.50,15
6648,"PO006648",2,569,20251115,20251208,100,567.19,56719.00,23
6649,"PO006649",89,348,20241106,20241125,200,198.97,39794.00,19
6650,"PO006650",21,68,20240522,20240615,300,214.91,64473.00,24
6651,"PO006651",18,505,20231203,20231223,500,9.08,4540.00,20
6652,"PO006652",66,662,20250117,20250122,750,84.13,63097.50,5
6653,"PO006653",8,270,20241208,20241210,50,59.71,2985.50,2
6654,"PO006654",68,150,20250627,20250704,300,62.89,18867.00,7
6655,"PO006655",53,185,20231116,20231130,300,40.20,12060.00,14
6656,"PO006656",88,255,20250828,20250913,1000,3.22,3220.00,16
6657,"PO006657",96,314,20241221,20250104,500,6.06,3030.00,14
6658,"PO006658",38,171,20250520,20250521,50,32.20,1610.00,1
6659,"PO006659",61,825,20230519,20230611,1000,587.39,587390.00,23
6660,"PO006660",1,963,20240307,20240326,1000,548.35,548350.00,19
6661,"PO006661",16,894,20240718,20240730,200,182.02,36404.00,12
6662,"PO006662",71,356,20250821,20250908,150,542.19,81328.50,18
6663,"PO006663",6,732,20230620,20230702,100,696.89,69689.00,12
6664,"PO006664",96,200,20250922,20251009,750,25.19,18892.50,17
6665,"PO006665",80,461,20240812,20240820,200,225.41,45082.00,8
6666,"PO006666",91,983,20250612,20250707,200,108.59,21718.00,25
6667,"PO006667",44,946,20250101,20250204,750,144.29,108217.50,34
6668,"PO006668",70,623,20230504,20230525,150,29.38,4407.00,21
6669,"PO006669",27,669,20250110,20250119,200,40.38,8076.00,9
6670,"PO006670",63,143,20230211,20230308,300,267.01,80103.00,25
6671,"PO006671",16,304,20231115,20231128,200,275.14,55028.00,13
6672,"PO006672",51,641,20241026,20241027,100,72.54,7254.00,1
6673,"PO006673",27,643,20230813,20230825,50,69.00,3450.00,12
6674,"PO006674",118,803,20240705,20240810,300,350.40,105120.00,36
6675,"PO006675",57,225,20240531,20240617,50,91.24,4562.00,17
6676,"PO006676",24,34,20240212,20240229,100,106.01,10601.00,17
6677,"PO006677",35,192,20231209,20231231,50,53.89,2694.50,22
6678,"PO006678",28,580,20240731,20240821,200,35.95,7190.00,21
6679,"PO006679",120,205,20240808,20240820,750,140.15,105112.50,12
6680,"PO006680",61,870,20240712,20240802,100,22.75,2275.00,21
6681,"PO006681",7,915,20231004,20231024,1000,30.97,30970.00,20
6682,"PO006682",27,959,20230508,20230522,1000,48.75,48750.00,14
6683,"PO006683",14,608,20240513,20240520,1000,60.02,60020.00,7
6684,"PO006684",90,918,20230110,20230126,500,119.89,59945.00,16
6685,"PO006685",11,824,20251103,20251202,150,171.65,25747.50,29
6686,"PO006686",35,736,20230721,20230811,150,5.50,825.00,21
6687,"PO006687",42,321,20241017,20241116,50,23.28,1164.00,30
6688,"PO006688",46,757,20240301,20240321,150,90.54,13581.00,20
6689,"PO006689",53,185,20250826,20250909,200,37.62,7524.00,14
6690,"PO006690",27,959,20240227,20240319,300,48.52,14556.00,21
6691,"PO006691",104,542,20250223,20250322,50,28.63,1431.50,27
6692,"PO006692",80,67,20250227,20250306,150,34.10,5115.00,7
6693,"PO006693",74,309,20240901,20240904,50,11.07,553.50,3
6694,"PO006694",1,483,20240615,20240707,50,141.66,7083.00,22
6695,"PO006695",22,605,20240205,20240219,300,39.89,11967.00,14
6696,"PO006696",35,573,20250708,20250731,150,6.06,909.00,23
6697,"PO006697",114,252,20241002,20241018,750,18.72,14040.00,16
6698,"PO006698",44,792,20250324,20250419,150,33.35,5002.50,26
6699,"PO006699",116,358,20241028,20241112,500,871.24,435620.00,15
6700,"PO006700",46,772,20230221,20230314,500,74.05,37025.00,21
6701,"PO006701",76,642,20230608,20230620,750,61.95,46462.50,12
6702,"PO006702",64,222,20230425,20230506,500,514.03,257015.00,11
6703,"PO006703",1,170,20240320,20240412,200,191.77,38354.00,23
6704,"PO006704",30,790,20240628,20240718,300,226.05,67815.00,20
6705,"PO006705",7,565,20230713,20230805,500,205.34,102670.00,23
6706,"PO006706",50,361,20250412,20250506,50,5.17,258.50,24
6707,"PO006707",28,1,20240805,20240829,200,69.28,13856.00,24
6708,"PO006708",50,733,20230709,20230727,50,118.01,5900.50,18
6709,"PO006709",64,428,20230818,20230830,150,16.37,2455.50,12
6710,"PO006710",75,441,20250427,20250521,200,24.55,4910.00,24
6711,"PO006711",104,718,20240310,20240401,1000,64.28,64280.00,22
6712,"PO006712",104,282,20240620,20240712,500,545.07,272535.00,22
6713,"PO006713",72,538,20231225,20231226,100,25.48,2548.00,1
6714,"PO006714",97,831,20250930,20251012,750,4.16,3120.00,12
6715,"PO006715",65,975,20240924,20241015,500,34.84,17420.00,21
6716,"PO006716",26,988,20240202,20240221,500,40.95,20475.00,19
6717,"PO006717",77,44,20230124,20230204,500,689.41,344705.00,11
6718,"PO006718",20,280,20240815,20240818,50,132.83,6641.50,3
6719,"PO006719",112,465,20250920,20251016,1000,83.33,83330.00,26
6720,"PO006720",7,546,20230925,20231019,300,150.18,45054.00,24
6721,"PO006721",21,68,20250208,20250303,200,203.05,40610.00,23
6722,"PO006722",93,211,20230722,20230806,500,148.28,74140.00,15
6723,"PO006723",42,265,20231216,20240116,750,524.26,393195.00,31
6724,"PO006724",85,91,20230324,20230408,500,137.61,68805.00,15
6725,"PO006725",14,159,20250320,20250330,100,197.17,19717.00,10
6726,"PO006726",22,221,20240329,20240415,150,17.16,2574.00,17
6727,"PO006727",6,714,20250208,20250226,1000,355.78,355780.00,18
6728,"PO006728",117,341,20230201,20230217,100,729.89,72989.00,16
6729,"PO006729",63,563,20251015,20251107,300,42.76,12828.00,23
6730,"PO006730",7,258,20250903,20250923,200,421.34,84268.00,20
6731,"PO006731",101,725,20240104,20240125,150,5.30,795.00,21
6732,"PO006732",70,623,20240608,20240703,50,29.96,1498.00,25
6733,"PO006733",95,266,20241207,20241215,200,11.02,2204.00,8
6734,"PO006734",66,869,20241204,20241206,300,9.27,2781.00,2
6735,"PO006735",41,438,20250323,20250407,100,116.22,11622.00,15
6736,"PO006736",77,530,20250212,20250223,750,162.80,122100.00,11
6737,"PO006737",40,746,20240402,20240427,300,84.46,25338.00,25
6738,"PO006738",116,316,20250930,20251008,200,241.59,48318.00,8
6739,"PO006739",88,701,20230419,20230509,150,70.66,10599.00,20
6740,"PO006740",3,713,20231208,20231222,50,60.78,3039.00,14
6741,"PO006741",66,382,20240302,20240305,500,2.55,1275.00,3
6742,"PO006742",97,121,20250517,20250604,300,481.76,144528.00,18
6743,"PO006743",99,303,20250401,20250408,200,463.68,92736.00,7
6744,"PO006744",92,962,20251017,20251024,750,105.18,78885.00,7
6745,"PO006745",120,711,20240621,20240628,150,13.28,1992.00,7
6746,"PO006746",103,555,20230828,20230905,150,19.25,2887.50,8
6747,"PO006747",33,366,20231221,20240115,150,422.48,63372.00,25
6748,"PO006748",95,69,20231025,20231104,200,39.85,7970.00,10
6749,"PO006749",46,372,20250131,20250218,500,142.85,71425.00,18
6750,"PO006750",102,784,20230227,20230326,750,88.53,66397.50,27
6751,"PO006751",5,462,20250101,20250115,1000,61.90,61900.00,14
6752,"PO006752",102,562,20240708,20240808,300,147.44,44232.00,31
6753,"PO006753",109,421,20250202,20250215,500,105.74,52870.00,13
6754,"PO006754",87,731,20240327,20240410,200,68.16,13632.00,14
6755,"PO006755",71,865,20240310,20240405,200,74.09,14818.00,26
6756,"PO006756",56,137,20240719,20240720,500,20.18,10090.00,1
6757,"PO006757",6,581,20231103,20231117,200,21.96,4392.00,14
6758,"PO006758",67,603,20230114,20230123,300,9.04,2712.00,9
6759,"PO006759",117,468,20240528,20240618,150,117.74,17661.00,21
6760,"PO006760",6,581,20230714,20230729,300,23.94,7182.00,15
6761,"PO006761",9,636,20250603,20250617,500,103.30,51650.00,14
6762,"PO006762",57,225,20250824,20250914,50,92.81,4640.50,21
6763,"PO006763",113,914,20231013,20231025,150,10.22,1533.00,12
6764,"PO006764",12,955,20230506,20230524,300,734.09,220227.00,18
6765,"PO006765",31,48,20230204,20230218,150,13.91,2086.50,14
6766,"PO006766",61,870,20230511,20230607,1000,21.35,21350.00,27
6767,"PO006767",27,959,20250705,20250714,100,49.29,4929.00,9
6768,"PO006768",29,524,20240316,20240321,300,79.37,23811.00,5
6769,"PO006769",60,196,20250622,20250717,1000,47.42,47420.00,25
6770,"PO006770",103,98,20250728,20250731,750,643.07,482302.50,3
6771,"PO006771",78,707,20241214,20241231,500,12.54,6270.00,17
6772,"PO006772",16,304,20231120,20231128,1000,269.39,269390.00,8
6773,"PO006773",19,220,20230630,20230720,1000,138.96,138960.00,20
6774,"PO006774",6,60,20240915,20240928,300,295.10,88530.00,13
6775,"PO006775",39,368,20231127,20231215,1000,253.17,253170.00,18
6776,"PO006776",7,867,20240707,20240725,150,430.01,64501.50,18
6777,"PO006777",79,699,20240329,20240502,300,503.89,151167.00,34
6778,"PO006778",73,259,20231006,20231022,150,54.60,8190.00,16
6779,"PO006779",64,428,20230725,20230731,750,16.91,12682.50,6
6780,"PO006780",32,164,20241013,20241020,100,508.89,50889.00,7
6781,"PO006781",64,222,20250107,20250116,500,486.98,243490.00,9
6782,"PO006782",95,41,20240318,20240328,200,152.00,30400.00,10
6783,"PO006783",91,997,20231129,20231218,300,461.72,138516.00,19
6784,"PO006784",9,636,20240324,20240404,1000,99.28,99280.00,11
6785,"PO006785",21,409,20240619,20240713,750,16.93,12697.50,24
6786,"PO006786",56,797,20230605,20230606,1000,192.94,192940.00,1
6787,"PO006787",58,754,20241006,20241023,300,274.81,82443.00,17
6788,"PO006788",26,740,20231205,20231224,500,11.30,5650.00,19
6789,"PO006789",52,738,20230517,20230526,100,170.04,17004.00,9
6790,"PO006790",81,607,20240815,20240828,1000,31.50,31500.00,13
6791,"PO006791",115,475,20230705,20230712,500,11.92,5960.00,7
6792,"PO006792",5,848,20231022,20231031,200,88.91,17782.00,9
6793,"PO006793",103,263,20250427,20250502,500,19.60,9800.00,5
6794,"PO006794",12,955,20230508,20230526,50,681.85,34092.50,18
6795,"PO006795",72,515,20230316,20230318,750,8.11,6082.50,2
6796,"PO006796",82,646,20241220,20250113,50,31.43,1571.50,24
6797,"PO006797",115,965,20230413,20230420,500,8.92,4460.00,7
6798,"PO006798",66,672,20251118,20251119,300,42.04,12612.00,1
6799,"PO006799",51,802,20250424,20250501,500,413.81,206905.00,7
6800,"PO006800",106,278,20230421,20230514,200,16.43,3286.00,23
6801,"PO006801",86,86,20250402,20250411,1000,79.22,79220.00,9
6802,"PO006802",83,626,20251009,20251030,300,35.71,10713.00,21
6803,"PO006803",9,8,20240714,20240723,300,889.40,266820.00,9
6804,"PO006804",42,265,20230317,20230417,100,555.98,55598.00,31
6805,"PO006805",73,490,20231103,20231126,50,2.35,117.50,23
6806,"PO006806",84,248,20230727,20230819,50,43.96,2198.00,23
6807,"PO006807",99,782,20250722,20250802,200,400.69,80138.00,11
6808,"PO006808",76,647,20250323,20250416,500,29.21,14605.00,24
6809,"PO006809",14,599,20251227,20260104,200,68.37,13674.00,8
6810,"PO006810",28,700,20250316,20250413,150,161.87,24280.50,28
6811,"PO006811",96,726,20230712,20230726,200,70.78,14156.00,14
6812,"PO006812",54,108,20230208,20230309,200,218.58,43716.00,29
6813,"PO006813",70,664,20230327,20230425,1000,49.21,49210.00,29
6814,"PO006814",94,680,20240907,20240930,300,18.33,5499.00,23
6815,"PO006815",52,738,20230712,20230725,100,159.59,15959.00,13
6816,"PO006816",82,646,20250518,20250613,150,34.22,5133.00,26
6817,"PO006817",39,249,20240828,20240915,50,754.61,37730.50,18
6818,"PO006818",77,179,20250525,20250607,300,31.02,9306.00,13
6819,"PO006819",114,252,20241119,20241209,500,18.27,9135.00,20
6820,"PO006820",22,20,20231128,20231214,300,103.41,31023.00,16
6821,"PO006821",113,537,20250406,20250423,1000,145.94,145940.00,17
6822,"PO006822",98,182,20240401,20240423,100,99.94,9994.00,22
6823,"PO006823",31,350,20251009,20251023,100,23.04,2304.00,14
6824,"PO006824",106,139,20230312,20230404,300,88.58,26574.00,23
6825,"PO006825",104,35,20250813,20250904,500,236.17,118085.00,22
6826,"PO006826",82,184,20240209,20240310,300,35.50,10650.00,30
6827,"PO006827",65,886,20231208,20231229,150,2.14,321.00,21
6828,"PO006828",103,263,20251126,20251201,50,19.50,975.00,5
6829,"PO006829",42,120,20230130,20230302,200,47.59,9518.00,31
6830,"PO006830",5,398,20250717,20250730,50,86.00,4300.00,13
6831,"PO006831",17,413,20250101,20250116,300,79.39,23817.00,15
6832,"PO006832",76,260,20230829,20230914,50,590.09,29504.50,16
6833,"PO006833",67,419,20240626,20240704,750,30.88,23160.00,8
6834,"PO006834",24,887,20250611,20250624,750,426.03,319522.50,13
6835,"PO006835",88,989,20230513,20230601,750,832.32,624240.00,19
6836,"PO006836",38,999,20250719,20250722,500,28.58,14290.00,3
6837,"PO006837",28,21,20251001,20251029,300,63.50,19050.00,28
6838,"PO006838",89,631,20251231,20260117,500,55.84,27920.00,17
6839,"PO006839",15,936,20231111,20231123,50,262.42,13121.00,12
6840,"PO006840",8,270,20241207,20241208,500,62.96,31480.00,1
6841,"PO006841",48,332,20240113,20240124,50,86.69,4334.50,11
6842,"PO006842",66,434,20240709,20240718,300,30.83,9249.00,9
6843,"PO006843",47,554,20250818,20250826,300,7.16,2148.00,8
6844,"PO006844",102,363,20250922,20251019,100,91.43,9143.00,27
6845,"PO006845",10,212,20230612,20230622,150,58.02,8703.00,10
6846,"PO006846",98,182,20250711,20250728,50,96.57,4828.50,17
6847,"PO006847",9,907,20230127,20230208,100,280.47,28047.00,12
6848,"PO006848",111,833,20240615,20240723,100,28.07,2807.00,38
6849,"PO006849",4,590,20241004,20241111,750,16.94,12705.00,38
6850,"PO006850",25,879,20230703,20230721,150,8.47,1270.50,18
6851,"PO006851",64,578,20230720,20230801,100,822.90,82290.00,12
6852,"PO006852",70,518,20230813,20230907,200,571.62,114324.00,25
6853,"PO006853",71,964,20230626,20230717,50,84.40,4220.00,21
6854,"PO006854",17,413,20241113,20241203,1000,86.79,86790.00,20
6855,"PO006855",1,170,20230224,20230319,100,200.35,20035.00,23
6856,"PO006856",103,618,20250609,20250613,200,39.11,7822.00,4
6857,"PO006857",21,169,20240321,20240412,300,59.79,17937.00,22
6858,"PO006858",106,175,20230201,20230224,300,101.67,30501.00,23
6859,"PO006859",87,241,20251224,20260107,1000,47.00,47000.00,14
6860,"PO006860",59,188,20231113,20231126,50,867.96,43398.00,13
6861,"PO006861",66,79,20230505,20230506,150,261.93,39289.50,1
6862,"PO006862",118,803,20230126,20230305,500,349.54,174770.00,38
6863,"PO006863",106,447,20241203,20241227,750,12.81,9607.50,24
6864,"PO006864",73,490,20241226,20250115,50,2.39,119.50,20
6865,"PO006865",85,187,20240730,20240815,200,17.10,3420.00,16
6866,"PO006866",90,749,20240103,20240122,300,26.79,8037.00,19
6867,"PO006867",45,392,20231229,20240116,500,193.25,96625.00,18
6868,"PO006868",47,449,20230410,20230420,750,62.91,47182.50,10
6869,"PO006869",54,487,20251014,20251118,750,227.01,170257.50,35
6870,"PO006870",101,133,20240208,20240226,500,84.04,42020.00,18
6871,"PO006871",95,69,20231227,20240105,50,40.92,2046.00,9
6872,"PO006872",88,255,20231030,20231121,300,2.99,897.00,22
6873,"PO006873",64,771,20241219,20241225,100,89.96,8996.00,6
6874,"PO006874",105,931,20240504,20240522,500,103.11,51555.00,18
6875,"PO006875",65,886,20230523,20230612,50,2.06,103.00,20
6876,"PO006876",9,369,20240907,20240917,200,191.67,38334.00,10
6877,"PO006877",106,139,20250713,20250811,50,88.76,4438.00,29
6878,"PO006878",94,269,20250224,20250318,100,31.36,3136.00,22
6879,"PO006879",94,520,20250823,20250912,500,91.81,45905.00,20
6880,"PO006880",17,417,20230707,20230724,500,531.12,265560.00,17
6881,"PO006881",104,35,20240305,20240325,150,257.09,38563.50,20
6882,"PO006882",15,288,20230927,20231007,100,70.14,7014.00,10
6883,"PO006883",106,759,20240531,20240620,300,48.09,14427.00,20
6884,"PO006884",75,517,20230205,20230302,300,794.11,238233.00,25
6885,"PO006885",66,729,20231209,20231213,1000,76.78,76780.00,4
6886,"PO006886",76,25,20240913,20241003,200,748.81,149762.00,20
6887,"PO006887",92,728,20240406,20240412,100,26.49,2649.00,6
6888,"PO006888",33,375,20251010,20251104,50,376.00,18800.00,25
6889,"PO006889",58,327,20250908,20250924,500,31.71,15855.00,16
6890,"PO006890",16,723,20251129,20251210,150,767.23,115084.50,11
6891,"PO006891",8,270,20250928,20250929,300,62.82,18846.00,1
6892,"PO006892",75,750,20230416,20230513,500,55.02,27510.00,27
6893,"PO006893",12,236,20250118,20250205,50,569.25,28462.50,18
6894,"PO006894",57,298,20240920,20241009,200,331.99,66398.00,19
6895,"PO006895",18,505,20240904,20240929,100,8.92,892.00,25
6896,"PO006896",80,46,20250522,20250526,750,20.12,15090.00,4
6897,"PO006897",34,61,20230213,20230228,1000,25.84,25840.00,15
6898,"PO006898",69,51,20230724,20230803,500,13.78,6890.00,10
6899,"PO006899",79,54,20250426,20250601,50,275.31,13765.50,36
6900,"PO006900",117,927,20240601,20240616,300,282.85,84855.00,15
6901,"PO006901",78,389,20241104,20241125,150,251.25,37687.50,21
6902,"PO006902",44,683,20240929,20241027,50,246.40,12320.00,28
6903,"PO006903",67,693,20240307,20240320,1000,304.68,304680.00,13
6904,"PO006904",52,738,20240424,20240509,750,175.05,131287.50,15
6905,"PO006905",34,103,20251027,20251114,150,28.29,4243.50,18
6906,"PO006906",7,42,20240501,20240521,100,307.65,30765.00,20
6907,"PO006907",49,941,20241002,20241024,1000,28.50,28500.00,22
6908,"PO006908",103,451,20240308,20240313,1000,352.53,352530.00,5
6909,"PO006909",29,481,20240901,20240908,1000,110.31,110310.00,7
6910,"PO006910",95,531,20240211,20240226,300,394.51,118353.00,15
6911,"PO006911",87,525,20230802,20230815,50,276.22,13811.00,13
6912,"PO006912",100,459,20250811,20250826,500,62.97,31485.00,15
6913,"PO006913",78,180,20240806,20240827,150,8.25,1237.50,21
6914,"PO006914",93,966,20251215,20251228,200,228.98,45796.00,13
6915,"PO006915",93,202,20231230,20240120,100,73.27,7327.00,21
6916,"PO006916",61,322,20231029,20231119,300,29.30,8790.00,21
6917,"PO006917",84,938,20230630,20230726,100,271.76,27176.00,26
6918,"PO006918",59,645,20241002,20241017,200,27.46,5492.00,15
6919,"PO006919",112,355,20230318,20230413,50,827.84,41392.00,26
6920,"PO006920",97,831,20230617,20230708,150,4.04,606.00,21
6921,"PO006921",45,948,20240628,20240714,1000,72.79,72790.00,16
6922,"PO006922",46,761,20230305,20230324,750,248.02,186015.00,19
6923,"PO006923",43,926,20231206,20231215,300,27.12,8136.00,9
6924,"PO006924",22,654,20251226,20260112,50,38.70,1935.00,17
6925,"PO006925",66,382,20250119,20250121,150,2.68,402.00,2
6926,"PO006926",59,567,20250813,20250901,500,173.01,86505.00,19
6927,"PO006927",77,347,20230430,20230511,300,705.22,211566.00,11
6928,"PO006928",6,476,20241230,20250111,200,258.25,51650.00,12
6929,"PO006929",33,152,20230703,20230728,100,254.64,25464.00,25
6930,"PO006930",17,273,20230822,20230908,150,34.26,5139.00,17
6931,"PO006931",63,864,20240426,20240516,750,54.61,40957.50,20
6932,"PO006932",91,816,20251127,20251222,100,13.22,1322.00,25
6933,"PO006933",80,213,20250924,20251009,1000,337.94,337940.00,15
6934,"PO006934",89,348,20241108,20241126,100,208.59,20859.00,18
6935,"PO006935",15,126,20250714,20250724,750,103.07,77302.50,10
6936,"PO006936",119,81,20240114,20240118,100,14.10,1410.00,4
6937,"PO006937",44,378,20240309,20240403,50,112.73,5636.50,25
6938,"PO006938",119,81,20230811,20230812,150,14.92,2238.00,1
6939,"PO006939",42,739,20250113,20250213,750,27.09,20317.50,31
6940,"PO006940",59,491,20230223,20230311,100,340.32,34032.00,16
6941,"PO006941",103,98,20251031,20251107,500,618.15,309075.00,7
6942,"PO006942",98,182,20240413,20240501,750,92.42,69315.00,18
6943,"PO006943",58,756,20230328,20230415,750,169.23,126922.50,18
6944,"PO006944",34,762,20240305,20240324,300,178.18,53454.00,19
6945,"PO006945",116,65,20241107,20241123,750,172.65,129487.50,16
6946,"PO006946",81,777,20251204,20251211,1000,8.15,8150.00,7
6947,"PO006947",29,890,20250310,20250321,50,85.96,4298.00,11
6948,"PO006948",2,195,20251007,20251101,50,68.27,3413.50,25
6949,"PO006949",31,805,20250421,20250506,500,99.69,49845.00,15
6950,"PO006950",31,805,20250618,20250627,500,105.78,52890.00,9
6951,"PO006951",95,557,20250520,20250527,300,5.39,1617.00,7
6952,"PO006952",92,22,20230627,20230703,750,621.91,466432.50,6
6953,"PO006953",52,738,20240202,20240214,200,160.72,32144.00,12
6954,"PO006954",17,801,20230903,20230924,500,48.25,24125.00,21
6955,"PO006955",67,693,20230706,20230717,200,288.61,57722.00,11
6956,"PO006956",37,335,20250314,20250405,500,384.97,192485.00,22
6957,"PO006957",2,145,20251220,20260114,150,80.74,12111.00,25
6958,"PO006958",12,955,20231117,20231210,200,693.90,138780.00,23
6959,"PO006959",36,527,20240621,20240712,200,95.02,19004.00,21
6960,"PO006960",31,317,20230218,20230303,1000,56.41,56410.00,13
6961,"PO006961",43,151,20250126,20250131,150,17.07,2560.50,5
6962,"PO006962",17,273,20230612,20230705,300,35.42,10626.00,23
6963,"PO006963",12,294,20241007,20241026,1000,248.66,248660.00,19
6964,"PO006964",25,967,20240403,20240424,150,449.13,67369.50,21
6965,"PO006965",94,742,20251227,20260117,500,45.71,22855.00,21
6966,"PO006966",55,703,20240612,20240702,100,11.13,1113.00,20
6967,"PO006967",120,711,20250106,20250122,750,12.76,9570.00,16
6968,"PO006968",119,845,20230221,20230228,50,11.00,550.00,7
6969,"PO006969",62,111,20251124,20251223,300,32.72,9816.00,29
6970,"PO006970",58,630,20240329,20240413,200,74.06,14812.00,15
6971,"PO006971",57,218,20240727,20240815,150,191.31,28696.50,19
6972,"PO006972",74,228,20250312,20250322,200,41.44,8288.00,10
6973,"PO006973",96,956,20251230,20260114,500,221.50,110750.00,15
6974,"PO006974",49,677,20250616,20250706,300,105.86,31758.00,20
6975,"PO006975",1,809,20230130,20230225,500,89.26,44630.00,26
6976,"PO006976",66,869,20240927,20241001,200,9.47,1894.00,4
6977,"PO006977",106,278,20251219,20260114,50,16.88,844.00,26
6978,"PO006978",108,949,20250711,20250719,50,28.77,1438.50,8
6979,"PO006979",87,525,20240921,20241010,150,270.38,40557.00,19
6980,"PO006980",87,737,20250526,20250609,100,58.71,5871.00,14
6981,"PO006981",73,87,20250512,20250601,100,45.42,4542.00,20
6982,"PO006982",100,661,20250929,20251019,300,115.91,34773.00,20
6983,"PO006983",77,16,20250824,20250906,100,63.35,6335.00,13
6984,"PO006984",11,118,20251229,20260130,500,75.34,37670.00,32
6985,"PO006985",8,577,20251009,20251010,1000,11.80,11800.00,1
6986,"PO006986",76,767,20250420,20250510,300,18.50,5550.00,20
6987,"PO006987",104,786,20250308,20250330,150,175.38,26307.00,22
6988,"PO006988",36,144,20240703,20240724,750,62.51,46882.50,21
6989,"PO006989",60,828,20250610,20250708,100,173.11,17311.00,28
6990,"PO006990",80,46,20231207,20231213,200,19.42,3884.00,6
6991,"PO006991",33,375,20251208,20251227,150,376.36,56454.00,19
6992,"PO006992",5,216,20240212,20240227,150,19.47,2920.50,15
6993,"PO006993",85,208,20250727,20250808,300,172.60,51780.00,12
6994,"PO006994",107,633,20231221,20240116,200,21.51,4302.00,26
6995,"PO006995",22,20,20241118,20241203,1000,101.19,101190.00,15
6996,"PO006996",21,169,20231214,20240107,1000,58.64,58640.00,24
6997,"PO006997",11,118,20250226,20250331,1000,77.98,77980.00,33
6998,"PO006998",79,138,20240222,20240327,200,260.72,52144.00,34
6999,"PO006999",25,33,20230714,20230730,150,37.42,5613.00,16
7000,"PO007000",78,180,20230912,20231008,750,8.65,6487.50,26
7001,"PO007001",39,430,20251008,20251026,750,31.26,23445.00,18
7002,"PO007002",61,29,20251206,20260101,100,401.95,40195.00,26
7003,"PO007003",82,744,20250815,20250915,500,603.54,301770.00,31
7004,"PO007004",5,660,20240503,20240517,1000,91.80,91800.00,14
7005,"PO007005",102,858,20240811,20240905,200,17.08,3416.00,25
7006,"PO007006",114,346,20250909,20251001,300,58.18,17454.00,22
7007,"PO007007",108,949,20230803,20230818,50,31.63,1581.50,15
7008,"PO007008",6,426,20230805,20230818,50,660.60,33030.00,13
7009,"PO007009",76,642,20240719,20240809,300,57.15,17145.00,21
7010,"PO007010",70,518,20240514,20240606,1000,588.31,588310.00,23
7011,"PO007011",12,148,20241110,20241124,100,57.01,5701.00,14
7012,"PO007012",14,608,20230630,20230710,50,57.71,2885.50,10
7013,"PO007013",35,604,20230701,20230723,500,264.09,132045.00,22
7014,"PO007014",42,321,20240313,20240411,750,24.22,18165.00,29
7015,"PO007015",120,711,20250327,20250408,200,13.57,2714.00,12
7016,"PO007016",62,695,20250723,20250822,500,39.56,19780.00,30
7017,"PO007017",3,637,20240205,20240220,300,476.84,143052.00,15
7018,"PO007018",57,254,20230207,20230225,750,470.87,353152.50,18
7019,"PO007019",75,750,20250602,20250626,1000,56.01,56010.00,24
7020,"PO007020",109,492,20240527,20240606,100,70.73,7073.00,10
7021,"PO007021",54,108,20240927,20241031,1000,206.88,206880.00,34
7022,"PO007022",98,976,20240322,20240414,1000,69.20,69200.00,23
7023,"PO007023",43,934,20231207,20231217,150,226.00,33900.00,10
7024,"PO007024",73,559,20251017,20251106,200,8.83,1766.00,20
7025,"PO007025",92,371,20250828,20250908,50,89.38,4469.00,11
7026,"PO007026",91,944,20240209,20240303,100,73.51,7351.00,23
7027,"PO007027",16,435,20240314,20240326,50,608.53,30426.50,12
7028,"PO007028",78,194,20250201,20250225,500,92.87,46435.00,24
7029,"PO007029",31,350,20241105,20241114,200,24.15,4830.00,9
7030,"PO007030",83,868,20240729,20240825,1000,34.42,34420.00,27
7031,"PO007031",13,635,20250119,20250126,300,76.48,22944.00,7
7032,"PO007032",94,855,20230729,20230820,750,12.55,9412.50,22
7033,"PO007033",119,489,20230213,20230218,50,27.97,1398.50,5
7034,"PO007034",82,184,20241003,20241101,300,34.88,10464.00,29
7035,"PO007035",80,461,20240329,20240405,50,230.78,11539.00,7
7036,"PO007036",32,721,20241224,20241228,750,227.53,170647.50,4
7037,"PO007037",1,809,20240704,20240729,200,88.68,17736.00,25
7038,"PO007038",120,638,20250918,20251005,150,100.50,15075.00,17
7039,"PO007039",106,759,20230827,20230921,500,47.45,23725.00,25
7040,"PO007040",48,556,20230618,20230630,750,100.86,75645.00,12
7041,"PO007041",80,958,20250905,20250915,100,5.27,527.00,10
7042,"PO007042",8,256,20250404,20250405,300,97.44,29232.00,1
7043,"PO007043",6,969,20250531,20250613,200,36.49,7298.00,13
7044,"PO007044",92,22,20251228,20260107,150,616.41,92461.50,10
7045,"PO007045",42,497,20240522,20240622,750,3.04,2280.00,31
7046,"PO007046",54,198,20240916,20241024,200,14.01,2802.00,38
7047,"PO007047",32,99,20230907,20230912,500,276.80,138400.00,5
7048,"PO007048",46,372,20230402,20230424,50,145.69,7284.50,22
7049,"PO007049",101,614,20241028,20241120,100,83.03,8303.00,23
7050,"PO007050",11,587,20250629,20250730,150,144.44,21666.00,31
7051,"PO007051",65,886,20240524,20240610,1000,2.01,2010.00,17
7052,"PO007052",89,348,20240903,20240920,150,210.90,31635.00,17
7053,"PO007053",72,471,20250924,20250927,150,203.05,30457.50,3
7054,"PO007054",108,949,20240228,20240314,300,29.39,8817.00,15
7055,"PO007055",66,662,20250628,20250702,200,83.14,16628.00,4
7056,"PO007056",6,426,20250925,20251012,750,640.09,480067.50,17
7057,"PO007057",60,224,20250903,20251001,300,98.51,29553.00,28
7058,"PO007058",22,221,20231011,20231027,100,17.58,1758.00,16
7059,"PO007059",56,797,20250219,20250225,100,189.71,18971.00,6
7060,"PO007060",37,57,20231020,20231103,50,46.29,2314.50,14
7061,"PO007061",4,590,20240928,20241102,750,15.39,11542.50,35
7062,"PO007062",67,512,20230226,20230309,750,65.96,49470.00,11
7063,"PO007063",96,956,20240117,20240202,300,214.21,64263.00,16
7064,"PO007064",77,600,20240304,20240316,500,468.94,234470.00,12
7065,"PO007065",60,240,20230803,20230831,1000,196.27,196270.00,28
7066,"PO007066",87,396,20231102,20231119,500,3.16,1580.00,17
7067,"PO007067",36,393,20230926,20231016,50,194.86,9743.00,20
7068,"PO007068",46,785,20250112,20250128,50,239.56,11978.00,16
7069,"PO007069",14,644,20231007,20231012,1000,257.08,257080.00,5
7070,"PO007070",11,689,20250929,20251029,500,741.94,370970.00,30
7071,"PO007071",31,317,20231129,20231212,50,58.07,2903.50,13
7072,"PO007072",88,575,20251209,20251230,300,9.36,2808.00,21
7073,"PO007073",7,690,20240905,20240918,50,62.42,3121.00,13
7074,"PO007074",78,391,20230120,20230214,50,94.78,4739.00,25
7075,"PO007075",46,910,20231206,20231222,750,36.84,27630.00,16
7076,"PO007076",99,469,20230429,20230504,750,13.04,9780.00,5
7077,"PO007077",91,816,20231101,20231126,750,13.68,10260.00,25
7078,"PO007078",14,644,20230714,20230718,1000,252.43,252430.00,4
7079,"PO007079",9,334,20230426,20230504,100,564.99,56499.00,8
7080,"PO007080",60,553,20250324,20250421,50,65.97,3298.50,28
7081,"PO007081",67,842,20230206,20230212,300,57.07,17121.00,6
7082,"PO007082",1,483,20240701,20240725,200,153.29,30658.00,24
7083,"PO007083",94,520,20250621,20250716,50,88.70,4435.00,25
7084,"PO007084",66,27,20250209,20250218,500,18.09,9045.00,9
7085,"PO007085",43,898,20240902,20240912,50,209.38,10469.00,10
7086,"PO007086",109,794,20230514,20230527,150,73.18,10977.00,13
7087,"PO007087",46,910,20230816,20230903,750,37.01,27757.50,18
7088,"PO007088",60,196,20230121,20230219,500,47.66,23830.00,29
7089,"PO007089",68,373,20231025,20231103,500,121.53,60765.00,9
7090,"PO007090",36,144,20230112,20230128,1000,59.65,59650.00,16
7091,"PO007091",100,755,20240803,20240821,300,92.53,27759.00,18
7092,"PO007092",116,65,20231228,20240103,750,181.50,136125.00,6
7093,"PO007093",106,257,20251030,20251126,200,51.63,10326.00,27
7094,"PO007094",103,940,20230920,20230925,100,649.40,64940.00,5
7095,"PO007095",7,119,20240730,20240818,150,37.75,5662.50,19
7096,"PO007096",39,796,20250312,20250402,100,52.43,5243.00,21
7097,"PO007097",12,36,20251029,20251114,300,104.84,31452.00,16
7098,"PO007098",54,95,20230212,20230317,200,898.94,179788.00,33
7099,"PO007099",17,413,20250925,20251011,750,79.61,59707.50,16
7100,"PO007100",34,103,20250508,20250521,200,27.79,5558.00,13
7101,"PO007101",103,555,20230804,20230809,1000,19.31,19310.00,5
7102,"PO007102",3,793,20241021,20241104,150,145.37,21805.50,14
7103,"PO007103",98,900,20251225,20260113,150,47.26,7089.00,19
7104,"PO007104",43,727,20250307,20250314,200,47.33,9466.00,7
7105,"PO007105",83,247,20231104,20231206,300,85.35,25605.00,32
7106,"PO007106",75,77,20250910,20250930,150,610.37,91555.50,20
7107,"PO007107",44,201,20241029,20241124,300,30.44,9132.00,26
7108,"PO007108",58,630,20250531,20250616,200,75.02,15004.00,16
7109,"PO007109",56,137,20250412,20250415,150,19.93,2989.50,3
7110,"PO007110",101,990,20230907,20230928,150,126.57,18985.50,21
7111,"PO007111",14,632,20231022,20231029,50,179.34,8967.00,7
7112,"PO007112",92,494,20240514,20240517,200,73.20,14640.00,3
7113,"PO007113",9,8,20230517,20230524,750,876.72,657540.00,7
7114,"PO007114",13,685,20230811,20230821,100,7.70,770.00,10
7115,"PO007115",72,471,20251211,20251214,1000,192.03,192030.00,3
7116,"PO007116",117,549,20240228,20240317,300,213.02,63906.00,18
7117,"PO007117",60,196,20240612,20240706,1000,47.85,47850.00,24
7118,"PO007118",63,162,20240928,20241021,750,427.68,320760.00,23
7119,"PO007119",72,62,20240129,20240205,300,244.71,73413.00,7
7120,"PO007120",106,257,20230630,20230723,500,51.99,25995.00,23
7121,"PO007121",66,678,20240720,20240726,500,797.84,398920.00,6
7122,"PO007122",2,950,20230822,20230914,300,12.42,3726.00,23
7123,"PO007123",31,541,20240131,20240216,200,23.80,4760.00,16
7124,"PO007124",21,724,20230216,20230306,200,395.01,79002.00,18
7125,"PO007125",65,286,20250611,20250629,300,36.98,11094.00,18
7126,"PO007126",88,989,20231016,20231107,750,841.38,631035.00,22
7127,"PO007127",4,987,20240116,20240217,50,433.45,21672.50,32
7128,"PO007128",29,93,20240219,20240227,200,382.79,76558.00,8
7129,"PO007129",94,269,20230411,20230503,300,31.06,9318.00,22
7130,"PO007130",80,83,20240217,20240224,200,439.68,87936.00,7
7131,"PO007131",104,696,20240706,20240731,1000,145.39,145390.00,25
7132,"PO007132",17,305,20240914,20240929,500,223.62,111810.00,15
7133,"PO007133",84,248,20230405,20230430,1000,43.88,43880.00,25
7134,"PO007134",110,758,20231220,20240103,50,188.46,9423.00,14
7135,"PO007135",20,844,20251018,20251026,100,891.04,89104.00,8
7136,"PO007136",113,17,20230510,20230518,100,57.94,5794.00,8
7137,"PO007137",14,245,20241113,20241119,750,84.05,63037.50,6
7138,"PO007138",108,655,20251125,20251209,500,89.17,44585.00,14
7139,"PO007139",65,84,20231020,20231107,500,10.01,5005.00,18
7140,"PO007140",63,162,20240320,20240413,50,410.05,20502.50,24
7141,"PO007141",55,682,20251019,20251104,1000,771.90,771900.00,16
7142,"PO007142",77,333,20240222,20240305,100,4.87,487.00,12
7143,"PO007143",102,276,20241216,20250112,150,244.47,36670.50,27
7144,"PO007144",83,826,20240306,20240331,1000,5.53,5530.00,25
7145,"PO007145",120,638,20250425,20250507,150,100.23,15034.50,12
7146,"PO007146",40,339,20240612,20240705,150,176.62,26493.00,23
7147,"PO007147",11,689,20230818,20230921,1000,712.62,712620.00,34
7148,"PO007148",40,73,20230810,20230826,50,128.14,6407.00,16
7149,"PO007149",95,41,20230916,20230923,50,150.00,7500.00,7
7150,"PO007150",69,670,20250507,20250511,100,692.48,69248.00,4
7151,"PO007151",38,613,20230319,20230320,750,109.45,82087.50,1
7152,"PO007152",116,316,20230814,20230825,50,230.84,11542.00,11
7153,"PO007153",19,64,20240918,20241008,1000,91.77,91770.00,20
7154,"PO007154",20,163,20230529,20230604,100,15.67,1567.00,6
7155,"PO007155",24,780,20250125,20250212,50,46.61,2330.50,18
7156,"PO007156",106,257,20251025,20251117,150,52.79,7918.50,23
7157,"PO007157",120,638,20250208,20250223,50,96.74,4837.00,15
7158,"PO007158",76,454,20250520,20250608,300,4.11,1233.00,19
7159,"PO007159",46,757,20250606,20250624,150,95.33,14299.50,18
7160,"PO007160",65,286,20230412,20230424,100,40.34,4034.00,12
7161,"PO007161",108,655,20230610,20230616,500,85.85,42925.00,6
7162,"PO007162",16,304,20240329,20240413,100,289.40,28940.00,15
7163,"PO007163",113,535,20231027,20231113,750,327.41,245557.50,17
7164,"PO007164",3,793,20250101,20250115,1000,143.36,143360.00,14
7165,"PO007165",73,259,20241214,20250105,300,55.28,16584.00,22
7166,"PO007166",18,498,20250721,20250813,1000,66.94,66940.00,23
7167,"PO007167",101,71,20230311,20230331,150,697.92,104688.00,20
7168,"PO007168",67,47,20241212,20241220,50,48.13,2406.50,8
7169,"PO007169",70,251,20241123,20241214,500,84.99,42495.00,21
7170,"PO007170",85,208,20250703,20250715,50,179.35,8967.50,12
7171,"PO007171",77,458,20231130,20231209,750,17.49,13117.50,9
7172,"PO007172",42,296,20231010,20231110,200,55.90,11180.00,31
7173,"PO007173",63,455,20230712,20230809,750,205.30,153975.00,28
7174,"PO007174",101,71,20230423,20230515,50,738.65,36932.50,22
7175,"PO007175",23,800,20241202,20241205,750,52.43,39322.50,3
7176,"PO007176",39,132,20230131,20230216,1000,64.79,64790.00,16
7177,"PO007177",73,445,20251129,20251218,750,64.63,48472.50,19
7178,"PO007178",32,164,20240619,20240701,500,473.47,236735.00,12
7179,"PO007179",64,6,20230428,20230508,300,146.66,43998.00,10
7180,"PO007180",56,797,20240211,20240213,150,186.00,27900.00,2
7181,"PO007181",43,204,20250522,20250601,500,243.01,121505.00,10
7182,"PO007182",106,663,20240305,20240323,50,114.54,5727.00,18
7183,"PO007183",14,245,20240728,20240805,200,82.38,16476.00,8
7184,"PO007184",54,108,20230129,20230304,750,211.99,158992.50,34
7185,"PO007185",72,538,20241012,20241013,300,27.79,8337.00,1
7186,"PO007186",103,311,20230116,20230121,150,122.78,18417.00,5
7187,"PO007187",72,763,20230502,20230510,750,651.19,488392.50,8
7188,"PO007188",44,694,20240326,20240421,150,13.46,2019.00,26
7189,"PO007189",110,112,20251017,20251031,1000,39.41,39410.00,14
7190,"PO007190",5,957,20230316,20230326,50,86.53,4326.50,10
7191,"PO007191",88,989,20240911,20241001,1000,886.06,886060.00,20
7192,"PO007192",39,368,20240525,20240612,50,278.16,13908.00,18
7193,"PO007193",31,805,20240807,20240820,200,105.76,21152.00,13
7194,"PO007194",31,317,20230821,20230901,150,60.73,9109.50,11
7195,"PO007195",94,912,20230706,20230727,100,225.25,22525.00,21
7196,"PO007196",33,223,20251227,20260118,1000,42.90,42900.00,22
7197,"PO007197",36,422,20240722,20240812,50,101.23,5061.50,21
7198,"PO007198",14,271,20250812,20250819,750,81.74,61305.00,7
7199,"PO007199",59,645,20250825,20250913,750,27.43,20572.50,19
7200,"PO007200",67,629,20230920,20231001,750,98.35,73762.50,11
7201,"PO007201",84,878,20230620,20230719,1000,8.25,8250.00,29
7202,"PO007202",25,967,20240322,20240412,200,464.69,92938.00,21
7203,"PO007203",58,327,20241117,20241130,1000,30.98,30980.00,13
7204,"PO007204",15,174,20230725,20230803,500,37.41,18705.00,9
7205,"PO007205",61,328,20240928,20241029,200,31.81,6362.00,31
7206,"PO007206",100,459,20241211,20241225,1000,61.90,61900.00,14
7207,"PO007207",92,22,20231213,20231217,300,591.23,177369.00,4
7208,"PO007208",116,602,20240929,20241012,100,85.46,8546.00,13
7209,"PO007209",16,894,20250215,20250227,150,169.17,25375.50,12
7210,"PO007210",19,220,20230430,20230520,300,139.15,41745.00,20
7211,"PO007211",93,12,20250415,20250503,200,10.63,2126.00,18
7212,"PO007212",6,969,20240601,20240615,1000,33.93,33930.00,14
7213,"PO007213",39,500,20251115,20251202,150,56.37,8455.50,17
7214,"PO007214",7,436,20231125,20231216,150,293.04,43956.00,21
7215,"PO007215",81,777,20230910,20230918,750,7.74,5805.00,8
7216,"PO007216",58,754,20230102,20230118,750,277.10,207825.00,16
7217,"PO007217",55,703,20250817,20250906,150,10.81,1621.50,20
7218,"PO007218",61,328,20250423,20250518,150,29.68,4452.00,25
7219,"PO007219",32,401,20251012,20251022,100,77.24,7724.00,10
7220,"PO007220",88,58,20250211,20250303,500,22.08,11040.00,20
7221,"PO007221",62,612,20240316,20240414,300,107.31,32193.00,29
7222,"PO007222",12,312,20251110,20251127,150,299.16,44874.00,17
7223,"PO007223",38,613,20240402,20240403,300,102.96,30888.00,1
7224,"PO007224",33,366,20240212,20240309,1000,434.84,434840.00,26
7225,"PO007225",41,840,20230208,20230224,200,108.78,21756.00,16
7226,"PO007226",42,952,20250405,20250505,50,1.70,85.00,30
7227,"PO007227",29,890,20251006,20251017,1000,82.32,82320.00,11
7228,"PO007228",46,772,20240401,20240416,200,79.53,15906.00,15
7229,"PO007229",34,61,20250427,20250518,1000,26.06,26060.00,21
7230,"PO007230",47,82,20230420,20230430,300,27.42,8226.00,10
7231,"PO007231",91,795,20250211,20250307,200,15.06,3012.00,24
7232,"PO007232",20,821,20251224,20251229,100,80.37,8037.00,5
7233,"PO007233",79,901,20231026,20231128,300,49.35,14805.00,33
7234,"PO007234",78,432,20250605,20250627,1000,184.04,184040.00,22
7235,"PO007235",111,161,20240829,20241007,50,179.62,8981.00,39
7236,"PO007236",83,330,20240106,20240131,150,22.16,3324.00,25
7237,"PO007237",59,930,20240621,20240708,1000,26.36,26360.00,17
7238,"PO007238",88,575,20240520,20240612,200,9.38,1876.00,23
7239,"PO007239",94,269,20250425,20250515,50,29.77,1488.50,20
7240,"PO007240",28,37,20240623,20240720,50,162.58,8129.00,27
7241,"PO007241",60,196,20240508,20240601,300,49.50,14850.00,24
7242,"PO007242",58,166,20230201,20230217,200,7.92,1584.00,16
7243,"PO007243",49,677,20230316,20230406,100,109.71,10971.00,21
7244,"PO007244",66,869,20250807,20250809,300,9.57,2871.00,2
7245,"PO007245",119,503,20240506,20240509,300,118.31,35493.00,3
7246,"PO007246",25,967,20230611,20230704,200,477.36,95472.00,23
7247,"PO007247",44,946,20240421,20240518,300,140.56,42168.00,27
7248,"PO007248",55,682,20240812,20240904,1000,750.37,750370.00,23
7249,"PO007249",21,53,20250101,20250121,500,24.48,12240.00,20
7250,"PO007250",13,588,20240301,20240319,100,139.21,13921.00,18
7251,"PO007251",105,852,20241215,20250102,200,35.58,7116.00,18
7252,"PO007252",50,374,20230123,20230210,1000,624.21,624210.00,18
7253,"PO007253",67,693,20240813,20240822,200,315.37,63074.00,9
7254,"PO007254",33,80,20250725,20250819,150,22.56,3384.00,25
7255,"PO007255",60,326,20230703,20230730,300,10.73,3219.00,27
7256,"PO007256",36,717,20250330,20250420,300,640.90,192270.00,21
7257,"PO007257",58,807,20251002,20251023,300,60.93,18279.00,21
7258,"PO007258",11,689,20240123,20240223,50,761.83,38091.50,31
7259,"PO007259",93,211,20250105,20250119,500,145.00,72500.00,14
7260,"PO007260",46,761,20250213,20250305,1000,254.09,254090.00,20
7261,"PO007261",92,105,20250324,20250402,500,141.79,70895.00,9
7262,"PO007262",11,118,20250629,20250729,300,76.71,23013.00,30
7263,"PO007263",80,461,20240906,20240913,300,224.36,67308.00,7
7264,"PO007264",75,460,20240821,20240914,150,123.92,18588.00,24
7265,"PO007265",82,744,20230426,20230521,500,561.38,280690.00,25
7266,"PO007266",50,841,20241222,20250111,500,30.69,15345.00,20
7267,"PO007267",43,76,20231008,20231016,750,14.31,10732.50,8
7268,"PO007268",20,163,20250610,20250616,300,17.04,5112.00,6
7269,"PO007269",113,193,20241231,20250108,200,34.64,6928.00,8
7270,"PO007270",67,419,20240817,20240827,300,31.37,9411.00,10
7271,"PO007271",16,304,20240617,20240624,300,296.53,88959.00,7
7272,"PO007272",61,322,20251211,20260103,50,31.59,1579.50,23
7273,"PO007273",43,727,20241017,20241026,300,48.31,14493.00,9
7274,"PO007274",95,998,20250710,20250721,50,82.74,4137.00,11
7275,"PO007275",97,831,20240205,20240221,300,4.12,1236.00,16
7276,"PO007276",50,733,20230114,20230131,500,117.48,58740.00,17
7277,"PO007277",42,497,20241124,20241228,500,3.09,1545.00,34
7278,"PO007278",66,729,20230301,20230302,750,71.44,53580.00,1
7279,"PO007279",111,833,20250929,20251107,750,28.13,21097.50,39
7280,"PO007280",104,718,20241105,20241124,500,66.42,33210.00,19
7281,"PO007281",48,730,20250304,20250318,50,307.88,15394.00,14
7282,"PO007282",18,881,20241016,20241113,100,69.60,6960.00,28
7283,"PO007283",50,652,20240922,20241013,750,47.92,35940.00,21
7284,"PO007284",57,254,20241209,20241227,100,455.84,45584.00,18
7285,"PO007285",30,591,20230830,20230918,500,38.76,19380.00,19
7286,"PO007286",73,490,20240701,20240717,1000,2.24,2240.00,16
7287,"PO007287",96,200,20240803,20240815,50,25.24,1262.00,12
7288,"PO007288",78,194,20250614,20250703,300,94.29,28287.00,19
7289,"PO007289",5,660,20240829,20240908,300,89.62,26886.00,10
7290,"PO007290",51,641,20250126,20250130,1000,68.37,68370.00,4
7291,"PO007291",66,434,20251021,20251023,750,32.83,24622.50,2
7292,"PO007292",13,685,20240507,20240522,150,7.74,1161.00,15
7293,"PO007293",60,828,20230210,20230310,300,169.60,50880.00,28
7294,"PO007294",74,511,20250811,20250821,150,512.28,76842.00,10
7295,"PO007295",41,473,20240213,20240229,750,167.31,125482.50,16
7296,"PO007296",104,239,20230107,20230130,200,553.60,110720.00,23
7297,"PO007297",56,418,20230225,20230226,200,28.05,5610.00,1
7298,"PO007298",62,942,20230720,20230818,150,69.08,10362.00,29
7299,"PO007299",78,432,20241007,20241022,500,198.29,99145.00,15
7300,"PO007300",82,504,20231111,20231206,750,492.90,369675.00,25
7301,"PO007301",105,101,20240422,20240516,500,75.29,37645.00,24
7302,"PO007302",49,677,20231003,20231026,1000,110.33,110330.00,23
7303,"PO007303",77,530,20240707,20240718,100,155.50,15550.00,11
7304,"PO007304",36,527,20231005,20231023,150,94.19,14128.50,18
7305,"PO007305",54,299,20240320,20240423,50,242.02,12101.00,34
7306,"PO007306",62,942,20241023,20241124,100,69.57,6957.00,32
7307,"PO007307",107,675,20230708,20230805,50,65.37,3268.50,28
7308,"PO007308",58,327,20250531,20250618,750,32.85,24637.50,18
7309,"PO007309",13,448,20240210,20240228,200,207.29,41458.00,18
7310,"PO007310",39,820,20230130,20230213,100,41.68,4168.00,14
7311,"PO007311",11,689,20231221,20240121,50,753.25,37662.50,31
7312,"PO007312",86,394,20241017,20241027,750,9.94,7455.00,10
7313,"PO007313",78,432,20230913,20230929,150,196.28,29442.00,16
7314,"PO007314",68,100,20230216,20230224,100,272.71,27271.00,8
7315,"PO007315",7,690,20250703,20250723,200,61.98,12396.00,20
7316,"PO007316",43,204,20250312,20250323,50,240.04,12002.00,11
7317,"PO007317",13,947,20251026,20251109,200,54.36,10872.00,14
7318,"PO007318",59,861,20251014,20251027,750,195.01,146257.50,13
7319,"PO007319",79,470,20230729,20230901,150,366.37,54955.50,34
7320,"PO007320",94,742,20231105,20231126,50,47.26,2363.00,21
7321,"PO007321",94,855,20230923,20231018,750,12.05,9037.50,25
7322,"PO007322",41,840,20240225,20240309,750,116.41,87307.50,13
7323,"PO007323",70,28,20230922,20231013,50,135.44,6772.00,21
7324,"PO007324",83,247,20250206,20250303,1000,92.14,92140.00,25
7325,"PO007325",104,786,20240111,20240201,1000,175.02,175020.00,21
7326,"PO007326",77,600,20250325,20250403,100,468.48,46848.00,9
7327,"PO007327",60,190,20230906,20231002,750,30.70,23025.00,26
7328,"PO007328",109,706,20230509,20230523,300,25.19,7557.00,14
7329,"PO007329",120,638,20231001,20231014,150,103.64,15546.00,13
7330,"PO007330",91,787,20230425,20230517,500,261.94,130970.00,22
7331,"PO007331",54,198,20250102,20250203,300,14.47,4341.00,32
7332,"PO007332",94,742,20240101,20240126,100,45.45,4545.00,25
7333,"PO007333",80,874,20250524,20250601,100,74.20,7420.00,8
7334,"PO007334",61,328,20231119,20231215,100,31.56,3156.00,26
7335,"PO007335",106,839,20251101,20251123,150,29.38,4407.00,22
7336,"PO007336",80,996,20240109,20240114,750,651.87,488902.50,5
7337,"PO007337",42,219,20230209,20230311,50,164.39,8219.50,30
7338,"PO007338",75,460,20240308,20240405,100,123.76,12376.00,28
7339,"PO007339",38,601,20250530,20250601,500,718.52,359260.00,2
7340,"PO007340",30,351,20230902,20230924,750,23.43,17572.50,22
7341,"PO007341",60,439,20250115,20250216,100,606.19,60619.00,32
7342,"PO007342",42,485,20230925,20231029,50,50.14,2507.00,34
7343,"PO007343",99,303,20250504,20250511,500,429.35,214675.00,7
7344,"PO007344",50,832,20231109,20231125,100,43.51,4351.00,16
7345,"PO007345",73,490,20241117,20241212,200,2.31,462.00,25
7346,"PO007346",84,123,20250423,20250516,50,108.37,5418.50,23
7347,"PO007347",76,480,20251129,20251219,50,153.69,7684.50,20
7348,"PO007348",25,879,20230602,20230623,150,9.16,1374.00,21
7349,"PO007349",2,443,20250323,20250416,100,7.69,769.00,24
7350,"PO007350",101,488,20240519,20240608,1000,13.85,13850.00,20
7351,"PO007351",37,474,20250420,20250507,500,20.00,10000.00,17
7352,"PO007352",20,280,20230219,20230225,150,134.27,20140.50,6
7353,"PO007353",89,464,20230721,20230809,150,133.69,20053.50,19
7354,"PO007354",57,331,20240907,20240929,300,544.08,163224.00,22
7355,"PO007355",99,534,20230917,20231003,500,53.38,26690.00,16
7356,"PO007356",66,662,20230210,20230214,300,80.53,24159.00,4
7357,"PO007357",31,572,20240828,20240910,750,673.70,505275.00,13
7358,"PO007358",118,308,20240107,20240206,750,344.55,258412.50,30
7359,"PO007359",1,170,20251030,20251115,200,200.27,40054.00,16
7360,"PO007360",83,774,20230329,20230427,150,601.17,90175.50,29
7361,"PO007361",80,83,20250124,20250127,1000,437.96,437960.00,3
7362,"PO007362",73,490,20231209,20231229,300,2.29,687.00,20
7363,"PO007363",108,116,20240209,20240223,500,850.79,425395.00,14
7364,"PO007364",6,714,20241204,20241218,750,372.89,279667.50,14
7365,"PO007365",16,385,20230423,20230430,300,9.73,2919.00,7
7366,"PO007366",56,277,20250826,20250827,750,440.63,330472.50,1
7367,"PO007367",101,539,20241019,20241109,50,648.68,32434.00,21
7368,"PO007368",104,35,20240927,20241017,500,235.77,117885.00,20
7369,"PO007369",58,630,20250614,20250630,50,73.55,3677.50,16
7370,"PO007370",89,631,20250609,20250622,750,51.41,38557.50,13
7371,"PO007371",85,338,20230404,20230419,100,112.36,11236.00,15
7372,"PO007372",61,29,20231215,20240108,300,403.69,121107.00,24
7373,"PO007373",80,461,20251209,20251212,200,216.90,43380.00,3
7374,"PO007374",36,75,20250228,20250316,500,12.54,6270.00,16
7375,"PO007375",1,791,20230702,20230721,300,30.64,9192.00,19
7376,"PO007376",67,466,20241026,20241104,200,363.84,72768.00,9
7377,"PO007377",53,253,20230824,20230910,50,87.02,4351.00,17
7378,"PO007378",26,687,20241205,20241229,1000,187.84,187840.00,24
7379,"PO007379",44,201,20250630,20250729,150,29.67,4450.50,29
7380,"PO007380",72,961,20240604,20240608,500,701.53,350765.00,4
7381,"PO007381",117,359,20240429,20240523,500,208.42,104210.00,24
7382,"PO007382",40,167,20240804,20240826,500,35.13,17565.00,22
7383,"PO007383",92,128,20241016,20241025,200,89.63,17926.00,9
7384,"PO007384",61,870,20250206,20250302,500,21.94,10970.00,24
7385,"PO007385",17,209,20251101,20251118,200,6.44,1288.00,17
7386,"PO007386",95,266,20230511,20230521,1000,10.88,10880.00,10
7387,"PO007387",32,164,20230505,20230513,100,491.78,49178.00,8
7388,"PO007388",99,303,20240119,20240205,150,460.49,69073.50,17
7389,"PO007389",7,690,20230220,20230313,200,63.31,12662.00,21
7390,"PO007390",103,932,20240404,20240405,100,7.78,778.00,1
7391,"PO007391",47,136,20251125,20251206,150,425.96,63894.00,11
7392,"PO007392",40,73,20240106,20240129,50,126.45,6322.50,23
7393,"PO007393",51,641,20250108,20250113,300,68.68,20604.00,5
7394,"PO007394",39,368,20250314,20250330,50,269.35,13467.50,16
7395,"PO007395",18,702,20240418,20240517,100,32.21,3221.00,29
7396,"PO007396",98,900,20240216,20240308,750,44.08,33060.00,21
7397,"PO007397",61,267,20240102,20240129,100,24.88,2488.00,27
7398,"PO007398",78,707,20240429,20240523,750,13.02,9765.00,24
7399,"PO007399",99,303,20230801,20230814,200,430.49,86098.00,13
7400,"PO007400",13,685,20230214,20230224,200,7.79,1558.00,10
7401,"PO007401",32,741,20251111,20251122,100,21.81,2181.00,11
7402,"PO007402",28,1,20250319,20250414,100,71.67,7167.00,26
7403,"PO007403",67,842,20250125,20250204,300,53.30,15990.00,10
7404,"PO007404",43,926,20250813,20250825,750,27.65,20737.50,12
7405,"PO007405",89,631,20251031,20251118,100,54.96,5496.00,18
7406,"PO007406",45,392,20241225,20250106,50,184.29,9214.50,12
7407,"PO007407",4,291,20250819,20250918,300,29.23,8769.00,30
7408,"PO007408",3,813,20250411,20250426,100,519.97,51997.00,15
7409,"PO007409",57,160,20251208,20251226,50,8.12,406.00,18
7410,"PO007410",101,173,20250620,20250709,750,345.18,258885.00,19
7411,"PO007411",72,62,20250611,20250615,100,243.14,24314.00,4
7412,"PO007412",17,413,20240722,20240806,500,79.64,39820.00,15
7413,"PO007413",106,257,20240524,20240616,300,52.26,15678.00,23
7414,"PO007414",85,293,20240418,20240504,50,176.62,8831.00,16
7415,"PO007415",65,84,20251006,20251023,500,10.10,5050.00,17
7416,"PO007416",77,179,20240511,20240526,500,34.04,17020.00,15
7417,"PO007417",7,915,20240209,20240229,1000,33.50,33500.00,20
7418,"PO007418",48,506,20250125,20250208,750,68.50,51375.00,14
7419,"PO007419",19,836,20251207,20251224,200,7.91,1582.00,17
7420,"PO007420",94,520,20240215,20240309,100,87.02,8702.00,23
7421,"PO007421",103,388,20241016,20241017,50,84.89,4244.50,1
7422,"PO007422",50,733,20240916,20241002,500,115.95,57975.00,16
7423,"PO007423",6,581,20230410,20230423,50,23.18,1159.00,13
7424,"PO007424",55,682,20240728,20240818,750,757.61,568207.50,21
7425,"PO007425",93,146,20250119,20250201,100,7.36,736.00,13
7426,"PO007426",113,17,20240804,20240813,100,57.78,5778.00,9
7427,"PO007427",28,21,20230624,20230718,1000,61.59,61590.00,24
7428,"PO007428",13,933,20240216,20240302,100,37.18,3718.00,15
7429,"PO007429",63,563,20240111,20240202,300,41.70,12510.00,22
7430,"PO007430",71,972,20250927,20251017,150,520.46,78069.00,20
7431,"PO007431",14,129,20240910,20240915,100,366.34,36634.00,5
7432,"PO007432",98,168,20240616,20240704,500,15.34,7670.00,18
7433,"PO007433",107,140,20250408,20250504,100,18.74,1874.00,26
7434,"PO007434",56,598,20240201,20240202,50,297.87,14893.50,1
7435,"PO007435",25,860,20230719,20230809,50,11.01,550.50,21
7436,"PO007436",65,286,20230824,20230907,300,37.02,11106.00,14
7437,"PO007437",77,302,20230912,20230922,100,98.47,9847.00,10
7438,"PO007438",57,431,20240511,20240601,300,474.75,142425.00,21
7439,"PO007439",31,752,20251119,20251204,500,33.53,16765.00,15
7440,"PO007440",15,11,20230924,20231006,100,339.09,33909.00,12
7441,"PO007441",107,131,20250628,20250724,1000,137.86,137860.00,26
7442,"PO007442",3,813,20241027,20241106,150,557.84,83676.00,10
7443,"PO007443",51,516,20240710,20240717,50,29.23,1461.50,7
7444,"PO007444",9,907,20231010,20231018,300,293.76,88128.00,8
7445,"PO007445",113,17,20250103,20250114,1000,55.98,55980.00,11
7446,"PO007446",42,485,20230605,20230711,200,49.93,9986.00,36
7447,"PO007447",63,162,20251015,20251107,300,413.35,124005.00,23
7448,"PO007448",38,613,20250909,20250912,150,110.59,16588.50,3
7449,"PO007449",61,870,20230502,20230531,50,21.95,1097.50,29
7450,"PO007450",44,814,20250805,20250903,300,43.28,12984.00,29
7451,"PO007451",68,467,20230310,20230315,50,95.94,4797.00,5
7452,"PO007452",84,878,20250508,20250604,150,8.38,1257.00,27
7453,"PO007453",82,744,20240302,20240326,500,568.89,284445.00,24
7454,"PO007454",39,55,20231201,20231223,750,82.16,61620.00,22
7455,"PO007455",85,568,20251007,20251021,200,692.92,138584.00,14
7456,"PO007456",94,680,20230609,20230701,100,16.67,1667.00,22
7457,"PO007457",42,219,20230512,20230611,1000,160.60,160600.00,30
7458,"PO007458",40,789,20240110,20240128,150,1.36,204.00,18
7459,"PO007459",66,672,20250823,20250830,100,41.48,4148.00,7
7460,"PO007460",49,941,20251016,20251102,50,27.75,1387.50,17
7461,"PO007461",42,321,20240214,20240316,100,24.05,2405.00,31
7462,"PO007462",104,35,20231128,20231220,100,243.89,24389.00,22
7463,"PO007463",33,223,20251011,20251106,750,43.08,32310.00,26
7464,"PO007464",27,643,20230131,20230212,50,64.54,3227.00,12
7465,"PO007465",42,735,20250813,20250909,750,114.19,85642.50,27
7466,"PO007466",120,205,20240706,20240720,1000,128.08,128080.00,14
7467,"PO007467",87,241,20230730,20230816,300,46.47,13941.00,17
7468,"PO007468",15,11,20240614,20240626,500,330.62,165310.00,12
7469,"PO007469",18,971,20250112,20250201,750,32.89,24667.50,20
7470,"PO007470",119,819,20231108,20231117,50,41.73,2086.50,9
7471,"PO007471",53,253,20230709,20230719,150,86.40,12960.00,10
7472,"PO007472",53,896,20230524,20230609,150,218.84,32826.00,16
7473,"PO007473",60,224,20241201,20241226,500,99.35,49675.00,25
7474,"PO007474",25,879,20230418,20230516,150,9.04,1356.00,28
7475,"PO007475",38,171,20250605,20250608,50,32.34,1617.00,3
7476,"PO007476",31,376,20250729,20250812,50,728.25,36412.50,14
7477,"PO007477",83,561,20250225,20250324,1000,436.89,436890.00,27
7478,"PO007478",66,382,20240612,20240616,1000,2.56,2560.00,4
7479,"PO007479",57,386,20250323,20250411,200,234.90,46980.00,19
7480,"PO007480",16,405,20250625,20250707,500,10.86,5430.00,12
7481,"PO007481",96,956,20241127,20241208,300,209.28,62784.00,11
7482,"PO007482",113,17,20230726,20230808,100,58.74,5874.00,13
7483,"PO007483",88,255,20250829,20250917,500,3.25,1625.00,19
7484,"PO007484",120,804,20250116,20250127,100,138.79,13879.00,11
7485,"PO007485",79,699,20240401,20240511,1000,542.06,542060.00,40
7486,"PO007486",101,990,20251122,20251214,50,130.00,6500.00,22
7487,"PO007487",93,966,20241007,20241023,100,238.37,23837.00,16
7488,"PO007488",75,750,20241212,20250105,500,55.33,27665.00,24
7489,"PO007489",99,19,20230209,20230222,100,256.11,25611.00,13
7490,"PO007490",44,378,20250127,20250222,1000,106.15,106150.00,26
7491,"PO007491",102,858,20241209,20250106,300,17.35,5205.00,28
7492,"PO007492",103,388,20240829,20240903,150,82.55,12382.50,5
7493,"PO007493",65,975,20230717,20230808,50,35.10,1755.00,22
7494,"PO007494",108,116,20240518,20240604,500,857.30,428650.00,17
7495,"PO007495",51,802,20251101,20251107,1000,406.49,406490.00,6
7496,"PO007496",43,926,20231222,20240103,150,25.49,3823.50,12
7497,"PO007497",41,840,20250929,20251015,300,117.29,35187.00,16
7498,"PO007498",17,209,20241210,20241230,750,6.13,4597.50,20
7499,"PO007499",41,207,20230112,20230203,1000,14.59,14590.00,22
7500,"PO007500",11,659,20250706,20250806,500,210.01,105005.00,31
7501,"PO007501",101,799,20240507,20240528,300,37.29,11187.00,21
7502,"PO007502",50,107,20250507,20250522,300,738.00,221400.00,15
7503,"PO007503",37,357,20231101,20231119,200,353.63,70726.00,18
7504,"PO007504",102,381,20240824,20240921,500,242.67,121335.00,28
7505,"PO007505",37,285,20230923,20231011,100,2.07,207.00,18
7506,"PO007506",101,799,20240514,20240606,150,40.22,6033.00,23
7507,"PO007507",68,150,20241114,20241123,200,60.33,12066.00,9
7508,"PO007508",16,894,20240206,20240223,500,174.50,87250.00,17
7509,"PO007509",120,804,20230802,20230815,100,139.36,13936.00,13
7510,"PO007510",63,679,20251104,20251124,500,35.56,17780.00,20
7511,"PO007511",64,222,20250627,20250706,200,488.64,97728.00,9
7512,"PO007512",6,581,20231207,20231216,100,22.72,2272.00,9
7513,"PO007513",112,210,20241204,20241225,50,8.47,423.50,21
7514,"PO007514",46,772,20230727,20230815,500,78.63,39315.00,19
7515,"PO007515",81,668,20240315,20240322,500,13.68,6840.00,7
7516,"PO007516",44,560,20240210,20240307,150,189.08,28362.00,26
7517,"PO007517",56,418,20230929,20231002,750,27.51,20632.50,3
7518,"PO007518",75,622,20251101,20251119,150,254.79,38218.50,18
7519,"PO007519",33,9,20241001,20241025,500,49.86,24930.00,24
7520,"PO007520",119,503,20230701,20230702,150,115.87,17380.50,1
7521,"PO007521",93,202,20250525,20250607,1000,69.92,69920.00,13
7522,"PO007522",76,480,20230304,20230322,100,159.04,15904.00,18
7523,"PO007523",26,687,20250810,20250831,1000,192.82,192820.00,21
7524,"PO007524",25,154,20240507,20240526,300,11.43,3429.00,19
7525,"PO007525",70,811,20230427,20230525,200,171.52,34304.00,28
7526,"PO007526",65,835,20240616,20240704,750,79.53,59647.50,18
7527,"PO007527",21,68,20230302,20230326,750,200.11,150082.50,24
7528,"PO007528",20,540,20230123,20230128,750,140.50,105375.00,5
7529,"PO007529",118,183,20230110,20230219,750,130.99,98242.50,40
7530,"PO007530",108,609,20251118,20251130,500,45.29,22645.00,12
7531,"PO007531",92,105,20250330,20250407,300,147.56,44268.00,8
7532,"PO007532",71,925,20240702,20240723,200,40.51,8102.00,21
7533,"PO007533",78,589,20240722,20240811,200,59.72,11944.00,20
7534,"PO007534",93,146,20230507,20230522,200,7.68,1536.00,15
7535,"PO007535",85,208,20240213,20240228,200,180.42,36084.00,15
7536,"PO007536",78,849,20230520,20230612,100,70.68,7068.00,23
7537,"PO007537",111,979,20251024,20251201,750,178.58,133935.00,38
7538,"PO007538",108,609,20240702,20240721,50,47.63,2381.50,19
7539,"PO007539",60,240,20240409,20240508,50,193.41,9670.50,29
7540,"PO007540",63,455,20230606,20230626,200,203.88,40776.00,20
7541,"PO007541",5,528,20241124,20241210,500,30.70,15350.00,16
7542,"PO007542",31,541,20250809,20250818,150,23.65,3547.50,9
7543,"PO007543",109,287,20240414,20240422,100,12.96,1296.00,8
7544,"PO007544",88,255,20250530,20250625,750,3.05,2287.50,26
7545,"PO007545",101,71,20250531,20250616,750,714.66,535995.00,16
7546,"PO007546",41,279,20250825,20250911,300,15.79,4737.00,17
7547,"PO007547",21,169,20240221,20240309,100,60.61,6061.00,17
7548,"PO007548",64,96,20230217,20230224,1000,86.26,86260.00,7
7549,"PO007549",63,203,20240102,20240120,1000,319.63,319630.00,18
7550,"PO007550",73,585,20230603,20230623,100,118.23,11823.00,20
7551,"PO007551",45,392,20231013,20231022,100,184.44,18444.00,9
7552,"PO007552",76,313,20230522,20230610,750,171.69,128767.50,19
7553,"PO007553",18,859,20250426,20250519,150,562.45,84367.50,23
7554,"PO007554",89,226,20250304,20250322,100,6.93,693.00,18
7555,"PO007555",8,270,20231224,20231225,300,61.81,18543.00,1
7556,"PO007556",97,141,20251015,20251031,50,24.20,1210.00,16
7557,"PO007557",23,523,20230411,20230417,100,127.63,12763.00,6
7558,"PO007558",42,739,20250822,20250922,500,25.04,12520.00,31
7559,"PO007559",45,292,20250118,20250204,1000,130.19,130190.00,17
7560,"PO007560",118,308,20241226,20250206,50,349.14,17457.00,42
7561,"PO007561",70,28,20230719,20230817,200,143.09,28618.00,29
7562,"PO007562",7,915,20230204,20230224,750,32.05,24037.50,20
7563,"PO007563",96,992,20230606,20230619,750,181.53,136147.50,13
7564,"PO007564",54,658,20250916,20251020,750,56.10,42075.00,34
7565,"PO007565",20,821,20240417,20240422,100,87.85,8785.00,5
7566,"PO007566",113,52,20240821,20240831,500,272.57,136285.00,10
7567,"PO007567",107,866,20231107,20231202,50,77.48,3874.00,25
7568,"PO007568",91,671,20250716,20250811,100,8.32,832.00,26
7569,"PO007569",87,244,20240117,20240208,1000,268.15,268150.00,22
7570,"PO007570",21,169,20240417,20240513,100,57.93,5793.00,26
7571,"PO007571",27,643,20230815,20230821,200,66.79,13358.00,6
7572,"PO007572",70,63,20250429,20250524,50,81.95,4097.50,25
7573,"PO007573",32,401,20240616,20240621,200,70.49,14098.00,5
7574,"PO007574",74,228,20240620,20240628,500,41.68,20840.00,8
7575,"PO007575",101,595,20241110,20241204,500,62.16,31080.00,24
7576,"PO007576",84,916,20241007,20241031,50,32.48,1624.00,24
7577,"PO007577",63,676,20230418,20230509,100,539.91,53991.00,21
7578,"PO007578",107,675,20230319,20230414,150,60.05,9007.50,26
7579,"PO007579",87,619,20240216,20240303,750,703.24,527430.00,16
7580,"PO007580",13,30,20230401,20230413,100,201.01,20101.00,12
7581,"PO007581",42,497,20230418,20230521,500,2.92,1460.00,33
7582,"PO007582",88,701,20240406,20240426,500,69.84,34920.00,20
7583,"PO007583",46,372,20231211,20231228,500,143.32,71660.00,17
7584,"PO007584",44,792,20240121,20240216,750,33.12,24840.00,26
7585,"PO007585",78,923,20241015,20241109,750,111.85,83887.50,25
7586,"PO007586",97,124,20250108,20250126,100,149.01,14901.00,18
7587,"PO007587",31,541,20241113,20241126,50,22.15,1107.50,13
7588,"PO007588",62,902,20240131,20240227,500,20.70,10350.00,27
7589,"PO007589",51,641,20250113,20250121,300,70.48,21144.00,8
7590,"PO007590",51,414,20230813,20230814,100,35.55,3555.00,1
7591,"PO007591",56,571,20230417,20230419,200,156.01,31202.00,2
7592,"PO007592",57,386,20230629,20230719,200,241.09,48218.00,20
7593,"PO007593",24,592,20241001,20241014,50,30.85,1542.50,13
7594,"PO007594",56,418,20251002,20251010,100,28.01,2801.00,8
7595,"PO007595",21,639,20251008,20251027,500,110.60,55300.00,19
7596,"PO007596",7,915,20230419,20230511,100,32.74,3274.00,22
7597,"PO007597",76,313,20250329,20250414,100,177.01,17701.00,16
7598,"PO007598",87,619,20251226,20260110,100,718.42,71842.00,15
7599,"PO007599",62,612,20250914,20251015,500,107.31,53655.00,31
7600,"PO007600",113,537,20240316,20240401,300,144.49,43347.00,16
7601,"PO007601",77,333,20230107,20230112,1000,4.81,4810.00,5
7602,"PO007602",50,361,20250106,20250115,200,5.26,1052.00,9
7603,"PO007603",119,845,20251013,20251016,50,10.11,505.50,3
7604,"PO007604",100,661,20230624,20230712,100,111.21,11121.00,18
7605,"PO007605",26,237,20240114,20240207,50,42.80,2140.00,24
7606,"PO007606",68,467,20241113,20241116,300,97.91,29373.00,3
7607,"PO007607",86,394,20241116,20241127,100,9.60,960.00,11
7608,"PO007608",38,822,20251119,20251122,1000,56.91,56910.00,3
7609,"PO007609",113,17,20250411,20250427,300,58.78,17634.00,16
7610,"PO007610",78,589,20240926,20241014,1000,64.38,64380.00,18
7611,"PO007611",10,594,20230819,20230902,500,99.12,49560.00,14
7612,"PO007612",84,484,20241223,20250117,50,10.45,522.50,25
7613,"PO007613",104,35,20251008,20251101,300,241.58,72474.00,24
7614,"PO007614",95,69,20240327,20240410,300,38.62,11586.00,14
7615,"PO007615",29,890,20250702,20250709,150,84.08,12612.00,7
7616,"PO007616",59,645,20230629,20230711,300,29.24,8772.00,12
7617,"PO007617",18,697,20231202,20231228,50,254.49,12724.50,26
7618,"PO007618",38,171,20230913,20230922,100,31.48,3148.00,9
7619,"PO007619",75,77,20230117,20230204,200,583.43,116686.00,18
7620,"PO007620",77,333,20230725,20230801,150,4.63,694.50,7
7621,"PO007621",65,953,20230208,20230302,100,113.86,11386.00,22
7622,"PO007622",65,84,20241227,20250116,150,10.54,1581.00,20
7623,"PO007623",10,594,20241010,20241020,300,93.72,28116.00,10
7624,"PO007624",21,68,20240505,20240529,300,196.94,59082.00,24
7625,"PO007625",120,362,20230810,20230823,100,21.70,2170.00,13
7626,"PO007626",90,172,20240317,20240410,300,92.47,27741.00,24
7627,"PO007627",27,959,20240424,20240504,150,51.04,7656.00,10
7628,"PO007628",66,869,20250615,20250620,1000,9.16,9160.00,5
7629,"PO007629",10,594,20240305,20240313,300,97.87,29361.00,8
7630,"PO007630",80,461,20240614,20240618,750,233.77,175327.50,4
7631,"PO007631",112,522,20241130,20241226,150,42.22,6333.00,26
7632,"PO007632",50,841,20250213,20250228,100,30.93,3093.00,15
7633,"PO007633",43,898,20240623,20240702,200,195.93,39186.00,9
7634,"PO007634",114,978,20231211,20231230,750,156.62,117465.00,19
7635,"PO007635",59,567,20230123,20230209,200,165.32,33064.00,17
7636,"PO007636",51,130,20230917,20230923,150,733.29,109993.50,6
7637,"PO007637",36,527,20251208,20260102,300,99.76,29928.00,25
7638,"PO007638",114,252,20240703,20240723,150,17.65,2647.50,20
7639,"PO007639",40,457,20241123,20241214,500,43.74,21870.00,21
7640,"PO007640",21,453,20240706,20240805,100,174.28,17428.00,30
7641,"PO007641",60,224,20231030,20231127,1000,91.57,91570.00,28
7642,"PO007642",34,103,20250807,20250825,100,28.69,2869.00,18
7643,"PO007643",44,560,20250701,20250801,50,197.67,9883.50,31
7644,"PO007644",104,542,20241123,20241215,200,28.81,5762.00,22
7645,"PO007645",103,618,20230526,20230531,1000,38.06,38060.00,5
7646,"PO007646",61,322,20250218,20250314,50,31.90,1595.00,24
7647,"PO007647",87,241,20240411,20240428,100,45.49,4549.00,17
7648,"PO007648",63,104,20240105,20240128,150,342.45,51367.50,23
7649,"PO007649",77,600,20250214,20250224,500,510.07,255035.00,10
7650,"PO007650",119,81,20250831,20250902,1000,15.08,15080.00,2
7651,"PO007651",66,434,20250122,20250123,300,32.23,9669.00,1
7652,"PO007652",46,761,20250806,20250824,1000,254.15,254150.00,18
7653,"PO007653",103,98,20250103,20250104,150,630.73,94609.50,1
7654,"PO007654",19,788,20250919,20251004,750,16.87,12652.50,15
7655,"PO007655",88,701,20230208,20230219,500,71.67,35835.00,11
7656,"PO007656",70,664,20250822,20250919,200,49.29,9858.00,28
7657,"PO007657",80,92,20240217,20240227,1000,43.22,43220.00,10
7658,"PO007658",29,344,20250926,20250930,300,35.08,10524.00,4
7659,"PO007659",17,209,20240130,20240216,150,6.69,1003.50,17
7660,"PO007660",106,839,20240715,20240810,750,28.11,21082.50,26
7661,"PO007661",29,344,20231127,20231206,1000,37.17,37170.00,9
7662,"PO007662",30,790,20240306,20240326,200,220.56,44112.00,20
7663,"PO007663",41,897,20230713,20230729,150,7.17,1075.50,16
7664,"PO007664",76,480,20250623,20250715,500,157.03,78515.00,22
7665,"PO007665",13,30,20240808,20240820,100,192.84,19284.00,12
7666,"PO007666",9,768,20250817,20250828,100,36.21,3621.00,11
7667,"PO007667",7,915,20240516,20240605,50,32.88,1644.00,20
7668,"PO007668",3,813,20240903,20240919,200,534.92,106984.00,16
7669,"PO007669",16,153,20250304,20250316,500,208.84,104420.00,12
7670,"PO007670",54,360,20230425,20230528,50,307.73,15386.50,33
7671,"PO007671",18,702,20241111,20241206,300,32.91,9873.00,25
7672,"PO007672",29,481,20230113,20230123,100,106.31,10631.00,10
7673,"PO007673",78,318,20240305,20240326,500,56.16,28080.00,21
7674,"PO007674",44,694,20250801,20250828,1000,13.71,13710.00,27
7675,"PO007675",106,257,20230924,20231020,100,54.18,5418.00,26
7676,"PO007676",92,494,20240214,20240225,1000,73.75,73750.00,11
7677,"PO007677",82,719,20251026,20251123,200,6.03,1206.00,28
7678,"PO007678",14,974,20240330,20240407,1000,215.96,215960.00,8
7679,"PO007679",80,893,20230904,20230915,750,12.02,9015.00,11
7680,"PO007680",39,854,20230627,20230717,200,286.25,57250.00,20
7681,"PO007681",101,885,20240207,20240228,750,143.19,107392.50,21
7682,"PO007682",107,140,20250326,20250421,200,18.01,3602.00,26
7683,"PO007683",84,2,20231227,20240125,750,1.93,1447.50,29
7684,"PO007684",118,551,20250623,20250730,1000,9.11,9110.00,37
7685,"PO007685",109,706,20250910,20250920,100,25.45,2545.00,10
7686,"PO007686",20,424,20251207,20251215,200,18.80,3760.00,8
7687,"PO007687",71,356,20250820,20250911,500,539.28,269640.00,22
7688,"PO007688",104,786,20230210,20230309,300,181.42,54426.00,27
7689,"PO007689",44,201,20240102,20240128,500,31.11,15555.00,26
7690,"PO007690",10,594,20241219,20241228,500,95.30,47650.00,9
7691,"PO007691",86,548,20230903,20230914,1000,172.06,172060.00,11
7692,"PO007692",76,843,20231126,20231219,50,29.50,1475.00,23
7693,"PO007693",7,565,20230817,20230905,200,195.02,39004.00,19
7694,"PO007694",37,357,20250614,20250703,200,353.04,70608.00,19
7695,"PO007695",30,217,20250322,20250414,300,618.56,185568.00,23
7696,"PO007696",49,941,20251009,20251030,200,28.76,5752.00,21
7697,"PO007697",52,738,20240823,20240904,150,165.44,24816.00,12
7698,"PO007698",11,18,20250203,20250311,200,60.75,12150.00,36
7699,"PO007699",61,825,20250901,20250925,1000,567.62,567620.00,24
7700,"PO007700",69,243,20231231,20240112,500,38.81,19405.00,12
7701,"PO007701",67,402,20251222,20251224,1000,195.53,195530.00,2
7702,"PO007702",107,633,20230509,20230601,50,20.03,1001.50,23
7703,"PO007703",54,95,20241017,20241117,750,870.29,652717.50,31
7704,"PO007704",13,933,20230418,20230501,500,39.04,19520.00,13
7705,"PO007705",13,635,20250213,20250226,300,73.23,21969.00,13
7706,"PO007706",39,249,20240217,20240305,500,729.92,364960.00,17
7707,"PO007707",68,301,20250725,20250801,150,459.07,68860.50,7
7708,"PO007708",51,802,20230128,20230204,50,395.08,19754.00,7
7709,"PO007709",1,97,20240527,20240621,200,48.72,9744.00,25
7710,"PO007710",106,759,20251212,20251230,100,48.45,4845.00,18
7711,"PO007711",70,251,20250815,20250912,100,85.27,8527.00,28
7712,"PO007712",109,794,20230405,20230414,1000,78.29,78290.00,9
7713,"PO007713",118,673,20240306,20240413,150,105.23,15784.50,38
7714,"PO007714",91,816,20240909,20241003,1000,13.67,13670.00,24
7715,"PO007715",58,365,20230821,20230906,150,78.55,11782.50,16
7716,"PO007716",52,74,20250802,20250814,150,6.85,1027.50,12
7717,"PO007717",48,827,20250630,20250713,750,73.60,55200.00,13
7718,"PO007718",103,263,20241013,20241014,750,21.40,16050.00,1
7719,"PO007719",86,340,20241221,20241230,500,24.85,12425.00,9
7720,"PO007720",93,966,20251008,20251019,50,229.39,11469.50,11
7721,"PO007721",44,201,20240823,20240918,150,31.02,4653.00,26
7722,"PO007722",41,473,20250715,20250731,1000,172.41,172410.00,16
7723,"PO007723",49,621,20241122,20241211,200,230.28,46056.00,19
7724,"PO007724",2,195,20250306,20250327,50,67.63,3381.50,21
7725,"PO007725",86,115,20240502,20240514,1000,135.60,135600.00,12
7726,"PO007726",106,839,20250803,20250827,500,29.26,14630.00,24
7727,"PO007727",26,988,20250503,20250523,200,43.18,8636.00,20
7728,"PO007728",17,273,20240606,20240620,100,36.19,3619.00,14
7729,"PO007729",101,885,20240911,20241001,500,146.03,73015.00,20
7730,"PO007730",76,647,20230809,20230831,500,31.38,15690.00,22
7731,"PO007731",87,241,20230227,20230310,1000,46.83,46830.00,11
7732,"PO007732",82,184,20240920,20241020,1000,33.87,33870.00,30
7733,"PO007733",9,566,20250518,20250525,500,91.31,45655.00,7
7734,"PO007734",75,883,20240406,20240425,200,83.01,16602.00,19
7735,"PO007735",43,482,20250222,20250228,750,114.65,85987.50,6
7736,"PO007736",33,233,20251121,20251217,100,197.55,19755.00,26
7737,"PO007737",84,501,20250828,20250921,500,42.06,21030.00,24
7738,"PO007738",84,123,20250218,20250318,1000,102.23,102230.00,28
7739,"PO007739",96,200,20230308,20230322,1000,23.35,23350.00,14
7740,"PO007740",95,41,20230718,20230730,50,151.03,7551.50,12
7741,"PO007741",65,886,20250807,20250827,750,2.12,1590.00,20
7742,"PO007742",64,96,20250302,20250311,750,85.55,64162.50,9
7743,"PO007743",106,806,20230619,20230714,150,27.80,4170.00,25
7744,"PO007744",32,741,20250827,20250904,500,21.41,10705.00,8
7745,"PO007745",50,250,20250614,20250705,300,382.18,114654.00,21
7746,"PO007746",78,707,20240517,20240605,750,12.47,9352.50,19
7747,"PO007747",22,20,20230204,20230226,200,101.18,20236.00,22
7748,"PO007748",39,249,20240726,20240809,100,721.19,72119.00,14
7749,"PO007749",90,85,20230523,20230606,150,97.82,14673.00,14
7750,"PO007750",39,854,20240906,20240919,1000,274.58,274580.00,13
7751,"PO007751",50,107,20230713,20230730,300,756.34,226902.00,17
7752,"PO007752",117,549,20240907,20240925,300,206.81,62043.00,18
7753,"PO007753",59,50,20231009,20231021,750,142.96,107220.00,12
7754,"PO007754",46,910,20231114,20231202,200,35.27,7054.00,18
7755,"PO007755",51,584,20250110,20250111,1000,195.16,195160.00,1
7756,"PO007756",110,214,20250615,20250628,500,35.28,17640.00,13
7757,"PO007757",45,292,20251114,20251125,200,119.90,23980.00,11
7758,"PO007758",105,533,20230722,20230817,50,66.40,3320.00,26
7759,"PO007759",92,105,20240505,20240513,200,153.12,30624.00,8
7760,"PO007760",69,670,20240111,20240123,300,735.68,220704.00,12
7761,"PO007761",40,149,20230909,20231002,50,34.13,1706.50,23
7762,"PO007762",65,238,20250303,20250317,50,185.36,9268.00,14
7763,"PO007763",46,372,20250118,20250203,750,141.27,105952.50,16
7764,"PO007764",92,494,20250622,20250626,500,77.15,38575.00,4
7765,"PO007765",48,456,20251225,20260108,150,111.39,16708.50,14
7766,"PO007766",69,670,20241007,20241019,100,733.30,73330.00,12
7767,"PO007767",95,69,20231020,20231103,150,41.32,6198.00,14
7768,"PO007768",64,578,20250314,20250326,750,767.69,575767.50,12
7769,"PO007769",29,890,20250109,20250119,500,82.45,41225.00,10
7770,"PO007770",34,762,20250325,20250421,150,173.77,26065.50,27
7771,"PO007771",30,790,20231020,20231105,750,209.71,157282.50,16
7772,"PO007772",58,327,20250729,20250817,50,31.75,1587.50,19
7773,"PO007773",28,90,20251021,20251119,300,291.26,87378.00,29
7774,"PO007774",106,175,20240907,20241002,750,94.63,70972.50,25
7775,"PO007775",12,576,20230601,20230617,50,42.74,2137.00,16
7776,"PO007776",104,35,20240614,20240703,750,249.19,186892.50,19
7777,"PO007777",99,127,20230324,20230330,200,6.36,1272.00,6
7778,"PO007778",14,632,20251010,20251017,100,184.33,18433.00,7
7779,"PO007779",85,187,20231106,20231125,750,16.42,12315.00,19
7780,"PO007780",78,194,20230308,20230330,500,89.73,44865.00,22
7781,"PO007781",73,495,20240227,20240318,500,510.11,255055.00,20
7782,"PO007782",44,378,20251115,20251213,150,110.06,16509.00,28
7783,"PO007783",90,379,20251105,20251119,1000,62.62,62620.00,14
7784,"PO007784",58,977,20240617,20240630,750,135.21,101407.50,13
7785,"PO007785",69,51,20241110,20241120,1000,12.94,12940.00,10
7786,"PO007786",118,308,20251108,20251213,500,358.33,179165.00,35
7787,"PO007787",55,872,20230128,20230219,150,19.55,2932.50,22
7788,"PO007788",95,41,20240403,20240410,300,152.00,45600.00,7
7789,"PO007789",36,262,20250519,20250609,750,155.61,116707.50,21
7790,"PO007790",47,712,20230814,20230826,750,131.21,98407.50,12
7791,"PO007791",106,175,20241023,20241121,150,93.85,14077.50,29
7792,"PO007792",91,944,20241114,20241202,750,72.99,54742.50,18
7793,"PO007793",98,857,20240716,20240805,500,36.12,18060.00,20
7794,"PO007794",72,471,20230910,20230913,100,208.69,20869.00,3
7795,"PO007795",11,18,20240818,20240922,1000,63.67,63670.00,35
7796,"PO007796",108,234,20231111,20231129,750,234.47,175852.50,18
7797,"PO007797",12,955,20251207,20251225,300,712.23,213669.00,18
7798,"PO007798",38,613,20250627,20250629,200,106.67,21334.00,2
7799,"PO007799",63,679,20251004,20251022,750,36.98,27735.00,18
7800,"PO007800",59,567,20230312,20230328,200,163.83,32766.00,16
7801,"PO007801",30,911,20240407,20240426,500,45.58,22790.00,19
7802,"PO007802",58,756,20250514,20250602,200,182.14,36428.00,19
7803,"PO007803",58,756,20250914,20250929,100,173.93,17393.00,15
7804,"PO007804",65,953,20241002,20241020,1000,111.98,111980.00,18
7805,"PO007805",109,135,20250501,20250511,500,152.02,76010.00,10
7806,"PO007806",120,420,20231224,20240107,1000,129.55,129550.00,14
7807,"PO007807",23,798,20240812,20240817,750,30.96,23220.00,5
7808,"PO007808",77,302,20240423,20240508,100,96.28,9628.00,15
7809,"PO007809",7,258,20230411,20230430,300,428.65,128595.00,19
7810,"PO007810",104,786,20230927,20231020,500,182.78,91390.00,23
7811,"PO007811",17,413,20240421,20240507,300,84.21,25263.00,16
7812,"PO007812",78,391,20250101,20250120,200,92.14,18428.00,19
7813,"PO007813",112,210,20230827,20230920,200,9.23,1846.00,24
7814,"PO007814",14,644,20240115,20240121,300,266.06,79818.00,6
7815,"PO007815",50,374,20250326,20250414,500,612.72,306360.00,19
7816,"PO007816",77,179,20251215,20251226,1000,32.12,32120.00,11
7817,"PO007817",110,112,20251019,20251101,200,38.06,7612.00,13
7818,"PO007818",114,909,20240612,20240626,1000,76.47,76470.00,14
7819,"PO007819",105,533,20250328,20250418,200,68.83,13766.00,21
7820,"PO007820",56,598,20231029,20231101,300,306.41,91923.00,3
7821,"PO007821",86,548,20230101,20230109,500,165.55,82775.00,8
7822,"PO007822",20,163,20250510,20250514,500,17.06,8530.00,4
7823,"PO007823",100,459,20231220,20240107,300,62.05,18615.00,18
7824,"PO007824",30,790,20230905,20230925,500,226.67,113335.00,20
7825,"PO007825",91,997,20250326,20250419,1000,471.58,471580.00,24
7826,"PO007826",37,474,20240818,20240905,1000,19.62,19620.00,18
7827,"PO007827",42,952,20230911,20231010,300,1.69,507.00,29
7828,"PO007828",9,768,20250921,20250929,200,38.35,7670.00,8
7829,"PO007829",85,875,20240911,20240923,500,80.97,40485.00,12
7830,"PO007830",14,329,20250802,20250809,500,177.05,88525.00,7
7831,"PO007831",101,885,20240525,20240613,150,141.00,21150.00,19
7832,"PO007832",107,866,20240519,20240612,150,78.05,11707.50,24
7833,"PO007833",102,858,20230531,20230627,1000,17.38,17380.00,27
7834,"PO007834",74,206,20240719,20240722,1000,37.79,37790.00,3
7835,"PO007835",77,16,20250721,20250805,300,57.99,17397.00,15
7836,"PO007836",54,299,20250830,20251007,500,234.77,117385.00,38
7837,"PO007837",20,844,20251220,20251224,150,890.17,133525.50,4
7838,"PO007838",79,54,20250802,20250901,1000,282.15,282150.00,30
7839,"PO007839",43,151,20231112,20231120,1000,16.96,16960.00,8
7840,"PO007840",75,77,20230608,20230702,100,573.22,57322.00,24
7841,"PO007841",59,188,20231003,20231016,500,857.71,428855.00,13
7842,"PO007842",78,391,20231214,20240103,100,94.17,9417.00,20
7843,"PO007843",115,965,20241029,20241108,100,9.24,924.00,10
7844,"PO007844",29,524,20250707,20250717,100,83.85,8385.00,10
7845,"PO007845",28,580,20241130,20241227,1000,35.81,35810.00,27
7846,"PO007846",64,578,20250914,20250923,750,834.34,625755.00,9
7847,"PO007847",16,723,20240830,20240914,100,750.46,75046.00,15
7848,"PO007848",110,951,20230213,20230224,200,29.32,5864.00,11
7849,"PO007849",58,807,20250614,20250630,750,62.71,47032.50,16
7850,"PO007850",114,850,20230113,20230202,1000,35.67,35670.00,20
7851,"PO007851",99,970,20240711,20240722,750,569.65,427237.50,11
7852,"PO007852",111,161,20250414,20250520,500,180.51,90255.00,36
7853,"PO007853",14,599,20250318,20250326,750,68.12,51090.00,8
7854,"PO007854",51,516,20251024,20251031,750,28.74,21555.00,7
7855,"PO007855",107,760,20250801,20250827,100,324.81,32481.00,26
7856,"PO007856",94,912,20240604,20240626,150,229.04,34356.00,22
7857,"PO007857",65,886,20230610,20230628,150,2.10,315.00,18
7858,"PO007858",9,8,20240816,20240826,1000,899.47,899470.00,10
7859,"PO007859",1,899,20250227,20250323,500,34.62,17310.00,24
7860,"PO007860",50,586,20250907,20250926,750,85.09,63817.50,19
7861,"PO007861",97,508,20230815,20230903,200,846.66,169332.00,19
7862,"PO007862",42,735,20240904,20241006,50,113.71,5685.50,32
7863,"PO007863",58,320,20240109,20240122,750,275.04,206280.00,13
7864,"PO007864",1,170,20251102,20251124,100,196.87,19687.00,22
7865,"PO007865",47,444,20230105,20230116,500,287.40,143700.00,11
7866,"PO007866",15,288,20230630,20230710,500,69.62,34810.00,10
7867,"PO007867",59,295,20250314,20250402,100,5.75,575.00,19
7868,"PO007868",13,685,20230413,20230425,100,7.86,786.00,12
7869,"PO007869",85,875,20250501,20250515,1000,77.27,77270.00,14
7870,"PO007870",14,608,20241210,20241215,750,58.16,43620.00,5
7871,"PO007871",71,158,20240731,20240822,500,164.44,82220.00,22
7872,"PO007872",37,404,20231224,20240112,150,45.77,6865.50,19
7873,"PO007873",106,839,20240123,20240215,100,29.62,2962.00,23
7874,"PO007874",119,845,20250423,20250429,50,10.99,549.50,6
7875,"PO007875",75,77,20240304,20240327,200,587.05,117410.00,23
7876,"PO007876",66,672,20231125,20231202,300,41.79,12537.00,7
7877,"PO007877",87,241,20230310,20230329,500,43.91,21955.00,19
7878,"PO007878",88,575,20240821,20240914,300,9.10,2730.00,24
7879,"PO007879",47,596,20250425,20250506,100,128.41,12841.00,11
7880,"PO007880",37,715,20250503,20250520,500,15.25,7625.00,17
7881,"PO007881",120,420,20230606,20230619,50,133.88,6694.00,13
7882,"PO007882",78,180,20251020,20251109,1000,8.21,8210.00,20
7883,"PO007883",76,649,20230227,20230316,150,36.19,5428.50,17
7884,"PO007884",120,197,20240416,20240428,750,36.31,27232.50,12
7885,"PO007885",75,750,20230425,20230517,100,54.86,5486.00,22
7886,"PO007886",94,617,20250222,20250311,200,142.40,28480.00,17
7887,"PO007887",90,853,20250922,20251008,1000,84.72,84720.00,16
7888,"PO007888",103,734,20230425,20230504,150,167.17,25075.50,9
7889,"PO007889",30,911,20230406,20230427,500,49.23,24615.00,21
7890,"PO007890",69,370,20231126,20231130,200,774.59,154918.00,4
7891,"PO007891",107,937,20251209,20251228,200,4.98,996.00,19
7892,"PO007892",40,457,20250701,20250718,750,43.67,32752.50,17
7893,"PO007893",45,78,20240311,20240322,150,789.59,118438.50,11
7894,"PO007894",71,408,20250601,20250619,750,65.25,48937.50,18
7895,"PO007895",91,944,20230513,20230607,750,68.28,51210.00,25
7896,"PO007896",7,915,20250919,20251009,200,32.25,6450.00,20
7897,"PO007897",38,822,20251029,20251031,1000,53.69,53690.00,2
7898,"PO007898",39,665,20240529,20240616,300,41.53,12459.00,18
7899,"PO007899",93,888,20240720,20240805,500,447.52,223760.00,16
7900,"PO007900",101,614,20250812,20250902,200,81.11,16222.00,21
7901,"PO007901",29,524,20240308,20240321,50,79.31,3965.50,13
7902,"PO007902",95,41,20240401,20240408,1000,143.67,143670.00,7
7903,"PO007903",26,988,20230607,20230625,100,42.86,4286.00,18
7904,"PO007904",24,1000,20240614,20240628,1000,35.33,35330.00,14
7905,"PO007905",29,481,20251102,20251115,750,109.74,82305.00,13
7906,"PO007906",92,105,20230923,20231003,300,148.90,44670.00,10
7907,"PO007907",57,160,20240914,20241002,150,7.92,1188.00,18
7908,"PO007908",83,247,20231129,20231221,300,87.19,26157.00,22
7909,"PO007909",48,134,20250505,20250518,100,14.45,1445.00,13
7910,"PO007910",26,988,20240203,20240222,50,43.89,2194.50,19
7911,"PO007911",50,250,20231126,20231214,750,378.48,283860.00,18
7912,"PO007912",80,996,20240119,20240129,500,676.94,338470.00,10
7913,"PO007913",23,798,20250828,20250829,100,31.06,3106.00,1
7914,"PO007914",73,559,20250718,20250805,200,9.06,1812.00,18
7915,"PO007915",59,861,20231205,20231220,1000,206.59,206590.00,15
7916,"PO007916",11,824,20250429,20250528,500,161.41,80705.00,29
7917,"PO007917",44,378,20231107,20231203,1000,110.33,110330.00,26
7918,"PO007918",54,95,20251117,20251225,500,852.00,426000.00,38
7919,"PO007919",13,635,20251122,20251203,150,74.81,11221.50,11
7920,"PO007920",112,210,20240311,20240405,500,9.01,4505.00,25
7921,"PO007921",42,120,20240514,20240612,50,47.24,2362.00,29
7922,"PO007922",73,490,20230823,20230912,100,2.25,225.00,20
7923,"PO007923",76,480,20250903,20250922,300,149.67,44901.00,19
7924,"PO007924",8,43,20231106,20231111,150,106.01,15901.50,5
7925,"PO007925",116,65,20230315,20230326,1000,171.03,171030.00,11
7926,"PO007926",84,123,20241127,20241226,750,101.76,76320.00,29
7927,"PO007927",57,349,20240605,20240624,200,653.58,130716.00,19
7928,"PO007928",43,151,20251013,20251021,1000,18.38,18380.00,8
7929,"PO007929",88,701,20250428,20250519,300,69.67,20901.00,21
7930,"PO007930",42,952,20230222,20230326,300,1.77,531.00,32
7931,"PO007931",81,607,20230529,20230606,500,33.00,16500.00,8
7932,"PO007932",87,395,20240208,20240229,500,67.58,33790.00,21
7933,"PO007933",99,127,20250219,20250301,750,6.51,4882.50,10
7934,"PO007934",71,199,20231004,20231023,750,13.52,10140.00,19
7935,"PO007935",44,814,20251205,20251231,150,43.13,6469.50,26
7936,"PO007936",70,623,20230718,20230808,150,31.96,4794.00,21
7937,"PO007937",112,846,20230519,20230611,50,33.70,1685.00,23
7938,"PO007938",85,568,20240929,20241018,500,666.60,333300.00,19
7939,"PO007939",30,217,20230111,20230201,300,605.80,181740.00,21
7940,"PO007940",65,84,20250518,20250604,500,9.66,4830.00,17
7941,"PO007941",107,229,20250321,20250416,50,31.20,1560.00,26
7942,"PO007942",107,633,20251017,20251113,1000,21.86,21860.00,27
7943,"PO007943",39,834,20240417,20240505,1000,33.89,33890.00,18
7944,"PO007944",42,321,20231026,20231127,100,23.34,2334.00,32
7945,"PO007945",50,847,20230517,20230605,50,36.31,1815.50,19
7946,"PO007946",77,333,20241003,20241015,1000,4.74,4740.00,12
7947,"PO007947",55,691,20231229,20240116,1000,20.40,20400.00,18
7948,"PO007948",35,178,20230205,20230223,50,52.17,2608.50,18
7949,"PO007949",60,502,20250314,20250410,500,228.02,114010.00,27
7950,"PO007950",18,611,20250113,20250208,50,296.49,14824.50,26
7951,"PO007951",21,724,20241021,20241118,500,383.21,191605.00,28
7952,"PO007952",112,210,20250505,20250603,100,9.05,905.00,29
7953,"PO007953",99,289,20240220,20240229,100,83.31,8331.00,9
7954,"PO007954",63,747,20231212,20240102,300,89.79,26937.00,21
7955,"PO007955",46,384,20241113,20241205,750,363.85,272887.50,22
7956,"PO007956",37,335,20250531,20250620,200,388.54,77708.00,20
7957,"PO007957",54,198,20250904,20251011,1000,14.49,14490.00,37
7958,"PO007958",66,672,20241221,20241226,200,44.55,8910.00,5
7959,"PO007959",10,751,20250908,20250917,50,193.88,9694.00,9
7960,"PO007960",80,958,20250209,20250216,300,5.42,1626.00,7
7961,"PO007961",76,647,20230605,20230701,1000,29.36,29360.00,26
7962,"PO007962",52,5,20250504,20250519,200,74.46,14892.00,15
7963,"PO007963",92,380,20230621,20230628,150,37.78,5667.00,7
7964,"PO007964",112,336,20231120,20231214,300,142.31,42693.00,24
7965,"PO007965",12,576,20241210,20241228,500,39.24,19620.00,18
7966,"PO007966",28,37,20240511,20240607,500,160.35,80175.00,27
7967,"PO007967",8,323,20250104,20250105,50,42.39,2119.50,1
7968,"PO007968",115,106,20240405,20240418,500,87.45,43725.00,13
7969,"PO007969",21,688,20240904,20240929,500,6.13,3065.00,25
7970,"PO007970",93,211,20241108,20241123,200,139.29,27858.00,15
7971,"PO007971",120,804,20240217,20240302,500,136.59,68295.00,14
7972,"PO007972",111,307,20230925,20231105,100,824.40,82440.00,41
7973,"PO007973",96,956,20240512,20240525,1000,223.21,223210.00,13
7974,"PO007974",101,614,20230312,20230404,150,83.98,12597.00,23
7975,"PO007975",111,230,20241002,20241109,200,30.98,6196.00,38
7976,"PO007976",118,551,20250926,20251107,50,9.40,470.00,42
7977,"PO007977",63,104,20240818,20240914,500,355.81,177905.00,27
7978,"PO007978",40,789,20250418,20250504,300,1.40,420.00,16
7979,"PO007979",14,159,20230807,20230819,150,195.29,29293.50,12
7980,"PO007980",86,340,20230730,20230805,300,24.24,7272.00,6
7981,"PO007981",3,463,20240106,20240119,500,25.79,12895.00,13
7982,"PO007982",119,489,20230314,20230315,300,28.64,8592.00,1
7983,"PO007983",120,804,20240427,20240506,500,130.85,65425.00,9
7984,"PO007984",70,518,20250421,20250509,1000,627.54,627540.00,18
7985,"PO007985",43,898,20241116,20241119,500,192.08,96040.00,3
7986,"PO007986",66,79,20240131,20240206,100,283.83,28383.00,6
7987,"PO007987",64,578,20230821,20230830,100,829.97,82997.00,9
7988,"PO007988",59,968,20250208,20250220,750,36.08,27060.00,12
7989,"PO007989",85,91,20240229,20240321,50,142.65,7132.50,21
7990,"PO007990",9,808,20250921,20251002,500,119.19,59595.00,11
7991,"PO007991",111,161,20230316,20230421,1000,188.69,188690.00,36
7992,"PO007992",80,46,20231031,20231106,300,20.02,6006.00,6
7993,"PO007993",27,959,20251202,20251207,200,47.12,9424.00,5
7994,"PO007994",62,902,20250505,20250601,100,20.34,2034.00,27
7995,"PO007995",91,983,20240702,20240728,1000,110.49,110490.00,26
7996,"PO007996",39,55,20230920,20231009,150,83.89,12583.50,19
7997,"PO007997",21,53,20240608,20240702,300,25.86,7758.00,24
7998,"PO007998",101,993,20231004,20231021,1000,4.79,4790.00,17
7999,"PO007999",99,19,20230217,20230227,150,255.89,38383.50,10
8000,"PO008000",13,588,20240404,20240414,50,137.22,6861.00,10
